# EPIC structured flight events for epic_2026-07-02-17-18-20.bag
# line format: [ros_epoch][+rel_s][FSM_STATE] CATEGORY signature | detail
# EPIC session info | published_ros=1782980299.721
# box | down=[-150, -150, 0.5] up=[150, 150, 2.5]
# corridor | DilateSoft=0.60 DilateHard=0.45 MaxCorridor=4.0 MaxVel=1.0 max_traj_len=10.0 safe_dist=0.60 bubble_min_r=0.61
# frontier | cell=0.40 cluster_sz=[1.0, 5.0] minpts=5 dphi=0.26 znum=3 good_dir_score=0.60
# viewpoint | pillar_r=[0.5, 2.0]x8 h=[-1.0, 1.0]x5 circle_n=4 local_tsp=12
# fsm | takeoff_h=1.25 goal_tol=0.20 replan_t=0.20 emerg_err=3.0 max_hz=30 avoid_to=0.5 auto_rth_land=1 rth_land_xy_tol=0.20 avoidance=1
# topics | odom=/Odometry cloud=/cloud_registered
[1782980304.138][     +0.0s][WAIT_TRIGGER] EVENT 2D-Nav-Goal trigger | trigger received | pos=(-0.00, -0.01, 0.02)
[1782980304.139][     +0.0s][WAIT_TRIGGER] PARAM box | down=[-150, -150, 0.5] up=[150, 150, 2.5]
[1782980304.139][     +0.0s][WAIT_TRIGGER] PARAM corridor | DilateSoft=0.60 DilateHard=0.45 MaxCorridor=4.0 MaxVel=1.0 max_traj_len=10.0 safe_dist=0.60 bubble_min_r=0.61
[1782980304.139][     +0.0s][WAIT_TRIGGER] PARAM frontier | cell=0.40 cluster_sz=[1.0, 5.0] minpts=5 dphi=0.26 znum=3 good_dir_score=0.60
[1782980304.139][     +0.0s][WAIT_TRIGGER] PARAM viewpoint | pillar_r=[0.5, 2.0]x8 h=[-1.0, 1.0]x5 circle_n=4 local_tsp=12
[1782980304.139][     +0.0s][WAIT_TRIGGER] PARAM fsm | takeoff_h=1.25 goal_tol=0.20 replan_t=0.20 emerg_err=3.0 max_hz=30 avoid_to=0.5 auto_rth_land=1 rth_land_xy_tol=0.20 avoidance=1
[1782980304.139][     +0.0s][WAIT_TRIGGER] PARAM topics | odom=/Odometry cloud=/cloud_registered
[1782980304.139][     +0.0s][TAKEOFF_HOVER] STATE WAIT_TRIGGER -> TAKEOFF_HOVER [triggerCallback: takeoff & hover]
[1782980305.931][     +1.8s][TAKEOFF_HOVER] AVOID ON (obstacle close, reactive layer overrides cmd) | pos=(-0.00, -0.01, 0.01)
[1782980309.231][     +5.1s][TAKEOFF_HOVER] AVOID OFF (released, replan from current pose) | dur=3.3s
[1782980309.521][     +5.4s][PLAN_TRAJ_EXP] STATE TAKEOFF_HOVER -> PLAN_TRAJ_EXP [takeoff: altitude reached & stable -> explore]
[1782980309.540][     +5.4s][CAUTION] STATE PLAN_TRAJ_EXP -> CAUTION [odom_node no nbrs]
[1782980310.384][     +6.2s][PLAN_TRAJ_EXP] STATE CAUTION -> PLAN_TRAJ_EXP [safetyCallback: not safe, time:0.203399]
[1782980310.600][     +6.5s][PLAN_TRAJ_EXP] STATE CAUTION -> PLAN_TRAJ_EXP [safetyCallback: not safe, time:0.205559] |  (prev cycle x1/0.2s)
[1782980310.609][     +6.5s][PLAN_TRAJ_EXP] STATE CAUTION -> PLAN_TRAJ_EXP [safetyCallback: not safe, time:0.214307] |  (prev cycle x1/0.0s)
[1782980310.653][     +6.5s][PLAN_TRAJ_EXP] STATE PLAN_TRAJ_EXP -> PLAN_TRAJ_EXP [safetyCallback: not safe, time:0.258787]
[1782980310.703][     +6.6s][PLAN_TRAJ_EXP] STATE PLAN_TRAJ_EXP -> PLAN_TRAJ_EXP [safetyCallback: not safe, time:0.308351]
[1782980311.867][     +7.7s][PLAN_TRAJ_EXP] GLOBAL result=OK | clusters=2(reach 2) vp=2(reach 2) pipe[tot=2 dorm=0 unreach=0 cons=2 nocand=0 topo=0 novis=0 ok=2] tour=3n/7.6m goal=(0.3, -0.2, 1.7) t=15ms
[1782980311.867][     +7.7s][PLAN_TRAJ_EXP] STATE PLAN_TRAJ_EXP -> PLAN_TRAJ_EXP [planGlobalPath: succeed]
[1782980311.903][     +7.8s][PLAN_TRAJ_EXP] LOCAL EXP OK | t=33.4ms goal_d=0.7m
[1782980311.904][     +7.8s][EXEC_TRAJ] STATE PLAN_TRAJ_EXP -> EXEC_TRAJ [plan success: new traj pub]
[1782980312.492][     +8.4s][PLAN_TRAJ_EXP] STATE EXEC_TRAJ -> PLAN_TRAJ_EXP [planGlobalPath: succeed]
[1782980312.528][     +8.4s][PLAN_TRAJ_EXP] STATE EXEC_TRAJ -> PLAN_TRAJ_EXP [safetyCallback: not safe, time:1.833783] |  (prev cycle x1/0.0s)
[1782980312.572][     +8.4s][PLAN_TRAJ_EXP] STATE EXEC_TRAJ -> PLAN_TRAJ_EXP [safetyCallback: not safe, time:1.783969] |  (prev cycle x1/0.0s)
[1782980312.616][     +8.5s][PLAN_TRAJ_EXP] STATE EXEC_TRAJ -> PLAN_TRAJ_EXP [safetyCallback: not safe, time:1.734163] |  (prev cycle x1/0.0s)
[1782980312.659][     +8.5s][PLAN_TRAJ_EXP] STATE EXEC_TRAJ -> PLAN_TRAJ_EXP [safetyCallback: not safe, time:1.633813] |  (prev cycle x1/0.0s)
[1782980312.723][     +8.6s][PLAN_TRAJ_EXP] STATE EXEC_TRAJ -> PLAN_TRAJ_EXP [planGlobalPath: succeed] |  (prev cycle x1/0.1s)
[1782980312.724][     +8.6s][PLAN_TRAJ_EXP] STATE PLAN_TRAJ_EXP -> PLAN_TRAJ_EXP [safetyCallback: not safe, time:1.605149]
[1782980312.758][     +8.6s][EXEC_TRAJ] STATE PLAN_TRAJ_EXP -> EXEC_TRAJ [plan success: new traj pub]
[1782980313.343][     +9.2s][EXEC_TRAJ] GLOBAL result=OK | clusters=2(reach 1) vp=1(reach 1) pipe[tot=2 dorm=1 unreach=0 cons=1 nocand=0 topo=0 novis=0 ok=1] tour=2n/7.4m goal=(5.5, 4.3, 0.9) t=13ms (x2)
[1782980313.343][     +9.2s][PLAN_TRAJ_EXP] STATE EXEC_TRAJ -> PLAN_TRAJ_EXP [planGlobalPath: succeed]
[1782980314.565][    +10.4s][EXEC_TRAJ] GLOBAL result=OK | clusters=1(reach 1) vp=1(reach 1) pipe[tot=1 dorm=0 unreach=0 cons=1 nocand=0 topo=0 novis=0 ok=1] tour=2n/7.4m goal=(5.5, 4.3, 0.9) t=4ms (x1)
[1782980314.605][    +10.5s][PLAN_TRAJ_EXP] STATE EXEC_TRAJ -> PLAN_TRAJ_EXP [safetyCallback: not safe, time:3.531133] |  (prev cycle x5/1.3s)
[1782980314.653][    +10.5s][PLAN_TRAJ_EXP] STATE EXEC_TRAJ -> PLAN_TRAJ_EXP [safetyCallback: not safe, time:3.487181] |  (prev cycle x1/0.0s)
[1782980314.706][    +10.6s][PLAN_TRAJ_EXP] STATE EXEC_TRAJ -> PLAN_TRAJ_EXP [safetyCallback: not safe, time:3.443513] |  (prev cycle x1/0.1s)
[1782980314.751][    +10.6s][PLAN_TRAJ_EXP] STATE EXEC_TRAJ -> PLAN_TRAJ_EXP [safetyCallback: not safe, time:3.389169] |  (prev cycle x1/0.0s)
[1782980314.752][    +10.6s][PLAN_TRAJ_EXP] STATE PLAN_TRAJ_EXP -> PLAN_TRAJ_EXP [safetyCallback: not safe, time:3.390745]
[1782980314.794][    +10.7s][EXEC_TRAJ] STATE PLAN_TRAJ_EXP -> EXEC_TRAJ [plan success: new traj pub]
[1782980314.802][    +10.7s][PLAN_TRAJ_EXP] STATE EXEC_TRAJ -> PLAN_TRAJ_EXP [planGlobalPath: succeed]
[1782980314.840][    +10.7s][PLAN_TRAJ_EXP] STATE EXEC_TRAJ -> PLAN_TRAJ_EXP [safetyCallback: not safe, time:3.282802] |  (prev cycle x1/0.0s)
[1782980314.883][    +10.7s][PLAN_TRAJ_EXP] STATE EXEC_TRAJ -> PLAN_TRAJ_EXP [safetyCallback: not safe, time:3.281528] |  (prev cycle x1/0.0s)
[1782980314.929][    +10.8s][PLAN_TRAJ_EXP] STATE EXEC_TRAJ -> PLAN_TRAJ_EXP [safetyCallback: not safe, time:3.182149] |  (prev cycle x1/0.0s)
[1782980314.972][    +10.8s][PLAN_TRAJ_EXP] STATE EXEC_TRAJ -> PLAN_TRAJ_EXP [safetyCallback: not safe, time:3.181271] |  (prev cycle x1/0.0s)
[1782980315.016][    +10.9s][PLAN_TRAJ_EXP] STATE EXEC_TRAJ -> PLAN_TRAJ_EXP [safetyCallback: not safe, time:3.132420] |  (prev cycle x1/0.0s)
[1782980315.045][    +10.9s][PLAN_TRAJ_EXP] STATE PLAN_TRAJ_EXP -> PLAN_TRAJ_EXP [planGlobalPath: succeed]
[1782980315.079][    +10.9s][EXEC_TRAJ] STATE PLAN_TRAJ_EXP -> EXEC_TRAJ [plan success: new traj pub]
[1782980315.080][    +10.9s][PLAN_TRAJ_EXP] STATE EXEC_TRAJ -> PLAN_TRAJ_EXP [safetyCallback: not safe, time:2.931353]
[1782980315.124][    +11.0s][PLAN_TRAJ_EXP] STATE EXEC_TRAJ -> PLAN_TRAJ_EXP [safetyCallback: not safe, time:2.931871] |  (prev cycle x1/0.0s)
[1782980315.170][    +11.0s][PLAN_TRAJ_EXP] STATE EXEC_TRAJ -> PLAN_TRAJ_EXP [safetyCallback: not safe, time:2.931100] |  (prev cycle x1/0.0s)
[1782980315.214][    +11.1s][PLAN_TRAJ_EXP] STATE EXEC_TRAJ -> PLAN_TRAJ_EXP [safetyCallback: not safe, time:2.882162] |  (prev cycle x1/0.0s)
[1782980315.261][    +11.1s][PLAN_TRAJ_EXP] STATE EXEC_TRAJ -> PLAN_TRAJ_EXP [planGlobalPath: succeed] |  (prev cycle x1/0.0s)
[1782980315.262][    +11.1s][PLAN_TRAJ_EXP] STATE PLAN_TRAJ_EXP -> PLAN_TRAJ_EXP [safetyCallback: not safe, time:2.836506]
[1782980315.299][    +11.2s][EXEC_TRAJ] STATE PLAN_TRAJ_EXP -> EXEC_TRAJ [plan success: new traj pub]
[1782980315.304][    +11.2s][PLAN_TRAJ_EXP] STATE EXEC_TRAJ -> PLAN_TRAJ_EXP [safetyCallback: not safe, time:2.834612]
[1782980315.354][    +11.2s][PLAN_TRAJ_EXP] STATE EXEC_TRAJ -> PLAN_TRAJ_EXP [safetyCallback: not safe, time:2.790836] |  (prev cycle x1/0.1s)
[1782980315.355][    +11.2s][PLAN_TRAJ_EXP] STATE PLAN_TRAJ_EXP -> PLAN_TRAJ_EXP [safetyCallback: not safe, time:2.792492]
[1782980315.397][    +11.3s][EXEC_TRAJ] STATE PLAN_TRAJ_EXP -> EXEC_TRAJ [plan success: new traj pub]
[1782980315.406][    +11.3s][PLAN_TRAJ_EXP] STATE EXEC_TRAJ -> PLAN_TRAJ_EXP [safetyCallback: not safe, time:2.739652]
[1782980315.451][    +11.3s][PLAN_TRAJ_EXP] STATE EXEC_TRAJ -> PLAN_TRAJ_EXP [safetyCallback: not safe, time:2.740703] |  (prev cycle x1/0.0s)
[1782980315.453][    +11.3s][PLAN_TRAJ_EXP] STATE PLAN_TRAJ_EXP -> PLAN_TRAJ_EXP [safetyCallback: not safe, time:2.742799]
[1782980315.494][    +11.4s][EXEC_TRAJ] STATE PLAN_TRAJ_EXP -> EXEC_TRAJ [plan success: new traj pub]
[1782980315.519][    +11.4s][PLAN_TRAJ_EXP] STATE EXEC_TRAJ -> PLAN_TRAJ_EXP [planGlobalPath: succeed]
[1782980315.524][    +11.4s][PLAN_TRAJ_EXP] STATE PLAN_TRAJ_EXP -> PLAN_TRAJ_EXP [safetyCallback: not safe, time:2.760683]
[1782980315.558][    +11.4s][EXEC_TRAJ] STATE PLAN_TRAJ_EXP -> EXEC_TRAJ [plan success: new traj pub]
[1782980315.768][    +11.6s][PLAN_TRAJ_EXP] STATE EXEC_TRAJ -> PLAN_TRAJ_EXP [emergency: control error]
[1782980316.359][    +12.2s][EXEC_TRAJ] GLOBAL result=OK | clusters=1(reach 1) vp=1(reach 1) pipe[tot=1 dorm=0 unreach=0 cons=1 nocand=0 topo=0 novis=0 ok=1] tour=2n/7.1m goal=(5.5, 4.3, 0.9) t=3ms (x4)
[1782980316.360][    +12.2s][PLAN_TRAJ_EXP] STATE EXEC_TRAJ -> PLAN_TRAJ_EXP [planGlobalPath: succeed] |  (prev cycle x1/0.6s)
[1782980316.393][    +12.3s][PLAN_TRAJ_EXP] LOCAL EXP OK | why: escape traj (flyToSafeRegion) | t=33.4ms goal_d=7.1m (prev x30/3.9s)
[1782980316.404][    +12.3s][PLAN_TRAJ_EXP] STATE EXEC_TRAJ -> PLAN_TRAJ_EXP [safetyCallback: not safe, time:1.289681] |  (prev cycle x1/0.0s)
[1782980316.994][    +12.9s][PLAN_TRAJ_EXP] STATE EXEC_TRAJ -> PLAN_TRAJ_EXP [planGlobalPath: succeed] |  (prev cycle x1/0.6s)
[1782980317.642][    +13.5s][EXEC_TRAJ] GLOBAL result=OK | clusters=1(reach 1) vp=1(reach 1) pipe[tot=1 dorm=0 unreach=0 cons=1 nocand=0 topo=0 novis=0 ok=1] tour=2n/7.1m goal=(5.5, 4.3, 0.9) t=32ms (x1)
[1782980318.892][    +14.8s][EXEC_TRAJ] GLOBAL result=OK | clusters=1(reach 1) vp=1(reach 1) pipe[tot=1 dorm=0 unreach=0 cons=1 nocand=0 topo=0 novis=0 ok=1] tour=2n/6.8m goal=(5.8, 4.8, 0.7) t=11ms (x1)
[1782980320.133][    +16.0s][EXEC_TRAJ] GLOBAL result=OK | clusters=1(reach 1) vp=1(reach 1) pipe[tot=1 dorm=0 unreach=0 cons=1 nocand=0 topo=0 novis=0 ok=1] tour=2n/6.2m goal=(6.0, 5.3, 0.5) t=2ms (x1)
[1782980321.377][    +17.2s][EXEC_TRAJ] GLOBAL result=OK | clusters=2(reach 2) vp=2(reach 2) pipe[tot=2 dorm=0 unreach=0 cons=2 nocand=0 topo=0 novis=0 ok=2] tour=3n/7.4m goal=(5.4, 4.9, 0.6) t=9ms (x1)
[1782980321.413][    +17.3s][PLAN_TRAJ_EXP] LOCAL EXP OK | t=35.9ms goal_d=5.7m (x7)
[1782980322.628][    +18.5s][EXEC_TRAJ] GLOBAL result=OK | clusters=5(reach 2) vp=2(reach 2) pipe[tot=5 dorm=3 unreach=0 cons=2 nocand=0 topo=0 novis=0 ok=2] tour=3n/7.7m goal=(4.9, 5.9, 0.8) t=17ms (x1)
[1782980323.896][    +19.8s][EXEC_TRAJ] GLOBAL result=OK | clusters=5(reach 2) vp=2(reach 2) pipe[tot=5 dorm=3 unreach=0 cons=2 nocand=0 topo=0 novis=0 ok=2] tour=3n/9.8m goal=(4.4, 5.5, 0.8) t=22ms (x1)
[1782980325.040][    +20.9s][PLAN_TRAJ_EXP] STATE EXEC_TRAJ -> PLAN_TRAJ_EXP [avoidance released: replan from current pose] |  (prev cycle x25/8.0s)
[1782980325.074][    +20.9s][PLAN_TRAJ_EXP] STATE EXEC_TRAJ -> PLAN_TRAJ_EXP [safetyCallback: not safe, time:0.030209] |  (prev cycle x1/0.0s)
[1782980325.239][    +21.1s][PLAN_TRAJ_EXP] STATE EXEC_TRAJ -> PLAN_TRAJ_EXP [avoidance released: replan from current pose] |  (prev cycle x1/0.2s)
[1782980325.273][    +21.1s][PLAN_TRAJ_EXP] STATE EXEC_TRAJ -> PLAN_TRAJ_EXP [safetyCallback: not safe, time:0.029973] |  (prev cycle x1/0.0s)
[1782980325.318][    +21.2s][PLAN_TRAJ_EXP] STATE EXEC_TRAJ -> PLAN_TRAJ_EXP [safetyCallback: not safe, time:0.031333] |  (prev cycle x1/0.0s)
[1782980325.372][    +21.2s][EXEC_TRAJ] GLOBAL result=OK | clusters=5(reach 2) vp=2(reach 2) pipe[tot=5 dorm=3 unreach=0 cons=2 nocand=0 topo=0 novis=0 ok=2] tour=3n/5.6m goal=(4.8, 5.9, 0.7) t=10ms (x1)
[1782980325.372][    +21.2s][PLAN_TRAJ_EXP] STATE EXEC_TRAJ -> PLAN_TRAJ_EXP [planGlobalPath: succeed] |  (prev cycle x1/0.1s)
[1782980325.373][    +21.2s][PLAN_TRAJ_EXP] STATE PLAN_TRAJ_EXP -> PLAN_TRAJ_EXP [safetyCallback: not safe, time:0.041602]
[1782980325.373][    +21.2s][PLAN_TRAJ_EXP] STATE PLAN_TRAJ_EXP -> PLAN_TRAJ_EXP [avoidance released: replan from current pose]
[1782980325.407][    +21.3s][EXEC_TRAJ] STATE PLAN_TRAJ_EXP -> EXEC_TRAJ [plan success: new traj pub]
[1782980325.409][    +21.3s][PLAN_TRAJ_EXP] STATE EXEC_TRAJ -> PLAN_TRAJ_EXP [safetyCallback: not safe, time:0.031557]
[1782980325.453][    +21.3s][PLAN_TRAJ_EXP] STATE EXEC_TRAJ -> PLAN_TRAJ_EXP [safetyCallback: not safe, time:0.031509] |  (prev cycle x1/0.0s)
[1782980325.461][    +21.3s][PLAN_TRAJ_EXP] STATE PLAN_TRAJ_EXP -> PLAN_TRAJ_EXP [avoidance released: replan from current pose]
[1782980325.495][    +21.4s][EXEC_TRAJ] STATE PLAN_TRAJ_EXP -> EXEC_TRAJ [plan success: new traj pub]
[1782980325.506][    +21.4s][PLAN_TRAJ_EXP] STATE EXEC_TRAJ -> PLAN_TRAJ_EXP [safetyCallback: not safe, time:0.040389]
[1782980325.550][    +21.4s][PLAN_TRAJ_EXP] STATE EXEC_TRAJ -> PLAN_TRAJ_EXP [safetyCallback: not safe, time:0.031287] |  (prev cycle x1/0.0s)
[1782980325.553][    +21.4s][PLAN_TRAJ_EXP] STATE PLAN_TRAJ_EXP -> PLAN_TRAJ_EXP [safetyCallback: not safe, time:0.034164]
[1782980325.558][    +21.4s][PLAN_TRAJ_EXP] STATE PLAN_TRAJ_EXP -> PLAN_TRAJ_EXP [avoidance released: replan from current pose]
[1782980325.592][    +21.5s][EXEC_TRAJ] STATE PLAN_TRAJ_EXP -> EXEC_TRAJ [plan success: new traj pub]
[1782980325.607][    +21.5s][PLAN_TRAJ_EXP] STATE EXEC_TRAJ -> PLAN_TRAJ_EXP [planGlobalPath: succeed]
[1782980325.643][    +21.5s][PLAN_TRAJ_EXP] STATE EXEC_TRAJ -> PLAN_TRAJ_EXP [safetyCallback: not safe, time:0.031458] |  (prev cycle x1/0.0s)
[1782980325.651][    +21.5s][PLAN_TRAJ_EXP] STATE PLAN_TRAJ_EXP -> PLAN_TRAJ_EXP [avoidance released: replan from current pose]
[1782980325.684][    +21.5s][EXEC_TRAJ] STATE PLAN_TRAJ_EXP -> EXEC_TRAJ [plan success: new traj pub]
[1782980325.685][    +21.5s][PLAN_TRAJ_EXP] STATE EXEC_TRAJ -> PLAN_TRAJ_EXP [safetyCallback: not safe, time:0.030044]
[1782980325.734][    +21.6s][PLAN_TRAJ_EXP] STATE EXEC_TRAJ -> PLAN_TRAJ_EXP [safetyCallback: not safe, time:0.032870] |  (prev cycle x1/0.0s)
[1782980325.742][    +21.6s][PLAN_TRAJ_EXP] STATE PLAN_TRAJ_EXP -> PLAN_TRAJ_EXP [avoidance released: replan from current pose]
[1782980325.775][    +21.6s][EXEC_TRAJ] STATE PLAN_TRAJ_EXP -> EXEC_TRAJ [plan success: new traj pub]
[1782980325.776][    +21.6s][PLAN_TRAJ_EXP] STATE EXEC_TRAJ -> PLAN_TRAJ_EXP [safetyCallback: not safe, time:0.030125]
[1782980325.821][    +21.7s][PLAN_TRAJ_EXP] STATE EXEC_TRAJ -> PLAN_TRAJ_EXP [safetyCallback: not safe, time:0.031222] |  (prev cycle x1/0.0s)
[1782980325.834][    +21.7s][PLAN_TRAJ_EXP] STATE PLAN_TRAJ_EXP -> PLAN_TRAJ_EXP [planGlobalPath: succeed]
[1782980325.868][    +21.7s][EXEC_TRAJ] STATE PLAN_TRAJ_EXP -> EXEC_TRAJ [plan success: new traj pub]
[1782980325.868][    +21.7s][PLAN_TRAJ_EXP] STATE EXEC_TRAJ -> PLAN_TRAJ_EXP [safetyCallback: not safe, time:0.030107]
[1782980325.878][    +21.7s][PLAN_TRAJ_EXP] STATE PLAN_TRAJ_EXP -> PLAN_TRAJ_EXP [avoidance released: replan from current pose]
[1782980325.911][    +21.8s][EXEC_TRAJ] STATE PLAN_TRAJ_EXP -> EXEC_TRAJ [plan success: new traj pub]
[1782980325.913][    +21.8s][PLAN_TRAJ_EXP] STATE EXEC_TRAJ -> PLAN_TRAJ_EXP [safetyCallback: not safe, time:0.031565]
[1782980325.955][    +21.8s][PLAN_TRAJ_EXP] STATE EXEC_TRAJ -> PLAN_TRAJ_EXP [safetyCallback: not safe, time:0.029572] |  (prev cycle x1/0.0s)
[1782980325.965][    +21.8s][PLAN_TRAJ_EXP] STATE PLAN_TRAJ_EXP -> PLAN_TRAJ_EXP [avoidance released: replan from current pose]
[1782980325.999][    +21.9s][EXEC_TRAJ] STATE PLAN_TRAJ_EXP -> EXEC_TRAJ [plan success: new traj pub]
[1782980326.005][    +21.9s][PLAN_TRAJ_EXP] STATE EXEC_TRAJ -> PLAN_TRAJ_EXP [safetyCallback: not safe, time:0.035823]
[1782980326.055][    +21.9s][PLAN_TRAJ_EXP] STATE EXEC_TRAJ -> PLAN_TRAJ_EXP [planGlobalPath: succeed] |  (prev cycle x1/0.1s)
[1782980326.055][    +21.9s][PLAN_TRAJ_EXP] STATE PLAN_TRAJ_EXP -> PLAN_TRAJ_EXP [avoidance released: replan from current pose]
[1782980326.089][    +22.0s][EXEC_TRAJ] STATE PLAN_TRAJ_EXP -> EXEC_TRAJ [plan success: new traj pub]
[1782980326.089][    +22.0s][PLAN_TRAJ_EXP] STATE EXEC_TRAJ -> PLAN_TRAJ_EXP [safetyCallback: not safe, time:0.030151]
[1782980326.134][    +22.0s][PLAN_TRAJ_EXP] STATE EXEC_TRAJ -> PLAN_TRAJ_EXP [safetyCallback: not safe, time:0.031243] |  (prev cycle x1/0.0s)
[1782980326.143][    +22.0s][PLAN_TRAJ_EXP] STATE PLAN_TRAJ_EXP -> PLAN_TRAJ_EXP [avoidance released: replan from current pose]
[1782980326.176][    +22.0s][EXEC_TRAJ] STATE PLAN_TRAJ_EXP -> EXEC_TRAJ [plan success: new traj pub]
[1782980326.177][    +22.0s][PLAN_TRAJ_EXP] STATE EXEC_TRAJ -> PLAN_TRAJ_EXP [safetyCallback: not safe, time:0.029738]
[1782980326.222][    +22.1s][PLAN_TRAJ_EXP] STATE EXEC_TRAJ -> PLAN_TRAJ_EXP [safetyCallback: not safe, time:0.032441] |  (prev cycle x1/0.0s)
[1782980326.264][    +22.1s][PLAN_TRAJ_EXP] STATE EXEC_TRAJ -> PLAN_TRAJ_EXP [safetyCallback: not safe, time:0.029467] |  (prev cycle x1/0.0s)
[1782980326.281][    +22.1s][PLAN_TRAJ_EXP] STATE PLAN_TRAJ_EXP -> PLAN_TRAJ_EXP [planGlobalPath: succeed]
[1782980326.282][    +22.1s][PLAN_TRAJ_EXP] STATE PLAN_TRAJ_EXP -> PLAN_TRAJ_EXP [avoidance released: replan from current pose]
[1782980326.315][    +22.2s][EXEC_TRAJ] STATE PLAN_TRAJ_EXP -> EXEC_TRAJ [plan success: new traj pub]
[1782980326.317][    +22.2s][PLAN_TRAJ_EXP] STATE EXEC_TRAJ -> PLAN_TRAJ_EXP [safetyCallback: not safe, time:0.031520]
[1782980326.359][    +22.2s][PLAN_TRAJ_EXP] STATE EXEC_TRAJ -> PLAN_TRAJ_EXP [safetyCallback: not safe, time:0.029227] |  (prev cycle x1/0.0s)
[1782980326.369][    +22.2s][PLAN_TRAJ_EXP] STATE PLAN_TRAJ_EXP -> PLAN_TRAJ_EXP [avoidance released: replan from current pose]
[1782980326.403][    +22.3s][EXEC_TRAJ] STATE PLAN_TRAJ_EXP -> EXEC_TRAJ [plan success: new traj pub]
[1782980326.409][    +22.3s][PLAN_TRAJ_EXP] STATE EXEC_TRAJ -> PLAN_TRAJ_EXP [safetyCallback: not safe, time:0.036142]
[1782980326.453][    +22.3s][PLAN_TRAJ_EXP] STATE EXEC_TRAJ -> PLAN_TRAJ_EXP [safetyCallback: not safe, time:0.035513] |  (prev cycle x1/0.0s)
[1782980326.490][    +22.4s][PLAN_TRAJ_EXP] LOCAL EXP OK | why: escape traj (flyToSafeRegion) | t=33.4ms goal_d=4.9m (x31)
[1782980326.513][    +22.4s][EXEC_TRAJ] GLOBAL result=OK | clusters=5(reach 2) vp=2(reach 2) pipe[tot=5 dorm=3 unreach=0 cons=2 nocand=0 topo=0 novis=0 ok=2] tour=3n/7.4m goal=(5.0, 5.2, 0.5) t=22ms (x4)
[1782980326.513][    +22.4s][PLAN_TRAJ_EXP] STATE EXEC_TRAJ -> PLAN_TRAJ_EXP [planGlobalPath: succeed] |  (prev cycle x1/0.1s)
[1782980326.549][    +22.4s][PLAN_TRAJ_EXP] STATE EXEC_TRAJ -> PLAN_TRAJ_EXP [safetyCallback: not safe, time:0.030674] |  (prev cycle x1/0.0s)
[1782980326.553][    +22.4s][PLAN_TRAJ_EXP] STATE PLAN_TRAJ_EXP -> PLAN_TRAJ_EXP [safetyCallback: not safe, time:0.035002]
[1782980326.590][    +22.5s][EXEC_TRAJ] STATE PLAN_TRAJ_EXP -> EXEC_TRAJ [plan success: new traj pub]
[1782980326.601][    +22.5s][PLAN_TRAJ_EXP] STATE EXEC_TRAJ -> PLAN_TRAJ_EXP [safetyCallback: not safe, time:0.040084]
[1782980326.607][    +22.5s][PLAN_TRAJ_EXP] STATE PLAN_TRAJ_EXP -> PLAN_TRAJ_EXP [safetyCallback: not safe, time:0.045140]
[1782980326.644][    +22.5s][EXEC_TRAJ] STATE PLAN_TRAJ_EXP -> EXEC_TRAJ [plan success: new traj pub]
[1782980326.653][    +22.5s][PLAN_TRAJ_EXP] STATE EXEC_TRAJ -> PLAN_TRAJ_EXP [safetyCallback: not safe, time:0.038337]
[1782980326.698][    +22.6s][PLAN_TRAJ_EXP] STATE EXEC_TRAJ -> PLAN_TRAJ_EXP [safetyCallback: not safe, time:0.040367] |  (prev cycle x1/0.0s)
[1782980326.706][    +22.6s][PLAN_TRAJ_EXP] STATE PLAN_TRAJ_EXP -> PLAN_TRAJ_EXP [safetyCallback: not safe, time:0.047639]
[1782980326.742][    +22.6s][EXEC_TRAJ] STATE PLAN_TRAJ_EXP -> EXEC_TRAJ [plan success: new traj pub]
[1782980326.763][    +22.6s][PLAN_TRAJ_EXP] STATE EXEC_TRAJ -> PLAN_TRAJ_EXP [planGlobalPath: succeed]
[1782980326.797][    +22.7s][PLAN_TRAJ_EXP] STATE EXEC_TRAJ -> PLAN_TRAJ_EXP [safetyCallback: not safe, time:0.029715] |  (prev cycle x1/0.0s)
[1782980326.805][    +22.7s][PLAN_TRAJ_EXP] STATE PLAN_TRAJ_EXP -> PLAN_TRAJ_EXP [safetyCallback: not safe, time:0.037642]
[1782980326.841][    +22.7s][EXEC_TRAJ] STATE PLAN_TRAJ_EXP -> EXEC_TRAJ [plan success: new traj pub]
[1782980326.851][    +22.7s][PLAN_TRAJ_EXP] STATE EXEC_TRAJ -> PLAN_TRAJ_EXP [safetyCallback: not safe, time:0.039249]
[1782980326.853][    +22.7s][PLAN_TRAJ_EXP] STATE PLAN_TRAJ_EXP -> PLAN_TRAJ_EXP [safetyCallback: not safe, time:0.041824]
[1782980326.895][    +22.8s][EXEC_TRAJ] STATE PLAN_TRAJ_EXP -> EXEC_TRAJ [plan success: new traj pub]
[1782980326.905][    +22.8s][PLAN_TRAJ_EXP] STATE EXEC_TRAJ -> PLAN_TRAJ_EXP [safetyCallback: not safe, time:0.040224]
[1782980326.950][    +22.8s][PLAN_TRAJ_EXP] STATE EXEC_TRAJ -> PLAN_TRAJ_EXP [safetyCallback: not safe, time:0.040317] |  (prev cycle x1/0.0s)
[1782980326.953][    +22.8s][PLAN_TRAJ_EXP] STATE PLAN_TRAJ_EXP -> PLAN_TRAJ_EXP [safetyCallback: not safe, time:0.044059]
[1782980326.993][    +22.9s][EXEC_TRAJ] STATE PLAN_TRAJ_EXP -> EXEC_TRAJ [plan success: new traj pub]
[1782980327.019][    +22.9s][PLAN_TRAJ_EXP] STATE EXEC_TRAJ -> PLAN_TRAJ_EXP [planGlobalPath: succeed]
[1782980327.054][    +22.9s][PLAN_TRAJ_EXP] STATE EXEC_TRAJ -> PLAN_TRAJ_EXP [safetyCallback: not safe, time:0.032245] |  (prev cycle x1/0.0s)
[1782980327.057][    +22.9s][PLAN_TRAJ_EXP] STATE PLAN_TRAJ_EXP -> PLAN_TRAJ_EXP [safetyCallback: not safe, time:0.034378]
[1782980327.096][    +23.0s][EXEC_TRAJ] STATE PLAN_TRAJ_EXP -> EXEC_TRAJ [plan success: new traj pub]
[1782980327.105][    +23.0s][PLAN_TRAJ_EXP] STATE EXEC_TRAJ -> PLAN_TRAJ_EXP [safetyCallback: not safe, time:0.039227]
[1782980327.151][    +23.0s][PLAN_TRAJ_EXP] STATE EXEC_TRAJ -> PLAN_TRAJ_EXP [safetyCallback: not safe, time:0.040413] |  (prev cycle x1/0.0s)
[1782980327.196][    +23.1s][PLAN_TRAJ_EXP] STATE EXEC_TRAJ -> PLAN_TRAJ_EXP [safetyCallback: not safe, time:0.040882] |  (prev cycle x1/0.0s)
[1782980327.205][    +23.1s][PLAN_TRAJ_EXP] STATE PLAN_TRAJ_EXP -> PLAN_TRAJ_EXP [safetyCallback: not safe, time:0.050492]
[1782980327.240][    +23.1s][EXEC_TRAJ] STATE PLAN_TRAJ_EXP -> EXEC_TRAJ [plan success: new traj pub]
[1782980327.254][    +23.1s][PLAN_TRAJ_EXP] STATE EXEC_TRAJ -> PLAN_TRAJ_EXP [planGlobalPath: succeed]
[1782980327.288][    +23.1s][PLAN_TRAJ_EXP] STATE EXEC_TRAJ -> PLAN_TRAJ_EXP [safetyCallback: not safe, time:0.031167] |  (prev cycle x1/0.0s)
[1782980327.333][    +23.2s][PLAN_TRAJ_EXP] STATE EXEC_TRAJ -> PLAN_TRAJ_EXP [safetyCallback: not safe, time:0.031182] |  (prev cycle x1/0.0s)
[1782980327.377][    +23.2s][PLAN_TRAJ_EXP] STATE EXEC_TRAJ -> PLAN_TRAJ_EXP [safetyCallback: not safe, time:0.030470] |  (prev cycle x1/0.0s)
[1782980327.421][    +23.3s][PLAN_TRAJ_EXP] STATE EXEC_TRAJ -> PLAN_TRAJ_EXP [safetyCallback: not safe, time:0.032236] |  (prev cycle x1/0.0s)
[1782980327.466][    +23.3s][PLAN_TRAJ_EXP] STATE EXEC_TRAJ -> PLAN_TRAJ_EXP [safetyCallback: not safe, time:0.032590] |  (prev cycle x1/0.0s)
[1782980327.478][    +23.3s][PLAN_TRAJ_EXP] STATE PLAN_TRAJ_EXP -> PLAN_TRAJ_EXP [planGlobalPath: succeed]
[1782980327.512][    +23.4s][EXEC_TRAJ] STATE PLAN_TRAJ_EXP -> EXEC_TRAJ [plan success: new traj pub]
[1782980327.513][    +23.4s][PLAN_TRAJ_EXP] STATE EXEC_TRAJ -> PLAN_TRAJ_EXP [safetyCallback: not safe, time:0.031470]
[1782980327.556][    +23.4s][PLAN_TRAJ_EXP] STATE EXEC_TRAJ -> PLAN_TRAJ_EXP [safetyCallback: not safe, time:0.028313] |  (prev cycle x1/0.0s)
[1782980327.605][    +23.5s][PLAN_TRAJ_EXP] STATE EXEC_TRAJ -> PLAN_TRAJ_EXP [safetyCallback: not safe, time:0.035667] |  (prev cycle x1/0.0s)
[1782980327.652][    +23.5s][PLAN_TRAJ_EXP] STATE EXEC_TRAJ -> PLAN_TRAJ_EXP [safetyCallback: not safe, time:0.040562] |  (prev cycle x1/0.0s)
[1782980327.654][    +23.5s][PLAN_TRAJ_EXP] STATE PLAN_TRAJ_EXP -> PLAN_TRAJ_EXP [safetyCallback: not safe, time:0.042255]
[1782980327.695][    +23.6s][EXEC_TRAJ] STATE PLAN_TRAJ_EXP -> EXEC_TRAJ [plan success: new traj pub]
[1782980327.709][    +23.6s][EXEC_TRAJ] GLOBAL result=OK | clusters=3(reach 2) vp=2(reach 2) pipe[tot=3 dorm=1 unreach=0 cons=2 nocand=0 topo=0 novis=0 ok=2] tour=3n/8.5m goal=(6.1, 6.2, 1.2) t=13ms (x4)
[1782980327.709][    +23.6s][PLAN_TRAJ_EXP] STATE EXEC_TRAJ -> PLAN_TRAJ_EXP [planGlobalPath: succeed]
[1782980327.711][    +23.6s][PLAN_TRAJ_EXP] STATE PLAN_TRAJ_EXP -> PLAN_TRAJ_EXP [safetyCallback: not safe, time:0.044574]
[1782980327.745][    +23.6s][EXEC_TRAJ] STATE PLAN_TRAJ_EXP -> EXEC_TRAJ [plan success: new traj pub]
[1782980327.752][    +23.6s][PLAN_TRAJ_EXP] STATE EXEC_TRAJ -> PLAN_TRAJ_EXP [safetyCallback: not safe, time:0.036973]
[1782980327.799][    +23.7s][PLAN_TRAJ_EXP] STATE EXEC_TRAJ -> PLAN_TRAJ_EXP [safetyCallback: not safe, time:0.039955] |  (prev cycle x1/0.0s)
[1782980327.808][    +23.7s][PLAN_TRAJ_EXP] STATE PLAN_TRAJ_EXP -> PLAN_TRAJ_EXP [safetyCallback: not safe, time:0.048594]
[1782980327.842][    +23.7s][EXEC_TRAJ] STATE PLAN_TRAJ_EXP -> EXEC_TRAJ [plan success: new traj pub]
[1782980327.856][    +23.7s][PLAN_TRAJ_EXP] STATE EXEC_TRAJ -> PLAN_TRAJ_EXP [safetyCallback: not safe, time:0.043227]
[1782980327.858][    +23.7s][PLAN_TRAJ_EXP] STATE PLAN_TRAJ_EXP -> PLAN_TRAJ_EXP [safetyCallback: not safe, time:0.045072]
[1782980327.896][    +23.8s][EXEC_TRAJ] STATE PLAN_TRAJ_EXP -> EXEC_TRAJ [plan success: new traj pub]
[1782980327.905][    +23.8s][PLAN_TRAJ_EXP] STATE EXEC_TRAJ -> PLAN_TRAJ_EXP [safetyCallback: not safe, time:0.038614]
[1782980327.955][    +23.8s][PLAN_TRAJ_EXP] STATE EXEC_TRAJ -> PLAN_TRAJ_EXP [planGlobalPath: succeed] |  (prev cycle x1/0.0s)
[1782980327.992][    +23.9s][PLAN_TRAJ_EXP] STATE EXEC_TRAJ -> PLAN_TRAJ_EXP [safetyCallback: not safe, time:0.031107] |  (prev cycle x1/0.0s)
[1782980328.036][    +23.9s][PLAN_TRAJ_EXP] STATE EXEC_TRAJ -> PLAN_TRAJ_EXP [safetyCallback: not safe, time:0.031402] |  (prev cycle x1/0.0s)
[1782980328.079][    +23.9s][PLAN_TRAJ_EXP] STATE EXEC_TRAJ -> PLAN_TRAJ_EXP [safetyCallback: not safe, time:0.030298] |  (prev cycle x1/0.0s)
[1782980328.123][    +24.0s][PLAN_TRAJ_EXP] STATE EXEC_TRAJ -> PLAN_TRAJ_EXP [safetyCallback: not safe, time:0.031683] |  (prev cycle x1/0.0s)
[1782980328.167][    +24.0s][PLAN_TRAJ_EXP] STATE EXEC_TRAJ -> PLAN_TRAJ_EXP [safetyCallback: not safe, time:0.031592] |  (prev cycle x1/0.0s)
[1782980328.183][    +24.0s][PLAN_TRAJ_EXP] STATE PLAN_TRAJ_EXP -> PLAN_TRAJ_EXP [planGlobalPath: succeed]
[1782980328.217][    +24.1s][EXEC_TRAJ] STATE PLAN_TRAJ_EXP -> EXEC_TRAJ [plan success: new traj pub]
[1782980328.219][    +24.1s][PLAN_TRAJ_EXP] STATE EXEC_TRAJ -> PLAN_TRAJ_EXP [safetyCallback: not safe, time:0.031858]
[1782980328.263][    +24.1s][PLAN_TRAJ_EXP] STATE EXEC_TRAJ -> PLAN_TRAJ_EXP [safetyCallback: not safe, time:0.031787] |  (prev cycle x1/0.0s)
[1782980328.306][    +24.2s][PLAN_TRAJ_EXP] STATE EXEC_TRAJ -> PLAN_TRAJ_EXP [safetyCallback: not safe, time:0.031238] |  (prev cycle x1/0.0s)
[1782980328.353][    +24.2s][PLAN_TRAJ_EXP] STATE EXEC_TRAJ -> PLAN_TRAJ_EXP [safetyCallback: not safe, time:0.034875] |  (prev cycle x1/0.0s)
[1782980328.403][    +24.3s][PLAN_TRAJ_EXP] STATE EXEC_TRAJ -> PLAN_TRAJ_EXP [planGlobalPath: succeed] |  (prev cycle x1/0.1s)
[1782980328.439][    +24.3s][PLAN_TRAJ_EXP] STATE EXEC_TRAJ -> PLAN_TRAJ_EXP [safetyCallback: not safe, time:0.031418] |  (prev cycle x1/0.0s)
[1782980328.482][    +24.3s][PLAN_TRAJ_EXP] STATE EXEC_TRAJ -> PLAN_TRAJ_EXP [safetyCallback: not safe, time:0.031463] |  (prev cycle x1/0.0s)
[1782980328.526][    +24.4s][PLAN_TRAJ_EXP] STATE EXEC_TRAJ -> PLAN_TRAJ_EXP [safetyCallback: not safe, time:0.031733] |  (prev cycle x1/0.0s)
[1782980328.570][    +24.4s][PLAN_TRAJ_EXP] STATE EXEC_TRAJ -> PLAN_TRAJ_EXP [safetyCallback: not safe, time:0.030828] |  (prev cycle x1/0.0s)
[1782980328.614][    +24.5s][PLAN_TRAJ_EXP] STATE EXEC_TRAJ -> PLAN_TRAJ_EXP [safetyCallback: not safe, time:0.030987] |  (prev cycle x1/0.0s)
[1782980328.624][    +24.5s][PLAN_TRAJ_EXP] STATE PLAN_TRAJ_EXP -> PLAN_TRAJ_EXP [planGlobalPath: succeed]
[1782980328.659][    +24.5s][EXEC_TRAJ] STATE PLAN_TRAJ_EXP -> EXEC_TRAJ [plan success: new traj pub]
[1782980328.660][    +24.5s][PLAN_TRAJ_EXP] STATE EXEC_TRAJ -> PLAN_TRAJ_EXP [safetyCallback: not safe, time:0.030774]
[1782980328.706][    +24.6s][PLAN_TRAJ_EXP] STATE EXEC_TRAJ -> PLAN_TRAJ_EXP [safetyCallback: not safe, time:0.031420] |  (prev cycle x1/0.0s)
[1782980328.756][    +24.6s][PLAN_TRAJ_EXP] STATE EXEC_TRAJ -> PLAN_TRAJ_EXP [safetyCallback: not safe, time:0.037259] |  (prev cycle x1/0.0s)
[1782980328.802][    +24.7s][PLAN_TRAJ_EXP] STATE EXEC_TRAJ -> PLAN_TRAJ_EXP [safetyCallback: not safe, time:0.039087] |  (prev cycle x1/0.0s)
[1782980328.805][    +24.7s][PLAN_TRAJ_EXP] STATE PLAN_TRAJ_EXP -> PLAN_TRAJ_EXP [safetyCallback: not safe, time:0.041680]
[1782980328.845][    +24.7s][EXEC_TRAJ] STATE PLAN_TRAJ_EXP -> EXEC_TRAJ [plan success: new traj pub]
[1782980328.865][    +24.7s][EXEC_TRAJ] GLOBAL result=OK | clusters=3(reach 2) vp=2(reach 2) pipe[tot=3 dorm=1 unreach=0 cons=2 nocand=0 topo=0 novis=0 ok=2] tour=3n/3.7m goal=(4.1, 2.9, 0.9) t=19ms (x4)
[1782980328.865][    +24.7s][PLAN_TRAJ_EXP] STATE EXEC_TRAJ -> PLAN_TRAJ_EXP [planGlobalPath: succeed]
[1782980328.900][    +24.8s][PLAN_TRAJ_EXP] STATE EXEC_TRAJ -> PLAN_TRAJ_EXP [safetyCallback: not safe, time:0.032191] |  (prev cycle x1/0.0s)
[1782980328.906][    +24.8s][PLAN_TRAJ_EXP] STATE PLAN_TRAJ_EXP -> PLAN_TRAJ_EXP [safetyCallback: not safe, time:0.038142]
[1782980328.943][    +24.8s][EXEC_TRAJ] STATE PLAN_TRAJ_EXP -> EXEC_TRAJ [plan success: new traj pub]
[1782980328.953][    +24.8s][PLAN_TRAJ_EXP] STATE EXEC_TRAJ -> PLAN_TRAJ_EXP [safetyCallback: not safe, time:0.040786]
[1782980328.998][    +24.9s][PLAN_TRAJ_EXP] STATE EXEC_TRAJ -> PLAN_TRAJ_EXP [safetyCallback: not safe, time:0.040166] |  (prev cycle x1/0.0s)
[1782980329.004][    +24.9s][PLAN_TRAJ_EXP] STATE PLAN_TRAJ_EXP -> PLAN_TRAJ_EXP [safetyCallback: not safe, time:0.046484]
[1782980329.043][    +24.9s][EXEC_TRAJ] STATE PLAN_TRAJ_EXP -> EXEC_TRAJ [plan success: new traj pub]
[1782980329.052][    +24.9s][PLAN_TRAJ_EXP] STATE EXEC_TRAJ -> PLAN_TRAJ_EXP [safetyCallback: not safe, time:0.038479]
[1782980329.105][    +25.0s][PLAN_TRAJ_EXP] STATE EXEC_TRAJ -> PLAN_TRAJ_EXP [planGlobalPath: succeed] |  (prev cycle x1/0.1s)
[1782980329.140][    +25.0s][PLAN_TRAJ_EXP] STATE EXEC_TRAJ -> PLAN_TRAJ_EXP [safetyCallback: not safe, time:0.030837] |  (prev cycle x1/0.0s)
[1782980329.184][    +25.0s][PLAN_TRAJ_EXP] STATE EXEC_TRAJ -> PLAN_TRAJ_EXP [safetyCallback: not safe, time:0.031507] |  (prev cycle x1/0.0s)
[1782980329.227][    +25.1s][PLAN_TRAJ_EXP] STATE EXEC_TRAJ -> PLAN_TRAJ_EXP [safetyCallback: not safe, time:0.030953] |  (prev cycle x1/0.0s)
[1782980329.273][    +25.1s][PLAN_TRAJ_EXP] STATE EXEC_TRAJ -> PLAN_TRAJ_EXP [safetyCallback: not safe, time:0.031689] |  (prev cycle x1/0.0s)
[1782980329.316][    +25.2s][PLAN_TRAJ_EXP] STATE EXEC_TRAJ -> PLAN_TRAJ_EXP [safetyCallback: not safe, time:0.032065] |  (prev cycle x1/0.0s)
[1782980329.327][    +25.2s][PLAN_TRAJ_EXP] STATE PLAN_TRAJ_EXP -> PLAN_TRAJ_EXP [planGlobalPath: succeed]
[1782980329.361][    +25.2s][EXEC_TRAJ] STATE PLAN_TRAJ_EXP -> EXEC_TRAJ [plan success: new traj pub]
[1782980329.362][    +25.2s][PLAN_TRAJ_EXP] STATE EXEC_TRAJ -> PLAN_TRAJ_EXP [safetyCallback: not safe, time:0.032385]
[1782980329.406][    +25.3s][PLAN_TRAJ_EXP] STATE EXEC_TRAJ -> PLAN_TRAJ_EXP [safetyCallback: not safe, time:0.031309] |  (prev cycle x1/0.0s)
[1782980329.459][    +25.3s][PLAN_TRAJ_EXP] STATE EXEC_TRAJ -> PLAN_TRAJ_EXP [safetyCallback: not safe, time:0.040978] |  (prev cycle x1/0.1s)
[1782980329.504][    +25.4s][PLAN_TRAJ_EXP] STATE EXEC_TRAJ -> PLAN_TRAJ_EXP [safetyCallback: not safe, time:0.040862] |  (prev cycle x1/0.0s)
[1782980329.551][    +25.4s][PLAN_TRAJ_EXP] STATE EXEC_TRAJ -> PLAN_TRAJ_EXP [planGlobalPath: succeed] |  (prev cycle x1/0.0s)
[1782980329.587][    +25.4s][PLAN_TRAJ_EXP] STATE EXEC_TRAJ -> PLAN_TRAJ_EXP [safetyCallback: not safe, time:0.032083] |  (prev cycle x1/0.0s)
[1782980329.629][    +25.5s][PLAN_TRAJ_EXP] STATE EXEC_TRAJ -> PLAN_TRAJ_EXP [safetyCallback: not safe, time:0.030755] |  (prev cycle x1/0.0s)
[1782980329.679][    +25.5s][PLAN_TRAJ_EXP] STATE EXEC_TRAJ -> PLAN_TRAJ_EXP [safetyCallback: not safe, time:0.036623] |  (prev cycle x1/0.0s)
[1782980329.716][    +25.6s][PLAN_TRAJ_EXP] STATE EXEC_TRAJ -> PLAN_TRAJ_EXP [safetyCallback: not safe, time:0.030489] |  (prev cycle x1/0.0s)
[1782980329.772][    +25.6s][PLAN_TRAJ_EXP] STATE EXEC_TRAJ -> PLAN_TRAJ_EXP [planGlobalPath: succeed] |  (prev cycle x1/0.1s)
[1782980329.774][    +25.6s][PLAN_TRAJ_EXP] STATE PLAN_TRAJ_EXP -> PLAN_TRAJ_EXP [safetyCallback: not safe, time:0.043740]
[1782980329.808][    +25.7s][EXEC_TRAJ] STATE PLAN_TRAJ_EXP -> EXEC_TRAJ [plan success: new traj pub]
[1782980329.809][    +25.7s][PLAN_TRAJ_EXP] STATE EXEC_TRAJ -> PLAN_TRAJ_EXP [safetyCallback: not safe, time:0.031988]
[1782980329.862][    +25.7s][PLAN_TRAJ_EXP] STATE EXEC_TRAJ -> PLAN_TRAJ_EXP [safetyCallback: not safe, time:0.039994] |  (prev cycle x1/0.1s)
[1782980329.869][    +25.7s][PLAN_TRAJ_EXP] STATE PLAN_TRAJ_EXP -> PLAN_TRAJ_EXP [safetyCallback: not safe, time:0.046611]
[1782980329.906][    +25.8s][EXEC_TRAJ] STATE PLAN_TRAJ_EXP -> EXEC_TRAJ [plan success: new traj pub]
[1782980329.906][    +25.8s][PLAN_TRAJ_EXP] STATE EXEC_TRAJ -> PLAN_TRAJ_EXP [safetyCallback: not safe, time:0.030958]
[1782980329.955][    +25.8s][PLAN_TRAJ_EXP] STATE EXEC_TRAJ -> PLAN_TRAJ_EXP [safetyCallback: not safe, time:0.036358] |  (prev cycle x1/0.0s)
[1782980330.014][    +25.9s][EXEC_TRAJ] GLOBAL result=OK | clusters=3(reach 2) vp=2(reach 2) pipe[tot=3 dorm=1 unreach=0 cons=2 nocand=0 topo=0 novis=0 ok=2] tour=3n/6.3m goal=(4.1, 2.9, 0.9) t=21ms (x4)
[1782980330.014][    +25.9s][PLAN_TRAJ_EXP] STATE EXEC_TRAJ -> PLAN_TRAJ_EXP [planGlobalPath: succeed] |  (prev cycle x1/0.1s)
[1782980330.049][    +25.9s][PLAN_TRAJ_EXP] STATE EXEC_TRAJ -> PLAN_TRAJ_EXP [safetyCallback: not safe, time:0.030333] |  (prev cycle x1/0.0s)
[1782980330.059][    +25.9s][PLAN_TRAJ_EXP] STATE PLAN_TRAJ_EXP -> PLAN_TRAJ_EXP [safetyCallback: not safe, time:0.040289]
[1782980330.094][    +26.0s][EXEC_TRAJ] STATE PLAN_TRAJ_EXP -> EXEC_TRAJ [plan success: new traj pub]
[1782980330.105][    +26.0s][PLAN_TRAJ_EXP] STATE EXEC_TRAJ -> PLAN_TRAJ_EXP [safetyCallback: not safe, time:0.040174]
[1782980330.149][    +26.0s][PLAN_TRAJ_EXP] STATE EXEC_TRAJ -> PLAN_TRAJ_EXP [safetyCallback: not safe, time:0.031045] |  (prev cycle x1/0.0s)
[1782980330.155][    +26.0s][PLAN_TRAJ_EXP] STATE PLAN_TRAJ_EXP -> PLAN_TRAJ_EXP [safetyCallback: not safe, time:0.037862]
[1782980330.192][    +26.1s][EXEC_TRAJ] STATE PLAN_TRAJ_EXP -> EXEC_TRAJ [plan success: new traj pub]
[1782980330.202][    +26.1s][PLAN_TRAJ_EXP] STATE EXEC_TRAJ -> PLAN_TRAJ_EXP [safetyCallback: not safe, time:0.040843]
[1782980330.204][    +26.1s][PLAN_TRAJ_EXP] STATE PLAN_TRAJ_EXP -> PLAN_TRAJ_EXP [safetyCallback: not safe, time:0.042660]
[1782980330.248][    +26.1s][EXEC_TRAJ] STATE PLAN_TRAJ_EXP -> EXEC_TRAJ [plan success: new traj pub]
[1782980330.266][    +26.1s][PLAN_TRAJ_EXP] STATE EXEC_TRAJ -> PLAN_TRAJ_EXP [planGlobalPath: succeed]
[1782980330.268][    +26.1s][PLAN_TRAJ_EXP] STATE PLAN_TRAJ_EXP -> PLAN_TRAJ_EXP [safetyCallback: not safe, time:0.052480]
[1782980330.302][    +26.2s][EXEC_TRAJ] STATE PLAN_TRAJ_EXP -> EXEC_TRAJ [plan success: new traj pub]
[1782980330.304][    +26.2s][PLAN_TRAJ_EXP] STATE EXEC_TRAJ -> PLAN_TRAJ_EXP [safetyCallback: not safe, time:0.030957]
[1782980330.313][    +26.2s][PLAN_TRAJ_EXP] STATE PLAN_TRAJ_EXP -> PLAN_TRAJ_EXP [avoidance released: replan from current pose]
[1782980330.347][    +26.2s][EXEC_TRAJ] STATE PLAN_TRAJ_EXP -> EXEC_TRAJ [plan success: new traj pub]
[1782980330.355][    +26.2s][PLAN_TRAJ_EXP] STATE EXEC_TRAJ -> PLAN_TRAJ_EXP [safetyCallback: not safe, time:0.039112]
[1782980330.401][    +26.3s][PLAN_TRAJ_EXP] STATE EXEC_TRAJ -> PLAN_TRAJ_EXP [safetyCallback: not safe, time:0.040014] |  (prev cycle x1/0.0s)
[1782980330.403][    +26.3s][PLAN_TRAJ_EXP] STATE PLAN_TRAJ_EXP -> PLAN_TRAJ_EXP [safetyCallback: not safe, time:0.042277]
[1782980330.444][    +26.3s][EXEC_TRAJ] STATE PLAN_TRAJ_EXP -> EXEC_TRAJ [plan success: new traj pub]
[1782980330.456][    +26.3s][PLAN_TRAJ_EXP] STATE EXEC_TRAJ -> PLAN_TRAJ_EXP [safetyCallback: not safe, time:0.042462]
[1782980330.506][    +26.4s][PLAN_TRAJ_EXP] STATE EXEC_TRAJ -> PLAN_TRAJ_EXP [planGlobalPath: succeed] |  (prev cycle x1/0.0s)
[1782980330.506][    +26.4s][PLAN_TRAJ_EXP] STATE PLAN_TRAJ_EXP -> PLAN_TRAJ_EXP [avoidance released: replan from current pose]
[1782980330.540][    +26.4s][EXEC_TRAJ] STATE PLAN_TRAJ_EXP -> EXEC_TRAJ [plan success: new traj pub]
[1782980330.540][    +26.4s][PLAN_TRAJ_EXP] STATE EXEC_TRAJ -> PLAN_TRAJ_EXP [safetyCallback: not safe, time:0.031398]
[1782980330.585][    +26.4s][PLAN_TRAJ_EXP] STATE EXEC_TRAJ -> PLAN_TRAJ_EXP [safetyCallback: not safe, time:0.032405] |  (prev cycle x1/0.0s)
[1782980330.628][    +26.5s][PLAN_TRAJ_EXP] STATE EXEC_TRAJ -> PLAN_TRAJ_EXP [safetyCallback: not safe, time:0.031587] |  (prev cycle x1/0.0s)
[1782980330.673][    +26.5s][PLAN_TRAJ_EXP] STATE EXEC_TRAJ -> PLAN_TRAJ_EXP [safetyCallback: not safe, time:0.031830] |  (prev cycle x1/0.0s)
[1782980330.715][    +26.6s][PLAN_TRAJ_EXP] STATE EXEC_TRAJ -> PLAN_TRAJ_EXP [safetyCallback: not safe, time:0.029373] |  (prev cycle x1/0.0s)
[1782980330.726][    +26.6s][PLAN_TRAJ_EXP] STATE PLAN_TRAJ_EXP -> PLAN_TRAJ_EXP [planGlobalPath: succeed]
[1782980330.727][    +26.6s][PLAN_TRAJ_EXP] STATE PLAN_TRAJ_EXP -> PLAN_TRAJ_EXP [avoidance released: replan from current pose]
[1782980330.760][    +26.6s][EXEC_TRAJ] STATE PLAN_TRAJ_EXP -> EXEC_TRAJ [plan success: new traj pub]
[1782980330.763][    +26.6s][PLAN_TRAJ_EXP] STATE EXEC_TRAJ -> PLAN_TRAJ_EXP [safetyCallback: not safe, time:0.032630]
[1782980330.804][    +26.7s][PLAN_TRAJ_EXP] STATE EXEC_TRAJ -> PLAN_TRAJ_EXP [safetyCallback: not safe, time:0.030039] |  (prev cycle x1/0.0s)
[1782980330.814][    +26.7s][PLAN_TRAJ_EXP] STATE PLAN_TRAJ_EXP -> PLAN_TRAJ_EXP [avoidance released: replan from current pose]
[1782980330.848][    +26.7s][EXEC_TRAJ] STATE PLAN_TRAJ_EXP -> EXEC_TRAJ [plan success: new traj pub]
[1782980330.856][    +26.7s][PLAN_TRAJ_EXP] STATE EXEC_TRAJ -> PLAN_TRAJ_EXP [safetyCallback: not safe, time:0.036852]
[1782980330.902][    +26.8s][PLAN_TRAJ_EXP] STATE EXEC_TRAJ -> PLAN_TRAJ_EXP [avoidance released: replan from current pose] |  (prev cycle x1/0.0s)
[1782980330.936][    +26.8s][PLAN_TRAJ_EXP] STATE EXEC_TRAJ -> PLAN_TRAJ_EXP [safetyCallback: not safe, time:0.030285] |  (prev cycle x1/0.0s)
[1782980330.949][    +26.8s][PLAN_TRAJ_EXP] STATE PLAN_TRAJ_EXP -> PLAN_TRAJ_EXP [planGlobalPath: succeed]
[1782980330.983][    +26.8s][EXEC_TRAJ] STATE PLAN_TRAJ_EXP -> EXEC_TRAJ [plan success: new traj pub]
[1782980330.984][    +26.8s][PLAN_TRAJ_EXP] STATE EXEC_TRAJ -> PLAN_TRAJ_EXP [safetyCallback: not safe, time:0.031643]
[1782980330.993][    +26.9s][PLAN_TRAJ_EXP] STATE PLAN_TRAJ_EXP -> PLAN_TRAJ_EXP [avoidance released: replan from current pose]
[1782980331.027][    +26.9s][EXEC_TRAJ] STATE PLAN_TRAJ_EXP -> EXEC_TRAJ [plan success: new traj pub]
[1782980331.027][    +26.9s][PLAN_TRAJ_EXP] STATE EXEC_TRAJ -> PLAN_TRAJ_EXP [safetyCallback: not safe, time:0.030231]
[1782980331.072][    +26.9s][PLAN_TRAJ_EXP] STATE EXEC_TRAJ -> PLAN_TRAJ_EXP [safetyCallback: not safe, time:0.031714] |  (prev cycle x1/0.0s)
[1782980331.114][    +27.0s][PLAN_TRAJ_EXP] STATE EXEC_TRAJ -> PLAN_TRAJ_EXP [safetyCallback: not safe, time:0.030181] |  (prev cycle x1/0.0s)
[1782980331.124][    +27.0s][PLAN_TRAJ_EXP] STATE PLAN_TRAJ_EXP -> PLAN_TRAJ_EXP [avoidance released: replan from current pose]
[1782980331.157][    +27.0s][EXEC_TRAJ] STATE PLAN_TRAJ_EXP -> EXEC_TRAJ [plan success: new traj pub]
[1782980331.176][    +27.0s][EXEC_TRAJ] GLOBAL result=OK | clusters=3(reach 2) vp=2(reach 2) pipe[tot=3 dorm=1 unreach=0 cons=2 nocand=0 topo=0 novis=0 ok=2] tour=3n/4.3m goal=(4.1, 2.9, 0.9) t=17ms (x4)
[1782980331.176][    +27.0s][PLAN_TRAJ_EXP] STATE EXEC_TRAJ -> PLAN_TRAJ_EXP [planGlobalPath: succeed]
[1782980331.178][    +27.0s][PLAN_TRAJ_EXP] STATE PLAN_TRAJ_EXP -> PLAN_TRAJ_EXP [safetyCallback: not safe, time:0.050501]
[1782980331.212][    +27.1s][EXEC_TRAJ] STATE PLAN_TRAJ_EXP -> EXEC_TRAJ [plan success: new traj pub]
[1782980331.213][    +27.1s][PLAN_TRAJ_EXP] STATE EXEC_TRAJ -> PLAN_TRAJ_EXP [safetyCallback: not safe, time:0.030573]
[1782980331.223][    +27.1s][PLAN_TRAJ_EXP] STATE PLAN_TRAJ_EXP -> PLAN_TRAJ_EXP [avoidance released: replan from current pose]
[1782980331.256][    +27.1s][EXEC_TRAJ] STATE PLAN_TRAJ_EXP -> EXEC_TRAJ [plan success: new traj pub]
[1782980331.258][    +27.1s][PLAN_TRAJ_EXP] STATE EXEC_TRAJ -> PLAN_TRAJ_EXP [safetyCallback: not safe, time:0.031904]
[1782980331.307][    +27.2s][PLAN_TRAJ_EXP] STATE EXEC_TRAJ -> PLAN_TRAJ_EXP [safetyCallback: not safe, time:0.036714] |  (prev cycle x1/0.0s)
[1782980331.310][    +27.2s][PLAN_TRAJ_EXP] STATE PLAN_TRAJ_EXP -> PLAN_TRAJ_EXP [avoidance released: replan from current pose]
[1782980331.343][    +27.2s][EXEC_TRAJ] STATE PLAN_TRAJ_EXP -> EXEC_TRAJ [plan success: new traj pub]
[1782980331.355][    +27.2s][PLAN_TRAJ_EXP] STATE EXEC_TRAJ -> PLAN_TRAJ_EXP [safetyCallback: not safe, time:0.042089]
[1782980331.357][    +27.2s][PLAN_TRAJ_EXP] STATE PLAN_TRAJ_EXP -> PLAN_TRAJ_EXP [safetyCallback: not safe, time:0.044168]
[1782980331.397][    +27.3s][EXEC_TRAJ] STATE PLAN_TRAJ_EXP -> EXEC_TRAJ [plan success: new traj pub]
[1782980331.420][    +27.3s][PLAN_TRAJ_EXP] STATE EXEC_TRAJ -> PLAN_TRAJ_EXP [planGlobalPath: succeed]
[1782980331.454][    +27.3s][PLAN_TRAJ_EXP] STATE EXEC_TRAJ -> PLAN_TRAJ_EXP [safetyCallback: not safe, time:0.030217] |  (prev cycle x1/0.0s)
[1782980331.457][    +27.3s][PLAN_TRAJ_EXP] STATE PLAN_TRAJ_EXP -> PLAN_TRAJ_EXP [safetyCallback: not safe, time:0.033027]
[1782980331.497][    +27.4s][PLAN_TRAJ_EXP] LOCAL EXP OK | why: escape traj (flyToSafeRegion) | t=33.4ms goal_d=0.5m (x106)
[1782980331.497][    +27.4s][EXEC_TRAJ] STATE PLAN_TRAJ_EXP -> EXEC_TRAJ [plan success: new traj pub]
[1782980331.503][    +27.4s][PLAN_TRAJ_EXP] STATE EXEC_TRAJ -> PLAN_TRAJ_EXP [safetyCallback: not safe, time:0.036145]
[1782980331.507][    +27.4s][PLAN_TRAJ_EXP] STATE PLAN_TRAJ_EXP -> PLAN_TRAJ_EXP [avoidance released: replan from current pose]
[1782980331.541][    +27.4s][EXEC_TRAJ] STATE PLAN_TRAJ_EXP -> EXEC_TRAJ [plan success: new traj pub]
[1782980331.551][    +27.4s][PLAN_TRAJ_EXP] STATE EXEC_TRAJ -> PLAN_TRAJ_EXP [safetyCallback: not safe, time:0.039770]
[1782980331.555][    +27.4s][PLAN_TRAJ_EXP] STATE PLAN_TRAJ_EXP -> PLAN_TRAJ_EXP [safetyCallback: not safe, time:0.043888]
[1782980331.594][    +27.5s][EXEC_TRAJ] STATE PLAN_TRAJ_EXP -> EXEC_TRAJ [plan success: new traj pub]
[1782980331.603][    +27.5s][PLAN_TRAJ_EXP] STATE EXEC_TRAJ -> PLAN_TRAJ_EXP [safetyCallback: not safe, time:0.038559]
[1782980331.648][    +27.5s][PLAN_TRAJ_EXP] STATE EXEC_TRAJ -> PLAN_TRAJ_EXP [planGlobalPath: succeed] |  (prev cycle x1/0.0s)
[1782980331.683][    +27.5s][PLAN_TRAJ_EXP] STATE EXEC_TRAJ -> PLAN_TRAJ_EXP [safetyCallback: not safe, time:0.032061] |  (prev cycle x1/0.0s)
[1782980331.725][    +27.6s][PLAN_TRAJ_EXP] STATE EXEC_TRAJ -> PLAN_TRAJ_EXP [safetyCallback: not safe, time:0.030335] |  (prev cycle x1/0.0s)
[1782980331.770][    +27.6s][PLAN_TRAJ_EXP] STATE EXEC_TRAJ -> PLAN_TRAJ_EXP [safetyCallback: not safe, time:0.032491] |  (prev cycle x1/0.0s)
[1782980331.813][    +27.7s][PLAN_TRAJ_EXP] STATE EXEC_TRAJ -> PLAN_TRAJ_EXP [safetyCallback: not safe, time:0.031493] |  (prev cycle x1/0.0s)
[1782980331.884][    +27.7s][PLAN_TRAJ_EXP] STATE EXEC_TRAJ -> PLAN_TRAJ_EXP [planGlobalPath: succeed] |  (prev cycle x1/0.1s)
[1782980331.886][    +27.7s][PLAN_TRAJ_EXP] STATE PLAN_TRAJ_EXP -> PLAN_TRAJ_EXP [safetyCallback: not safe, time:0.060564]
[1782980331.920][    +27.8s][EXEC_TRAJ] STATE PLAN_TRAJ_EXP -> EXEC_TRAJ [plan success: new traj pub]
[1782980331.921][    +27.8s][PLAN_TRAJ_EXP] STATE EXEC_TRAJ -> PLAN_TRAJ_EXP [safetyCallback: not safe, time:0.030234]
[1782980331.964][    +27.8s][EXEC_TRAJ] BATT 24.0V | v=24.35V pct=72% (still, x16/30.0s)
[1782980331.965][    +27.8s][PLAN_TRAJ_EXP] STATE EXEC_TRAJ -> PLAN_TRAJ_EXP [safetyCallback: not safe, time:0.032130] |  (prev cycle x1/0.0s)
[1782980332.008][    +27.9s][PLAN_TRAJ_EXP] STATE EXEC_TRAJ -> PLAN_TRAJ_EXP [safetyCallback: not safe, time:0.031494] |  (prev cycle x1/0.0s)
[1782980332.055][    +27.9s][PLAN_TRAJ_EXP] STATE EXEC_TRAJ -> PLAN_TRAJ_EXP [safetyCallback: not safe, time:0.035103] |  (prev cycle x1/0.0s)
[1782980332.105][    +28.0s][PLAN_TRAJ_EXP] STATE EXEC_TRAJ -> PLAN_TRAJ_EXP [planGlobalPath: succeed] |  (prev cycle x1/0.0s)
[1782980332.140][    +28.0s][PLAN_TRAJ_EXP] STATE EXEC_TRAJ -> PLAN_TRAJ_EXP [safetyCallback: not safe, time:0.030594] |  (prev cycle x1/0.0s)
[1782980332.186][    +28.0s][PLAN_TRAJ_EXP] STATE EXEC_TRAJ -> PLAN_TRAJ_EXP [safetyCallback: not safe, time:0.033000] |  (prev cycle x1/0.0s)
[1782980332.227][    +28.1s][PLAN_TRAJ_EXP] STATE EXEC_TRAJ -> PLAN_TRAJ_EXP [safetyCallback: not safe, time:0.030703] |  (prev cycle x1/0.0s)
[1782980332.271][    +28.1s][PLAN_TRAJ_EXP] STATE EXEC_TRAJ -> PLAN_TRAJ_EXP [safetyCallback: not safe, time:0.031116] |  (prev cycle x1/0.0s)
[1782980332.314][    +28.2s][PLAN_TRAJ_EXP] STATE EXEC_TRAJ -> PLAN_TRAJ_EXP [safetyCallback: not safe, time:0.030623] |  (prev cycle x1/0.0s)
[1782980332.326][    +28.2s][PLAN_TRAJ_EXP] GLOBAL result=OK | clusters=3(reach 2) vp=2(reach 2) pipe[tot=3 dorm=1 unreach=0 cons=2 nocand=0 topo=0 novis=0 ok=2] tour=3n/4.1m goal=(4.1, 2.9, 0.9) t=11ms (x4)
[1782980332.326][    +28.2s][PLAN_TRAJ_EXP] STATE PLAN_TRAJ_EXP -> PLAN_TRAJ_EXP [planGlobalPath: succeed]
[1782980332.360][    +28.2s][EXEC_TRAJ] STATE PLAN_TRAJ_EXP -> EXEC_TRAJ [plan success: new traj pub]
[1782980332.362][    +28.2s][PLAN_TRAJ_EXP] STATE EXEC_TRAJ -> PLAN_TRAJ_EXP [safetyCallback: not safe, time:0.032446]
[1782980332.404][    +28.3s][PLAN_TRAJ_EXP] STATE EXEC_TRAJ -> PLAN_TRAJ_EXP [safetyCallback: not safe, time:0.030569] |  (prev cycle x1/0.0s)
[1782980332.455][    +28.3s][PLAN_TRAJ_EXP] STATE EXEC_TRAJ -> PLAN_TRAJ_EXP [safetyCallback: not safe, time:0.039221] |  (prev cycle x1/0.1s)
[1782980332.500][    +28.4s][PLAN_TRAJ_EXP] STATE EXEC_TRAJ -> PLAN_TRAJ_EXP [safetyCallback: not safe, time:0.040177] |  (prev cycle x1/0.0s)
[1782980332.502][    +28.4s][PLAN_TRAJ_EXP] STATE PLAN_TRAJ_EXP -> PLAN_TRAJ_EXP [safetyCallback: not safe, time:0.041546]
[1782980332.544][    +28.4s][EXEC_TRAJ] STATE PLAN_TRAJ_EXP -> EXEC_TRAJ [plan success: new traj pub]
[1782980332.554][    +28.4s][PLAN_TRAJ_EXP] STATE EXEC_TRAJ -> PLAN_TRAJ_EXP [planGlobalPath: succeed]
[1782980332.589][    +28.5s][PLAN_TRAJ_EXP] STATE EXEC_TRAJ -> PLAN_TRAJ_EXP [safetyCallback: not safe, time:0.030981] |  (prev cycle x1/0.0s)
[1782980332.634][    +28.5s][PLAN_TRAJ_EXP] STATE EXEC_TRAJ -> PLAN_TRAJ_EXP [safetyCallback: not safe, time:0.031027] |  (prev cycle x1/0.0s)
[1782980332.678][    +28.5s][PLAN_TRAJ_EXP] STATE EXEC_TRAJ -> PLAN_TRAJ_EXP [safetyCallback: not safe, time:0.031352] |  (prev cycle x1/0.0s)
[1782980332.721][    +28.6s][PLAN_TRAJ_EXP] STATE EXEC_TRAJ -> PLAN_TRAJ_EXP [safetyCallback: not safe, time:0.030779] |  (prev cycle x1/0.0s)
[1782980332.764][    +28.6s][PLAN_TRAJ_EXP] STATE EXEC_TRAJ -> PLAN_TRAJ_EXP [safetyCallback: not safe, time:0.031152] |  (prev cycle x1/0.0s)
[1782980332.778][    +28.6s][PLAN_TRAJ_EXP] STATE PLAN_TRAJ_EXP -> PLAN_TRAJ_EXP [planGlobalPath: succeed]
[1782980332.812][    +28.7s][EXEC_TRAJ] STATE PLAN_TRAJ_EXP -> EXEC_TRAJ [plan success: new traj pub]
[1782980332.813][    +28.7s][PLAN_TRAJ_EXP] STATE EXEC_TRAJ -> PLAN_TRAJ_EXP [safetyCallback: not safe, time:0.031023]
[1782980332.857][    +28.7s][PLAN_TRAJ_EXP] STATE EXEC_TRAJ -> PLAN_TRAJ_EXP [safetyCallback: not safe, time:0.031341] |  (prev cycle x1/0.0s)
[1782980332.906][    +28.8s][PLAN_TRAJ_EXP] STATE EXEC_TRAJ -> PLAN_TRAJ_EXP [safetyCallback: not safe, time:0.036463] |  (prev cycle x1/0.0s)
[1782980332.955][    +28.8s][PLAN_TRAJ_EXP] STATE EXEC_TRAJ -> PLAN_TRAJ_EXP [safetyCallback: not safe, time:0.042146] |  (prev cycle x1/0.0s)
[1782980332.999][    +28.9s][PLAN_TRAJ_EXP] STATE EXEC_TRAJ -> PLAN_TRAJ_EXP [planGlobalPath: succeed] |  (prev cycle x1/0.0s)
[1782980333.034][    +28.9s][PLAN_TRAJ_EXP] STATE EXEC_TRAJ -> PLAN_TRAJ_EXP [safetyCallback: not safe, time:0.031569] |  (prev cycle x1/0.0s)
[1782980333.081][    +28.9s][PLAN_TRAJ_EXP] STATE EXEC_TRAJ -> PLAN_TRAJ_EXP [safetyCallback: not safe, time:0.034496] |  (prev cycle x1/0.0s)
[1782980333.126][    +29.0s][PLAN_TRAJ_EXP] STATE EXEC_TRAJ -> PLAN_TRAJ_EXP [safetyCallback: not safe, time:0.031911] |  (prev cycle x1/0.0s)
[1782980333.170][    +29.0s][PLAN_TRAJ_EXP] STATE EXEC_TRAJ -> PLAN_TRAJ_EXP [safetyCallback: not safe, time:0.032074] |  (prev cycle x1/0.0s)
[1782980333.227][    +29.1s][PLAN_TRAJ_EXP] STATE EXEC_TRAJ -> PLAN_TRAJ_EXP [planGlobalPath: succeed] |  (prev cycle x1/0.1s)
[1782980333.228][    +29.1s][PLAN_TRAJ_EXP] STATE PLAN_TRAJ_EXP -> PLAN_TRAJ_EXP [safetyCallback: not safe, time:0.044710]
[1782980333.262][    +29.1s][EXEC_TRAJ] STATE PLAN_TRAJ_EXP -> EXEC_TRAJ [plan success: new traj pub]
[1782980333.263][    +29.1s][PLAN_TRAJ_EXP] STATE EXEC_TRAJ -> PLAN_TRAJ_EXP [safetyCallback: not safe, time:0.032360]
[1782980333.312][    +29.2s][PLAN_TRAJ_EXP] STATE EXEC_TRAJ -> PLAN_TRAJ_EXP [safetyCallback: not safe, time:0.034799] |  (prev cycle x1/0.0s)
[1782980333.355][    +29.2s][PLAN_TRAJ_EXP] STATE EXEC_TRAJ -> PLAN_TRAJ_EXP [safetyCallback: not safe, time:0.034295] |  (prev cycle x1/0.0s)
[1782980333.402][    +29.3s][PLAN_TRAJ_EXP] STATE EXEC_TRAJ -> PLAN_TRAJ_EXP [safetyCallback: not safe, time:0.038275] |  (prev cycle x1/0.0s)
[1782980333.472][    +29.3s][EXEC_TRAJ] GLOBAL result=OK | clusters=3(reach 2) vp=2(reach 2) pipe[tot=3 dorm=1 unreach=0 cons=2 nocand=0 topo=0 novis=0 ok=2] tour=3n/4.1m goal=(4.1, 2.9, 0.9) t=32ms (x4)
[1782980333.472][    +29.3s][PLAN_TRAJ_EXP] STATE EXEC_TRAJ -> PLAN_TRAJ_EXP [planGlobalPath: succeed] |  (prev cycle x1/0.1s)
[1782980333.507][    +29.4s][PLAN_TRAJ_EXP] STATE EXEC_TRAJ -> PLAN_TRAJ_EXP [safetyCallback: not safe, time:0.031290] |  (prev cycle x1/0.0s)
[1782980333.556][    +29.4s][PLAN_TRAJ_EXP] STATE EXEC_TRAJ -> PLAN_TRAJ_EXP [safetyCallback: not safe, time:0.038066] |  (prev cycle x1/0.0s)
[1782980333.602][    +29.5s][PLAN_TRAJ_EXP] STATE EXEC_TRAJ -> PLAN_TRAJ_EXP [safetyCallback: not safe, time:0.040077] |  (prev cycle x1/0.0s)
[1782980333.605][    +29.5s][PLAN_TRAJ_EXP] STATE PLAN_TRAJ_EXP -> PLAN_TRAJ_EXP [safetyCallback: not safe, time:0.043159]
[1782980333.646][    +29.5s][EXEC_TRAJ] STATE PLAN_TRAJ_EXP -> EXEC_TRAJ [plan success: new traj pub]
[1782980333.656][    +29.5s][PLAN_TRAJ_EXP] STATE EXEC_TRAJ -> PLAN_TRAJ_EXP [safetyCallback: not safe, time:0.039683]
[1782980333.697][    +29.6s][PLAN_TRAJ_EXP] STATE EXEC_TRAJ -> PLAN_TRAJ_EXP [planGlobalPath: succeed] |  (prev cycle x1/0.0s)
[1782980333.737][    +29.6s][PLAN_TRAJ_EXP] STATE EXEC_TRAJ -> PLAN_TRAJ_EXP [safetyCallback: not safe, time:0.031126] |  (prev cycle x1/0.0s)
[1782980333.781][    +29.6s][PLAN_TRAJ_EXP] STATE EXEC_TRAJ -> PLAN_TRAJ_EXP [safetyCallback: not safe, time:0.031102] |  (prev cycle x1/0.0s)
[1782980333.826][    +29.7s][PLAN_TRAJ_EXP] STATE EXEC_TRAJ -> PLAN_TRAJ_EXP [safetyCallback: not safe, time:0.032931] |  (prev cycle x1/0.0s)
[1782980333.868][    +29.7s][PLAN_TRAJ_EXP] STATE EXEC_TRAJ -> PLAN_TRAJ_EXP [safetyCallback: not safe, time:0.030773] |  (prev cycle x1/0.0s)
[1782980333.916][    +29.8s][PLAN_TRAJ_EXP] STATE EXEC_TRAJ -> PLAN_TRAJ_EXP [planGlobalPath: succeed] |  (prev cycle x1/0.0s)
[1782980333.918][    +29.8s][PLAN_TRAJ_EXP] STATE PLAN_TRAJ_EXP -> PLAN_TRAJ_EXP [safetyCallback: not safe, time:0.037932]
[1782980333.954][    +29.8s][EXEC_TRAJ] STATE PLAN_TRAJ_EXP -> EXEC_TRAJ [plan success: new traj pub]
[1782980333.957][    +29.8s][PLAN_TRAJ_EXP] STATE EXEC_TRAJ -> PLAN_TRAJ_EXP [safetyCallback: not safe, time:0.033598]
[1782980334.002][    +29.9s][PLAN_TRAJ_EXP] STATE EXEC_TRAJ -> PLAN_TRAJ_EXP [safetyCallback: not safe, time:0.033932] |  (prev cycle x1/0.0s)
[1782980334.052][    +29.9s][PLAN_TRAJ_EXP] STATE EXEC_TRAJ -> PLAN_TRAJ_EXP [safetyCallback: not safe, time:0.039852] |  (prev cycle x1/0.1s)
[1782980334.054][    +29.9s][PLAN_TRAJ_EXP] STATE PLAN_TRAJ_EXP -> PLAN_TRAJ_EXP [safetyCallback: not safe, time:0.041810]
[1782980334.097][    +30.0s][EXEC_TRAJ] STATE PLAN_TRAJ_EXP -> EXEC_TRAJ [plan success: new traj pub]
[1782980334.105][    +30.0s][PLAN_TRAJ_EXP] STATE EXEC_TRAJ -> PLAN_TRAJ_EXP [safetyCallback: not safe, time:0.037261]
[1782980334.147][    +30.0s][PLAN_TRAJ_EXP] STATE EXEC_TRAJ -> PLAN_TRAJ_EXP [planGlobalPath: succeed] |  (prev cycle x1/0.0s)
[1782980334.185][    +30.0s][PLAN_TRAJ_EXP] STATE EXEC_TRAJ -> PLAN_TRAJ_EXP [safetyCallback: not safe, time:0.031274] |  (prev cycle x1/0.0s)
[1782980334.229][    +30.1s][PLAN_TRAJ_EXP] STATE EXEC_TRAJ -> PLAN_TRAJ_EXP [safetyCallback: not safe, time:0.032098] |  (prev cycle x1/0.0s)
[1782980334.273][    +30.1s][PLAN_TRAJ_EXP] STATE EXEC_TRAJ -> PLAN_TRAJ_EXP [safetyCallback: not safe, time:0.031847] |  (prev cycle x1/0.0s)
[1782980334.317][    +30.2s][PLAN_TRAJ_EXP] STATE EXEC_TRAJ -> PLAN_TRAJ_EXP [safetyCallback: not safe, time:0.032022] |  (prev cycle x1/0.0s)
[1782980334.390][    +30.3s][PLAN_TRAJ_EXP] STATE EXEC_TRAJ -> PLAN_TRAJ_EXP [planGlobalPath: succeed] |  (prev cycle x1/0.1s)
[1782980334.390][    +30.3s][PLAN_TRAJ_EXP] STATE PLAN_TRAJ_EXP -> PLAN_TRAJ_EXP [safetyCallback: not safe, time:0.061924]
[1782980334.424][    +30.3s][EXEC_TRAJ] STATE PLAN_TRAJ_EXP -> EXEC_TRAJ [plan success: new traj pub]
[1782980334.426][    +30.3s][PLAN_TRAJ_EXP] STATE EXEC_TRAJ -> PLAN_TRAJ_EXP [safetyCallback: not safe, time:0.032235]
[1782980334.469][    +30.3s][PLAN_TRAJ_EXP] STATE EXEC_TRAJ -> PLAN_TRAJ_EXP [safetyCallback: not safe, time:0.030960] |  (prev cycle x1/0.0s)
[1782980334.513][    +30.4s][PLAN_TRAJ_EXP] STATE EXEC_TRAJ -> PLAN_TRAJ_EXP [safetyCallback: not safe, time:0.030214] |  (prev cycle x1/0.0s)
[1782980334.556][    +30.4s][PLAN_TRAJ_EXP] STATE EXEC_TRAJ -> PLAN_TRAJ_EXP [safetyCallback: not safe, time:0.030564] |  (prev cycle x1/0.0s)
[1782980334.624][    +30.5s][EXEC_TRAJ] GLOBAL result=OK | clusters=3(reach 2) vp=2(reach 2) pipe[tot=3 dorm=1 unreach=0 cons=2 nocand=0 topo=0 novis=0 ok=2] tour=3n/4.1m goal=(4.1, 2.9, 0.9) t=25ms (x4)
[1782980334.624][    +30.5s][PLAN_TRAJ_EXP] STATE EXEC_TRAJ -> PLAN_TRAJ_EXP [planGlobalPath: succeed] |  (prev cycle x1/0.1s)
[1782980334.659][    +30.5s][PLAN_TRAJ_EXP] STATE EXEC_TRAJ -> PLAN_TRAJ_EXP [safetyCallback: not safe, time:0.030565] |  (prev cycle x1/0.0s)
[1782980334.706][    +30.6s][PLAN_TRAJ_EXP] STATE EXEC_TRAJ -> PLAN_TRAJ_EXP [safetyCallback: not safe, time:0.033662] |  (prev cycle x1/0.0s)
[1782980334.754][    +30.6s][PLAN_TRAJ_EXP] STATE EXEC_TRAJ -> PLAN_TRAJ_EXP [safetyCallback: not safe, time:0.038630] |  (prev cycle x1/0.0s)
[1782980334.800][    +30.7s][PLAN_TRAJ_EXP] STATE EXEC_TRAJ -> PLAN_TRAJ_EXP [safetyCallback: not safe, time:0.039650] |  (prev cycle x1/0.0s)
[1782980334.807][    +30.7s][PLAN_TRAJ_EXP] STATE PLAN_TRAJ_EXP -> PLAN_TRAJ_EXP [safetyCallback: not safe, time:0.047604]
[1782980334.844][    +30.7s][EXEC_TRAJ] STATE PLAN_TRAJ_EXP -> EXEC_TRAJ [plan success: new traj pub]
[1782980334.868][    +30.7s][PLAN_TRAJ_EXP] STATE EXEC_TRAJ -> PLAN_TRAJ_EXP [planGlobalPath: succeed]
[1782980334.869][    +30.7s][PLAN_TRAJ_EXP] STATE PLAN_TRAJ_EXP -> PLAN_TRAJ_EXP [safetyCallback: not safe, time:0.056627]
[1782980334.903][    +30.8s][EXEC_TRAJ] STATE PLAN_TRAJ_EXP -> EXEC_TRAJ [plan success: new traj pub]
[1782980334.906][    +30.8s][PLAN_TRAJ_EXP] STATE EXEC_TRAJ -> PLAN_TRAJ_EXP [safetyCallback: not safe, time:0.033302]
[1782980334.955][    +30.8s][PLAN_TRAJ_EXP] STATE EXEC_TRAJ -> PLAN_TRAJ_EXP [safetyCallback: not safe, time:0.038380] |  (prev cycle x1/0.0s)
[1782980335.001][    +30.9s][PLAN_TRAJ_EXP] STATE EXEC_TRAJ -> PLAN_TRAJ_EXP [safetyCallback: not safe, time:0.040282] |  (prev cycle x1/0.0s)
[1782980335.007][    +30.9s][PLAN_TRAJ_EXP] STATE PLAN_TRAJ_EXP -> PLAN_TRAJ_EXP [safetyCallback: not safe, time:0.046844]
[1782980335.047][    +30.9s][EXEC_TRAJ] STATE PLAN_TRAJ_EXP -> EXEC_TRAJ [plan success: new traj pub]
[1782980335.054][    +30.9s][PLAN_TRAJ_EXP] STATE EXEC_TRAJ -> PLAN_TRAJ_EXP [safetyCallback: not safe, time:0.036970]
[1782980335.101][    +31.0s][PLAN_TRAJ_EXP] STATE EXEC_TRAJ -> PLAN_TRAJ_EXP [planGlobalPath: succeed] |  (prev cycle x1/0.0s)
[1782980335.137][    +31.0s][PLAN_TRAJ_EXP] STATE EXEC_TRAJ -> PLAN_TRAJ_EXP [safetyCallback: not safe, time:0.031739] |  (prev cycle x1/0.0s)
[1782980335.179][    +31.0s][PLAN_TRAJ_EXP] STATE EXEC_TRAJ -> PLAN_TRAJ_EXP [safetyCallback: not safe, time:0.030087] |  (prev cycle x1/0.0s)
[1782980335.224][    +31.1s][PLAN_TRAJ_EXP] STATE EXEC_TRAJ -> PLAN_TRAJ_EXP [safetyCallback: not safe, time:0.031849] |  (prev cycle x1/0.0s)
[1782980335.266][    +31.1s][PLAN_TRAJ_EXP] STATE EXEC_TRAJ -> PLAN_TRAJ_EXP [safetyCallback: not safe, time:0.030156] |  (prev cycle x1/0.0s)
[1782980335.322][    +31.2s][PLAN_TRAJ_EXP] STATE EXEC_TRAJ -> PLAN_TRAJ_EXP [planGlobalPath: succeed] |  (prev cycle x1/0.1s)
[1782980335.323][    +31.2s][PLAN_TRAJ_EXP] STATE PLAN_TRAJ_EXP -> PLAN_TRAJ_EXP [safetyCallback: not safe, time:0.043606]
[1782980335.358][    +31.2s][EXEC_TRAJ] STATE PLAN_TRAJ_EXP -> EXEC_TRAJ [plan success: new traj pub]
[1782980335.358][    +31.2s][PLAN_TRAJ_EXP] STATE EXEC_TRAJ -> PLAN_TRAJ_EXP [safetyCallback: not safe, time:0.030425]
[1782980335.406][    +31.3s][PLAN_TRAJ_EXP] STATE EXEC_TRAJ -> PLAN_TRAJ_EXP [safetyCallback: not safe, time:0.034116] |  (prev cycle x1/0.0s)
[1782980335.454][    +31.3s][PLAN_TRAJ_EXP] STATE EXEC_TRAJ -> PLAN_TRAJ_EXP [safetyCallback: not safe, time:0.038593] |  (prev cycle x1/0.0s)
[1782980335.455][    +31.3s][PLAN_TRAJ_EXP] STATE PLAN_TRAJ_EXP -> PLAN_TRAJ_EXP [avoidance released: replan from current pose]
[1782980335.488][    +31.3s][EXEC_TRAJ] STATE PLAN_TRAJ_EXP -> EXEC_TRAJ [plan success: new traj pub]
[1782980335.499][    +31.4s][PLAN_TRAJ_EXP] STATE EXEC_TRAJ -> PLAN_TRAJ_EXP [safetyCallback: not safe, time:0.039939]
[1782980335.506][    +31.4s][PLAN_TRAJ_EXP] STATE PLAN_TRAJ_EXP -> PLAN_TRAJ_EXP [safetyCallback: not safe, time:0.047569]
[1782980335.542][    +31.4s][EXEC_TRAJ] STATE PLAN_TRAJ_EXP -> EXEC_TRAJ [plan success: new traj pub]
[1782980335.554][    +31.4s][PLAN_TRAJ_EXP] STATE EXEC_TRAJ -> PLAN_TRAJ_EXP [planGlobalPath: succeed]
[1782980335.588][    +31.4s][PLAN_TRAJ_EXP] STATE EXEC_TRAJ -> PLAN_TRAJ_EXP [safetyCallback: not safe, time:0.030126] |  (prev cycle x1/0.0s)
[1782980335.633][    +31.5s][PLAN_TRAJ_EXP] STATE EXEC_TRAJ -> PLAN_TRAJ_EXP [safetyCallback: not safe, time:0.031111] |  (prev cycle x1/0.0s)
[1782980335.642][    +31.5s][PLAN_TRAJ_EXP] STATE PLAN_TRAJ_EXP -> PLAN_TRAJ_EXP [avoidance released: replan from current pose]
[1782980335.676][    +31.5s][EXEC_TRAJ] STATE PLAN_TRAJ_EXP -> EXEC_TRAJ [plan success: new traj pub]
[1782980335.676][    +31.5s][PLAN_TRAJ_EXP] STATE EXEC_TRAJ -> PLAN_TRAJ_EXP [safetyCallback: not safe, time:0.030672]
[1782980335.721][    +31.6s][PLAN_TRAJ_EXP] STATE EXEC_TRAJ -> PLAN_TRAJ_EXP [safetyCallback: not safe, time:0.031680] |  (prev cycle x1/0.0s)
[1782980335.775][    +31.6s][EXEC_TRAJ] GLOBAL result=OK | clusters=3(reach 2) vp=2(reach 2) pipe[tot=3 dorm=1 unreach=0 cons=2 nocand=0 topo=0 novis=0 ok=2] tour=3n/4.1m goal=(4.1, 2.9, 0.9) t=11ms (x4)
[1782980335.775][    +31.6s][PLAN_TRAJ_EXP] STATE EXEC_TRAJ -> PLAN_TRAJ_EXP [planGlobalPath: succeed] |  (prev cycle x1/0.1s)
[1782980335.776][    +31.6s][PLAN_TRAJ_EXP] STATE PLAN_TRAJ_EXP -> PLAN_TRAJ_EXP [safetyCallback: not safe, time:0.042580]
[1782980335.776][    +31.6s][PLAN_TRAJ_EXP] STATE PLAN_TRAJ_EXP -> PLAN_TRAJ_EXP [avoidance released: replan from current pose]
[1782980335.810][    +31.7s][EXEC_TRAJ] STATE PLAN_TRAJ_EXP -> EXEC_TRAJ [plan success: new traj pub]
[1782980335.812][    +31.7s][PLAN_TRAJ_EXP] STATE EXEC_TRAJ -> PLAN_TRAJ_EXP [safetyCallback: not safe, time:0.031828]
[1782980335.854][    +31.7s][PLAN_TRAJ_EXP] STATE EXEC_TRAJ -> PLAN_TRAJ_EXP [safetyCallback: not safe, time:0.030022] |  (prev cycle x1/0.0s)
[1782980335.863][    +31.7s][PLAN_TRAJ_EXP] STATE PLAN_TRAJ_EXP -> PLAN_TRAJ_EXP [avoidance released: replan from current pose]
[1782980335.897][    +31.8s][EXEC_TRAJ] STATE PLAN_TRAJ_EXP -> EXEC_TRAJ [plan success: new traj pub]
[1782980335.905][    +31.8s][PLAN_TRAJ_EXP] STATE EXEC_TRAJ -> PLAN_TRAJ_EXP [safetyCallback: not safe, time:0.037933]
[1782980335.953][    +31.8s][PLAN_TRAJ_EXP] STATE EXEC_TRAJ -> PLAN_TRAJ_EXP [avoidance released: replan from current pose] |  (prev cycle x1/0.0s)
[1782980335.987][    +31.8s][PLAN_TRAJ_EXP] STATE EXEC_TRAJ -> PLAN_TRAJ_EXP [safetyCallback: not safe, time:0.030045] |  (prev cycle x1/0.0s)
[1782980335.999][    +31.9s][PLAN_TRAJ_EXP] STATE PLAN_TRAJ_EXP -> PLAN_TRAJ_EXP [planGlobalPath: succeed]
[1782980336.032][    +31.9s][EXEC_TRAJ] STATE PLAN_TRAJ_EXP -> EXEC_TRAJ [plan success: new traj pub]
[1782980336.034][    +31.9s][PLAN_TRAJ_EXP] STATE EXEC_TRAJ -> PLAN_TRAJ_EXP [safetyCallback: not safe, time:0.030933]
[1782980336.043][    +31.9s][PLAN_TRAJ_EXP] STATE PLAN_TRAJ_EXP -> PLAN_TRAJ_EXP [avoidance released: replan from current pose]
[1782980336.076][    +31.9s][EXEC_TRAJ] STATE PLAN_TRAJ_EXP -> EXEC_TRAJ [plan success: new traj pub]
[1782980336.077][    +31.9s][PLAN_TRAJ_EXP] STATE EXEC_TRAJ -> PLAN_TRAJ_EXP [safetyCallback: not safe, time:0.030348]
[1782980336.121][    +32.0s][PLAN_TRAJ_EXP] STATE EXEC_TRAJ -> PLAN_TRAJ_EXP [safetyCallback: not safe, time:0.031391] |  (prev cycle x1/0.0s)
[1782980336.164][    +32.0s][PLAN_TRAJ_EXP] STATE EXEC_TRAJ -> PLAN_TRAJ_EXP [safetyCallback: not safe, time:0.030237] |  (prev cycle x1/0.0s)
[1782980336.178][    +32.0s][PLAN_TRAJ_EXP] STATE PLAN_TRAJ_EXP -> PLAN_TRAJ_EXP [avoidance released: replan from current pose]
[1782980336.211][    +32.1s][EXEC_TRAJ] STATE PLAN_TRAJ_EXP -> EXEC_TRAJ [plan success: new traj pub]
[1782980336.230][    +32.1s][PLAN_TRAJ_EXP] STATE EXEC_TRAJ -> PLAN_TRAJ_EXP [planGlobalPath: succeed]
[1782980336.232][    +32.1s][PLAN_TRAJ_EXP] STATE PLAN_TRAJ_EXP -> PLAN_TRAJ_EXP [safetyCallback: not safe, time:0.050352]
[1782980336.266][    +32.1s][EXEC_TRAJ] STATE PLAN_TRAJ_EXP -> EXEC_TRAJ [plan success: new traj pub]
[1782980336.267][    +32.1s][PLAN_TRAJ_EXP] STATE EXEC_TRAJ -> PLAN_TRAJ_EXP [safetyCallback: not safe, time:0.030330]
[1782980336.277][    +32.1s][PLAN_TRAJ_EXP] STATE PLAN_TRAJ_EXP -> PLAN_TRAJ_EXP [avoidance released: replan from current pose]
[1782980336.310][    +32.2s][EXEC_TRAJ] STATE PLAN_TRAJ_EXP -> EXEC_TRAJ [plan success: new traj pub]
[1782980336.312][    +32.2s][PLAN_TRAJ_EXP] STATE EXEC_TRAJ -> PLAN_TRAJ_EXP [safetyCallback: not safe, time:0.031540]
[1782980336.354][    +32.2s][PLAN_TRAJ_EXP] STATE EXEC_TRAJ -> PLAN_TRAJ_EXP [safetyCallback: not safe, time:0.029925] |  (prev cycle x1/0.0s)
[1782980336.364][    +32.2s][PLAN_TRAJ_EXP] STATE PLAN_TRAJ_EXP -> PLAN_TRAJ_EXP [avoidance released: replan from current pose]
[1782980336.397][    +32.3s][EXEC_TRAJ] STATE PLAN_TRAJ_EXP -> EXEC_TRAJ [plan success: new traj pub]
[1782980336.407][    +32.3s][PLAN_TRAJ_EXP] STATE EXEC_TRAJ -> PLAN_TRAJ_EXP [safetyCallback: not safe, time:0.039990]
[1782980336.410][    +32.3s][PLAN_TRAJ_EXP] STATE PLAN_TRAJ_EXP -> PLAN_TRAJ_EXP [safetyCallback: not safe, time:0.042040]
[1782980336.451][    +32.3s][EXEC_TRAJ] STATE PLAN_TRAJ_EXP -> EXEC_TRAJ [plan success: new traj pub]
[1782980336.474][    +32.3s][PLAN_TRAJ_EXP] STATE EXEC_TRAJ -> PLAN_TRAJ_EXP [planGlobalPath: succeed]
[1782980336.475][    +32.3s][PLAN_TRAJ_EXP] STATE PLAN_TRAJ_EXP -> PLAN_TRAJ_EXP [safetyCallback: not safe, time:0.054902]
[1782980336.475][    +32.3s][PLAN_TRAJ_EXP] STATE PLAN_TRAJ_EXP -> PLAN_TRAJ_EXP [avoidance released: replan from current pose]
[1782980336.509][    +32.4s][EXEC_TRAJ] STATE PLAN_TRAJ_EXP -> EXEC_TRAJ [plan success: new traj pub]
[1782980336.511][    +32.4s][PLAN_TRAJ_EXP] STATE EXEC_TRAJ -> PLAN_TRAJ_EXP [safetyCallback: not safe, time:0.031755]
[1782980336.553][    +32.4s][PLAN_TRAJ_EXP] LOCAL EXP OK | why: escape traj (flyToSafeRegion) | t=33.5ms goal_d=0.5m (x109)
[1782980336.553][    +32.4s][PLAN_TRAJ_EXP] STATE EXEC_TRAJ -> PLAN_TRAJ_EXP [safetyCallback: not safe, time:0.030650] |  (prev cycle x1/0.0s)
[1782980336.607][    +32.5s][PLAN_TRAJ_EXP] STATE EXEC_TRAJ -> PLAN_TRAJ_EXP [safetyCallback: not safe, time:0.041312] |  (prev cycle x1/0.1s)
[1782980336.609][    +32.5s][PLAN_TRAJ_EXP] STATE PLAN_TRAJ_EXP -> PLAN_TRAJ_EXP [safetyCallback: not safe, time:0.043456]
[1782980336.650][    +32.5s][EXEC_TRAJ] STATE PLAN_TRAJ_EXP -> EXEC_TRAJ [plan success: new traj pub]
[1782980336.660][    +32.5s][PLAN_TRAJ_EXP] STATE EXEC_TRAJ -> PLAN_TRAJ_EXP [safetyCallback: not safe, time:0.040962]
[1782980336.704][    +32.6s][PLAN_TRAJ_EXP] STATE EXEC_TRAJ -> PLAN_TRAJ_EXP [safetyCallback: not safe, time:0.030578] |  (prev cycle x1/0.0s)
[1782980336.710][    +32.6s][PLAN_TRAJ_EXP] STATE PLAN_TRAJ_EXP -> PLAN_TRAJ_EXP [planGlobalPath: succeed]
[1782980336.712][    +32.6s][PLAN_TRAJ_EXP] STATE PLAN_TRAJ_EXP -> PLAN_TRAJ_EXP [safetyCallback: not safe, time:0.038849]
[1782980336.747][    +32.6s][EXEC_TRAJ] STATE PLAN_TRAJ_EXP -> EXEC_TRAJ [plan success: new traj pub]
[1782980336.755][    +32.6s][PLAN_TRAJ_EXP] STATE EXEC_TRAJ -> PLAN_TRAJ_EXP [safetyCallback: not safe, time:0.037604]
[1782980336.801][    +32.7s][PLAN_TRAJ_EXP] STATE EXEC_TRAJ -> PLAN_TRAJ_EXP [safetyCallback: not safe, time:0.039913] |  (prev cycle x1/0.0s)
[1782980336.805][    +32.7s][PLAN_TRAJ_EXP] STATE PLAN_TRAJ_EXP -> PLAN_TRAJ_EXP [safetyCallback: not safe, time:0.044732]
[1782980336.845][    +32.7s][EXEC_TRAJ] STATE PLAN_TRAJ_EXP -> EXEC_TRAJ [plan success: new traj pub]
[1782980336.857][    +32.7s][PLAN_TRAJ_EXP] STATE EXEC_TRAJ -> PLAN_TRAJ_EXP [safetyCallback: not safe, time:0.042746]
[1782980336.902][    +32.8s][PLAN_TRAJ_EXP] STATE EXEC_TRAJ -> PLAN_TRAJ_EXP [safetyCallback: not safe, time:0.041453] |  (prev cycle x1/0.0s)
[1782980336.906][    +32.8s][PLAN_TRAJ_EXP] STATE PLAN_TRAJ_EXP -> PLAN_TRAJ_EXP [safetyCallback: not safe, time:0.045953]
[1782980336.916][    +32.8s][PLAN_TRAJ_EXP] GLOBAL result=OK | clusters=2(reach 1) vp=1(reach 1) pipe[tot=2 dorm=1 unreach=0 cons=1 nocand=0 topo=0 novis=0 ok=1] tour=2n/0.5m goal=(4.1, 2.9, 0.9) t=5ms (x4)
[1782980336.916][    +32.8s][PLAN_TRAJ_EXP] STATE PLAN_TRAJ_EXP -> PLAN_TRAJ_EXP [planGlobalPath: succeed]
[1782980336.951][    +32.8s][EXEC_TRAJ] STATE PLAN_TRAJ_EXP -> EXEC_TRAJ [plan success: new traj pub]
[1782980336.954][    +32.8s][PLAN_TRAJ_EXP] STATE EXEC_TRAJ -> PLAN_TRAJ_EXP [safetyCallback: not safe, time:0.033051]
[1782980337.006][    +32.9s][PLAN_TRAJ_EXP] STATE EXEC_TRAJ -> PLAN_TRAJ_EXP [safetyCallback: not safe, time:0.041004] |  (prev cycle x1/0.1s)
[1782980337.051][    +32.9s][PLAN_TRAJ_EXP] STATE EXEC_TRAJ -> PLAN_TRAJ_EXP [safetyCallback: not safe, time:0.039828] |  (prev cycle x1/0.0s)
[1782980337.055][    +32.9s][PLAN_TRAJ_EXP] STATE PLAN_TRAJ_EXP -> PLAN_TRAJ_EXP [safetyCallback: not safe, time:0.043521]
[1782980337.094][    +33.0s][EXEC_TRAJ] STATE PLAN_TRAJ_EXP -> EXEC_TRAJ [plan success: new traj pub]
[1782980337.107][    +33.0s][PLAN_TRAJ_EXP] STATE EXEC_TRAJ -> PLAN_TRAJ_EXP [safetyCallback: not safe, time:0.042833]
[1782980337.111][    +33.0s][PLAN_TRAJ_EXP] STATE PLAN_TRAJ_EXP -> PLAN_TRAJ_EXP [safetyCallback: not safe, time:0.046549]
[1782980337.148][    +33.0s][EXEC_TRAJ] STATE PLAN_TRAJ_EXP -> EXEC_TRAJ [plan success: new traj pub]
[1782980337.154][    +33.0s][PLAN_TRAJ_EXP] STATE EXEC_TRAJ -> PLAN_TRAJ_EXP [planGlobalPath: succeed]
[1782980337.155][    +33.0s][PLAN_TRAJ_EXP] STATE PLAN_TRAJ_EXP -> PLAN_TRAJ_EXP [safetyCallback: not safe, time:0.037323]
[1782980337.191][    +33.1s][EXEC_TRAJ] STATE PLAN_TRAJ_EXP -> EXEC_TRAJ [plan success: new traj pub]
[1782980337.201][    +33.1s][PLAN_TRAJ_EXP] STATE EXEC_TRAJ -> PLAN_TRAJ_EXP [safetyCallback: not safe, time:0.038612]
[1782980337.205][    +33.1s][PLAN_TRAJ_EXP] STATE PLAN_TRAJ_EXP -> PLAN_TRAJ_EXP [safetyCallback: not safe, time:0.042805]
[1782980337.246][    +33.1s][EXEC_TRAJ] STATE PLAN_TRAJ_EXP -> EXEC_TRAJ [plan success: new traj pub]
[1782980337.255][    +33.1s][PLAN_TRAJ_EXP] STATE EXEC_TRAJ -> PLAN_TRAJ_EXP [safetyCallback: not safe, time:0.040200]
[1782980337.302][    +33.2s][PLAN_TRAJ_EXP] STATE EXEC_TRAJ -> PLAN_TRAJ_EXP [safetyCallback: not safe, time:0.042629] |  (prev cycle x1/0.0s)
[1782980337.306][    +33.2s][PLAN_TRAJ_EXP] STATE PLAN_TRAJ_EXP -> PLAN_TRAJ_EXP [safetyCallback: not safe, time:0.046010]
[1782980337.343][    +33.2s][EXEC_TRAJ] STATE PLAN_TRAJ_EXP -> EXEC_TRAJ [plan success: new traj pub]
[1782980337.353][    +33.2s][PLAN_TRAJ_EXP] STATE EXEC_TRAJ -> PLAN_TRAJ_EXP [safetyCallback: not safe, time:0.040034]
[1782980337.355][    +33.2s][PLAN_TRAJ_EXP] STATE PLAN_TRAJ_EXP -> PLAN_TRAJ_EXP [safetyCallback: not safe, time:0.041519]
[1782980337.374][    +33.2s][PLAN_TRAJ_EXP] STATE PLAN_TRAJ_EXP -> PLAN_TRAJ_EXP [planGlobalPath: succeed]
[1782980337.408][    +33.3s][EXEC_TRAJ] STATE PLAN_TRAJ_EXP -> EXEC_TRAJ [plan success: new traj pub]
[1782980337.409][    +33.3s][PLAN_TRAJ_EXP] STATE EXEC_TRAJ -> PLAN_TRAJ_EXP [safetyCallback: not safe, time:0.031768]
[1782980337.455][    +33.3s][PLAN_TRAJ_EXP] STATE EXEC_TRAJ -> PLAN_TRAJ_EXP [safetyCallback: not safe, time:0.033409] |  (prev cycle x1/0.0s)
[1782980337.506][    +33.4s][PLAN_TRAJ_EXP] STATE EXEC_TRAJ -> PLAN_TRAJ_EXP [safetyCallback: not safe, time:0.041634] |  (prev cycle x1/0.1s)
[1782980337.507][    +33.4s][PLAN_TRAJ_EXP] STUCK no motion >8s in PLAN_TRAJ_EXP | last-local: escape traj (flyToSafeRegion) | pos=(3.85, 3.01, 1.37) still=8s
[1782980337.551][    +33.4s][EXEC_TRAJ] STUCK no motion >8s in EXEC_TRAJ | last-local: escape traj (flyToSafeRegion) | pos=(3.85, 3.01, 1.37) still=8s
[1782980337.551][    +33.4s][PLAN_TRAJ_EXP] STATE EXEC_TRAJ -> PLAN_TRAJ_EXP [safetyCallback: not safe, time:0.040204] |  (prev cycle x1/0.0s)
[1782980337.556][    +33.4s][PLAN_TRAJ_EXP] STATE PLAN_TRAJ_EXP -> PLAN_TRAJ_EXP [safetyCallback: not safe, time:0.045596]
[1782980337.594][    +33.5s][EXEC_TRAJ] STATE PLAN_TRAJ_EXP -> EXEC_TRAJ [plan success: new traj pub]
[1782980337.600][    +33.5s][PLAN_TRAJ_EXP] STATE EXEC_TRAJ -> PLAN_TRAJ_EXP [planGlobalPath: succeed]
[1782980337.639][    +33.5s][PLAN_TRAJ_EXP] STATE EXEC_TRAJ -> PLAN_TRAJ_EXP [safetyCallback: not safe, time:0.031233] |  (prev cycle x1/0.0s)
[1782980337.682][    +33.5s][PLAN_TRAJ_EXP] STATE EXEC_TRAJ -> PLAN_TRAJ_EXP [safetyCallback: not safe, time:0.030900] |  (prev cycle x1/0.0s)
[1782980337.726][    +33.6s][PLAN_TRAJ_EXP] STATE EXEC_TRAJ -> PLAN_TRAJ_EXP [safetyCallback: not safe, time:0.031464] |  (prev cycle x1/0.0s)
[1782980337.769][    +33.6s][PLAN_TRAJ_EXP] STATE EXEC_TRAJ -> PLAN_TRAJ_EXP [safetyCallback: not safe, time:0.030896] |  (prev cycle x1/0.0s)
[1782980337.820][    +33.7s][PLAN_TRAJ_EXP] STATE EXEC_TRAJ -> PLAN_TRAJ_EXP [planGlobalPath: succeed] |  (prev cycle x1/0.1s)
[1782980337.824][    +33.7s][PLAN_TRAJ_EXP] STATE PLAN_TRAJ_EXP -> PLAN_TRAJ_EXP [safetyCallback: not safe, time:0.041941]
[1782980337.858][    +33.7s][EXEC_TRAJ] STATE PLAN_TRAJ_EXP -> EXEC_TRAJ [plan success: new traj pub]
[1782980337.859][    +33.7s][PLAN_TRAJ_EXP] STATE EXEC_TRAJ -> PLAN_TRAJ_EXP [safetyCallback: not safe, time:0.030757]
[1782980337.906][    +33.8s][PLAN_TRAJ_EXP] STATE EXEC_TRAJ -> PLAN_TRAJ_EXP [safetyCallback: not safe, time:0.034561] |  (prev cycle x1/0.0s)
[1782980337.952][    +33.8s][PLAN_TRAJ_EXP] STATE EXEC_TRAJ -> PLAN_TRAJ_EXP [safetyCallback: not safe, time:0.033901] |  (prev cycle x1/0.0s)
[1782980338.002][    +33.9s][PLAN_TRAJ_EXP] STATE EXEC_TRAJ -> PLAN_TRAJ_EXP [safetyCallback: not safe, time:0.038533] |  (prev cycle x1/0.0s)
[1782980338.005][    +33.9s][PLAN_TRAJ_EXP] STATE PLAN_TRAJ_EXP -> PLAN_TRAJ_EXP [safetyCallback: not safe, time:0.041626]
[1782980338.048][    +33.9s][EXEC_TRAJ] STATE PLAN_TRAJ_EXP -> EXEC_TRAJ [plan success: new traj pub]
[1782980338.061][    +33.9s][EXEC_TRAJ] GLOBAL result=OK | clusters=2(reach 1) vp=1(reach 1) pipe[tot=2 dorm=1 unreach=0 cons=1 nocand=0 topo=0 novis=0 ok=1] tour=2n/0.5m goal=(4.1, 2.9, 0.9) t=12ms (x4)
[1782980338.061][    +33.9s][PLAN_TRAJ_EXP] STATE EXEC_TRAJ -> PLAN_TRAJ_EXP [planGlobalPath: succeed]
[1782980338.063][    +33.9s][PLAN_TRAJ_EXP] STATE PLAN_TRAJ_EXP -> PLAN_TRAJ_EXP [safetyCallback: not safe, time:0.048577]
[1782980338.098][    +34.0s][EXEC_TRAJ] STATE PLAN_TRAJ_EXP -> EXEC_TRAJ [plan success: new traj pub]
[1782980338.105][    +34.0s][PLAN_TRAJ_EXP] STATE EXEC_TRAJ -> PLAN_TRAJ_EXP [safetyCallback: not safe, time:0.036529]
[1782980338.152][    +34.0s][PLAN_TRAJ_EXP] STATE EXEC_TRAJ -> PLAN_TRAJ_EXP [safetyCallback: not safe, time:0.041176] |  (prev cycle x1/0.0s)
[1782980338.156][    +34.0s][PLAN_TRAJ_EXP] STATE PLAN_TRAJ_EXP -> PLAN_TRAJ_EXP [safetyCallback: not safe, time:0.045218]
[1782980338.198][    +34.1s][EXEC_TRAJ] STATE PLAN_TRAJ_EXP -> EXEC_TRAJ [plan success: new traj pub]
[1782980338.206][    +34.1s][PLAN_TRAJ_EXP] STATE EXEC_TRAJ -> PLAN_TRAJ_EXP [safetyCallback: not safe, time:0.037995]
[1782980338.252][    +34.1s][PLAN_TRAJ_EXP] STATE EXEC_TRAJ -> PLAN_TRAJ_EXP [safetyCallback: not safe, time:0.040417] |  (prev cycle x1/0.0s)
[1782980338.253][    +34.1s][PLAN_TRAJ_EXP] STATE PLAN_TRAJ_EXP -> PLAN_TRAJ_EXP [safetyCallback: not safe, time:0.042012]
[1782980338.295][    +34.2s][EXEC_TRAJ] STATE PLAN_TRAJ_EXP -> EXEC_TRAJ [plan success: new traj pub]
[1782980338.301][    +34.2s][PLAN_TRAJ_EXP] STATE EXEC_TRAJ -> PLAN_TRAJ_EXP [planGlobalPath: succeed]
[1782980338.340][    +34.2s][PLAN_TRAJ_EXP] STATE EXEC_TRAJ -> PLAN_TRAJ_EXP [safetyCallback: not safe, time:0.031667] |  (prev cycle x1/0.0s)
[1782980338.385][    +34.2s][PLAN_TRAJ_EXP] STATE EXEC_TRAJ -> PLAN_TRAJ_EXP [safetyCallback: not safe, time:0.030893] |  (prev cycle x1/0.0s)
[1782980338.429][    +34.3s][PLAN_TRAJ_EXP] STATE EXEC_TRAJ -> PLAN_TRAJ_EXP [safetyCallback: not safe, time:0.031075] |  (prev cycle x1/0.0s)
[1782980338.473][    +34.3s][PLAN_TRAJ_EXP] STATE EXEC_TRAJ -> PLAN_TRAJ_EXP [safetyCallback: not safe, time:0.032373] |  (prev cycle x1/0.0s)
[1782980338.521][    +34.4s][PLAN_TRAJ_EXP] STATE EXEC_TRAJ -> PLAN_TRAJ_EXP [planGlobalPath: succeed] |  (prev cycle x1/0.0s)
[1782980338.523][    +34.4s][PLAN_TRAJ_EXP] STATE PLAN_TRAJ_EXP -> PLAN_TRAJ_EXP [safetyCallback: not safe, time:0.038256]
[1782980338.561][    +34.4s][EXEC_TRAJ] STATE PLAN_TRAJ_EXP -> EXEC_TRAJ [plan success: new traj pub]
[1782980338.563][    +34.4s][PLAN_TRAJ_EXP] STATE EXEC_TRAJ -> PLAN_TRAJ_EXP [safetyCallback: not safe, time:0.033887]
[1782980338.606][    +34.5s][PLAN_TRAJ_EXP] STATE EXEC_TRAJ -> PLAN_TRAJ_EXP [safetyCallback: not safe, time:0.030950] |  (prev cycle x1/0.0s)
[1782980338.656][    +34.5s][PLAN_TRAJ_EXP] STATE EXEC_TRAJ -> PLAN_TRAJ_EXP [safetyCallback: not safe, time:0.035451] |  (prev cycle x1/0.1s)
[1782980338.704][    +34.6s][PLAN_TRAJ_EXP] STATE EXEC_TRAJ -> PLAN_TRAJ_EXP [safetyCallback: not safe, time:0.040279] |  (prev cycle x1/0.0s)
[1782980338.711][    +34.6s][PLAN_TRAJ_EXP] STATE PLAN_TRAJ_EXP -> PLAN_TRAJ_EXP [safetyCallback: not safe, time:0.047337]
[1782980338.747][    +34.6s][EXEC_TRAJ] STATE PLAN_TRAJ_EXP -> EXEC_TRAJ [plan success: new traj pub]
[1782980338.752][    +34.6s][PLAN_TRAJ_EXP] STATE EXEC_TRAJ -> PLAN_TRAJ_EXP [planGlobalPath: succeed]
[1782980338.755][    +34.6s][PLAN_TRAJ_EXP] STATE PLAN_TRAJ_EXP -> PLAN_TRAJ_EXP [safetyCallback: not safe, time:0.039155]
[1782980338.790][    +34.7s][EXEC_TRAJ] STATE PLAN_TRAJ_EXP -> EXEC_TRAJ [plan success: new traj pub]
[1782980338.801][    +34.7s][PLAN_TRAJ_EXP] STATE EXEC_TRAJ -> PLAN_TRAJ_EXP [safetyCallback: not safe, time:0.040064]
[1782980338.805][    +34.7s][PLAN_TRAJ_EXP] STATE PLAN_TRAJ_EXP -> PLAN_TRAJ_EXP [safetyCallback: not safe, time:0.044171]
[1782980338.844][    +34.7s][EXEC_TRAJ] STATE PLAN_TRAJ_EXP -> EXEC_TRAJ [plan success: new traj pub]
[1782980338.853][    +34.7s][PLAN_TRAJ_EXP] STATE EXEC_TRAJ -> PLAN_TRAJ_EXP [safetyCallback: not safe, time:0.038421]
[1782980338.900][    +34.8s][PLAN_TRAJ_EXP] STATE EXEC_TRAJ -> PLAN_TRAJ_EXP [safetyCallback: not safe, time:0.039330] |  (prev cycle x1/0.0s)
[1782980338.905][    +34.8s][PLAN_TRAJ_EXP] STATE PLAN_TRAJ_EXP -> PLAN_TRAJ_EXP [safetyCallback: not safe, time:0.044864]
[1782980338.943][    +34.8s][EXEC_TRAJ] STATE PLAN_TRAJ_EXP -> EXEC_TRAJ [plan success: new traj pub]
[1782980338.962][    +34.8s][PLAN_TRAJ_EXP] STATE EXEC_TRAJ -> PLAN_TRAJ_EXP [planGlobalPath: succeed]
[1782980338.997][    +34.9s][PLAN_TRAJ_EXP] STATE EXEC_TRAJ -> PLAN_TRAJ_EXP [safetyCallback: not safe, time:0.032030] |  (prev cycle x1/0.0s)
[1782980339.006][    +34.9s][PLAN_TRAJ_EXP] STATE PLAN_TRAJ_EXP -> PLAN_TRAJ_EXP [safetyCallback: not safe, time:0.040820]
[1782980339.041][    +34.9s][EXEC_TRAJ] STATE PLAN_TRAJ_EXP -> EXEC_TRAJ [plan success: new traj pub]
[1782980339.051][    +34.9s][PLAN_TRAJ_EXP] STATE EXEC_TRAJ -> PLAN_TRAJ_EXP [safetyCallback: not safe, time:0.039975]
[1782980339.057][    +34.9s][PLAN_TRAJ_EXP] STATE PLAN_TRAJ_EXP -> PLAN_TRAJ_EXP [safetyCallback: not safe, time:0.045159]
[1782980339.095][    +35.0s][EXEC_TRAJ] STATE PLAN_TRAJ_EXP -> EXEC_TRAJ [plan success: new traj pub]
[1782980339.105][    +35.0s][PLAN_TRAJ_EXP] STATE EXEC_TRAJ -> PLAN_TRAJ_EXP [safetyCallback: not safe, time:0.039801]
[1782980339.151][    +35.0s][PLAN_TRAJ_EXP] STATE EXEC_TRAJ -> PLAN_TRAJ_EXP [safetyCallback: not safe, time:0.043237] |  (prev cycle x1/0.0s)
[1782980339.157][    +35.0s][PLAN_TRAJ_EXP] STATE PLAN_TRAJ_EXP -> PLAN_TRAJ_EXP [safetyCallback: not safe, time:0.048951]
[1782980339.192][    +35.1s][EXEC_TRAJ] STATE PLAN_TRAJ_EXP -> EXEC_TRAJ [plan success: new traj pub]
[1782980339.225][    +35.1s][EXEC_TRAJ] GLOBAL result=OK | clusters=2(reach 1) vp=1(reach 1) pipe[tot=2 dorm=1 unreach=0 cons=1 nocand=0 topo=0 novis=0 ok=1] tour=2n/0.5m goal=(4.1, 2.9, 0.9) t=32ms (x4)
[1782980339.225][    +35.1s][PLAN_TRAJ_EXP] STATE EXEC_TRAJ -> PLAN_TRAJ_EXP [planGlobalPath: succeed]
[1782980339.260][    +35.1s][PLAN_TRAJ_EXP] STATE EXEC_TRAJ -> PLAN_TRAJ_EXP [safetyCallback: not safe, time:0.030188] |  (prev cycle x1/0.0s)
[1782980339.307][    +35.2s][PLAN_TRAJ_EXP] STATE EXEC_TRAJ -> PLAN_TRAJ_EXP [safetyCallback: not safe, time:0.030542] |  (prev cycle x1/0.0s)
[1782980339.356][    +35.2s][PLAN_TRAJ_EXP] STATE EXEC_TRAJ -> PLAN_TRAJ_EXP [safetyCallback: not safe, time:0.036599] |  (prev cycle x1/0.0s)
[1782980339.403][    +35.3s][PLAN_TRAJ_EXP] STATE EXEC_TRAJ -> PLAN_TRAJ_EXP [safetyCallback: not safe, time:0.039892] |  (prev cycle x1/0.0s)
[1782980339.404][    +35.3s][PLAN_TRAJ_EXP] STATE PLAN_TRAJ_EXP -> PLAN_TRAJ_EXP [safetyCallback: not safe, time:0.041330]
[1782980339.446][    +35.3s][EXEC_TRAJ] STATE PLAN_TRAJ_EXP -> EXEC_TRAJ [plan success: new traj pub]
[1782980339.457][    +35.3s][PLAN_TRAJ_EXP] STATE EXEC_TRAJ -> PLAN_TRAJ_EXP [planGlobalPath: succeed]
[1782980339.493][    +35.4s][PLAN_TRAJ_EXP] STATE EXEC_TRAJ -> PLAN_TRAJ_EXP [safetyCallback: not safe, time:0.031989] |  (prev cycle x1/0.0s)
[1782980339.536][    +35.4s][PLAN_TRAJ_EXP] STATE EXEC_TRAJ -> PLAN_TRAJ_EXP [safetyCallback: not safe, time:0.030691] |  (prev cycle x1/0.0s)
[1782980339.580][    +35.4s][PLAN_TRAJ_EXP] STATE EXEC_TRAJ -> PLAN_TRAJ_EXP [safetyCallback: not safe, time:0.030944] |  (prev cycle x1/0.0s)
[1782980339.623][    +35.5s][PLAN_TRAJ_EXP] STATE EXEC_TRAJ -> PLAN_TRAJ_EXP [safetyCallback: not safe, time:0.030710] |  (prev cycle x1/0.0s)
[1782980339.667][    +35.5s][PLAN_TRAJ_EXP] STATE EXEC_TRAJ -> PLAN_TRAJ_EXP [safetyCallback: not safe, time:0.032044] |  (prev cycle x1/0.0s)
[1782980339.675][    +35.5s][PLAN_TRAJ_EXP] STATE PLAN_TRAJ_EXP -> PLAN_TRAJ_EXP [planGlobalPath: succeed]
[1782980339.711][    +35.6s][EXEC_TRAJ] STATE PLAN_TRAJ_EXP -> EXEC_TRAJ [plan success: new traj pub]
[1782980339.712][    +35.6s][PLAN_TRAJ_EXP] STATE EXEC_TRAJ -> PLAN_TRAJ_EXP [safetyCallback: not safe, time:0.031676]
[1782980339.766][    +35.6s][PLAN_TRAJ_EXP] STATE EXEC_TRAJ -> PLAN_TRAJ_EXP [safetyCallback: not safe, time:0.040798] |  (prev cycle x1/0.1s)
[1782980339.804][    +35.7s][PLAN_TRAJ_EXP] STATE EXEC_TRAJ -> PLAN_TRAJ_EXP [safetyCallback: not safe, time:0.034186] |  (prev cycle x1/0.0s)
[1782980339.856][    +35.7s][PLAN_TRAJ_EXP] STATE EXEC_TRAJ -> PLAN_TRAJ_EXP [safetyCallback: not safe, time:0.042223] |  (prev cycle x1/0.1s)
[1782980339.898][    +35.8s][PLAN_TRAJ_EXP] STATE EXEC_TRAJ -> PLAN_TRAJ_EXP [planGlobalPath: succeed] |  (prev cycle x1/0.0s)
[1782980339.938][    +35.8s][PLAN_TRAJ_EXP] STATE EXEC_TRAJ -> PLAN_TRAJ_EXP [safetyCallback: not safe, time:0.031185] |  (prev cycle x1/0.0s)
[1782980339.983][    +35.8s][PLAN_TRAJ_EXP] STATE EXEC_TRAJ -> PLAN_TRAJ_EXP [safetyCallback: not safe, time:0.031986] |  (prev cycle x1/0.0s)
[1782980340.025][    +35.9s][PLAN_TRAJ_EXP] STATE EXEC_TRAJ -> PLAN_TRAJ_EXP [safetyCallback: not safe, time:0.031198] |  (prev cycle x1/0.0s)
[1782980340.070][    +35.9s][PLAN_TRAJ_EXP] STATE EXEC_TRAJ -> PLAN_TRAJ_EXP [safetyCallback: not safe, time:0.031890] |  (prev cycle x1/0.0s)
[1782980340.123][    +36.0s][PLAN_TRAJ_EXP] STATE EXEC_TRAJ -> PLAN_TRAJ_EXP [planGlobalPath: succeed] |  (prev cycle x1/0.1s)
[1782980340.124][    +36.0s][PLAN_TRAJ_EXP] STATE PLAN_TRAJ_EXP -> PLAN_TRAJ_EXP [safetyCallback: not safe, time:0.040760]
[1782980340.124][    +36.0s][PLAN_TRAJ_EXP] STATE PLAN_TRAJ_EXP -> PLAN_TRAJ_EXP [avoidance released: replan from current pose]
[1782980340.124][    +36.0s][PLAN_TRAJ_EXP] AVOID OFF (released, replan from current pose)  <->  ON (obstacle close, reactive layer overrides cmd) | cycling x68 over 30.9s
[1782980340.158][    +36.0s][EXEC_TRAJ] STATE PLAN_TRAJ_EXP -> EXEC_TRAJ [plan success: new traj pub]
[1782980340.160][    +36.0s][PLAN_TRAJ_EXP] STATE EXEC_TRAJ -> PLAN_TRAJ_EXP [safetyCallback: not safe, time:0.032417]
[1782980340.208][    +36.1s][PLAN_TRAJ_EXP] STATE EXEC_TRAJ -> PLAN_TRAJ_EXP [safetyCallback: not safe, time:0.035828] |  (prev cycle x1/0.0s)
[1782980340.256][    +36.1s][PLAN_TRAJ_EXP] STATE EXEC_TRAJ -> PLAN_TRAJ_EXP [safetyCallback: not safe, time:0.040165] |  (prev cycle x1/0.0s)
[1782980340.300][    +36.2s][PLAN_TRAJ_EXP] STATE EXEC_TRAJ -> PLAN_TRAJ_EXP [avoidance released: replan from current pose] |  (prev cycle x1/0.0s)
[1782980340.335][    +36.2s][PLAN_TRAJ_EXP] STATE EXEC_TRAJ -> PLAN_TRAJ_EXP [safetyCallback: not safe, time:0.031609] |  (prev cycle x1/0.0s)
[1782980340.341][    +36.2s][PLAN_TRAJ_EXP] GLOBAL result=OK | clusters=2(reach 1) vp=1(reach 1) pipe[tot=2 dorm=1 unreach=0 cons=1 nocand=0 topo=0 novis=0 ok=1] tour=2n/0.5m goal=(4.1, 2.9, 0.9) t=5ms (x4)
[1782980340.341][    +36.2s][PLAN_TRAJ_EXP] STATE PLAN_TRAJ_EXP -> PLAN_TRAJ_EXP [planGlobalPath: succeed]
[1782980340.378][    +36.2s][EXEC_TRAJ] STATE PLAN_TRAJ_EXP -> EXEC_TRAJ [plan success: new traj pub]
[1782980340.379][    +36.2s][PLAN_TRAJ_EXP] STATE EXEC_TRAJ -> PLAN_TRAJ_EXP [safetyCallback: not safe, time:0.032272]
[1782980340.388][    +36.2s][PLAN_TRAJ_EXP] STATE PLAN_TRAJ_EXP -> PLAN_TRAJ_EXP [avoidance released: replan from current pose]
[1782980340.421][    +36.3s][EXEC_TRAJ] STATE PLAN_TRAJ_EXP -> EXEC_TRAJ [plan success: new traj pub]
[1782980340.422][    +36.3s][PLAN_TRAJ_EXP] STATE EXEC_TRAJ -> PLAN_TRAJ_EXP [safetyCallback: not safe, time:0.029975]
[1782980340.468][    +36.3s][PLAN_TRAJ_EXP] STATE EXEC_TRAJ -> PLAN_TRAJ_EXP [safetyCallback: not safe, time:0.031004] |  (prev cycle x1/0.0s)
[1782980340.511][    +36.4s][PLAN_TRAJ_EXP] STATE EXEC_TRAJ -> PLAN_TRAJ_EXP [safetyCallback: not safe, time:0.030196] |  (prev cycle x1/0.0s)
[1782980340.521][    +36.4s][PLAN_TRAJ_EXP] STATE PLAN_TRAJ_EXP -> PLAN_TRAJ_EXP [avoidance released: replan from current pose]
[1782980340.555][    +36.4s][EXEC_TRAJ] STATE PLAN_TRAJ_EXP -> EXEC_TRAJ [plan success: new traj pub]
[1782980340.566][    +36.4s][PLAN_TRAJ_EXP] STATE EXEC_TRAJ -> PLAN_TRAJ_EXP [planGlobalPath: succeed]
[1782980340.568][    +36.4s][PLAN_TRAJ_EXP] STATE PLAN_TRAJ_EXP -> PLAN_TRAJ_EXP [safetyCallback: not safe, time:0.043490]
[1782980340.603][    +36.5s][EXEC_TRAJ] STATE PLAN_TRAJ_EXP -> EXEC_TRAJ [plan success: new traj pub]
[1782980340.604][    +36.5s][PLAN_TRAJ_EXP] STATE EXEC_TRAJ -> PLAN_TRAJ_EXP [safetyCallback: not safe, time:0.031224]
[1782980340.613][    +36.5s][PLAN_TRAJ_EXP] STATE PLAN_TRAJ_EXP -> PLAN_TRAJ_EXP [avoidance released: replan from current pose]
[1782980340.647][    +36.5s][EXEC_TRAJ] STATE PLAN_TRAJ_EXP -> EXEC_TRAJ [plan success: new traj pub]
[1782980340.658][    +36.5s][PLAN_TRAJ_EXP] STATE EXEC_TRAJ -> PLAN_TRAJ_EXP [safetyCallback: not safe, time:0.041352]
[1782980340.660][    +36.5s][PLAN_TRAJ_EXP] STATE PLAN_TRAJ_EXP -> PLAN_TRAJ_EXP [safetyCallback: not safe, time:0.042996]
[1782980340.700][    +36.6s][EXEC_TRAJ] STATE PLAN_TRAJ_EXP -> EXEC_TRAJ [plan success: new traj pub]
[1782980340.704][    +36.6s][PLAN_TRAJ_EXP] STATE EXEC_TRAJ -> PLAN_TRAJ_EXP [safetyCallback: not safe, time:0.034199]
[1782980340.711][    +36.6s][PLAN_TRAJ_EXP] STATE PLAN_TRAJ_EXP -> PLAN_TRAJ_EXP [avoidance released: replan from current pose]
[1782980340.744][    +36.6s][EXEC_TRAJ] STATE PLAN_TRAJ_EXP -> EXEC_TRAJ [plan success: new traj pub]
[1782980340.754][    +36.6s][PLAN_TRAJ_EXP] STATE EXEC_TRAJ -> PLAN_TRAJ_EXP [safetyCallback: not safe, time:0.040352]
[1782980340.757][    +36.6s][PLAN_TRAJ_EXP] STATE PLAN_TRAJ_EXP -> PLAN_TRAJ_EXP [safetyCallback: not safe, time:0.042618]
[1782980340.798][    +36.7s][EXEC_TRAJ] STATE PLAN_TRAJ_EXP -> EXEC_TRAJ [plan success: new traj pub]
[1782980340.804][    +36.7s][PLAN_TRAJ_EXP] STATE EXEC_TRAJ -> PLAN_TRAJ_EXP [planGlobalPath: succeed]
[1782980340.808][    +36.7s][PLAN_TRAJ_EXP] STATE PLAN_TRAJ_EXP -> PLAN_TRAJ_EXP [avoidance released: replan from current pose]
[1782980340.841][    +36.7s][EXEC_TRAJ] STATE PLAN_TRAJ_EXP -> EXEC_TRAJ [plan success: new traj pub]
[1782980340.842][    +36.7s][PLAN_TRAJ_EXP] STATE EXEC_TRAJ -> PLAN_TRAJ_EXP [safetyCallback: not safe, time:0.029698]
[1782980340.857][    +36.7s][PLAN_TRAJ_EXP] STATE PLAN_TRAJ_EXP -> PLAN_TRAJ_EXP [safetyCallback: not safe, time:0.044486]
[1782980340.891][    +36.8s][EXEC_TRAJ] STATE PLAN_TRAJ_EXP -> EXEC_TRAJ [plan success: new traj pub]
[1782980340.902][    +36.8s][PLAN_TRAJ_EXP] STATE EXEC_TRAJ -> PLAN_TRAJ_EXP [avoidance released: replan from current pose]
[1782980340.936][    +36.8s][PLAN_TRAJ_EXP] STATE EXEC_TRAJ -> PLAN_TRAJ_EXP [safetyCallback: not safe, time:0.030007] |  (prev cycle x1/0.0s)
[1782980340.980][    +36.8s][PLAN_TRAJ_EXP] STATE EXEC_TRAJ -> PLAN_TRAJ_EXP [safetyCallback: not safe, time:0.030644] |  (prev cycle x1/0.0s)
[1782980340.989][    +36.9s][PLAN_TRAJ_EXP] STATE PLAN_TRAJ_EXP -> PLAN_TRAJ_EXP [avoidance released: replan from current pose]
[1782980341.023][    +36.9s][EXEC_TRAJ] STATE PLAN_TRAJ_EXP -> EXEC_TRAJ [plan success: new traj pub]
[1782980341.023][    +36.9s][PLAN_TRAJ_EXP] STATE EXEC_TRAJ -> PLAN_TRAJ_EXP [safetyCallback: not safe, time:0.030279]
[1782980341.042][    +36.9s][PLAN_TRAJ_EXP] STATE PLAN_TRAJ_EXP -> PLAN_TRAJ_EXP [planGlobalPath: succeed]
[1782980341.076][    +36.9s][EXEC_TRAJ] STATE PLAN_TRAJ_EXP -> EXEC_TRAJ [plan success: new traj pub]
[1782980341.081][    +36.9s][PLAN_TRAJ_EXP] STATE EXEC_TRAJ -> PLAN_TRAJ_EXP [safetyCallback: not safe, time:0.033703]
[1782980341.086][    +36.9s][PLAN_TRAJ_EXP] STATE PLAN_TRAJ_EXP -> PLAN_TRAJ_EXP [avoidance released: replan from current pose]
[1782980341.120][    +37.0s][EXEC_TRAJ] STATE PLAN_TRAJ_EXP -> EXEC_TRAJ [plan success: new traj pub]
[1782980341.120][    +37.0s][PLAN_TRAJ_EXP] STATE EXEC_TRAJ -> PLAN_TRAJ_EXP [safetyCallback: not safe, time:0.030336]
[1782980341.163][    +37.0s][PLAN_TRAJ_EXP] LOCAL EXP FAIL | why: post-check: new traj collides within 1s | t=33.4ms goal_d=0.5m (prev cycle x4/24.8s)
[1782980341.163][    +37.0s][PLAN_TRAJ_EXP] STATE PLAN_TRAJ_EXP -> PLAN_TRAJ_EXP [PLAN_TRAJ_EXP: plan failed]
[1782980341.165][    +37.0s][PLAN_TRAJ_EXP] STATE PLAN_TRAJ_EXP -> PLAN_TRAJ_EXP [safetyCallback: not safe, time:0.075193]
[1782980341.174][    +37.0s][PLAN_TRAJ_EXP] STUCK no motion >8s in PLAN_TRAJ_EXP | last-local: post-check: new traj collides within 1s | pos=(3.82, 3.04, 1.37) still=12s (prev cycle x23/3.6s)
[1782980341.207][    +37.1s][EXEC_TRAJ] STATE PLAN_TRAJ_EXP -> EXEC_TRAJ [plan success: new traj pub]
[1782980341.208][    +37.1s][PLAN_TRAJ_EXP] STATE EXEC_TRAJ -> PLAN_TRAJ_EXP [safetyCallback: not safe, time:0.029980]
[1782980341.257][    +37.1s][PLAN_TRAJ_EXP] STATE EXEC_TRAJ -> PLAN_TRAJ_EXP [planGlobalPath: succeed] |  (prev cycle x1/0.0s)
[1782980341.261][    +37.1s][PLAN_TRAJ_EXP] STATE PLAN_TRAJ_EXP -> PLAN_TRAJ_EXP [safetyCallback: not safe, time:0.040378]
[1782980341.298][    +37.2s][EXEC_TRAJ] STATE PLAN_TRAJ_EXP -> EXEC_TRAJ [plan success: new traj pub]
[1782980341.304][    +37.2s][PLAN_TRAJ_EXP] STATE EXEC_TRAJ -> PLAN_TRAJ_EXP [safetyCallback: not safe, time:0.035626]
[1782980341.308][    +37.2s][PLAN_TRAJ_EXP] STATE PLAN_TRAJ_EXP -> PLAN_TRAJ_EXP [avoidance released: replan from current pose]
[1782980341.342][    +37.2s][EXEC_TRAJ] STATE PLAN_TRAJ_EXP -> EXEC_TRAJ [plan success: new traj pub]
[1782980341.356][    +37.2s][EXEC_TRAJ] STUCK no motion >8s in EXEC_TRAJ | last-local: escape traj (flyToSafeRegion) | pos=(3.82, 3.05, 1.37) still=12s (prev cycle x1/0.2s)
[1782980341.356][    +37.2s][PLAN_TRAJ_EXP] STATE EXEC_TRAJ -> PLAN_TRAJ_EXP [safetyCallback: not safe, time:0.043816]
[1782980341.360][    +37.2s][PLAN_TRAJ_EXP] STATE PLAN_TRAJ_EXP -> PLAN_TRAJ_EXP [safetyCallback: not safe, time:0.047645]
[1782980341.396][    +37.3s][EXEC_TRAJ] STATE PLAN_TRAJ_EXP -> EXEC_TRAJ [plan success: new traj pub]
[1782980341.404][    +37.3s][PLAN_TRAJ_EXP] STATE EXEC_TRAJ -> PLAN_TRAJ_EXP [safetyCallback: not safe, time:0.038064]
[1782980341.453][    +37.3s][PLAN_TRAJ_EXP] STATE EXEC_TRAJ -> PLAN_TRAJ_EXP [safetyCallback: not safe, time:0.042844] |  (prev cycle x1/0.0s)
[1782980341.464][    +37.3s][PLAN_TRAJ_EXP] STATE PLAN_TRAJ_EXP -> PLAN_TRAJ_EXP [planGlobalPath: succeed]
[1782980341.498][    +37.4s][EXEC_TRAJ] STATE PLAN_TRAJ_EXP -> EXEC_TRAJ [plan success: new traj pub]
[1782980341.499][    +37.4s][PLAN_TRAJ_EXP] STATE EXEC_TRAJ -> PLAN_TRAJ_EXP [safetyCallback: not safe, time:0.031720]
[1782980341.507][    +37.4s][PLAN_TRAJ_EXP] STATE PLAN_TRAJ_EXP -> PLAN_TRAJ_EXP [safetyCallback: not safe, time:0.039018]
[1782980341.543][    +37.4s][EXEC_TRAJ] STATE PLAN_TRAJ_EXP -> EXEC_TRAJ [plan success: new traj pub]
[1782980341.553][    +37.4s][PLAN_TRAJ_EXP] STATE EXEC_TRAJ -> PLAN_TRAJ_EXP [safetyCallback: not safe, time:0.039684]
[1782980341.556][    +37.4s][PLAN_TRAJ_EXP] STATE PLAN_TRAJ_EXP -> PLAN_TRAJ_EXP [safetyCallback: not safe, time:0.042482]
[1782980341.597][    +37.5s][EXEC_TRAJ] STATE PLAN_TRAJ_EXP -> EXEC_TRAJ [plan success: new traj pub]
[1782980341.604][    +37.5s][PLAN_TRAJ_EXP] STATE EXEC_TRAJ -> PLAN_TRAJ_EXP [safetyCallback: not safe, time:0.036965]
[1782980341.652][    +37.5s][PLAN_TRAJ_EXP] STATE EXEC_TRAJ -> PLAN_TRAJ_EXP [safetyCallback: not safe, time:0.040360] |  (prev cycle x1/0.0s)
[1782980341.656][    +37.5s][PLAN_TRAJ_EXP] STATE PLAN_TRAJ_EXP -> PLAN_TRAJ_EXP [safetyCallback: not safe, time:0.044833]
[1782980341.694][    +37.6s][EXEC_TRAJ] STATE PLAN_TRAJ_EXP -> EXEC_TRAJ [plan success: new traj pub]
[1782980341.714][    +37.6s][EXEC_TRAJ] GLOBAL result=OK | clusters=2(reach 1) vp=1(reach 1) pipe[tot=2 dorm=1 unreach=0 cons=1 nocand=0 topo=0 novis=0 ok=1] tour=2n/0.5m goal=(4.1, 2.9, 0.9) t=19ms (x5)
[1782980341.715][    +37.6s][PLAN_TRAJ_EXP] STATE EXEC_TRAJ -> PLAN_TRAJ_EXP [planGlobalPath: succeed]
[1782980341.749][    +37.6s][PLAN_TRAJ_EXP] STATE EXEC_TRAJ -> PLAN_TRAJ_EXP [safetyCallback: not safe, time:0.030258] |  (prev cycle x1/0.0s)
[1782980341.757][    +37.6s][PLAN_TRAJ_EXP] STATE PLAN_TRAJ_EXP -> PLAN_TRAJ_EXP [safetyCallback: not safe, time:0.037378]
[1782980341.793][    +37.7s][EXEC_TRAJ] STATE PLAN_TRAJ_EXP -> EXEC_TRAJ [plan success: new traj pub]
[1782980341.803][    +37.7s][PLAN_TRAJ_EXP] STATE EXEC_TRAJ -> PLAN_TRAJ_EXP [safetyCallback: not safe, time:0.040106]
[1782980341.805][    +37.7s][PLAN_TRAJ_EXP] STATE PLAN_TRAJ_EXP -> PLAN_TRAJ_EXP [safetyCallback: not safe, time:0.042011]
[1782980341.846][    +37.7s][EXEC_TRAJ] STATE PLAN_TRAJ_EXP -> EXEC_TRAJ [plan success: new traj pub]
[1782980341.856][    +37.7s][PLAN_TRAJ_EXP] STATE EXEC_TRAJ -> PLAN_TRAJ_EXP [safetyCallback: not safe, time:0.039800]
[1782980341.860][    +37.7s][PLAN_TRAJ_EXP] STATE PLAN_TRAJ_EXP -> PLAN_TRAJ_EXP [safetyCallback: not safe, time:0.043683]
[1782980341.900][    +37.8s][EXEC_TRAJ] STATE PLAN_TRAJ_EXP -> EXEC_TRAJ [plan success: new traj pub]
[1782980341.905][    +37.8s][PLAN_TRAJ_EXP] STATE EXEC_TRAJ -> PLAN_TRAJ_EXP [safetyCallback: not safe, time:0.034713]
[1782980341.949][    +37.8s][PLAN_TRAJ_EXP] STATE EXEC_TRAJ -> PLAN_TRAJ_EXP [planGlobalPath: succeed] |  (prev cycle x1/0.0s)
[1782980341.989][    +37.9s][PLAN_TRAJ_EXP] STATE EXEC_TRAJ -> PLAN_TRAJ_EXP [safetyCallback: not safe, time:0.031172] |  (prev cycle x1/0.0s)
[1782980342.031][    +37.9s][PLAN_TRAJ_EXP] STATE EXEC_TRAJ -> PLAN_TRAJ_EXP [safetyCallback: not safe, time:0.030397] |  (prev cycle x1/0.0s)
[1782980342.075][    +37.9s][PLAN_TRAJ_EXP] STATE EXEC_TRAJ -> PLAN_TRAJ_EXP [safetyCallback: not safe, time:0.030900] |  (prev cycle x1/0.0s)
[1782980342.118][    +38.0s][PLAN_TRAJ_EXP] STATE EXEC_TRAJ -> PLAN_TRAJ_EXP [safetyCallback: not safe, time:0.030939] |  (prev cycle x1/0.0s)
[1782980342.166][    +38.0s][PLAN_TRAJ_EXP] STATE EXEC_TRAJ -> PLAN_TRAJ_EXP [planGlobalPath: succeed] |  (prev cycle x1/0.0s)
[1782980342.167][    +38.0s][PLAN_TRAJ_EXP] STATE PLAN_TRAJ_EXP -> PLAN_TRAJ_EXP [safetyCallback: not safe, time:0.037348]
[1782980342.204][    +38.1s][EXEC_TRAJ] STATE PLAN_TRAJ_EXP -> EXEC_TRAJ [plan success: new traj pub]
[1782980342.205][    +38.1s][PLAN_TRAJ_EXP] STATE EXEC_TRAJ -> PLAN_TRAJ_EXP [safetyCallback: not safe, time:0.031310]
[1782980342.256][    +38.1s][PLAN_TRAJ_EXP] STATE EXEC_TRAJ -> PLAN_TRAJ_EXP [safetyCallback: not safe, time:0.038365] |  (prev cycle x1/0.1s)
[1782980342.301][    +38.2s][PLAN_TRAJ_EXP] STATE EXEC_TRAJ -> PLAN_TRAJ_EXP [safetyCallback: not safe, time:0.039188] |  (prev cycle x1/0.0s)
[1782980342.346][    +38.2s][PLAN_TRAJ_EXP] STATE EXEC_TRAJ -> PLAN_TRAJ_EXP [safetyCallback: not safe, time:0.039867] |  (prev cycle x1/0.0s)
[1782980342.390][    +38.3s][PLAN_TRAJ_EXP] STATE EXEC_TRAJ -> PLAN_TRAJ_EXP [safetyCallback: not safe, time:0.030950] |  (prev cycle x1/0.0s)
[1782980342.397][    +38.3s][PLAN_TRAJ_EXP] STATE PLAN_TRAJ_EXP -> PLAN_TRAJ_EXP [planGlobalPath: succeed]
[1782980342.432][    +38.3s][EXEC_TRAJ] STATE PLAN_TRAJ_EXP -> EXEC_TRAJ [plan success: new traj pub]
[1782980342.434][    +38.3s][PLAN_TRAJ_EXP] STATE EXEC_TRAJ -> PLAN_TRAJ_EXP [safetyCallback: not safe, time:0.031079]
[1782980342.478][    +38.3s][PLAN_TRAJ_EXP] STATE EXEC_TRAJ -> PLAN_TRAJ_EXP [safetyCallback: not safe, time:0.032328] |  (prev cycle x1/0.0s)
[1782980342.522][    +38.4s][PLAN_TRAJ_EXP] STATE EXEC_TRAJ -> PLAN_TRAJ_EXP [safetyCallback: not safe, time:0.031751] |  (prev cycle x1/0.0s)
[1782980342.565][    +38.4s][PLAN_TRAJ_EXP] STATE EXEC_TRAJ -> PLAN_TRAJ_EXP [safetyCallback: not safe, time:0.031139] |  (prev cycle x1/0.0s)
[1782980342.635][    +38.5s][PLAN_TRAJ_EXP] STATE EXEC_TRAJ -> PLAN_TRAJ_EXP [planGlobalPath: succeed] |  (prev cycle x1/0.1s)
[1782980342.636][    +38.5s][PLAN_TRAJ_EXP] STATE PLAN_TRAJ_EXP -> PLAN_TRAJ_EXP [safetyCallback: not safe, time:0.054969]
[1782980342.670][    +38.5s][EXEC_TRAJ] STATE PLAN_TRAJ_EXP -> EXEC_TRAJ [plan success: new traj pub]
[1782980342.671][    +38.5s][PLAN_TRAJ_EXP] STATE EXEC_TRAJ -> PLAN_TRAJ_EXP [safetyCallback: not safe, time:0.032310]
[1782980342.714][    +38.6s][PLAN_TRAJ_EXP] STATE EXEC_TRAJ -> PLAN_TRAJ_EXP [safetyCallback: not safe, time:0.030744] |  (prev cycle x1/0.0s)
[1782980342.758][    +38.6s][PLAN_TRAJ_EXP] STATE EXEC_TRAJ -> PLAN_TRAJ_EXP [safetyCallback: not safe, time:0.032067] |  (prev cycle x1/0.0s)
[1782980342.805][    +38.7s][PLAN_TRAJ_EXP] STATE EXEC_TRAJ -> PLAN_TRAJ_EXP [safetyCallback: not safe, time:0.035728] |  (prev cycle x1/0.0s)
[1782980342.849][    +38.7s][EXEC_TRAJ] GLOBAL result=OK | clusters=2(reach 1) vp=1(reach 1) pipe[tot=2 dorm=1 unreach=0 cons=1 nocand=0 topo=0 novis=0 ok=1] tour=2n/0.5m goal=(4.1, 2.9, 0.9) t=5ms (x4)
[1782980342.849][    +38.7s][PLAN_TRAJ_EXP] STATE EXEC_TRAJ -> PLAN_TRAJ_EXP [planGlobalPath: succeed] |  (prev cycle x1/0.0s)
[1782980342.889][    +38.8s][PLAN_TRAJ_EXP] STATE EXEC_TRAJ -> PLAN_TRAJ_EXP [safetyCallback: not safe, time:0.032095] |  (prev cycle x1/0.0s)
[1782980342.932][    +38.8s][PLAN_TRAJ_EXP] STATE EXEC_TRAJ -> PLAN_TRAJ_EXP [safetyCallback: not safe, time:0.030996] |  (prev cycle x1/0.0s)
[1782980342.976][    +38.8s][PLAN_TRAJ_EXP] STATE EXEC_TRAJ -> PLAN_TRAJ_EXP [safetyCallback: not safe, time:0.031890] |  (prev cycle x1/0.0s)
[1782980343.019][    +38.9s][PLAN_TRAJ_EXP] STATE EXEC_TRAJ -> PLAN_TRAJ_EXP [safetyCallback: not safe, time:0.031201] |  (prev cycle x1/0.0s)
[1782980343.067][    +38.9s][PLAN_TRAJ_EXP] STATE EXEC_TRAJ -> PLAN_TRAJ_EXP [planGlobalPath: succeed] |  (prev cycle x1/0.0s)
[1782980343.069][    +38.9s][PLAN_TRAJ_EXP] STATE PLAN_TRAJ_EXP -> PLAN_TRAJ_EXP [safetyCallback: not safe, time:0.037132]
[1782980343.105][    +39.0s][EXEC_TRAJ] STATE PLAN_TRAJ_EXP -> EXEC_TRAJ [plan success: new traj pub]
[1782980343.106][    +39.0s][PLAN_TRAJ_EXP] STATE EXEC_TRAJ -> PLAN_TRAJ_EXP [safetyCallback: not safe, time:0.031198]
[1782980343.156][    +39.0s][PLAN_TRAJ_EXP] STATE EXEC_TRAJ -> PLAN_TRAJ_EXP [safetyCallback: not safe, time:0.036658] |  (prev cycle x1/0.0s)
[1782980343.201][    +39.1s][PLAN_TRAJ_EXP] STATE EXEC_TRAJ -> PLAN_TRAJ_EXP [safetyCallback: not safe, time:0.038090] |  (prev cycle x1/0.0s)
[1782980343.246][    +39.1s][PLAN_TRAJ_EXP] STATE EXEC_TRAJ -> PLAN_TRAJ_EXP [safetyCallback: not safe, time:0.040940] |  (prev cycle x1/0.0s)
[1782980343.256][    +39.1s][PLAN_TRAJ_EXP] STATE PLAN_TRAJ_EXP -> PLAN_TRAJ_EXP [safetyCallback: not safe, time:0.050424]
[1782980343.291][    +39.2s][EXEC_TRAJ] STATE PLAN_TRAJ_EXP -> EXEC_TRAJ [plan success: new traj pub]
[1782980343.301][    +39.2s][PLAN_TRAJ_EXP] STATE EXEC_TRAJ -> PLAN_TRAJ_EXP [planGlobalPath: succeed]
[1782980343.336][    +39.2s][PLAN_TRAJ_EXP] STATE EXEC_TRAJ -> PLAN_TRAJ_EXP [safetyCallback: not safe, time:0.030671] |  (prev cycle x1/0.0s)
[1782980343.379][    +39.2s][PLAN_TRAJ_EXP] STATE EXEC_TRAJ -> PLAN_TRAJ_EXP [safetyCallback: not safe, time:0.030816] |  (prev cycle x1/0.0s)
[1782980343.423][    +39.3s][PLAN_TRAJ_EXP] STATE EXEC_TRAJ -> PLAN_TRAJ_EXP [safetyCallback: not safe, time:0.030980] |  (prev cycle x1/0.0s)
[1782980343.468][    +39.3s][PLAN_TRAJ_EXP] STATE EXEC_TRAJ -> PLAN_TRAJ_EXP [safetyCallback: not safe, time:0.032581] |  (prev cycle x1/0.0s)
[1782980343.512][    +39.4s][PLAN_TRAJ_EXP] STATE EXEC_TRAJ -> PLAN_TRAJ_EXP [safetyCallback: not safe, time:0.031086] |  (prev cycle x1/0.0s)
[1782980343.522][    +39.4s][PLAN_TRAJ_EXP] STATE PLAN_TRAJ_EXP -> PLAN_TRAJ_EXP [planGlobalPath: succeed]
[1782980343.555][    +39.4s][EXEC_TRAJ] STATE PLAN_TRAJ_EXP -> EXEC_TRAJ [plan success: new traj pub]
[1782980343.556][    +39.4s][PLAN_TRAJ_EXP] STATE EXEC_TRAJ -> PLAN_TRAJ_EXP [safetyCallback: not safe, time:0.031148]
[1782980343.606][    +39.5s][PLAN_TRAJ_EXP] STATE EXEC_TRAJ -> PLAN_TRAJ_EXP [safetyCallback: not safe, time:0.036253] |  (prev cycle x1/0.0s)
[1782980343.653][    +39.5s][PLAN_TRAJ_EXP] STATE EXEC_TRAJ -> PLAN_TRAJ_EXP [safetyCallback: not safe, time:0.040215] |  (prev cycle x1/0.0s)
[1782980343.655][    +39.5s][PLAN_TRAJ_EXP] STATE PLAN_TRAJ_EXP -> PLAN_TRAJ_EXP [safetyCallback: not safe, time:0.042318]
[1782980343.696][    +39.6s][EXEC_TRAJ] STATE PLAN_TRAJ_EXP -> EXEC_TRAJ [plan success: new traj pub]
[1782980343.706][    +39.6s][PLAN_TRAJ_EXP] STATE EXEC_TRAJ -> PLAN_TRAJ_EXP [safetyCallback: not safe, time:0.040638]
[1782980343.749][    +39.6s][PLAN_TRAJ_EXP] STATE EXEC_TRAJ -> PLAN_TRAJ_EXP [planGlobalPath: succeed] |  (prev cycle x1/0.0s)
[1782980343.785][    +39.6s][PLAN_TRAJ_EXP] STATE EXEC_TRAJ -> PLAN_TRAJ_EXP [safetyCallback: not safe, time:0.030878] |  (prev cycle x1/0.0s)
[1782980343.829][    +39.7s][PLAN_TRAJ_EXP] STATE EXEC_TRAJ -> PLAN_TRAJ_EXP [safetyCallback: not safe, time:0.031567] |  (prev cycle x1/0.0s)
[1782980343.872][    +39.7s][PLAN_TRAJ_EXP] STATE EXEC_TRAJ -> PLAN_TRAJ_EXP [safetyCallback: not safe, time:0.030730] |  (prev cycle x1/0.0s)
[1782980343.916][    +39.8s][PLAN_TRAJ_EXP] STATE EXEC_TRAJ -> PLAN_TRAJ_EXP [safetyCallback: not safe, time:0.031225] |  (prev cycle x1/0.0s)
[1782980343.967][    +39.8s][EXEC_TRAJ] GLOBAL result=OK | clusters=2(reach 1) vp=1(reach 1) pipe[tot=2 dorm=1 unreach=0 cons=1 nocand=0 topo=0 novis=0 ok=1] tour=2n/0.6m goal=(4.1, 2.9, 0.9) t=8ms (x4)
[1782980343.968][    +39.8s][PLAN_TRAJ_EXP] STATE EXEC_TRAJ -> PLAN_TRAJ_EXP [planGlobalPath: succeed] |  (prev cycle x1/0.1s)
[1782980343.968][    +39.8s][PLAN_TRAJ_EXP] STATE PLAN_TRAJ_EXP -> PLAN_TRAJ_EXP [safetyCallback: not safe, time:0.040179]
[1782980344.003][    +39.9s][EXEC_TRAJ] STATE PLAN_TRAJ_EXP -> EXEC_TRAJ [plan success: new traj pub]
[1782980344.005][    +39.9s][PLAN_TRAJ_EXP] STATE EXEC_TRAJ -> PLAN_TRAJ_EXP [safetyCallback: not safe, time:0.032885]
[1782980344.055][    +39.9s][PLAN_TRAJ_EXP] STATE EXEC_TRAJ -> PLAN_TRAJ_EXP [safetyCallback: not safe, time:0.038186] |  (prev cycle x1/0.1s)
[1782980344.101][    +40.0s][PLAN_TRAJ_EXP] STATE EXEC_TRAJ -> PLAN_TRAJ_EXP [safetyCallback: not safe, time:0.039986] |  (prev cycle x1/0.0s)
[1782980344.104][    +40.0s][PLAN_TRAJ_EXP] STATE PLAN_TRAJ_EXP -> PLAN_TRAJ_EXP [safetyCallback: not safe, time:0.043106]
[1782980344.144][    +40.0s][EXEC_TRAJ] STATE PLAN_TRAJ_EXP -> EXEC_TRAJ [plan success: new traj pub]
[1782980344.154][    +40.0s][PLAN_TRAJ_EXP] STATE EXEC_TRAJ -> PLAN_TRAJ_EXP [safetyCallback: not safe, time:0.040739]
[1782980344.155][    +40.0s][PLAN_TRAJ_EXP] STATE PLAN_TRAJ_EXP -> PLAN_TRAJ_EXP [safetyCallback: not safe, time:0.041538]
[1782980344.197][    +40.1s][EXEC_TRAJ] STATE PLAN_TRAJ_EXP -> EXEC_TRAJ [plan success: new traj pub]
[1782980344.239][    +40.1s][PLAN_TRAJ_EXP] STATE EXEC_TRAJ -> PLAN_TRAJ_EXP [planGlobalPath: succeed]
[1782980344.240][    +40.1s][PLAN_TRAJ_EXP] STATE PLAN_TRAJ_EXP -> PLAN_TRAJ_EXP [safetyCallback: not safe, time:0.072544]
[1782980344.275][    +40.1s][EXEC_TRAJ] STATE PLAN_TRAJ_EXP -> EXEC_TRAJ [plan success: new traj pub]
[1782980344.276][    +40.1s][PLAN_TRAJ_EXP] STATE EXEC_TRAJ -> PLAN_TRAJ_EXP [safetyCallback: not safe, time:0.031437]
[1782980344.320][    +40.2s][PLAN_TRAJ_EXP] STATE EXEC_TRAJ -> PLAN_TRAJ_EXP [safetyCallback: not safe, time:0.030865] |  (prev cycle x1/0.0s)
[1782980344.363][    +40.2s][PLAN_TRAJ_EXP] STATE EXEC_TRAJ -> PLAN_TRAJ_EXP [safetyCallback: not safe, time:0.031291] |  (prev cycle x1/0.0s)
[1782980344.407][    +40.3s][PLAN_TRAJ_EXP] STATE EXEC_TRAJ -> PLAN_TRAJ_EXP [safetyCallback: not safe, time:0.031906] |  (prev cycle x1/0.0s)
[1782980344.485][    +40.3s][PLAN_TRAJ_EXP] STATE EXEC_TRAJ -> PLAN_TRAJ_EXP [planGlobalPath: succeed] |  (prev cycle x1/0.1s)
[1782980344.486][    +40.3s][PLAN_TRAJ_EXP] STATE PLAN_TRAJ_EXP -> PLAN_TRAJ_EXP [safetyCallback: not safe, time:0.061819]
[1782980344.520][    +40.4s][EXEC_TRAJ] STATE PLAN_TRAJ_EXP -> EXEC_TRAJ [plan success: new traj pub]
[1782980344.522][    +40.4s][PLAN_TRAJ_EXP] STATE EXEC_TRAJ -> PLAN_TRAJ_EXP [safetyCallback: not safe, time:0.031871]
[1782980344.565][    +40.4s][PLAN_TRAJ_EXP] STATE EXEC_TRAJ -> PLAN_TRAJ_EXP [safetyCallback: not safe, time:0.030228] |  (prev cycle x1/0.0s)
[1782980344.609][    +40.5s][PLAN_TRAJ_EXP] STATE EXEC_TRAJ -> PLAN_TRAJ_EXP [safetyCallback: not safe, time:0.032019] |  (prev cycle x1/0.0s)
[1782980344.657][    +40.5s][PLAN_TRAJ_EXP] STATE EXEC_TRAJ -> PLAN_TRAJ_EXP [safetyCallback: not safe, time:0.036566] |  (prev cycle x1/0.0s)
[1782980344.704][    +40.6s][PLAN_TRAJ_EXP] STATE EXEC_TRAJ -> PLAN_TRAJ_EXP [planGlobalPath: succeed] |  (prev cycle x1/0.0s)
[1782980344.744][    +40.6s][PLAN_TRAJ_EXP] STATE EXEC_TRAJ -> PLAN_TRAJ_EXP [safetyCallback: not safe, time:0.031440] |  (prev cycle x1/0.0s)
[1782980344.787][    +40.6s][PLAN_TRAJ_EXP] STATE EXEC_TRAJ -> PLAN_TRAJ_EXP [safetyCallback: not safe, time:0.031273] |  (prev cycle x1/0.0s)
[1782980344.831][    +40.7s][PLAN_TRAJ_EXP] STATE EXEC_TRAJ -> PLAN_TRAJ_EXP [safetyCallback: not safe, time:0.032044] |  (prev cycle x1/0.0s)
[1782980344.874][    +40.7s][PLAN_TRAJ_EXP] STATE EXEC_TRAJ -> PLAN_TRAJ_EXP [safetyCallback: not safe, time:0.030252] |  (prev cycle x1/0.0s)
[1782980344.919][    +40.8s][PLAN_TRAJ_EXP] STATE EXEC_TRAJ -> PLAN_TRAJ_EXP [safetyCallback: not safe, time:0.031507] |  (prev cycle x1/0.0s)
[1782980344.925][    +40.8s][PLAN_TRAJ_EXP] STATE PLAN_TRAJ_EXP -> PLAN_TRAJ_EXP [planGlobalPath: succeed]
[1782980344.963][    +40.8s][EXEC_TRAJ] STATE PLAN_TRAJ_EXP -> EXEC_TRAJ [plan success: new traj pub]
[1782980344.963][    +40.8s][PLAN_TRAJ_EXP] STATE EXEC_TRAJ -> PLAN_TRAJ_EXP [safetyCallback: not safe, time:0.030202]
[1782980345.007][    +40.9s][PLAN_TRAJ_EXP] STATE EXEC_TRAJ -> PLAN_TRAJ_EXP [safetyCallback: not safe, time:0.030953] |  (prev cycle x1/0.0s)
[1782980345.055][    +40.9s][PLAN_TRAJ_EXP] STATE EXEC_TRAJ -> PLAN_TRAJ_EXP [safetyCallback: not safe, time:0.035951] |  (prev cycle x1/0.0s)
[1782980345.103][    +41.0s][PLAN_TRAJ_EXP] STATE EXEC_TRAJ -> PLAN_TRAJ_EXP [safetyCallback: not safe, time:0.039971] |  (prev cycle x1/0.0s)
[1782980345.149][    +41.0s][PLAN_TRAJ_EXP] STATE EXEC_TRAJ -> PLAN_TRAJ_EXP [safetyCallback: not safe, time:0.032264] |  (prev cycle x1/0.0s)
[1782980345.190][    +41.1s][PLAN_TRAJ_EXP] GLOBAL result=OK | clusters=2(reach 1) vp=1(reach 1) pipe[tot=2 dorm=1 unreach=0 cons=1 nocand=0 topo=0 novis=0 ok=1] tour=2n/0.5m goal=(4.1, 2.9, 0.9) t=28ms (x4)
[1782980345.191][    +41.1s][PLAN_TRAJ_EXP] STATE PLAN_TRAJ_EXP -> PLAN_TRAJ_EXP [planGlobalPath: succeed]
[1782980345.224][    +41.1s][EXEC_TRAJ] STATE PLAN_TRAJ_EXP -> EXEC_TRAJ [plan success: new traj pub]
[1782980345.226][    +41.1s][PLAN_TRAJ_EXP] STATE EXEC_TRAJ -> PLAN_TRAJ_EXP [safetyCallback: not safe, time:0.031550]
[1782980345.239][    +41.1s][PLAN_TRAJ_EXP] STATE PLAN_TRAJ_EXP -> PLAN_TRAJ_EXP [avoidance released: replan from current pose]
[1782980345.273][    +41.1s][EXEC_TRAJ] STATE PLAN_TRAJ_EXP -> EXEC_TRAJ [plan success: new traj pub]
[1782980345.273][    +41.1s][PLAN_TRAJ_EXP] STATE EXEC_TRAJ -> PLAN_TRAJ_EXP [safetyCallback: not safe, time:0.030433]
[1782980345.318][    +41.2s][PLAN_TRAJ_EXP] STATE EXEC_TRAJ -> PLAN_TRAJ_EXP [safetyCallback: not safe, time:0.031665] |  (prev cycle x1/0.0s)
[1782980345.360][    +41.2s][PLAN_TRAJ_EXP] STATE EXEC_TRAJ -> PLAN_TRAJ_EXP [safetyCallback: not safe, time:0.030200] |  (prev cycle x1/0.0s)
[1782980345.419][    +41.3s][PLAN_TRAJ_EXP] STATE EXEC_TRAJ -> PLAN_TRAJ_EXP [planGlobalPath: succeed] |  (prev cycle x1/0.1s)
[1782980345.421][    +41.3s][PLAN_TRAJ_EXP] STATE PLAN_TRAJ_EXP -> PLAN_TRAJ_EXP [safetyCallback: not safe, time:0.045154]
[1782980345.456][    +41.3s][EXEC_TRAJ] STATE PLAN_TRAJ_EXP -> EXEC_TRAJ [plan success: new traj pub]
[1782980345.456][    +41.3s][PLAN_TRAJ_EXP] STATE EXEC_TRAJ -> PLAN_TRAJ_EXP [safetyCallback: not safe, time:0.030651]
[1782980345.466][    +41.3s][PLAN_TRAJ_EXP] STATE PLAN_TRAJ_EXP -> PLAN_TRAJ_EXP [avoidance released: replan from current pose]
[1782980345.500][    +41.4s][EXEC_TRAJ] STATE PLAN_TRAJ_EXP -> EXEC_TRAJ [plan success: new traj pub]
[1782980345.511][    +41.4s][PLAN_TRAJ_EXP] STATE EXEC_TRAJ -> PLAN_TRAJ_EXP [safetyCallback: not safe, time:0.032883]
[1782980345.555][    +41.4s][PLAN_TRAJ_EXP] STATE EXEC_TRAJ -> PLAN_TRAJ_EXP [safetyCallback: not safe, time:0.038818] |  (prev cycle x1/0.0s)
[1782980345.599][    +41.5s][PLAN_TRAJ_EXP] STATE EXEC_TRAJ -> PLAN_TRAJ_EXP [safetyCallback: not safe, time:0.040081] |  (prev cycle x1/0.0s)
[1782980345.648][    +41.5s][PLAN_TRAJ_EXP] STATE EXEC_TRAJ -> PLAN_TRAJ_EXP [planGlobalPath: succeed] |  (prev cycle x1/0.0s)
[1782980345.650][    +41.5s][PLAN_TRAJ_EXP] STATE PLAN_TRAJ_EXP -> PLAN_TRAJ_EXP [safetyCallback: not safe, time:0.036864]
[1782980345.656][    +41.5s][PLAN_TRAJ_EXP] STATE PLAN_TRAJ_EXP -> PLAN_TRAJ_EXP [avoidance released: replan from current pose]
[1782980345.689][    +41.6s][EXEC_TRAJ] STATE PLAN_TRAJ_EXP -> EXEC_TRAJ [plan success: new traj pub]
[1782980345.690][    +41.6s][PLAN_TRAJ_EXP] STATE EXEC_TRAJ -> PLAN_TRAJ_EXP [safetyCallback: not safe, time:0.030145]
[1782980345.734][    +41.6s][PLAN_TRAJ_EXP] STATE EXEC_TRAJ -> PLAN_TRAJ_EXP [safetyCallback: not safe, time:0.031404] |  (prev cycle x1/0.0s)
[1782980345.743][    +41.6s][PLAN_TRAJ_EXP] STATE PLAN_TRAJ_EXP -> PLAN_TRAJ_EXP [avoidance released: replan from current pose]
[1782980345.777][    +41.6s][EXEC_TRAJ] STATE PLAN_TRAJ_EXP -> EXEC_TRAJ [plan success: new traj pub]
[1782980345.777][    +41.6s][PLAN_TRAJ_EXP] STATE EXEC_TRAJ -> PLAN_TRAJ_EXP [safetyCallback: not safe, time:0.029305]
[1782980345.822][    +41.7s][PLAN_TRAJ_EXP] STATE EXEC_TRAJ -> PLAN_TRAJ_EXP [safetyCallback: not safe, time:0.032322] |  (prev cycle x1/0.0s)
[1782980345.873][    +41.7s][PLAN_TRAJ_EXP] STATE EXEC_TRAJ -> PLAN_TRAJ_EXP [planGlobalPath: succeed] |  (prev cycle x1/0.1s)
[1782980345.875][    +41.7s][PLAN_TRAJ_EXP] STATE PLAN_TRAJ_EXP -> PLAN_TRAJ_EXP [safetyCallback: not safe, time:0.040188]
[1782980345.875][    +41.7s][PLAN_TRAJ_EXP] STATE PLAN_TRAJ_EXP -> PLAN_TRAJ_EXP [avoidance released: replan from current pose]
[1782980345.909][    +41.8s][EXEC_TRAJ] STATE PLAN_TRAJ_EXP -> EXEC_TRAJ [plan success: new traj pub]
[1782980345.912][    +41.8s][PLAN_TRAJ_EXP] STATE EXEC_TRAJ -> PLAN_TRAJ_EXP [safetyCallback: not safe, time:0.033016]
[1782980345.955][    +41.8s][PLAN_TRAJ_EXP] STATE EXEC_TRAJ -> PLAN_TRAJ_EXP [safetyCallback: not safe, time:0.031081] |  (prev cycle x1/0.0s)
[1782980345.963][    +41.8s][PLAN_TRAJ_EXP] STATE PLAN_TRAJ_EXP -> PLAN_TRAJ_EXP [avoidance released: replan from current pose]
[1782980345.996][    +41.9s][EXEC_TRAJ] STATE PLAN_TRAJ_EXP -> EXEC_TRAJ [plan success: new traj pub]
[1782980346.006][    +41.9s][PLAN_TRAJ_EXP] STATE EXEC_TRAJ -> PLAN_TRAJ_EXP [safetyCallback: not safe, time:0.038961]
[1782980346.011][    +41.9s][PLAN_TRAJ_EXP] STATE PLAN_TRAJ_EXP -> PLAN_TRAJ_EXP [safetyCallback: not safe, time:0.043534]
[1782980346.051][    +41.9s][EXEC_TRAJ] STATE PLAN_TRAJ_EXP -> EXEC_TRAJ [plan success: new traj pub]
[1782980346.055][    +41.9s][PLAN_TRAJ_EXP] STATE EXEC_TRAJ -> PLAN_TRAJ_EXP [safetyCallback: not safe, time:0.034447]
[1782980346.061][    +41.9s][PLAN_TRAJ_EXP] STATE PLAN_TRAJ_EXP -> PLAN_TRAJ_EXP [avoidance released: replan from current pose]
[1782980346.094][    +42.0s][EXEC_TRAJ] STATE PLAN_TRAJ_EXP -> EXEC_TRAJ [plan success: new traj pub]
[1782980346.115][    +42.0s][PLAN_TRAJ_EXP] STATE EXEC_TRAJ -> PLAN_TRAJ_EXP [planGlobalPath: succeed]
[1782980346.117][    +42.0s][PLAN_TRAJ_EXP] STATE PLAN_TRAJ_EXP -> PLAN_TRAJ_EXP [safetyCallback: not safe, time:0.051876]
[1782980346.152][    +42.0s][EXEC_TRAJ] STATE PLAN_TRAJ_EXP -> EXEC_TRAJ [plan success: new traj pub]
[1782980346.155][    +42.0s][PLAN_TRAJ_EXP] STATE EXEC_TRAJ -> PLAN_TRAJ_EXP [safetyCallback: not safe, time:0.033013]
[1782980346.162][    +42.0s][PLAN_TRAJ_EXP] STATE PLAN_TRAJ_EXP -> PLAN_TRAJ_EXP [avoidance released: replan from current pose]
[1782980346.196][    +42.1s][PLAN_TRAJ_EXP] LOCAL EXP OK | why: escape traj (flyToSafeRegion) | t=33.4ms goal_d=0.6m (x106)
[1782980346.196][    +42.1s][EXEC_TRAJ] STATE PLAN_TRAJ_EXP -> EXEC_TRAJ [plan success: new traj pub]
[1782980346.207][    +42.1s][PLAN_TRAJ_EXP] STATE EXEC_TRAJ -> PLAN_TRAJ_EXP [safetyCallback: not safe, time:0.040485]
[1782980346.252][    +42.1s][PLAN_TRAJ_EXP] STATE EXEC_TRAJ -> PLAN_TRAJ_EXP [avoidance released: replan from current pose] |  (prev cycle x1/0.0s)
[1782980346.286][    +42.1s][PLAN_TRAJ_EXP] STATE EXEC_TRAJ -> PLAN_TRAJ_EXP [safetyCallback: not safe, time:0.028564] |  (prev cycle x1/0.0s)
[1782980346.333][    +42.2s][PLAN_TRAJ_EXP] STATE EXEC_TRAJ -> PLAN_TRAJ_EXP [safetyCallback: not safe, time:0.030737] |  (prev cycle x1/0.0s)
[1782980346.340][    +42.2s][PLAN_TRAJ_EXP] GLOBAL result=OK | clusters=2(reach 1) vp=1(reach 1) pipe[tot=2 dorm=1 unreach=0 cons=1 nocand=0 topo=0 novis=0 ok=1] tour=2n/0.6m goal=(4.1, 2.9, 0.9) t=5ms (x4)
[1782980346.340][    +42.2s][PLAN_TRAJ_EXP] STATE PLAN_TRAJ_EXP -> PLAN_TRAJ_EXP [planGlobalPath: succeed]
[1782980346.375][    +42.2s][EXEC_TRAJ] STATE PLAN_TRAJ_EXP -> EXEC_TRAJ [plan success: new traj pub]
[1782980346.376][    +42.2s][PLAN_TRAJ_EXP] STATE EXEC_TRAJ -> PLAN_TRAJ_EXP [safetyCallback: not safe, time:0.030511]
[1782980346.386][    +42.2s][PLAN_TRAJ_EXP] STUCK no motion >8s in PLAN_TRAJ_EXP | last-local: escape traj (flyToSafeRegion) | pos=(3.80, 3.04, 1.37) still=17s (x94)
[1782980346.421][    +42.3s][PLAN_TRAJ_EXP] STATE EXEC_TRAJ -> PLAN_TRAJ_EXP [safetyCallback: not safe, time:0.031759] |  (prev cycle x1/0.0s)
[1782980346.467][    +42.3s][PLAN_TRAJ_EXP] STATE EXEC_TRAJ -> PLAN_TRAJ_EXP [safetyCallback: not safe, time:0.033744] |  (prev cycle x1/0.0s)
[1782980346.476][    +42.3s][PLAN_TRAJ_EXP] STATE PLAN_TRAJ_EXP -> PLAN_TRAJ_EXP [avoidance released: replan from current pose]
[1782980346.510][    +42.4s][EXEC_TRAJ] STATE PLAN_TRAJ_EXP -> EXEC_TRAJ [plan success: new traj pub]
[1782980346.512][    +42.4s][PLAN_TRAJ_EXP] STATE EXEC_TRAJ -> PLAN_TRAJ_EXP [safetyCallback: not safe, time:0.031378]
[1782980346.573][    +42.4s][PLAN_TRAJ_EXP] STATE EXEC_TRAJ -> PLAN_TRAJ_EXP [planGlobalPath: succeed] |  (prev cycle x1/0.1s)
[1782980346.608][    +42.5s][PLAN_TRAJ_EXP] STATE EXEC_TRAJ -> PLAN_TRAJ_EXP [safetyCallback: not safe, time:0.031469] |  (prev cycle x1/0.0s)
[1782980346.614][    +42.5s][PLAN_TRAJ_EXP] STATE PLAN_TRAJ_EXP -> PLAN_TRAJ_EXP [safetyCallback: not safe, time:0.037150]
[1782980346.651][    +42.5s][EXEC_TRAJ] STATE PLAN_TRAJ_EXP -> EXEC_TRAJ [plan success: new traj pub]
[1782980346.655][    +42.5s][PLAN_TRAJ_EXP] STATE EXEC_TRAJ -> PLAN_TRAJ_EXP [safetyCallback: not safe, time:0.034510]
[1782980346.705][    +42.6s][PLAN_TRAJ_EXP] STATE EXEC_TRAJ -> PLAN_TRAJ_EXP [safetyCallback: not safe, time:0.040037] |  (prev cycle x1/0.0s)
[1782980346.707][    +42.6s][PLAN_TRAJ_EXP] STATE PLAN_TRAJ_EXP -> PLAN_TRAJ_EXP [safetyCallback: not safe, time:0.042060]
[1782980346.748][    +42.6s][EXEC_TRAJ] STATE PLAN_TRAJ_EXP -> EXEC_TRAJ [plan success: new traj pub]
[1782980346.755][    +42.6s][PLAN_TRAJ_EXP] STATE EXEC_TRAJ -> PLAN_TRAJ_EXP [safetyCallback: not safe, time:0.036675]
[1782980346.797][    +42.7s][PLAN_TRAJ_EXP] STATE EXEC_TRAJ -> PLAN_TRAJ_EXP [planGlobalPath: succeed] |  (prev cycle x1/0.0s)
[1782980346.837][    +42.7s][PLAN_TRAJ_EXP] STATE EXEC_TRAJ -> PLAN_TRAJ_EXP [safetyCallback: not safe, time:0.031981] |  (prev cycle x1/0.0s)
[1782980346.879][    +42.7s][PLAN_TRAJ_EXP] STATE EXEC_TRAJ -> PLAN_TRAJ_EXP [safetyCallback: not safe, time:0.031164] |  (prev cycle x1/0.0s)
[1782980346.924][    +42.8s][PLAN_TRAJ_EXP] STATE EXEC_TRAJ -> PLAN_TRAJ_EXP [safetyCallback: not safe, time:0.031387] |  (prev cycle x1/0.0s)
[1782980346.967][    +42.8s][PLAN_TRAJ_EXP] STATE EXEC_TRAJ -> PLAN_TRAJ_EXP [safetyCallback: not safe, time:0.030316] |  (prev cycle x1/0.0s)
[1782980347.021][    +42.9s][PLAN_TRAJ_EXP] STATE EXEC_TRAJ -> PLAN_TRAJ_EXP [planGlobalPath: succeed] |  (prev cycle x1/0.1s)
[1782980347.023][    +42.9s][PLAN_TRAJ_EXP] STATE PLAN_TRAJ_EXP -> PLAN_TRAJ_EXP [safetyCallback: not safe, time:0.042552]
[1782980347.057][    +42.9s][EXEC_TRAJ] STATE PLAN_TRAJ_EXP -> EXEC_TRAJ [plan success: new traj pub]
[1782980347.058][    +42.9s][PLAN_TRAJ_EXP] STATE EXEC_TRAJ -> PLAN_TRAJ_EXP [safetyCallback: not safe, time:0.030160]
[1782980347.107][    +43.0s][PLAN_TRAJ_EXP] STATE EXEC_TRAJ -> PLAN_TRAJ_EXP [safetyCallback: not safe, time:0.034332] |  (prev cycle x1/0.0s)
[1782980347.152][    +43.0s][PLAN_TRAJ_EXP] STATE EXEC_TRAJ -> PLAN_TRAJ_EXP [safetyCallback: not safe, time:0.036110] |  (prev cycle x1/0.0s)
[1782980347.200][    +43.1s][PLAN_TRAJ_EXP] STATE EXEC_TRAJ -> PLAN_TRAJ_EXP [safetyCallback: not safe, time:0.039586] |  (prev cycle x1/0.0s)
[1782980347.207][    +43.1s][PLAN_TRAJ_EXP] STATE PLAN_TRAJ_EXP -> PLAN_TRAJ_EXP [safetyCallback: not safe, time:0.046985]
[1782980347.243][    +43.1s][EXEC_TRAJ] STATE PLAN_TRAJ_EXP -> EXEC_TRAJ [plan success: new traj pub]
[1782980347.250][    +43.1s][PLAN_TRAJ_EXP] STATE EXEC_TRAJ -> PLAN_TRAJ_EXP [planGlobalPath: succeed]
[1782980347.256][    +43.1s][PLAN_TRAJ_EXP] STATE PLAN_TRAJ_EXP -> PLAN_TRAJ_EXP [safetyCallback: not safe, time:0.042068]
[1782980347.290][    +43.2s][EXEC_TRAJ] STATE PLAN_TRAJ_EXP -> EXEC_TRAJ [plan success: new traj pub]
[1782980347.300][    +43.2s][PLAN_TRAJ_EXP] STATE EXEC_TRAJ -> PLAN_TRAJ_EXP [safetyCallback: not safe, time:0.040247]
[1782980347.309][    +43.2s][PLAN_TRAJ_EXP] STATE PLAN_TRAJ_EXP -> PLAN_TRAJ_EXP [safetyCallback: not safe, time:0.049154]
[1782980347.344][    +43.2s][EXEC_TRAJ] STATE PLAN_TRAJ_EXP -> EXEC_TRAJ [plan success: new traj pub]
[1782980347.355][    +43.2s][PLAN_TRAJ_EXP] STATE EXEC_TRAJ -> PLAN_TRAJ_EXP [safetyCallback: not safe, time:0.038505]
[1782980347.357][    +43.2s][PLAN_TRAJ_EXP] STATE PLAN_TRAJ_EXP -> PLAN_TRAJ_EXP [safetyCallback: not safe, time:0.041078]
[1782980347.398][    +43.3s][EXEC_TRAJ] STATE PLAN_TRAJ_EXP -> EXEC_TRAJ [plan success: new traj pub]
[1782980347.407][    +43.3s][PLAN_TRAJ_EXP] STATE EXEC_TRAJ -> PLAN_TRAJ_EXP [safetyCallback: not safe, time:0.037852]
[1782980347.462][    +43.3s][EXEC_TRAJ] GLOBAL result=OK | clusters=2(reach 1) vp=1(reach 1) pipe[tot=2 dorm=1 unreach=0 cons=1 nocand=0 topo=0 novis=0 ok=1] tour=2n/0.5m goal=(4.1, 2.9, 0.9) t=11ms (x4)
[1782980347.462][    +43.3s][PLAN_TRAJ_EXP] STATE EXEC_TRAJ -> PLAN_TRAJ_EXP [planGlobalPath: succeed] |  (prev cycle x1/0.1s)
[1782980347.496][    +43.4s][PLAN_TRAJ_EXP] STATE EXEC_TRAJ -> PLAN_TRAJ_EXP [safetyCallback: not safe, time:0.029938] |  (prev cycle x1/0.0s)
[1782980347.506][    +43.4s][PLAN_TRAJ_EXP] STATE PLAN_TRAJ_EXP -> PLAN_TRAJ_EXP [safetyCallback: not safe, time:0.039616]
[1782980347.540][    +43.4s][EXEC_TRAJ] STATE PLAN_TRAJ_EXP -> EXEC_TRAJ [plan success: new traj pub]
[1782980347.550][    +43.4s][PLAN_TRAJ_EXP] STATE EXEC_TRAJ -> PLAN_TRAJ_EXP [safetyCallback: not safe, time:0.041059]
[1782980347.556][    +43.4s][PLAN_TRAJ_EXP] STATE PLAN_TRAJ_EXP -> PLAN_TRAJ_EXP [safetyCallback: not safe, time:0.046675]
[1782980347.594][    +43.5s][EXEC_TRAJ] STATE PLAN_TRAJ_EXP -> EXEC_TRAJ [plan success: new traj pub]
[1782980347.604][    +43.5s][PLAN_TRAJ_EXP] STATE EXEC_TRAJ -> PLAN_TRAJ_EXP [safetyCallback: not safe, time:0.039644]
[1782980347.607][    +43.5s][PLAN_TRAJ_EXP] STATE PLAN_TRAJ_EXP -> PLAN_TRAJ_EXP [safetyCallback: not safe, time:0.043318]
[1782980347.647][    +43.5s][EXEC_TRAJ] STATE PLAN_TRAJ_EXP -> EXEC_TRAJ [plan success: new traj pub]
[1782980347.651][    +43.5s][PLAN_TRAJ_EXP] STATE EXEC_TRAJ -> PLAN_TRAJ_EXP [safetyCallback: not safe, time:0.033510]
[1782980347.702][    +43.6s][PLAN_TRAJ_EXP] STATE EXEC_TRAJ -> PLAN_TRAJ_EXP [planGlobalPath: succeed] |  (prev cycle x1/0.1s)
[1782980347.737][    +43.6s][PLAN_TRAJ_EXP] STATE EXEC_TRAJ -> PLAN_TRAJ_EXP [safetyCallback: not safe, time:0.031369] |  (prev cycle x1/0.0s)
[1782980347.780][    +43.6s][PLAN_TRAJ_EXP] STATE EXEC_TRAJ -> PLAN_TRAJ_EXP [safetyCallback: not safe, time:0.031056] |  (prev cycle x1/0.0s)
[1782980347.825][    +43.7s][PLAN_TRAJ_EXP] STATE EXEC_TRAJ -> PLAN_TRAJ_EXP [safetyCallback: not safe, time:0.031811] |  (prev cycle x1/0.0s)
[1782980347.868][    +43.7s][PLAN_TRAJ_EXP] STATE EXEC_TRAJ -> PLAN_TRAJ_EXP [safetyCallback: not safe, time:0.030972] |  (prev cycle x1/0.0s)
[1782980347.917][    +43.8s][PLAN_TRAJ_EXP] STATE EXEC_TRAJ -> PLAN_TRAJ_EXP [planGlobalPath: succeed] |  (prev cycle x1/0.0s)
[1782980347.921][    +43.8s][PLAN_TRAJ_EXP] STATE PLAN_TRAJ_EXP -> PLAN_TRAJ_EXP [safetyCallback: not safe, time:0.040585]
[1782980347.956][    +43.8s][EXEC_TRAJ] STATE PLAN_TRAJ_EXP -> EXEC_TRAJ [plan success: new traj pub]
[1782980347.957][    +43.8s][PLAN_TRAJ_EXP] STATE EXEC_TRAJ -> PLAN_TRAJ_EXP [safetyCallback: not safe, time:0.031086]
[1782980348.007][    +43.9s][PLAN_TRAJ_EXP] STATE EXEC_TRAJ -> PLAN_TRAJ_EXP [safetyCallback: not safe, time:0.036953] |  (prev cycle x1/0.0s)
[1782980348.051][    +43.9s][PLAN_TRAJ_EXP] STATE EXEC_TRAJ -> PLAN_TRAJ_EXP [safetyCallback: not safe, time:0.033963] |  (prev cycle x1/0.0s)
[1782980348.102][    +44.0s][PLAN_TRAJ_EXP] STATE EXEC_TRAJ -> PLAN_TRAJ_EXP [safetyCallback: not safe, time:0.040951] |  (prev cycle x1/0.1s)
[1782980348.110][    +44.0s][PLAN_TRAJ_EXP] STATE PLAN_TRAJ_EXP -> PLAN_TRAJ_EXP [safetyCallback: not safe, time:0.048688]
[1782980348.145][    +44.0s][EXEC_TRAJ] STATE PLAN_TRAJ_EXP -> EXEC_TRAJ [plan success: new traj pub]
[1782980348.151][    +44.0s][PLAN_TRAJ_EXP] STATE EXEC_TRAJ -> PLAN_TRAJ_EXP [planGlobalPath: succeed]
[1782980348.190][    +44.1s][PLAN_TRAJ_EXP] STATE EXEC_TRAJ -> PLAN_TRAJ_EXP [safetyCallback: not safe, time:0.030784] |  (prev cycle x1/0.0s)
[1782980348.233][    +44.1s][PLAN_TRAJ_EXP] STATE EXEC_TRAJ -> PLAN_TRAJ_EXP [safetyCallback: not safe, time:0.030371] |  (prev cycle x1/0.0s)
[1782980348.277][    +44.1s][PLAN_TRAJ_EXP] STATE EXEC_TRAJ -> PLAN_TRAJ_EXP [safetyCallback: not safe, time:0.031180] |  (prev cycle x1/0.0s)
[1782980348.321][    +44.2s][PLAN_TRAJ_EXP] STATE EXEC_TRAJ -> PLAN_TRAJ_EXP [safetyCallback: not safe, time:0.030898] |  (prev cycle x1/0.0s)
[1782980348.365][    +44.2s][PLAN_TRAJ_EXP] STATE EXEC_TRAJ -> PLAN_TRAJ_EXP [safetyCallback: not safe, time:0.031085] |  (prev cycle x1/0.0s)
[1782980348.371][    +44.2s][PLAN_TRAJ_EXP] STATE PLAN_TRAJ_EXP -> PLAN_TRAJ_EXP [planGlobalPath: succeed]
[1782980348.407][    +44.3s][EXEC_TRAJ] STATE PLAN_TRAJ_EXP -> EXEC_TRAJ [plan success: new traj pub]
[1782980348.408][    +44.3s][PLAN_TRAJ_EXP] STATE EXEC_TRAJ -> PLAN_TRAJ_EXP [safetyCallback: not safe, time:0.031516]
[1782980348.453][    +44.3s][PLAN_TRAJ_EXP] STATE EXEC_TRAJ -> PLAN_TRAJ_EXP [safetyCallback: not safe, time:0.034064] |  (prev cycle x1/0.0s)
[1782980348.504][    +44.4s][PLAN_TRAJ_EXP] STATE EXEC_TRAJ -> PLAN_TRAJ_EXP [safetyCallback: not safe, time:0.040781] |  (prev cycle x1/0.1s)
[1782980348.506][    +44.4s][PLAN_TRAJ_EXP] STATE PLAN_TRAJ_EXP -> PLAN_TRAJ_EXP [safetyCallback: not safe, time:0.043174]
[1782980348.547][    +44.4s][EXEC_TRAJ] STATE PLAN_TRAJ_EXP -> EXEC_TRAJ [plan success: new traj pub]
[1782980348.558][    +44.4s][PLAN_TRAJ_EXP] STATE EXEC_TRAJ -> PLAN_TRAJ_EXP [safetyCallback: not safe, time:0.040905]
[1782980348.603][    +44.5s][EXEC_TRAJ] GLOBAL result=OK | clusters=2(reach 1) vp=1(reach 1) pipe[tot=2 dorm=1 unreach=0 cons=1 nocand=0 topo=0 novis=0 ok=1] tour=2n/0.5m goal=(4.1, 2.9, 0.9) t=9ms (x4)
[1782980348.603][    +44.5s][PLAN_TRAJ_EXP] STATE EXEC_TRAJ -> PLAN_TRAJ_EXP [planGlobalPath: succeed] |  (prev cycle x1/0.0s)
[1782980348.639][    +44.5s][PLAN_TRAJ_EXP] STATE EXEC_TRAJ -> PLAN_TRAJ_EXP [safetyCallback: not safe, time:0.030643] |  (prev cycle x1/0.0s)
[1782980348.683][    +44.5s][PLAN_TRAJ_EXP] STATE EXEC_TRAJ -> PLAN_TRAJ_EXP [safetyCallback: not safe, time:0.030608] |  (prev cycle x1/0.0s)
[1782980348.726][    +44.6s][PLAN_TRAJ_EXP] STATE EXEC_TRAJ -> PLAN_TRAJ_EXP [safetyCallback: not safe, time:0.030878] |  (prev cycle x1/0.0s)
[1782980348.770][    +44.6s][PLAN_TRAJ_EXP] STATE EXEC_TRAJ -> PLAN_TRAJ_EXP [safetyCallback: not safe, time:0.031110] |  (prev cycle x1/0.0s)
[1782980348.835][    +44.7s][PLAN_TRAJ_EXP] STATE EXEC_TRAJ -> PLAN_TRAJ_EXP [planGlobalPath: succeed] |  (prev cycle x1/0.1s)
[1782980348.836][    +44.7s][PLAN_TRAJ_EXP] STATE PLAN_TRAJ_EXP -> PLAN_TRAJ_EXP [safetyCallback: not safe, time:0.053949]
[1782980348.870][    +44.7s][EXEC_TRAJ] STATE PLAN_TRAJ_EXP -> EXEC_TRAJ [plan success: new traj pub]
[1782980348.872][    +44.7s][PLAN_TRAJ_EXP] STATE EXEC_TRAJ -> PLAN_TRAJ_EXP [safetyCallback: not safe, time:0.031548]
[1782980348.916][    +44.8s][PLAN_TRAJ_EXP] STATE EXEC_TRAJ -> PLAN_TRAJ_EXP [safetyCallback: not safe, time:0.030741] |  (prev cycle x1/0.0s)
[1782980348.961][    +44.8s][PLAN_TRAJ_EXP] STATE EXEC_TRAJ -> PLAN_TRAJ_EXP [safetyCallback: not safe, time:0.033087] |  (prev cycle x1/0.0s)
[1782980349.007][    +44.9s][PLAN_TRAJ_EXP] STATE EXEC_TRAJ -> PLAN_TRAJ_EXP [safetyCallback: not safe, time:0.033472] |  (prev cycle x1/0.0s)
[1782980349.063][    +44.9s][PLAN_TRAJ_EXP] STATE EXEC_TRAJ -> PLAN_TRAJ_EXP [planGlobalPath: succeed] |  (prev cycle x1/0.1s)
[1782980349.064][    +44.9s][PLAN_TRAJ_EXP] STATE PLAN_TRAJ_EXP -> PLAN_TRAJ_EXP [safetyCallback: not safe, time:0.046646]
[1782980349.099][    +45.0s][EXEC_TRAJ] STATE PLAN_TRAJ_EXP -> EXEC_TRAJ [plan success: new traj pub]
[1782980349.106][    +45.0s][PLAN_TRAJ_EXP] STATE EXEC_TRAJ -> PLAN_TRAJ_EXP [safetyCallback: not safe, time:0.037319]
[1782980349.152][    +45.0s][PLAN_TRAJ_EXP] STATE EXEC_TRAJ -> PLAN_TRAJ_EXP [safetyCallback: not safe, time:0.039769] |  (prev cycle x1/0.0s)
[1782980349.197][    +45.1s][PLAN_TRAJ_EXP] STATE EXEC_TRAJ -> PLAN_TRAJ_EXP [safetyCallback: not safe, time:0.039729] |  (prev cycle x1/0.0s)
[1782980349.207][    +45.1s][PLAN_TRAJ_EXP] STATE PLAN_TRAJ_EXP -> PLAN_TRAJ_EXP [safetyCallback: not safe, time:0.050023]
[1782980349.241][    +45.1s][EXEC_TRAJ] STATE PLAN_TRAJ_EXP -> EXEC_TRAJ [plan success: new traj pub]
[1782980349.251][    +45.1s][PLAN_TRAJ_EXP] STATE EXEC_TRAJ -> PLAN_TRAJ_EXP [safetyCallback: not safe, time:0.039475]
[1782980349.253][    +45.1s][PLAN_TRAJ_EXP] STATE PLAN_TRAJ_EXP -> PLAN_TRAJ_EXP [safetyCallback: not safe, time:0.041040]
[1782980349.295][    +45.2s][EXEC_TRAJ] STATE PLAN_TRAJ_EXP -> EXEC_TRAJ [plan success: new traj pub]
[1782980349.319][    +45.2s][PLAN_TRAJ_EXP] STATE EXEC_TRAJ -> PLAN_TRAJ_EXP [planGlobalPath: succeed]
[1782980349.354][    +45.2s][PLAN_TRAJ_EXP] STATE EXEC_TRAJ -> PLAN_TRAJ_EXP [safetyCallback: not safe, time:0.030009] |  (prev cycle x1/0.0s)
[1782980349.357][    +45.2s][PLAN_TRAJ_EXP] STATE PLAN_TRAJ_EXP -> PLAN_TRAJ_EXP [safetyCallback: not safe, time:0.032827]
[1782980349.399][    +45.3s][EXEC_TRAJ] STATE PLAN_TRAJ_EXP -> EXEC_TRAJ [plan success: new traj pub]
[1782980349.406][    +45.3s][PLAN_TRAJ_EXP] STATE EXEC_TRAJ -> PLAN_TRAJ_EXP [safetyCallback: not safe, time:0.036390]
[1782980349.452][    +45.3s][PLAN_TRAJ_EXP] STATE EXEC_TRAJ -> PLAN_TRAJ_EXP [safetyCallback: not safe, time:0.039365] |  (prev cycle x1/0.0s)
[1782980349.499][    +45.4s][PLAN_TRAJ_EXP] STATE EXEC_TRAJ -> PLAN_TRAJ_EXP [safetyCallback: not safe, time:0.037993] |  (prev cycle x1/0.0s)
[1782980349.506][    +45.4s][PLAN_TRAJ_EXP] STATE PLAN_TRAJ_EXP -> PLAN_TRAJ_EXP [safetyCallback: not safe, time:0.044711]
[1782980349.543][    +45.4s][EXEC_TRAJ] STATE PLAN_TRAJ_EXP -> EXEC_TRAJ [plan success: new traj pub]
[1782980349.549][    +45.4s][PLAN_TRAJ_EXP] STATE EXEC_TRAJ -> PLAN_TRAJ_EXP [planGlobalPath: succeed]
[1782980349.587][    +45.4s][PLAN_TRAJ_EXP] STATE EXEC_TRAJ -> PLAN_TRAJ_EXP [safetyCallback: not safe, time:0.031304] |  (prev cycle x1/0.0s)
[1782980349.630][    +45.5s][PLAN_TRAJ_EXP] STATE EXEC_TRAJ -> PLAN_TRAJ_EXP [safetyCallback: not safe, time:0.030131] |  (prev cycle x1/0.0s)
[1782980349.676][    +45.5s][PLAN_TRAJ_EXP] STATE EXEC_TRAJ -> PLAN_TRAJ_EXP [safetyCallback: not safe, time:0.032262] |  (prev cycle x1/0.0s)
[1782980349.718][    +45.6s][PLAN_TRAJ_EXP] STATE EXEC_TRAJ -> PLAN_TRAJ_EXP [safetyCallback: not safe, time:0.031136] |  (prev cycle x1/0.0s)
[1782980349.803][    +45.7s][EXEC_TRAJ] GLOBAL result=OK | clusters=2(reach 1) vp=1(reach 1) pipe[tot=2 dorm=1 unreach=0 cons=1 nocand=0 topo=0 novis=0 ok=1] tour=2n/0.6m goal=(4.1, 2.9, 0.9) t=41ms (x4)
[1782980349.803][    +45.7s][PLAN_TRAJ_EXP] STATE EXEC_TRAJ -> PLAN_TRAJ_EXP [planGlobalPath: succeed] |  (prev cycle x1/0.1s)
[1782980349.805][    +45.7s][PLAN_TRAJ_EXP] STATE PLAN_TRAJ_EXP -> PLAN_TRAJ_EXP [safetyCallback: not safe, time:0.074168]
[1782980349.841][    +45.7s][EXEC_TRAJ] STATE PLAN_TRAJ_EXP -> EXEC_TRAJ [plan success: new traj pub]
[1782980349.842][    +45.7s][PLAN_TRAJ_EXP] STATE EXEC_TRAJ -> PLAN_TRAJ_EXP [safetyCallback: not safe, time:0.030250]
[1782980349.852][    +45.7s][PLAN_TRAJ_EXP] STATE PLAN_TRAJ_EXP -> PLAN_TRAJ_EXP [safetyCallback: not safe, time:0.040986]
[1782980349.887][    +45.7s][EXEC_TRAJ] STATE PLAN_TRAJ_EXP -> EXEC_TRAJ [plan success: new traj pub]
[1782980349.897][    +45.8s][PLAN_TRAJ_EXP] STATE EXEC_TRAJ -> PLAN_TRAJ_EXP [safetyCallback: not safe, time:0.040957]
[1782980349.905][    +45.8s][PLAN_TRAJ_EXP] STATE PLAN_TRAJ_EXP -> PLAN_TRAJ_EXP [safetyCallback: not safe, time:0.049082]
[1782980349.940][    +45.8s][EXEC_TRAJ] STATE PLAN_TRAJ_EXP -> EXEC_TRAJ [plan success: new traj pub]
[1782980349.950][    +45.8s][PLAN_TRAJ_EXP] STATE EXEC_TRAJ -> PLAN_TRAJ_EXP [safetyCallback: not safe, time:0.039679]
[1782980349.960][    +45.8s][PLAN_TRAJ_EXP] STATE PLAN_TRAJ_EXP -> PLAN_TRAJ_EXP [safetyCallback: not safe, time:0.049367]
[1782980349.994][    +45.9s][EXEC_TRAJ] STATE PLAN_TRAJ_EXP -> EXEC_TRAJ [plan success: new traj pub]
[1782980350.018][    +45.9s][PLAN_TRAJ_EXP] STATE EXEC_TRAJ -> PLAN_TRAJ_EXP [planGlobalPath: succeed]
[1782980350.052][    +45.9s][PLAN_TRAJ_EXP] STATE EXEC_TRAJ -> PLAN_TRAJ_EXP [safetyCallback: not safe, time:0.030363] |  (prev cycle x1/0.0s)
[1782980350.057][    +45.9s][PLAN_TRAJ_EXP] STATE PLAN_TRAJ_EXP -> PLAN_TRAJ_EXP [safetyCallback: not safe, time:0.035348]
[1782980350.096][    +46.0s][EXEC_TRAJ] STATE PLAN_TRAJ_EXP -> EXEC_TRAJ [plan success: new traj pub]
[1782980350.105][    +46.0s][PLAN_TRAJ_EXP] STATE EXEC_TRAJ -> PLAN_TRAJ_EXP [safetyCallback: not safe, time:0.040062]
[1782980350.151][    +46.0s][PLAN_TRAJ_EXP] STATE EXEC_TRAJ -> PLAN_TRAJ_EXP [safetyCallback: not safe, time:0.042829] |  (prev cycle x1/0.0s)
[1782980350.157][    +46.0s][PLAN_TRAJ_EXP] STATE PLAN_TRAJ_EXP -> PLAN_TRAJ_EXP [safetyCallback: not safe, time:0.048404]
[1782980350.195][    +46.1s][EXEC_TRAJ] STATE PLAN_TRAJ_EXP -> EXEC_TRAJ [plan success: new traj pub]
[1782980350.205][    +46.1s][PLAN_TRAJ_EXP] STATE EXEC_TRAJ -> PLAN_TRAJ_EXP [safetyCallback: not safe, time:0.039381]
[1782980350.264][    +46.1s][PLAN_TRAJ_EXP] STATE EXEC_TRAJ -> PLAN_TRAJ_EXP [planGlobalPath: succeed] |  (prev cycle x1/0.1s)
[1782980350.302][    +46.2s][PLAN_TRAJ_EXP] STATE EXEC_TRAJ -> PLAN_TRAJ_EXP [safetyCallback: not safe, time:0.031076] |  (prev cycle x1/0.0s)
[1782980350.305][    +46.2s][PLAN_TRAJ_EXP] STATE PLAN_TRAJ_EXP -> PLAN_TRAJ_EXP [safetyCallback: not safe, time:0.034259]
[1782980350.344][    +46.2s][EXEC_TRAJ] STATE PLAN_TRAJ_EXP -> EXEC_TRAJ [plan success: new traj pub]
[1782980350.354][    +46.2s][PLAN_TRAJ_EXP] STATE EXEC_TRAJ -> PLAN_TRAJ_EXP [safetyCallback: not safe, time:0.039855]
[1782980350.357][    +46.2s][PLAN_TRAJ_EXP] STATE PLAN_TRAJ_EXP -> PLAN_TRAJ_EXP [safetyCallback: not safe, time:0.043267]
[1782980350.397][    +46.3s][EXEC_TRAJ] STATE PLAN_TRAJ_EXP -> EXEC_TRAJ [plan success: new traj pub]
[1782980350.405][    +46.3s][PLAN_TRAJ_EXP] STATE EXEC_TRAJ -> PLAN_TRAJ_EXP [safetyCallback: not safe, time:0.037202]
[1782980350.451][    +46.3s][PLAN_TRAJ_EXP] STATE EXEC_TRAJ -> PLAN_TRAJ_EXP [safetyCallback: not safe, time:0.040973] |  (prev cycle x1/0.0s)
[1782980350.457][    +46.3s][PLAN_TRAJ_EXP] STATE PLAN_TRAJ_EXP -> PLAN_TRAJ_EXP [safetyCallback: not safe, time:0.047157]
[1782980350.498][    +46.4s][EXEC_TRAJ] STATE PLAN_TRAJ_EXP -> EXEC_TRAJ [plan success: new traj pub]
[1782980350.505][    +46.4s][PLAN_TRAJ_EXP] STATE EXEC_TRAJ -> PLAN_TRAJ_EXP [planGlobalPath: succeed]
[1782980350.545][    +46.4s][PLAN_TRAJ_EXP] STATE EXEC_TRAJ -> PLAN_TRAJ_EXP [safetyCallback: not safe, time:0.032305] |  (prev cycle x1/0.0s)
[1782980350.589][    +46.5s][PLAN_TRAJ_EXP] STATE EXEC_TRAJ -> PLAN_TRAJ_EXP [safetyCallback: not safe, time:0.032501] |  (prev cycle x1/0.0s)
[1782980350.632][    +46.5s][PLAN_TRAJ_EXP] STATE EXEC_TRAJ -> PLAN_TRAJ_EXP [safetyCallback: not safe, time:0.030088] |  (prev cycle x1/0.0s)
[1782980350.676][    +46.5s][PLAN_TRAJ_EXP] STATE EXEC_TRAJ -> PLAN_TRAJ_EXP [safetyCallback: not safe, time:0.031448] |  (prev cycle x1/0.0s)
[1782980350.685][    +46.5s][PLAN_TRAJ_EXP] STATE PLAN_TRAJ_EXP -> PLAN_TRAJ_EXP [avoidance released: replan from current pose]
[1782980350.718][    +46.6s][EXEC_TRAJ] STATE PLAN_TRAJ_EXP -> EXEC_TRAJ [plan success: new traj pub]
[1782980350.719][    +46.6s][PLAN_TRAJ_EXP] STATE EXEC_TRAJ -> PLAN_TRAJ_EXP [safetyCallback: not safe, time:0.030340]
[1782980350.725][    +46.6s][PLAN_TRAJ_EXP] STATE PLAN_TRAJ_EXP -> PLAN_TRAJ_EXP [planGlobalPath: succeed]
[1782980350.762][    +46.6s][PLAN_TRAJ_EXP] STATE PLAN_TRAJ_EXP -> PLAN_TRAJ_EXP [PLAN_TRAJ_EXP: plan failed]
[1782980350.764][    +46.6s][PLAN_TRAJ_EXP] STATE PLAN_TRAJ_EXP -> PLAN_TRAJ_EXP [safetyCallback: not safe, time:0.075488]
[1782980350.773][    +46.6s][PLAN_TRAJ_EXP] STUCK no motion >8s in PLAN_TRAJ_EXP | last-local: post-check: new traj collides within 1s | pos=(3.92, 2.81, 1.41) still=21s (prev cycle x59/9.4s)
[1782980350.806][    +46.7s][EXEC_TRAJ] STATE PLAN_TRAJ_EXP -> EXEC_TRAJ [plan success: new traj pub]
[1782980350.809][    +46.7s][PLAN_TRAJ_EXP] STATE EXEC_TRAJ -> PLAN_TRAJ_EXP [safetyCallback: not safe, time:0.034017]
[1782980350.860][    +46.7s][EXEC_TRAJ] STUCK no motion >8s in EXEC_TRAJ | last-local: escape traj (flyToSafeRegion) | pos=(3.93, 2.81, 1.41) still=21s (prev cycle x1/0.1s)
[1782980350.860][    +46.7s][PLAN_TRAJ_EXP] STATE EXEC_TRAJ -> PLAN_TRAJ_EXP [safetyCallback: not safe, time:0.040233] |  (prev cycle x1/0.1s)
[1782980350.863][    +46.7s][PLAN_TRAJ_EXP] STATE PLAN_TRAJ_EXP -> PLAN_TRAJ_EXP [safetyCallback: not safe, time:0.042829]
[1782980350.903][    +46.8s][EXEC_TRAJ] STATE PLAN_TRAJ_EXP -> EXEC_TRAJ [plan success: new traj pub]
[1782980350.904][    +46.8s][PLAN_TRAJ_EXP] STATE EXEC_TRAJ -> PLAN_TRAJ_EXP [safetyCallback: not safe, time:0.031223]
[1782980350.914][    +46.8s][PLAN_TRAJ_EXP] STATE PLAN_TRAJ_EXP -> PLAN_TRAJ_EXP [avoidance released: replan from current pose]
[1782980350.947][    +46.8s][EXEC_TRAJ] STATE PLAN_TRAJ_EXP -> EXEC_TRAJ [plan success: new traj pub]
[1782980350.954][    +46.8s][EXEC_TRAJ] GLOBAL result=OK | clusters=2(reach 1) vp=1(reach 1) pipe[tot=2 dorm=1 unreach=0 cons=1 nocand=0 topo=0 novis=0 ok=1] tour=2n/0.5m goal=(4.1, 2.9, 0.9) t=6ms (x4)
[1782980350.954][    +46.8s][PLAN_TRAJ_EXP] STATE EXEC_TRAJ -> PLAN_TRAJ_EXP [planGlobalPath: succeed]
[1782980350.959][    +46.8s][PLAN_TRAJ_EXP] STATE PLAN_TRAJ_EXP -> PLAN_TRAJ_EXP [safetyCallback: not safe, time:0.041240]
[1782980350.994][    +46.9s][EXEC_TRAJ] STATE PLAN_TRAJ_EXP -> EXEC_TRAJ [plan success: new traj pub]
[1782980351.004][    +46.9s][PLAN_TRAJ_EXP] STATE EXEC_TRAJ -> PLAN_TRAJ_EXP [safetyCallback: not safe, time:0.040575]
[1782980351.048][    +46.9s][PLAN_TRAJ_EXP] STATE EXEC_TRAJ -> PLAN_TRAJ_EXP [safetyCallback: not safe, time:0.029679] |  (prev cycle x1/0.0s)
[1782980351.058][    +46.9s][PLAN_TRAJ_EXP] STATE PLAN_TRAJ_EXP -> PLAN_TRAJ_EXP [safetyCallback: not safe, time:0.039173]
[1782980351.094][    +47.0s][EXEC_TRAJ] STATE PLAN_TRAJ_EXP -> EXEC_TRAJ [plan success: new traj pub]
[1782980351.104][    +47.0s][PLAN_TRAJ_EXP] STATE EXEC_TRAJ -> PLAN_TRAJ_EXP [avoidance released: replan from current pose]
[1782980351.138][    +47.0s][PLAN_TRAJ_EXP] STATE EXEC_TRAJ -> PLAN_TRAJ_EXP [safetyCallback: not safe, time:0.029760] |  (prev cycle x1/0.0s)
[1782980351.187][    +47.0s][PLAN_TRAJ_EXP] STATE EXEC_TRAJ -> PLAN_TRAJ_EXP [planGlobalPath: succeed] |  (prev cycle x1/0.0s)
[1782980351.190][    +47.1s][PLAN_TRAJ_EXP] STATE PLAN_TRAJ_EXP -> PLAN_TRAJ_EXP [safetyCallback: not safe, time:0.037326]
[1782980351.225][    +47.1s][PLAN_TRAJ_EXP] LOCAL EXP OK | why: escape traj (flyToSafeRegion) | t=33.4ms goal_d=0.6m (x104)
[1782980351.225][    +47.1s][EXEC_TRAJ] STATE PLAN_TRAJ_EXP -> EXEC_TRAJ [plan success: new traj pub]
[1782980351.226][    +47.1s][PLAN_TRAJ_EXP] STATE EXEC_TRAJ -> PLAN_TRAJ_EXP [safetyCallback: not safe, time:0.031124]
[1782980351.270][    +47.1s][PLAN_TRAJ_EXP] STATE EXEC_TRAJ -> PLAN_TRAJ_EXP [safetyCallback: not safe, time:0.031244] |  (prev cycle x1/0.0s)
[1782980351.313][    +47.2s][PLAN_TRAJ_EXP] STATE EXEC_TRAJ -> PLAN_TRAJ_EXP [safetyCallback: not safe, time:0.029356] |  (prev cycle x1/0.0s)
[1782980351.359][    +47.2s][PLAN_TRAJ_EXP] STATE EXEC_TRAJ -> PLAN_TRAJ_EXP [safetyCallback: not safe, time:0.032263] |  (prev cycle x1/0.0s)
[1782980351.405][    +47.3s][PLAN_TRAJ_EXP] STATE EXEC_TRAJ -> PLAN_TRAJ_EXP [planGlobalPath: succeed] |  (prev cycle x1/0.0s)
[1782980351.405][    +47.3s][PLAN_TRAJ_EXP] STATE PLAN_TRAJ_EXP -> PLAN_TRAJ_EXP [safetyCallback: not safe, time:0.035282]
[1782980351.443][    +47.3s][EXEC_TRAJ] STATE PLAN_TRAJ_EXP -> EXEC_TRAJ [plan success: new traj pub]
[1782980351.453][    +47.3s][PLAN_TRAJ_EXP] STATE EXEC_TRAJ -> PLAN_TRAJ_EXP [safetyCallback: not safe, time:0.041153]
[1782980351.457][    +47.3s][PLAN_TRAJ_EXP] STATE PLAN_TRAJ_EXP -> PLAN_TRAJ_EXP [safetyCallback: not safe, time:0.044757]
[1782980351.497][    +47.4s][EXEC_TRAJ] STATE PLAN_TRAJ_EXP -> EXEC_TRAJ [plan success: new traj pub]
[1782980351.501][    +47.4s][PLAN_TRAJ_EXP] STATE EXEC_TRAJ -> PLAN_TRAJ_EXP [safetyCallback: not safe, time:0.034300]
[1782980351.550][    +47.4s][PLAN_TRAJ_EXP] STATE EXEC_TRAJ -> PLAN_TRAJ_EXP [safetyCallback: not safe, time:0.039924] |  (prev cycle x1/0.0s)
[1782980351.557][    +47.4s][PLAN_TRAJ_EXP] STATE PLAN_TRAJ_EXP -> PLAN_TRAJ_EXP [safetyCallback: not safe, time:0.046883]
[1782980351.597][    +47.5s][EXEC_TRAJ] STATE PLAN_TRAJ_EXP -> EXEC_TRAJ [plan success: new traj pub]
[1782980351.606][    +47.5s][PLAN_TRAJ_EXP] STATE EXEC_TRAJ -> PLAN_TRAJ_EXP [safetyCallback: not safe, time:0.042757]
[1782980351.617][    +47.5s][PLAN_TRAJ_EXP] STATE PLAN_TRAJ_EXP -> PLAN_TRAJ_EXP [planGlobalPath: succeed]
[1782980351.651][    +47.5s][EXEC_TRAJ] STATE PLAN_TRAJ_EXP -> EXEC_TRAJ [plan success: new traj pub]
[1782980351.659][    +47.5s][PLAN_TRAJ_EXP] STATE EXEC_TRAJ -> PLAN_TRAJ_EXP [safetyCallback: not safe, time:0.037870]
[1782980351.706][    +47.6s][PLAN_TRAJ_EXP] STATE EXEC_TRAJ -> PLAN_TRAJ_EXP [safetyCallback: not safe, time:0.040961] |  (prev cycle x1/0.0s)
[1782980351.750][    +47.6s][PLAN_TRAJ_EXP] STATE EXEC_TRAJ -> PLAN_TRAJ_EXP [safetyCallback: not safe, time:0.040225] |  (prev cycle x1/0.0s)
[1782980351.761][    +47.6s][PLAN_TRAJ_EXP] STATE PLAN_TRAJ_EXP -> PLAN_TRAJ_EXP [safetyCallback: not safe, time:0.051322]
[1782980351.797][    +47.7s][EXEC_TRAJ] STATE PLAN_TRAJ_EXP -> EXEC_TRAJ [plan success: new traj pub]
[1782980351.802][    +47.7s][PLAN_TRAJ_EXP] STATE EXEC_TRAJ -> PLAN_TRAJ_EXP [safetyCallback: not safe, time:0.035860]
[1782980351.854][    +47.7s][PLAN_TRAJ_EXP] STATE EXEC_TRAJ -> PLAN_TRAJ_EXP [planGlobalPath: succeed] |  (prev cycle x1/0.1s)
[1782980351.890][    +47.8s][PLAN_TRAJ_EXP] STATE EXEC_TRAJ -> PLAN_TRAJ_EXP [safetyCallback: not safe, time:0.031227] |  (prev cycle x1/0.0s)
[1782980351.932][    +47.8s][PLAN_TRAJ_EXP] STATE EXEC_TRAJ -> PLAN_TRAJ_EXP [safetyCallback: not safe, time:0.030597] |  (prev cycle x1/0.0s)
[1782980351.977][    +47.8s][PLAN_TRAJ_EXP] STATE EXEC_TRAJ -> PLAN_TRAJ_EXP [safetyCallback: not safe, time:0.031395] |  (prev cycle x1/0.0s)
[1782980352.019][    +47.9s][PLAN_TRAJ_EXP] STATE EXEC_TRAJ -> PLAN_TRAJ_EXP [safetyCallback: not safe, time:0.029638] |  (prev cycle x1/0.0s)
[1782980352.068][    +47.9s][EXEC_TRAJ] GLOBAL result=OK | clusters=2(reach 1) vp=1(reach 1) pipe[tot=2 dorm=1 unreach=0 cons=1 nocand=0 topo=0 novis=0 ok=1] tour=2n/0.5m goal=(4.1, 2.9, 0.9) t=5ms (x4)
[1782980352.068][    +47.9s][PLAN_TRAJ_EXP] STATE EXEC_TRAJ -> PLAN_TRAJ_EXP [planGlobalPath: succeed] |  (prev cycle x1/0.0s)
[1782980352.069][    +47.9s][PLAN_TRAJ_EXP] STATE PLAN_TRAJ_EXP -> PLAN_TRAJ_EXP [safetyCallback: not safe, time:0.037219]
[1782980352.106][    +48.0s][EXEC_TRAJ] STATE PLAN_TRAJ_EXP -> EXEC_TRAJ [plan success: new traj pub]
[1782980352.107][    +48.0s][PLAN_TRAJ_EXP] STATE EXEC_TRAJ -> PLAN_TRAJ_EXP [safetyCallback: not safe, time:0.031167]
[1782980352.157][    +48.0s][PLAN_TRAJ_EXP] STATE EXEC_TRAJ -> PLAN_TRAJ_EXP [safetyCallback: not safe, time:0.032888] |  (prev cycle x1/0.0s)
[1782980352.206][    +48.1s][PLAN_TRAJ_EXP] STATE EXEC_TRAJ -> PLAN_TRAJ_EXP [safetyCallback: not safe, time:0.041741] |  (prev cycle x1/0.0s)
[1782980352.251][    +48.1s][PLAN_TRAJ_EXP] STATE EXEC_TRAJ -> PLAN_TRAJ_EXP [safetyCallback: not safe, time:0.041196] |  (prev cycle x1/0.0s)
[1782980352.257][    +48.1s][PLAN_TRAJ_EXP] STATE PLAN_TRAJ_EXP -> PLAN_TRAJ_EXP [safetyCallback: not safe, time:0.046719]
[1782980352.295][    +48.2s][EXEC_TRAJ] STATE PLAN_TRAJ_EXP -> EXEC_TRAJ [plan success: new traj pub]
[1782980352.312][    +48.2s][PLAN_TRAJ_EXP] STATE EXEC_TRAJ -> PLAN_TRAJ_EXP [planGlobalPath: succeed]
[1782980352.313][    +48.2s][PLAN_TRAJ_EXP] STATE PLAN_TRAJ_EXP -> PLAN_TRAJ_EXP [safetyCallback: not safe, time:0.048938]
[1782980352.347][    +48.2s][EXEC_TRAJ] STATE PLAN_TRAJ_EXP -> EXEC_TRAJ [plan success: new traj pub]
[1782980352.359][    +48.2s][PLAN_TRAJ_EXP] STATE EXEC_TRAJ -> PLAN_TRAJ_EXP [safetyCallback: not safe, time:0.043640]
[1782980352.403][    +48.3s][PLAN_TRAJ_EXP] STATE EXEC_TRAJ -> PLAN_TRAJ_EXP [safetyCallback: not safe, time:0.039266] |  (prev cycle x1/0.0s)
[1782980352.447][    +48.3s][PLAN_TRAJ_EXP] STATE EXEC_TRAJ -> PLAN_TRAJ_EXP [safetyCallback: not safe, time:0.041066] |  (prev cycle x1/0.0s)
[1782980352.457][    +48.3s][PLAN_TRAJ_EXP] STATE PLAN_TRAJ_EXP -> PLAN_TRAJ_EXP [safetyCallback: not safe, time:0.050708]
[1782980352.492][    +48.4s][EXEC_TRAJ] STATE PLAN_TRAJ_EXP -> EXEC_TRAJ [plan success: new traj pub]
[1782980352.502][    +48.4s][PLAN_TRAJ_EXP] STATE EXEC_TRAJ -> PLAN_TRAJ_EXP [safetyCallback: not safe, time:0.040040]
[1782980352.542][    +48.4s][PLAN_TRAJ_EXP] STATE EXEC_TRAJ -> PLAN_TRAJ_EXP [planGlobalPath: succeed] |  (prev cycle x1/0.0s)
[1782980352.581][    +48.4s][PLAN_TRAJ_EXP] STATE EXEC_TRAJ -> PLAN_TRAJ_EXP [safetyCallback: not safe, time:0.031676] |  (prev cycle x1/0.0s)
[1782980352.624][    +48.5s][PLAN_TRAJ_EXP] STATE EXEC_TRAJ -> PLAN_TRAJ_EXP [safetyCallback: not safe, time:0.031113] |  (prev cycle x1/0.0s)
[1782980352.669][    +48.5s][PLAN_TRAJ_EXP] STATE EXEC_TRAJ -> PLAN_TRAJ_EXP [safetyCallback: not safe, time:0.031293] |  (prev cycle x1/0.0s)
[1782980352.713][    +48.6s][PLAN_TRAJ_EXP] STATE EXEC_TRAJ -> PLAN_TRAJ_EXP [safetyCallback: not safe, time:0.031518] |  (prev cycle x1/0.0s)
[1782980352.783][    +48.6s][PLAN_TRAJ_EXP] STATE EXEC_TRAJ -> PLAN_TRAJ_EXP [planGlobalPath: succeed] |  (prev cycle x1/0.1s)
[1782980352.784][    +48.6s][PLAN_TRAJ_EXP] STATE PLAN_TRAJ_EXP -> PLAN_TRAJ_EXP [safetyCallback: not safe, time:0.058857]
[1782980352.819][    +48.7s][EXEC_TRAJ] STATE PLAN_TRAJ_EXP -> EXEC_TRAJ [plan success: new traj pub]
[1782980352.820][    +48.7s][PLAN_TRAJ_EXP] STATE EXEC_TRAJ -> PLAN_TRAJ_EXP [safetyCallback: not safe, time:0.031249]
[1782980352.866][    +48.7s][PLAN_TRAJ_EXP] STATE EXEC_TRAJ -> PLAN_TRAJ_EXP [safetyCallback: not safe, time:0.031147] |  (prev cycle x1/0.0s)
[1782980352.909][    +48.8s][PLAN_TRAJ_EXP] STATE EXEC_TRAJ -> PLAN_TRAJ_EXP [safetyCallback: not safe, time:0.031642] |  (prev cycle x1/0.0s)
[1782980352.957][    +48.8s][PLAN_TRAJ_EXP] STATE EXEC_TRAJ -> PLAN_TRAJ_EXP [safetyCallback: not safe, time:0.034763] |  (prev cycle x1/0.0s)
[1782980353.007][    +48.9s][PLAN_TRAJ_EXP] STATE EXEC_TRAJ -> PLAN_TRAJ_EXP [planGlobalPath: succeed] |  (prev cycle x1/0.1s)
[1782980353.042][    +48.9s][PLAN_TRAJ_EXP] STATE EXEC_TRAJ -> PLAN_TRAJ_EXP [safetyCallback: not safe, time:0.031879] |  (prev cycle x1/0.0s)
[1782980353.086][    +48.9s][PLAN_TRAJ_EXP] STATE EXEC_TRAJ -> PLAN_TRAJ_EXP [safetyCallback: not safe, time:0.032272] |  (prev cycle x1/0.0s)
[1782980353.129][    +49.0s][PLAN_TRAJ_EXP] STATE EXEC_TRAJ -> PLAN_TRAJ_EXP [safetyCallback: not safe, time:0.031206] |  (prev cycle x1/0.0s)
[1782980353.173][    +49.0s][PLAN_TRAJ_EXP] STATE EXEC_TRAJ -> PLAN_TRAJ_EXP [safetyCallback: not safe, time:0.032153] |  (prev cycle x1/0.0s)
[1782980353.217][    +49.1s][PLAN_TRAJ_EXP] STATE EXEC_TRAJ -> PLAN_TRAJ_EXP [safetyCallback: not safe, time:0.031495] |  (prev cycle x1/0.0s)
[1782980353.227][    +49.1s][PLAN_TRAJ_EXP] GLOBAL result=OK | clusters=2(reach 1) vp=1(reach 1) pipe[tot=2 dorm=1 unreach=0 cons=1 nocand=0 topo=0 novis=0 ok=1] tour=2n/0.6m goal=(4.1, 2.9, 0.9) t=8ms (x4)
[1782980353.227][    +49.1s][PLAN_TRAJ_EXP] STATE PLAN_TRAJ_EXP -> PLAN_TRAJ_EXP [planGlobalPath: succeed]
[1782980353.260][    +49.1s][EXEC_TRAJ] STATE PLAN_TRAJ_EXP -> EXEC_TRAJ [plan success: new traj pub]
[1782980353.262][    +49.1s][PLAN_TRAJ_EXP] STATE EXEC_TRAJ -> PLAN_TRAJ_EXP [safetyCallback: not safe, time:0.031442]
[1782980353.305][    +49.2s][PLAN_TRAJ_EXP] STATE EXEC_TRAJ -> PLAN_TRAJ_EXP [safetyCallback: not safe, time:0.031351] |  (prev cycle x1/0.0s)
[1782980353.358][    +49.2s][PLAN_TRAJ_EXP] STATE EXEC_TRAJ -> PLAN_TRAJ_EXP [safetyCallback: not safe, time:0.040270] |  (prev cycle x1/0.1s)
[1782980353.359][    +49.2s][PLAN_TRAJ_EXP] STATE PLAN_TRAJ_EXP -> PLAN_TRAJ_EXP [safetyCallback: not safe, time:0.041870]
[1782980353.401][    +49.3s][EXEC_TRAJ] STATE PLAN_TRAJ_EXP -> EXEC_TRAJ [plan success: new traj pub]
[1782980353.403][    +49.3s][PLAN_TRAJ_EXP] STATE EXEC_TRAJ -> PLAN_TRAJ_EXP [safetyCallback: not safe, time:0.031722]
[1782980353.452][    +49.3s][PLAN_TRAJ_EXP] STATE EXEC_TRAJ -> PLAN_TRAJ_EXP [planGlobalPath: succeed] |  (prev cycle x1/0.0s)
[1782980353.492][    +49.4s][PLAN_TRAJ_EXP] STATE EXEC_TRAJ -> PLAN_TRAJ_EXP [safetyCallback: not safe, time:0.031445] |  (prev cycle x1/0.0s)
[1782980353.502][    +49.4s][PLAN_TRAJ_EXP] STATE PLAN_TRAJ_EXP -> PLAN_TRAJ_EXP [safetyCallback: not safe, time:0.040999]
[1782980353.537][    +49.4s][EXEC_TRAJ] STATE PLAN_TRAJ_EXP -> EXEC_TRAJ [plan success: new traj pub]
[1782980353.548][    +49.4s][PLAN_TRAJ_EXP] STATE EXEC_TRAJ -> PLAN_TRAJ_EXP [safetyCallback: not safe, time:0.041020]
[1782980353.551][    +49.4s][PLAN_TRAJ_EXP] STATE PLAN_TRAJ_EXP -> PLAN_TRAJ_EXP [safetyCallback: not safe, time:0.044913]
[1782980353.591][    +49.5s][EXEC_TRAJ] STATE PLAN_TRAJ_EXP -> EXEC_TRAJ [plan success: new traj pub]
[1782980353.602][    +49.5s][PLAN_TRAJ_EXP] STATE EXEC_TRAJ -> PLAN_TRAJ_EXP [safetyCallback: not safe, time:0.041685]
[1782980353.646][    +49.5s][PLAN_TRAJ_EXP] STATE EXEC_TRAJ -> PLAN_TRAJ_EXP [safetyCallback: not safe, time:0.039954] |  (prev cycle x1/0.0s)
[1782980353.670][    +49.5s][PLAN_TRAJ_EXP] STATE PLAN_TRAJ_EXP -> PLAN_TRAJ_EXP [planGlobalPath: succeed]
[1782980353.671][    +49.5s][PLAN_TRAJ_EXP] STATE PLAN_TRAJ_EXP -> PLAN_TRAJ_EXP [safetyCallback: not safe, time:0.064881]
[1782980353.706][    +49.6s][EXEC_TRAJ] STATE PLAN_TRAJ_EXP -> EXEC_TRAJ [plan success: new traj pub]
[1782980353.708][    +49.6s][PLAN_TRAJ_EXP] STATE EXEC_TRAJ -> PLAN_TRAJ_EXP [safetyCallback: not safe, time:0.032920]
[1782980353.757][    +49.6s][PLAN_TRAJ_EXP] STATE EXEC_TRAJ -> PLAN_TRAJ_EXP [safetyCallback: not safe, time:0.037338] |  (prev cycle x1/0.0s)
[1782980353.801][    +49.7s][PLAN_TRAJ_EXP] STATE EXEC_TRAJ -> PLAN_TRAJ_EXP [safetyCallback: not safe, time:0.037698] |  (prev cycle x1/0.0s)
[1782980353.848][    +49.7s][PLAN_TRAJ_EXP] STATE EXEC_TRAJ -> PLAN_TRAJ_EXP [safetyCallback: not safe, time:0.040810] |  (prev cycle x1/0.0s)
[1782980353.857][    +49.7s][PLAN_TRAJ_EXP] STATE PLAN_TRAJ_EXP -> PLAN_TRAJ_EXP [safetyCallback: not safe, time:0.049207]
[1782980353.893][    +49.8s][EXEC_TRAJ] STATE PLAN_TRAJ_EXP -> EXEC_TRAJ [plan success: new traj pub]
[1782980353.899][    +49.8s][PLAN_TRAJ_EXP] STATE EXEC_TRAJ -> PLAN_TRAJ_EXP [planGlobalPath: succeed]
[1782980353.903][    +49.8s][PLAN_TRAJ_EXP] STATE PLAN_TRAJ_EXP -> PLAN_TRAJ_EXP [safetyCallback: not safe, time:0.038823]
[1782980353.938][    +49.8s][EXEC_TRAJ] STATE PLAN_TRAJ_EXP -> EXEC_TRAJ [plan success: new traj pub]
[1782980353.948][    +49.8s][PLAN_TRAJ_EXP] STATE EXEC_TRAJ -> PLAN_TRAJ_EXP [safetyCallback: not safe, time:0.036502]
[1782980353.957][    +49.8s][PLAN_TRAJ_EXP] STATE PLAN_TRAJ_EXP -> PLAN_TRAJ_EXP [safetyCallback: not safe, time:0.045503]
[1782980353.991][    +49.9s][EXEC_TRAJ] STATE PLAN_TRAJ_EXP -> EXEC_TRAJ [plan success: new traj pub]
[1782980354.004][    +49.9s][PLAN_TRAJ_EXP] STATE EXEC_TRAJ -> PLAN_TRAJ_EXP [safetyCallback: not safe, time:0.042410]
[1782980354.053][    +49.9s][PLAN_TRAJ_EXP] STATE EXEC_TRAJ -> PLAN_TRAJ_EXP [safetyCallback: not safe, time:0.043997] |  (prev cycle x1/0.0s)
[1782980354.056][    +49.9s][PLAN_TRAJ_EXP] STATE PLAN_TRAJ_EXP -> PLAN_TRAJ_EXP [safetyCallback: not safe, time:0.047722]
[1782980354.097][    +50.0s][EXEC_TRAJ] STATE PLAN_TRAJ_EXP -> EXEC_TRAJ [plan success: new traj pub]
[1782980354.120][    +50.0s][PLAN_TRAJ_EXP] STATE EXEC_TRAJ -> PLAN_TRAJ_EXP [planGlobalPath: succeed]
[1782980354.122][    +50.0s][PLAN_TRAJ_EXP] STATE PLAN_TRAJ_EXP -> PLAN_TRAJ_EXP [safetyCallback: not safe, time:0.054063]
[1782980354.156][    +50.0s][EXEC_TRAJ] STATE PLAN_TRAJ_EXP -> EXEC_TRAJ [plan success: new traj pub]
[1782980354.165][    +50.0s][PLAN_TRAJ_EXP] STATE EXEC_TRAJ -> PLAN_TRAJ_EXP [safetyCallback: not safe, time:0.039534]
[1782980354.204][    +50.1s][PLAN_TRAJ_EXP] STATE EXEC_TRAJ -> PLAN_TRAJ_EXP [safetyCallback: not safe, time:0.035261] |  (prev cycle x1/0.0s)
[1782980354.255][    +50.1s][PLAN_TRAJ_EXP] STATE EXEC_TRAJ -> PLAN_TRAJ_EXP [safetyCallback: not safe, time:0.040195] |  (prev cycle x1/0.1s)
[1782980354.257][    +50.1s][PLAN_TRAJ_EXP] STATE PLAN_TRAJ_EXP -> PLAN_TRAJ_EXP [safetyCallback: not safe, time:0.042218]
[1782980354.298][    +50.2s][EXEC_TRAJ] STATE PLAN_TRAJ_EXP -> EXEC_TRAJ [plan success: new traj pub]
[1782980354.302][    +50.2s][PLAN_TRAJ_EXP] STATE EXEC_TRAJ -> PLAN_TRAJ_EXP [safetyCallback: not safe, time:0.033893]
[1782980354.373][    +50.2s][EXEC_TRAJ] GLOBAL result=OK | clusters=2(reach 1) vp=1(reach 1) pipe[tot=2 dorm=1 unreach=0 cons=1 nocand=0 topo=0 novis=0 ok=1] tour=2n/0.6m goal=(4.1, 2.9, 0.9) t=31ms (x4)
[1782980354.373][    +50.2s][PLAN_TRAJ_EXP] STATE EXEC_TRAJ -> PLAN_TRAJ_EXP [planGlobalPath: succeed] |  (prev cycle x1/0.1s)
[1782980354.409][    +50.3s][PLAN_TRAJ_EXP] STATE EXEC_TRAJ -> PLAN_TRAJ_EXP [safetyCallback: not safe, time:0.033357] |  (prev cycle x1/0.0s)
[1782980354.456][    +50.3s][PLAN_TRAJ_EXP] STATE EXEC_TRAJ -> PLAN_TRAJ_EXP [safetyCallback: not safe, time:0.036783] |  (prev cycle x1/0.0s)
[1782980354.502][    +50.4s][PLAN_TRAJ_EXP] STATE EXEC_TRAJ -> PLAN_TRAJ_EXP [safetyCallback: not safe, time:0.038578] |  (prev cycle x1/0.0s)
[1782980354.547][    +50.4s][PLAN_TRAJ_EXP] STATE EXEC_TRAJ -> PLAN_TRAJ_EXP [safetyCallback: not safe, time:0.040273] |  (prev cycle x1/0.0s)
[1782980354.556][    +50.4s][PLAN_TRAJ_EXP] STATE PLAN_TRAJ_EXP -> PLAN_TRAJ_EXP [safetyCallback: not safe, time:0.048932]
[1782980354.591][    +50.5s][EXEC_TRAJ] STATE PLAN_TRAJ_EXP -> EXEC_TRAJ [plan success: new traj pub]
[1782980354.616][    +50.5s][PLAN_TRAJ_EXP] STATE EXEC_TRAJ -> PLAN_TRAJ_EXP [planGlobalPath: succeed]
[1782980354.652][    +50.5s][PLAN_TRAJ_EXP] STATE EXEC_TRAJ -> PLAN_TRAJ_EXP [safetyCallback: not safe, time:0.032583] |  (prev cycle x1/0.0s)
[1782980354.657][    +50.5s][PLAN_TRAJ_EXP] STATE PLAN_TRAJ_EXP -> PLAN_TRAJ_EXP [safetyCallback: not safe, time:0.037709]
[1782980354.694][    +50.6s][EXEC_TRAJ] STATE PLAN_TRAJ_EXP -> EXEC_TRAJ [plan success: new traj pub]
[1782980354.703][    +50.6s][PLAN_TRAJ_EXP] STATE EXEC_TRAJ -> PLAN_TRAJ_EXP [safetyCallback: not safe, time:0.039108]
[1782980354.748][    +50.6s][PLAN_TRAJ_EXP] STATE EXEC_TRAJ -> PLAN_TRAJ_EXP [safetyCallback: not safe, time:0.040059] |  (prev cycle x1/0.0s)
[1782980354.756][    +50.6s][PLAN_TRAJ_EXP] STATE PLAN_TRAJ_EXP -> PLAN_TRAJ_EXP [safetyCallback: not safe, time:0.048152]
[1782980354.791][    +50.7s][EXEC_TRAJ] STATE PLAN_TRAJ_EXP -> EXEC_TRAJ [plan success: new traj pub]
[1782980354.803][    +50.7s][PLAN_TRAJ_EXP] STATE EXEC_TRAJ -> PLAN_TRAJ_EXP [safetyCallback: not safe, time:0.041217]
[1782980354.852][    +50.7s][PLAN_TRAJ_EXP] STATE EXEC_TRAJ -> PLAN_TRAJ_EXP [planGlobalPath: succeed] |  (prev cycle x1/0.0s)
[1782980354.886][    +50.7s][PLAN_TRAJ_EXP] STATE EXEC_TRAJ -> PLAN_TRAJ_EXP [safetyCallback: not safe, time:0.030594] |  (prev cycle x1/0.0s)
[1782980354.932][    +50.8s][PLAN_TRAJ_EXP] STATE EXEC_TRAJ -> PLAN_TRAJ_EXP [safetyCallback: not safe, time:0.032557] |  (prev cycle x1/0.0s)
[1782980354.974][    +50.8s][PLAN_TRAJ_EXP] STATE EXEC_TRAJ -> PLAN_TRAJ_EXP [safetyCallback: not safe, time:0.031258] |  (prev cycle x1/0.0s)
[1782980355.018][    +50.9s][PLAN_TRAJ_EXP] STATE EXEC_TRAJ -> PLAN_TRAJ_EXP [safetyCallback: not safe, time:0.031467] |  (prev cycle x1/0.0s)
[1782980355.069][    +50.9s][PLAN_TRAJ_EXP] STATE EXEC_TRAJ -> PLAN_TRAJ_EXP [planGlobalPath: succeed] |  (prev cycle x1/0.1s)
[1782980355.069][    +50.9s][PLAN_TRAJ_EXP] STATE PLAN_TRAJ_EXP -> PLAN_TRAJ_EXP [safetyCallback: not safe, time:0.038789]
[1782980355.104][    +51.0s][EXEC_TRAJ] STATE PLAN_TRAJ_EXP -> EXEC_TRAJ [plan success: new traj pub]
[1782980355.108][    +51.0s][PLAN_TRAJ_EXP] STATE EXEC_TRAJ -> PLAN_TRAJ_EXP [safetyCallback: not safe, time:0.033822]
[1782980355.155][    +51.0s][PLAN_TRAJ_EXP] STATE EXEC_TRAJ -> PLAN_TRAJ_EXP [safetyCallback: not safe, time:0.034013] |  (prev cycle x1/0.0s)
[1782980355.205][    +51.1s][PLAN_TRAJ_EXP] STATE EXEC_TRAJ -> PLAN_TRAJ_EXP [safetyCallback: not safe, time:0.040973] |  (prev cycle x1/0.0s)
[1782980355.208][    +51.1s][PLAN_TRAJ_EXP] STATE PLAN_TRAJ_EXP -> PLAN_TRAJ_EXP [safetyCallback: not safe, time:0.043700]
[1782980355.249][    +51.1s][EXEC_TRAJ] STATE PLAN_TRAJ_EXP -> EXEC_TRAJ [plan success: new traj pub]
[1782980355.250][    +51.1s][PLAN_TRAJ_EXP] STATE EXEC_TRAJ -> PLAN_TRAJ_EXP [safetyCallback: not safe, time:0.032438]
[1782980355.298][    +51.2s][PLAN_TRAJ_EXP] STATE EXEC_TRAJ -> PLAN_TRAJ_EXP [planGlobalPath: succeed] |  (prev cycle x1/0.0s)
[1782980355.340][    +51.2s][PLAN_TRAJ_EXP] STATE EXEC_TRAJ -> PLAN_TRAJ_EXP [safetyCallback: not safe, time:0.034099] |  (prev cycle x1/0.0s)
[1782980355.382][    +51.2s][PLAN_TRAJ_EXP] STATE EXEC_TRAJ -> PLAN_TRAJ_EXP [safetyCallback: not safe, time:0.030319] |  (prev cycle x1/0.0s)
[1782980355.432][    +51.3s][PLAN_TRAJ_EXP] STATE EXEC_TRAJ -> PLAN_TRAJ_EXP [safetyCallback: not safe, time:0.035910] |  (prev cycle x1/0.0s)
[1782980355.470][    +51.3s][PLAN_TRAJ_EXP] STATE EXEC_TRAJ -> PLAN_TRAJ_EXP [safetyCallback: not safe, time:0.031111] |  (prev cycle x1/0.0s)
[1782980355.518][    +51.4s][EXEC_TRAJ] GLOBAL result=OK | clusters=2(reach 1) vp=1(reach 1) pipe[tot=2 dorm=1 unreach=0 cons=1 nocand=0 topo=0 novis=0 ok=1] tour=2n/0.6m goal=(4.1, 2.9, 0.9) t=4ms (x4)
[1782980355.518][    +51.4s][PLAN_TRAJ_EXP] STATE EXEC_TRAJ -> PLAN_TRAJ_EXP [planGlobalPath: succeed] |  (prev cycle x1/0.0s)
[1782980355.520][    +51.4s][PLAN_TRAJ_EXP] STATE PLAN_TRAJ_EXP -> PLAN_TRAJ_EXP [safetyCallback: not safe, time:0.037245]
[1782980355.559][    +51.4s][EXEC_TRAJ] STATE PLAN_TRAJ_EXP -> EXEC_TRAJ [plan success: new traj pub]
[1782980355.559][    +51.4s][PLAN_TRAJ_EXP] STATE EXEC_TRAJ -> PLAN_TRAJ_EXP [safetyCallback: not safe, time:0.030510]
[1782980355.608][    +51.5s][PLAN_TRAJ_EXP] STATE EXEC_TRAJ -> PLAN_TRAJ_EXP [safetyCallback: not safe, time:0.034579] |  (prev cycle x1/0.0s)
[1782980355.655][    +51.5s][PLAN_TRAJ_EXP] STATE EXEC_TRAJ -> PLAN_TRAJ_EXP [safetyCallback: not safe, time:0.038238] |  (prev cycle x1/0.0s)
[1782980355.657][    +51.5s][PLAN_TRAJ_EXP] STATE PLAN_TRAJ_EXP -> PLAN_TRAJ_EXP [avoidance released: replan from current pose]
[1782980355.690][    +51.6s][EXEC_TRAJ] STATE PLAN_TRAJ_EXP -> EXEC_TRAJ [plan success: new traj pub]
[1782980355.700][    +51.6s][PLAN_TRAJ_EXP] STATE EXEC_TRAJ -> PLAN_TRAJ_EXP [safetyCallback: not safe, time:0.038751]
[1782980355.702][    +51.6s][PLAN_TRAJ_EXP] STATE PLAN_TRAJ_EXP -> PLAN_TRAJ_EXP [safetyCallback: not safe, time:0.040171]
[1782980355.744][    +51.6s][EXEC_TRAJ] STATE PLAN_TRAJ_EXP -> EXEC_TRAJ [plan success: new traj pub]
[1782980355.755][    +51.6s][PLAN_TRAJ_EXP] STATE EXEC_TRAJ -> PLAN_TRAJ_EXP [planGlobalPath: succeed]
[1782980355.790][    +51.7s][PLAN_TRAJ_EXP] STATE EXEC_TRAJ -> PLAN_TRAJ_EXP [safetyCallback: not safe, time:0.030154] |  (prev cycle x1/0.0s)
[1782980355.835][    +51.7s][PLAN_TRAJ_EXP] STATE EXEC_TRAJ -> PLAN_TRAJ_EXP [safetyCallback: not safe, time:0.030002] |  (prev cycle x1/0.0s)
[1782980355.879][    +51.7s][PLAN_TRAJ_EXP] STATE EXEC_TRAJ -> PLAN_TRAJ_EXP [safetyCallback: not safe, time:0.030282] |  (prev cycle x1/0.0s)
[1782980355.925][    +51.8s][PLAN_TRAJ_EXP] STATE EXEC_TRAJ -> PLAN_TRAJ_EXP [safetyCallback: not safe, time:0.031233] |  (prev cycle x1/0.0s)
[1782980355.934][    +51.8s][PLAN_TRAJ_EXP] STATE PLAN_TRAJ_EXP -> PLAN_TRAJ_EXP [avoidance released: replan from current pose]
[1782980355.967][    +51.8s][EXEC_TRAJ] STATE PLAN_TRAJ_EXP -> EXEC_TRAJ [plan success: new traj pub]
[1782980355.968][    +51.8s][PLAN_TRAJ_EXP] STATE EXEC_TRAJ -> PLAN_TRAJ_EXP [safetyCallback: not safe, time:0.030318]
[1782980355.974][    +51.8s][PLAN_TRAJ_EXP] STATE PLAN_TRAJ_EXP -> PLAN_TRAJ_EXP [planGlobalPath: succeed]
[1782980356.011][    +51.9s][PLAN_TRAJ_EXP] STATE PLAN_TRAJ_EXP -> PLAN_TRAJ_EXP [PLAN_TRAJ_EXP: plan failed]
[1782980356.013][    +51.9s][PLAN_TRAJ_EXP] STATE PLAN_TRAJ_EXP -> PLAN_TRAJ_EXP [safetyCallback: not safe, time:0.075313]
[1782980356.021][    +51.9s][PLAN_TRAJ_EXP] STUCK no motion >8s in PLAN_TRAJ_EXP | last-local: post-check: new traj collides within 1s | pos=(3.90, 2.77, 1.42) still=27s (prev cycle x35/5.2s)
[1782980356.055][    +51.9s][EXEC_TRAJ] STATE PLAN_TRAJ_EXP -> EXEC_TRAJ [plan success: new traj pub]
[1782980356.058][    +51.9s][PLAN_TRAJ_EXP] STATE EXEC_TRAJ -> PLAN_TRAJ_EXP [safetyCallback: not safe, time:0.033370]
[1782980356.108][    +52.0s][PLAN_TRAJ_EXP] STATE EXEC_TRAJ -> PLAN_TRAJ_EXP [safetyCallback: not safe, time:0.040325] |  (prev cycle x1/0.0s)
[1782980356.154][    +52.0s][EXEC_TRAJ] STUCK no motion >8s in EXEC_TRAJ | last-local: escape traj (flyToSafeRegion) | pos=(3.90, 2.77, 1.42) still=27s (prev cycle x1/0.1s)
[1782980356.154][    +52.0s][PLAN_TRAJ_EXP] STATE EXEC_TRAJ -> PLAN_TRAJ_EXP [safetyCallback: not safe, time:0.040230] |  (prev cycle x1/0.0s)
[1782980356.156][    +52.0s][PLAN_TRAJ_EXP] STATE PLAN_TRAJ_EXP -> PLAN_TRAJ_EXP [safetyCallback: not safe, time:0.041577]
[1782980356.198][    +52.1s][EXEC_TRAJ] STATE PLAN_TRAJ_EXP -> EXEC_TRAJ [plan success: new traj pub]
[1782980356.212][    +52.1s][PLAN_TRAJ_EXP] STATE EXEC_TRAJ -> PLAN_TRAJ_EXP [planGlobalPath: succeed]
[1782980356.247][    +52.1s][PLAN_TRAJ_EXP] LOCAL EXP OK | why: escape traj (flyToSafeRegion) | t=33.4ms goal_d=0.6m (x104)
[1782980356.249][    +52.1s][PLAN_TRAJ_EXP] STATE EXEC_TRAJ -> PLAN_TRAJ_EXP [safetyCallback: not safe, time:0.031515] |  (prev cycle x1/0.0s)
[1782980356.258][    +52.1s][PLAN_TRAJ_EXP] STATE PLAN_TRAJ_EXP -> PLAN_TRAJ_EXP [avoidance released: replan from current pose]
[1782980356.291][    +52.2s][EXEC_TRAJ] STATE PLAN_TRAJ_EXP -> EXEC_TRAJ [plan success: new traj pub]
[1782980356.292][    +52.2s][PLAN_TRAJ_EXP] STATE EXEC_TRAJ -> PLAN_TRAJ_EXP [safetyCallback: not safe, time:0.030309]
[1782980356.339][    +52.2s][PLAN_TRAJ_EXP] STATE EXEC_TRAJ -> PLAN_TRAJ_EXP [safetyCallback: not safe, time:0.031021] |  (prev cycle x1/0.0s)
[1782980356.381][    +52.2s][PLAN_TRAJ_EXP] STATE EXEC_TRAJ -> PLAN_TRAJ_EXP [safetyCallback: not safe, time:0.030391] |  (prev cycle x1/0.0s)
[1782980356.425][    +52.3s][PLAN_TRAJ_EXP] STATE EXEC_TRAJ -> PLAN_TRAJ_EXP [safetyCallback: not safe, time:0.031941] |  (prev cycle x1/0.0s)
[1782980356.431][    +52.3s][PLAN_TRAJ_EXP] STATE PLAN_TRAJ_EXP -> PLAN_TRAJ_EXP [planGlobalPath: succeed]
[1782980356.470][    +52.3s][EXEC_TRAJ] STATE PLAN_TRAJ_EXP -> EXEC_TRAJ [plan success: new traj pub]
[1782980356.470][    +52.3s][PLAN_TRAJ_EXP] STATE EXEC_TRAJ -> PLAN_TRAJ_EXP [safetyCallback: not safe, time:0.030518]
[1782980356.515][    +52.4s][PLAN_TRAJ_EXP] STATE EXEC_TRAJ -> PLAN_TRAJ_EXP [safetyCallback: not safe, time:0.030386] |  (prev cycle x1/0.0s)
[1782980356.559][    +52.4s][PLAN_TRAJ_EXP] STATE EXEC_TRAJ -> PLAN_TRAJ_EXP [safetyCallback: not safe, time:0.032398] |  (prev cycle x1/0.0s)
[1782980356.609][    +52.5s][PLAN_TRAJ_EXP] STATE EXEC_TRAJ -> PLAN_TRAJ_EXP [safetyCallback: not safe, time:0.038492] |  (prev cycle x1/0.0s)
[1782980356.652][    +52.5s][EXEC_TRAJ] GLOBAL result=OK | clusters=2(reach 1) vp=1(reach 1) pipe[tot=2 dorm=1 unreach=0 cons=1 nocand=0 topo=0 novis=0 ok=1] tour=2n/0.6m goal=(4.1, 2.9, 0.9) t=7ms (x4)
[1782980356.652][    +52.5s][PLAN_TRAJ_EXP] STATE EXEC_TRAJ -> PLAN_TRAJ_EXP [planGlobalPath: succeed] |  (prev cycle x1/0.0s)
[1782980356.688][    +52.5s][PLAN_TRAJ_EXP] STATE EXEC_TRAJ -> PLAN_TRAJ_EXP [safetyCallback: not safe, time:0.029952] |  (prev cycle x1/0.0s)
[1782980356.732][    +52.6s][PLAN_TRAJ_EXP] STATE EXEC_TRAJ -> PLAN_TRAJ_EXP [safetyCallback: not safe, time:0.031433] |  (prev cycle x1/0.0s)
[1782980356.775][    +52.6s][PLAN_TRAJ_EXP] STATE EXEC_TRAJ -> PLAN_TRAJ_EXP [safetyCallback: not safe, time:0.030447] |  (prev cycle x1/0.0s)
[1782980356.819][    +52.7s][PLAN_TRAJ_EXP] STATE EXEC_TRAJ -> PLAN_TRAJ_EXP [safetyCallback: not safe, time:0.031521] |  (prev cycle x1/0.0s)
[1782980356.868][    +52.7s][PLAN_TRAJ_EXP] STATE EXEC_TRAJ -> PLAN_TRAJ_EXP [planGlobalPath: succeed] |  (prev cycle x1/0.0s)
[1782980356.870][    +52.7s][PLAN_TRAJ_EXP] STATE PLAN_TRAJ_EXP -> PLAN_TRAJ_EXP [safetyCallback: not safe, time:0.037855]
[1782980356.905][    +52.8s][EXEC_TRAJ] STATE PLAN_TRAJ_EXP -> EXEC_TRAJ [plan success: new traj pub]
[1782980356.907][    +52.8s][PLAN_TRAJ_EXP] STATE EXEC_TRAJ -> PLAN_TRAJ_EXP [safetyCallback: not safe, time:0.032064]
[1782980356.951][    +52.8s][PLAN_TRAJ_EXP] STATE EXEC_TRAJ -> PLAN_TRAJ_EXP [safetyCallback: not safe, time:0.032187] |  (prev cycle x1/0.0s)
[1782980357.002][    +52.9s][PLAN_TRAJ_EXP] STATE EXEC_TRAJ -> PLAN_TRAJ_EXP [safetyCallback: not safe, time:0.039944] |  (prev cycle x1/0.1s)
[1782980357.047][    +52.9s][PLAN_TRAJ_EXP] STATE EXEC_TRAJ -> PLAN_TRAJ_EXP [safetyCallback: not safe, time:0.040257] |  (prev cycle x1/0.0s)
[1782980357.052][    +52.9s][PLAN_TRAJ_EXP] STATE PLAN_TRAJ_EXP -> PLAN_TRAJ_EXP [safetyCallback: not safe, time:0.045281]
[1782980357.090][    +53.0s][EXEC_TRAJ] STATE PLAN_TRAJ_EXP -> EXEC_TRAJ [plan success: new traj pub]
[1782980357.117][    +53.0s][PLAN_TRAJ_EXP] STATE EXEC_TRAJ -> PLAN_TRAJ_EXP [planGlobalPath: succeed]
[1782980357.152][    +53.0s][PLAN_TRAJ_EXP] STATE EXEC_TRAJ -> PLAN_TRAJ_EXP [safetyCallback: not safe, time:0.032160] |  (prev cycle x1/0.0s)
[1782980357.155][    +53.0s][PLAN_TRAJ_EXP] STATE PLAN_TRAJ_EXP -> PLAN_TRAJ_EXP [safetyCallback: not safe, time:0.035424]
[1782980357.194][    +53.1s][EXEC_TRAJ] STATE PLAN_TRAJ_EXP -> EXEC_TRAJ [plan success: new traj pub]
[1782980357.204][    +53.1s][PLAN_TRAJ_EXP] STATE EXEC_TRAJ -> PLAN_TRAJ_EXP [safetyCallback: not safe, time:0.041009]
[1782980357.208][    +53.1s][PLAN_TRAJ_EXP] STATE PLAN_TRAJ_EXP -> PLAN_TRAJ_EXP [safetyCallback: not safe, time:0.044828]
[1782980357.248][    +53.1s][EXEC_TRAJ] STATE PLAN_TRAJ_EXP -> EXEC_TRAJ [plan success: new traj pub]
[1782980357.251][    +53.1s][PLAN_TRAJ_EXP] STATE EXEC_TRAJ -> PLAN_TRAJ_EXP [safetyCallback: not safe, time:0.033200]
[1782980357.302][    +53.2s][PLAN_TRAJ_EXP] STATE EXEC_TRAJ -> PLAN_TRAJ_EXP [safetyCallback: not safe, time:0.040553] |  (prev cycle x1/0.1s)
[1782980357.307][    +53.2s][PLAN_TRAJ_EXP] STATE PLAN_TRAJ_EXP -> PLAN_TRAJ_EXP [safetyCallback: not safe, time:0.045823]
[1782980357.345][    +53.2s][EXEC_TRAJ] STATE PLAN_TRAJ_EXP -> EXEC_TRAJ [plan success: new traj pub]
[1782980357.351][    +53.2s][PLAN_TRAJ_EXP] STATE EXEC_TRAJ -> PLAN_TRAJ_EXP [planGlobalPath: succeed]
[1782980357.395][    +53.3s][PLAN_TRAJ_EXP] STATE EXEC_TRAJ -> PLAN_TRAJ_EXP [safetyCallback: not safe, time:0.030676] |  (prev cycle x1/0.0s)
[1782980357.439][    +53.3s][PLAN_TRAJ_EXP] STATE EXEC_TRAJ -> PLAN_TRAJ_EXP [safetyCallback: not safe, time:0.030519] |  (prev cycle x1/0.0s)
[1782980357.482][    +53.3s][PLAN_TRAJ_EXP] STATE EXEC_TRAJ -> PLAN_TRAJ_EXP [safetyCallback: not safe, time:0.030768] |  (prev cycle x1/0.0s)
[1782980357.526][    +53.4s][PLAN_TRAJ_EXP] STATE EXEC_TRAJ -> PLAN_TRAJ_EXP [safetyCallback: not safe, time:0.031179] |  (prev cycle x1/0.0s)
[1782980357.569][    +53.4s][PLAN_TRAJ_EXP] STATE EXEC_TRAJ -> PLAN_TRAJ_EXP [safetyCallback: not safe, time:0.030894] |  (prev cycle x1/0.0s)
[1782980357.576][    +53.4s][PLAN_TRAJ_EXP] STATE PLAN_TRAJ_EXP -> PLAN_TRAJ_EXP [planGlobalPath: succeed]
[1782980357.612][    +53.5s][EXEC_TRAJ] STATE PLAN_TRAJ_EXP -> EXEC_TRAJ [plan success: new traj pub]
[1782980357.614][    +53.5s][PLAN_TRAJ_EXP] STATE EXEC_TRAJ -> PLAN_TRAJ_EXP [safetyCallback: not safe, time:0.029364]
[1782980357.657][    +53.5s][PLAN_TRAJ_EXP] STATE EXEC_TRAJ -> PLAN_TRAJ_EXP [safetyCallback: not safe, time:0.031838] |  (prev cycle x1/0.0s)
[1782980357.702][    +53.6s][PLAN_TRAJ_EXP] STATE EXEC_TRAJ -> PLAN_TRAJ_EXP [safetyCallback: not safe, time:0.032553] |  (prev cycle x1/0.0s)
[1782980357.752][    +53.6s][PLAN_TRAJ_EXP] STATE EXEC_TRAJ -> PLAN_TRAJ_EXP [safetyCallback: not safe, time:0.039958] |  (prev cycle x1/0.0s)
[1782980357.803][    +53.7s][EXEC_TRAJ] GLOBAL result=OK | clusters=2(reach 1) vp=1(reach 1) pipe[tot=2 dorm=1 unreach=0 cons=1 nocand=0 topo=0 novis=0 ok=1] tour=2n/0.6m goal=(4.1, 2.9, 0.9) t=12ms (x4)
[1782980357.803][    +53.7s][PLAN_TRAJ_EXP] STATE EXEC_TRAJ -> PLAN_TRAJ_EXP [planGlobalPath: succeed] |  (prev cycle x1/0.1s)
[1782980357.838][    +53.7s][PLAN_TRAJ_EXP] STATE EXEC_TRAJ -> PLAN_TRAJ_EXP [safetyCallback: not safe, time:0.031384] |  (prev cycle x1/0.0s)
[1782980357.882][    +53.7s][PLAN_TRAJ_EXP] STATE EXEC_TRAJ -> PLAN_TRAJ_EXP [safetyCallback: not safe, time:0.030963] |  (prev cycle x1/0.0s)
[1782980357.927][    +53.8s][PLAN_TRAJ_EXP] STATE EXEC_TRAJ -> PLAN_TRAJ_EXP [safetyCallback: not safe, time:0.031003] |  (prev cycle x1/0.0s)
[1782980357.970][    +53.8s][PLAN_TRAJ_EXP] STATE EXEC_TRAJ -> PLAN_TRAJ_EXP [safetyCallback: not safe, time:0.031709] |  (prev cycle x1/0.0s)
[1782980358.014][    +53.9s][PLAN_TRAJ_EXP] STATE EXEC_TRAJ -> PLAN_TRAJ_EXP [safetyCallback: not safe, time:0.031822] |  (prev cycle x1/0.0s)
[1782980358.019][    +53.9s][PLAN_TRAJ_EXP] STATE PLAN_TRAJ_EXP -> PLAN_TRAJ_EXP [planGlobalPath: succeed]
[1782980358.057][    +53.9s][EXEC_TRAJ] STATE PLAN_TRAJ_EXP -> EXEC_TRAJ [plan success: new traj pub]
[1782980358.058][    +53.9s][PLAN_TRAJ_EXP] STATE EXEC_TRAJ -> PLAN_TRAJ_EXP [safetyCallback: not safe, time:0.031472]
[1782980358.105][    +54.0s][PLAN_TRAJ_EXP] STATE EXEC_TRAJ -> PLAN_TRAJ_EXP [safetyCallback: not safe, time:0.030900] |  (prev cycle x1/0.0s)
[1782980358.151][    +54.0s][PLAN_TRAJ_EXP] STATE EXEC_TRAJ -> PLAN_TRAJ_EXP [safetyCallback: not safe, time:0.033689] |  (prev cycle x1/0.0s)
[1782980358.201][    +54.1s][PLAN_TRAJ_EXP] STATE EXEC_TRAJ -> PLAN_TRAJ_EXP [safetyCallback: not safe, time:0.040076] |  (prev cycle x1/0.1s)
[1782980358.210][    +54.1s][PLAN_TRAJ_EXP] STATE PLAN_TRAJ_EXP -> PLAN_TRAJ_EXP [safetyCallback: not safe, time:0.048948]
[1782980358.245][    +54.1s][EXEC_TRAJ] STATE PLAN_TRAJ_EXP -> EXEC_TRAJ [plan success: new traj pub]
[1782980358.252][    +54.1s][PLAN_TRAJ_EXP] STATE EXEC_TRAJ -> PLAN_TRAJ_EXP [planGlobalPath: succeed]
[1782980358.290][    +54.2s][PLAN_TRAJ_EXP] STATE EXEC_TRAJ -> PLAN_TRAJ_EXP [safetyCallback: not safe, time:0.031672] |  (prev cycle x1/0.0s)
[1782980358.333][    +54.2s][PLAN_TRAJ_EXP] STATE EXEC_TRAJ -> PLAN_TRAJ_EXP [safetyCallback: not safe, time:0.030832] |  (prev cycle x1/0.0s)
[1782980358.378][    +54.2s][PLAN_TRAJ_EXP] STATE EXEC_TRAJ -> PLAN_TRAJ_EXP [safetyCallback: not safe, time:0.030809] |  (prev cycle x1/0.0s)
[1782980358.421][    +54.3s][PLAN_TRAJ_EXP] STATE EXEC_TRAJ -> PLAN_TRAJ_EXP [safetyCallback: not safe, time:0.030985] |  (prev cycle x1/0.0s)
[1782980358.469][    +54.3s][PLAN_TRAJ_EXP] STATE EXEC_TRAJ -> PLAN_TRAJ_EXP [planGlobalPath: succeed] |  (prev cycle x1/0.0s)
[1782980358.472][    +54.3s][PLAN_TRAJ_EXP] STATE PLAN_TRAJ_EXP -> PLAN_TRAJ_EXP [safetyCallback: not safe, time:0.038095]
[1782980358.507][    +54.4s][EXEC_TRAJ] STATE PLAN_TRAJ_EXP -> EXEC_TRAJ [plan success: new traj pub]
[1782980358.509][    +54.4s][PLAN_TRAJ_EXP] STATE EXEC_TRAJ -> PLAN_TRAJ_EXP [safetyCallback: not safe, time:0.031799]
[1782980358.561][    +54.4s][PLAN_TRAJ_EXP] STATE EXEC_TRAJ -> PLAN_TRAJ_EXP [safetyCallback: not safe, time:0.041007] |  (prev cycle x1/0.1s)
[1782980358.606][    +54.5s][PLAN_TRAJ_EXP] STATE EXEC_TRAJ -> PLAN_TRAJ_EXP [safetyCallback: not safe, time:0.028343] |  (prev cycle x1/0.0s)
[1782980358.652][    +54.5s][PLAN_TRAJ_EXP] STATE EXEC_TRAJ -> PLAN_TRAJ_EXP [safetyCallback: not safe, time:0.034649] |  (prev cycle x1/0.0s)
[1782980358.708][    +54.6s][PLAN_TRAJ_EXP] STATE EXEC_TRAJ -> PLAN_TRAJ_EXP [planGlobalPath: succeed] |  (prev cycle x1/0.1s)
[1782980358.743][    +54.6s][PLAN_TRAJ_EXP] STATE EXEC_TRAJ -> PLAN_TRAJ_EXP [safetyCallback: not safe, time:0.031011] |  (prev cycle x1/0.0s)
[1782980358.787][    +54.6s][PLAN_TRAJ_EXP] STATE EXEC_TRAJ -> PLAN_TRAJ_EXP [safetyCallback: not safe, time:0.031253] |  (prev cycle x1/0.0s)
[1782980358.830][    +54.7s][PLAN_TRAJ_EXP] STATE EXEC_TRAJ -> PLAN_TRAJ_EXP [safetyCallback: not safe, time:0.030925] |  (prev cycle x1/0.0s)
[1782980358.874][    +54.7s][PLAN_TRAJ_EXP] STATE EXEC_TRAJ -> PLAN_TRAJ_EXP [safetyCallback: not safe, time:0.030457] |  (prev cycle x1/0.0s)
[1782980358.919][    +54.8s][PLAN_TRAJ_EXP] STATE EXEC_TRAJ -> PLAN_TRAJ_EXP [safetyCallback: not safe, time:0.030795] |  (prev cycle x1/0.0s)
[1782980358.933][    +54.8s][PLAN_TRAJ_EXP] STATE PLAN_TRAJ_EXP -> PLAN_TRAJ_EXP [planGlobalPath: succeed]
[1782980358.967][    +54.8s][EXEC_TRAJ] STATE PLAN_TRAJ_EXP -> EXEC_TRAJ [plan success: new traj pub]
[1782980358.968][    +54.8s][PLAN_TRAJ_EXP] STATE EXEC_TRAJ -> PLAN_TRAJ_EXP [safetyCallback: not safe, time:0.030925]
[1782980359.012][    +54.9s][PLAN_TRAJ_EXP] STATE EXEC_TRAJ -> PLAN_TRAJ_EXP [safetyCallback: not safe, time:0.030852] |  (prev cycle x1/0.0s)
[1782980359.056][    +54.9s][PLAN_TRAJ_EXP] STATE EXEC_TRAJ -> PLAN_TRAJ_EXP [safetyCallback: not safe, time:0.031562] |  (prev cycle x1/0.0s)
[1782980359.108][    +55.0s][PLAN_TRAJ_EXP] STATE EXEC_TRAJ -> PLAN_TRAJ_EXP [safetyCallback: not safe, time:0.039986] |  (prev cycle x1/0.1s)
[1782980359.109][    +55.0s][PLAN_TRAJ_EXP] STATE PLAN_TRAJ_EXP -> PLAN_TRAJ_EXP [safetyCallback: not safe, time:0.041745]
[1782980359.151][    +55.0s][EXEC_TRAJ] STATE PLAN_TRAJ_EXP -> EXEC_TRAJ [plan success: new traj pub]
[1782980359.173][    +55.0s][EXEC_TRAJ] GLOBAL result=OK | clusters=2(reach 1) vp=1(reach 1) pipe[tot=2 dorm=1 unreach=0 cons=1 nocand=0 topo=0 novis=0 ok=1] tour=2n/0.6m goal=(4.1, 2.9, 0.9) t=21ms (x5)
[1782980359.174][    +55.0s][PLAN_TRAJ_EXP] STATE EXEC_TRAJ -> PLAN_TRAJ_EXP [planGlobalPath: succeed]
[1782980359.175][    +55.0s][PLAN_TRAJ_EXP] STATE PLAN_TRAJ_EXP -> PLAN_TRAJ_EXP [safetyCallback: not safe, time:0.054265]
[1782980359.210][    +55.1s][EXEC_TRAJ] STATE PLAN_TRAJ_EXP -> EXEC_TRAJ [plan success: new traj pub]
[1782980359.211][    +55.1s][PLAN_TRAJ_EXP] STATE EXEC_TRAJ -> PLAN_TRAJ_EXP [safetyCallback: not safe, time:0.030966]
[1782980359.255][    +55.1s][PLAN_TRAJ_EXP] STATE EXEC_TRAJ -> PLAN_TRAJ_EXP [safetyCallback: not safe, time:0.031695] |  (prev cycle x1/0.0s)
[1782980359.307][    +55.2s][PLAN_TRAJ_EXP] STATE EXEC_TRAJ -> PLAN_TRAJ_EXP [safetyCallback: not safe, time:0.039781] |  (prev cycle x1/0.1s)
[1782980359.352][    +55.2s][PLAN_TRAJ_EXP] STATE EXEC_TRAJ -> PLAN_TRAJ_EXP [safetyCallback: not safe, time:0.041319] |  (prev cycle x1/0.0s)
[1782980359.398][    +55.3s][PLAN_TRAJ_EXP] STATE EXEC_TRAJ -> PLAN_TRAJ_EXP [planGlobalPath: succeed] |  (prev cycle x1/0.0s)
[1782980359.432][    +55.3s][PLAN_TRAJ_EXP] STATE EXEC_TRAJ -> PLAN_TRAJ_EXP [safetyCallback: not safe, time:0.030355] |  (prev cycle x1/0.0s)
[1782980359.476][    +55.3s][PLAN_TRAJ_EXP] STATE EXEC_TRAJ -> PLAN_TRAJ_EXP [safetyCallback: not safe, time:0.031265] |  (prev cycle x1/0.0s)
[1782980359.519][    +55.4s][PLAN_TRAJ_EXP] STATE EXEC_TRAJ -> PLAN_TRAJ_EXP [safetyCallback: not safe, time:0.030503] |  (prev cycle x1/0.0s)
[1782980359.564][    +55.4s][PLAN_TRAJ_EXP] STATE EXEC_TRAJ -> PLAN_TRAJ_EXP [safetyCallback: not safe, time:0.031538] |  (prev cycle x1/0.0s)
[1782980359.623][    +55.5s][PLAN_TRAJ_EXP] STATE EXEC_TRAJ -> PLAN_TRAJ_EXP [planGlobalPath: succeed] |  (prev cycle x1/0.1s)
[1782980359.624][    +55.5s][PLAN_TRAJ_EXP] STATE PLAN_TRAJ_EXP -> PLAN_TRAJ_EXP [safetyCallback: not safe, time:0.048435]
[1782980359.659][    +55.5s][EXEC_TRAJ] STATE PLAN_TRAJ_EXP -> EXEC_TRAJ [plan success: new traj pub]
[1782980359.661][    +55.5s][PLAN_TRAJ_EXP] STATE EXEC_TRAJ -> PLAN_TRAJ_EXP [safetyCallback: not safe, time:0.033112]
[1782980359.706][    +55.6s][PLAN_TRAJ_EXP] STATE EXEC_TRAJ -> PLAN_TRAJ_EXP [safetyCallback: not safe, time:0.032627] |  (prev cycle x1/0.0s)
[1782980359.757][    +55.6s][PLAN_TRAJ_EXP] STATE EXEC_TRAJ -> PLAN_TRAJ_EXP [safetyCallback: not safe, time:0.041458] |  (prev cycle x1/0.1s)
[1782980359.761][    +55.6s][PLAN_TRAJ_EXP] STATE PLAN_TRAJ_EXP -> PLAN_TRAJ_EXP [safetyCallback: not safe, time:0.045412]
[1782980359.800][    +55.7s][EXEC_TRAJ] STATE PLAN_TRAJ_EXP -> EXEC_TRAJ [plan success: new traj pub]
[1782980359.801][    +55.7s][PLAN_TRAJ_EXP] STATE EXEC_TRAJ -> PLAN_TRAJ_EXP [safetyCallback: not safe, time:0.030794]
[1782980359.878][    +55.7s][PLAN_TRAJ_EXP] STATE EXEC_TRAJ -> PLAN_TRAJ_EXP [planGlobalPath: succeed] |  (prev cycle x1/0.1s)
[1782980359.880][    +55.7s][PLAN_TRAJ_EXP] STATE PLAN_TRAJ_EXP -> PLAN_TRAJ_EXP [safetyCallback: not safe, time:0.065849]
[1782980359.914][    +55.8s][EXEC_TRAJ] STATE PLAN_TRAJ_EXP -> EXEC_TRAJ [plan success: new traj pub]
[1782980359.915][    +55.8s][PLAN_TRAJ_EXP] STATE EXEC_TRAJ -> PLAN_TRAJ_EXP [safetyCallback: not safe, time:0.030531]
[1782980359.959][    +55.8s][PLAN_TRAJ_EXP] STATE EXEC_TRAJ -> PLAN_TRAJ_EXP [safetyCallback: not safe, time:0.031709] |  (prev cycle x1/0.0s)
[1782980360.002][    +55.9s][PLAN_TRAJ_EXP] STATE EXEC_TRAJ -> PLAN_TRAJ_EXP [safetyCallback: not safe, time:0.030368] |  (prev cycle x1/0.0s)
[1782980360.055][    +55.9s][PLAN_TRAJ_EXP] STATE EXEC_TRAJ -> PLAN_TRAJ_EXP [safetyCallback: not safe, time:0.040161] |  (prev cycle x1/0.1s)
[1782980360.059][    +55.9s][PLAN_TRAJ_EXP] STATE PLAN_TRAJ_EXP -> PLAN_TRAJ_EXP [safetyCallback: not safe, time:0.043823]
[1782980360.101][    +56.0s][EXEC_TRAJ] STATE PLAN_TRAJ_EXP -> EXEC_TRAJ [plan success: new traj pub]
[1782980360.124][    +56.0s][PLAN_TRAJ_EXP] STATE EXEC_TRAJ -> PLAN_TRAJ_EXP [planGlobalPath: succeed]
[1782980360.127][    +56.0s][PLAN_TRAJ_EXP] STATE PLAN_TRAJ_EXP -> PLAN_TRAJ_EXP [safetyCallback: not safe, time:0.055082]
[1782980360.161][    +56.0s][EXEC_TRAJ] STATE PLAN_TRAJ_EXP -> EXEC_TRAJ [plan success: new traj pub]
[1782980360.162][    +56.0s][PLAN_TRAJ_EXP] STATE EXEC_TRAJ -> PLAN_TRAJ_EXP [safetyCallback: not safe, time:0.031867]
[1782980360.205][    +56.1s][PLAN_TRAJ_EXP] STATE EXEC_TRAJ -> PLAN_TRAJ_EXP [safetyCallback: not safe, time:0.030337] |  (prev cycle x1/0.0s)
[1782980360.253][    +56.1s][PLAN_TRAJ_EXP] STATE EXEC_TRAJ -> PLAN_TRAJ_EXP [safetyCallback: not safe, time:0.035037] |  (prev cycle x1/0.0s)
[1782980360.300][    +56.2s][PLAN_TRAJ_EXP] STATE EXEC_TRAJ -> PLAN_TRAJ_EXP [safetyCallback: not safe, time:0.039412] |  (prev cycle x1/0.0s)
[1782980360.379][    +56.2s][EXEC_TRAJ] GLOBAL result=OK | clusters=2(reach 1) vp=1(reach 1) pipe[tot=2 dorm=1 unreach=0 cons=1 nocand=0 topo=0 novis=0 ok=1] tour=2n/0.6m goal=(4.1, 2.9, 0.9) t=41ms (x4)
[1782980360.379][    +56.2s][PLAN_TRAJ_EXP] STATE EXEC_TRAJ -> PLAN_TRAJ_EXP [planGlobalPath: succeed] |  (prev cycle x1/0.1s)
[1782980360.413][    +56.3s][PLAN_TRAJ_EXP] STATE EXEC_TRAJ -> PLAN_TRAJ_EXP [safetyCallback: not safe, time:0.030715] |  (prev cycle x1/0.0s)
[1782980360.458][    +56.3s][PLAN_TRAJ_EXP] STATE EXEC_TRAJ -> PLAN_TRAJ_EXP [safetyCallback: not safe, time:0.031921] |  (prev cycle x1/0.0s)
[1782980360.500][    +56.4s][PLAN_TRAJ_EXP] STATE EXEC_TRAJ -> PLAN_TRAJ_EXP [safetyCallback: not safe, time:0.030402] |  (prev cycle x1/0.0s)
[1782980360.510][    +56.4s][PLAN_TRAJ_EXP] STATE PLAN_TRAJ_EXP -> PLAN_TRAJ_EXP [avoidance released: replan from current pose]
[1782980360.544][    +56.4s][EXEC_TRAJ] STATE PLAN_TRAJ_EXP -> EXEC_TRAJ [plan success: new traj pub]
[1782980360.553][    +56.4s][PLAN_TRAJ_EXP] STATE EXEC_TRAJ -> PLAN_TRAJ_EXP [safetyCallback: not safe, time:0.039977]
[1782980360.593][    +56.5s][PLAN_TRAJ_EXP] STATE EXEC_TRAJ -> PLAN_TRAJ_EXP [planGlobalPath: succeed] |  (prev cycle x1/0.0s)
[1782980360.598][    +56.5s][PLAN_TRAJ_EXP] STATE PLAN_TRAJ_EXP -> PLAN_TRAJ_EXP [avoidance released: replan from current pose]
[1782980360.631][    +56.5s][EXEC_TRAJ] STATE PLAN_TRAJ_EXP -> EXEC_TRAJ [plan success: new traj pub]
[1782980360.632][    +56.5s][PLAN_TRAJ_EXP] STATE EXEC_TRAJ -> PLAN_TRAJ_EXP [safetyCallback: not safe, time:0.030167]
[1782980360.676][    +56.5s][PLAN_TRAJ_EXP] STATE EXEC_TRAJ -> PLAN_TRAJ_EXP [safetyCallback: not safe, time:0.028599] |  (prev cycle x1/0.0s)
[1782980360.688][    +56.5s][PLAN_TRAJ_EXP] STATE PLAN_TRAJ_EXP -> PLAN_TRAJ_EXP [avoidance released: replan from current pose]
[1782980360.722][    +56.6s][EXEC_TRAJ] STATE PLAN_TRAJ_EXP -> EXEC_TRAJ [plan success: new traj pub]
[1782980360.722][    +56.6s][PLAN_TRAJ_EXP] STATE EXEC_TRAJ -> PLAN_TRAJ_EXP [safetyCallback: not safe, time:0.030338]
[1782980360.767][    +56.6s][PLAN_TRAJ_EXP] STATE EXEC_TRAJ -> PLAN_TRAJ_EXP [safetyCallback: not safe, time:0.031636] |  (prev cycle x1/0.0s)
[1782980360.829][    +56.7s][PLAN_TRAJ_EXP] STATE EXEC_TRAJ -> PLAN_TRAJ_EXP [planGlobalPath: succeed] |  (prev cycle x1/0.1s)
[1782980360.830][    +56.7s][PLAN_TRAJ_EXP] STATE PLAN_TRAJ_EXP -> PLAN_TRAJ_EXP [safetyCallback: not safe, time:0.049438]
[1782980360.864][    +56.7s][EXEC_TRAJ] STATE PLAN_TRAJ_EXP -> EXEC_TRAJ [plan success: new traj pub]
[1782980360.866][    +56.7s][PLAN_TRAJ_EXP] STATE EXEC_TRAJ -> PLAN_TRAJ_EXP [safetyCallback: not safe, time:0.031983]
[1782980360.908][    +56.8s][PLAN_TRAJ_EXP] STATE EXEC_TRAJ -> PLAN_TRAJ_EXP [safetyCallback: not safe, time:0.030370] |  (prev cycle x1/0.0s)
[1782980360.921][    +56.8s][PLAN_TRAJ_EXP] STATE PLAN_TRAJ_EXP -> PLAN_TRAJ_EXP [avoidance released: replan from current pose]
[1782980360.954][    +56.8s][EXEC_TRAJ] STATE PLAN_TRAJ_EXP -> EXEC_TRAJ [plan success: new traj pub]
[1782980360.956][    +56.8s][PLAN_TRAJ_EXP] STATE EXEC_TRAJ -> PLAN_TRAJ_EXP [safetyCallback: not safe, time:0.031499]
[1782980361.001][    +56.9s][PLAN_TRAJ_EXP] STATE EXEC_TRAJ -> PLAN_TRAJ_EXP [safetyCallback: not safe, time:0.032241] |  (prev cycle x1/0.0s)
[1782980361.047][    +56.9s][PLAN_TRAJ_EXP] STATE EXEC_TRAJ -> PLAN_TRAJ_EXP [planGlobalPath: succeed] |  (prev cycle x1/0.0s)
[1782980361.087][    +56.9s][PLAN_TRAJ_EXP] STATE EXEC_TRAJ -> PLAN_TRAJ_EXP [safetyCallback: not safe, time:0.030868] |  (prev cycle x1/0.0s)
[1782980361.129][    +57.0s][PLAN_TRAJ_EXP] STATE EXEC_TRAJ -> PLAN_TRAJ_EXP [safetyCallback: not safe, time:0.030435] |  (prev cycle x1/0.0s)
[1782980361.176][    +57.0s][PLAN_TRAJ_EXP] STATE EXEC_TRAJ -> PLAN_TRAJ_EXP [safetyCallback: not safe, time:0.033545] |  (prev cycle x1/0.0s)
[1782980361.184][    +57.0s][PLAN_TRAJ_EXP] STUCK no motion >8s in PLAN_TRAJ_EXP | last-local: escape traj (flyToSafeRegion) | pos=(3.90, 2.80, 1.42) still=32s (x100)
[1782980361.218][    +57.1s][PLAN_TRAJ_EXP] STATE EXEC_TRAJ -> PLAN_TRAJ_EXP [safetyCallback: not safe, time:0.030345] |  (prev cycle x1/0.0s)
[1782980361.266][    +57.1s][PLAN_TRAJ_EXP] STATE EXEC_TRAJ -> PLAN_TRAJ_EXP [planGlobalPath: succeed] |  (prev cycle x1/0.0s)
[1782980361.268][    +57.1s][PLAN_TRAJ_EXP] STATE PLAN_TRAJ_EXP -> PLAN_TRAJ_EXP [safetyCallback: not safe, time:0.036429]
[1782980361.305][    +57.2s][EXEC_TRAJ] STATE PLAN_TRAJ_EXP -> EXEC_TRAJ [plan success: new traj pub]
[1782980361.305][    +57.2s][PLAN_TRAJ_EXP] STATE EXEC_TRAJ -> PLAN_TRAJ_EXP [safetyCallback: not safe, time:0.030167]
[1782980361.352][    +57.2s][PLAN_TRAJ_EXP] STATE EXEC_TRAJ -> PLAN_TRAJ_EXP [safetyCallback: not safe, time:0.033037] |  (prev cycle x1/0.0s)
[1782980361.400][    +57.3s][PLAN_TRAJ_EXP] STATE EXEC_TRAJ -> PLAN_TRAJ_EXP [safetyCallback: not safe, time:0.035273] |  (prev cycle x1/0.0s)
[1782980361.441][    +57.3s][PLAN_TRAJ_EXP] LOCAL EXP OK | why: escape traj (flyToSafeRegion) | t=33.5ms goal_d=0.6m (x112)
[1782980361.452][    +57.3s][PLAN_TRAJ_EXP] STATE EXEC_TRAJ -> PLAN_TRAJ_EXP [safetyCallback: not safe, time:0.040779] |  (prev cycle x1/0.1s)
[1782980361.456][    +57.3s][PLAN_TRAJ_EXP] STATE PLAN_TRAJ_EXP -> PLAN_TRAJ_EXP [safetyCallback: not safe, time:0.045050]
[1782980361.495][    +57.4s][EXEC_TRAJ] STATE PLAN_TRAJ_EXP -> EXEC_TRAJ [plan success: new traj pub]
[1782980361.528][    +57.4s][EXEC_TRAJ] GLOBAL result=OK | clusters=2(reach 1) vp=1(reach 1) pipe[tot=2 dorm=1 unreach=0 cons=1 nocand=0 topo=0 novis=0 ok=1] tour=2n/0.6m goal=(4.1, 2.9, 0.9) t=32ms (x4)
[1782980361.528][    +57.4s][PLAN_TRAJ_EXP] STATE EXEC_TRAJ -> PLAN_TRAJ_EXP [planGlobalPath: succeed]
[1782980361.563][    +57.4s][PLAN_TRAJ_EXP] STATE EXEC_TRAJ -> PLAN_TRAJ_EXP [safetyCallback: not safe, time:0.031709] |  (prev cycle x1/0.0s)
[1782980361.605][    +57.5s][PLAN_TRAJ_EXP] STATE EXEC_TRAJ -> PLAN_TRAJ_EXP [safetyCallback: not safe, time:0.030396] |  (prev cycle x1/0.0s)
[1782980361.653][    +57.5s][PLAN_TRAJ_EXP] STATE EXEC_TRAJ -> PLAN_TRAJ_EXP [safetyCallback: not safe, time:0.034816] |  (prev cycle x1/0.0s)
[1782980361.700][    +57.6s][PLAN_TRAJ_EXP] STATE EXEC_TRAJ -> PLAN_TRAJ_EXP [safetyCallback: not safe, time:0.038631] |  (prev cycle x1/0.0s)
[1782980361.740][    +57.6s][PLAN_TRAJ_EXP] STATE EXEC_TRAJ -> PLAN_TRAJ_EXP [planGlobalPath: succeed] |  (prev cycle x1/0.0s)
[1782980361.782][    +57.6s][PLAN_TRAJ_EXP] STATE EXEC_TRAJ -> PLAN_TRAJ_EXP [safetyCallback: not safe, time:0.032982] |  (prev cycle x1/0.0s)
[1782980361.823][    +57.7s][PLAN_TRAJ_EXP] STATE EXEC_TRAJ -> PLAN_TRAJ_EXP [safetyCallback: not safe, time:0.030410] |  (prev cycle x1/0.0s)
[1782980361.868][    +57.7s][PLAN_TRAJ_EXP] STATE EXEC_TRAJ -> PLAN_TRAJ_EXP [safetyCallback: not safe, time:0.031718] |  (prev cycle x1/0.0s)
[1782980361.910][    +57.8s][PLAN_TRAJ_EXP] STATE EXEC_TRAJ -> PLAN_TRAJ_EXP [safetyCallback: not safe, time:0.030925] |  (prev cycle x1/0.0s)
[1782980361.959][    +57.8s][PLAN_TRAJ_EXP] STATE EXEC_TRAJ -> PLAN_TRAJ_EXP [planGlobalPath: succeed] |  (prev cycle x1/0.0s)
[1782980361.964][    +57.8s][PLAN_TRAJ_EXP] STATE PLAN_TRAJ_EXP -> PLAN_TRAJ_EXP [safetyCallback: not safe, time:0.041698]
[1782980361.998][    +57.9s][EXEC_TRAJ] STATE PLAN_TRAJ_EXP -> EXEC_TRAJ [plan success: new traj pub]
[1782980362.007][    +57.9s][PLAN_TRAJ_EXP] STATE EXEC_TRAJ -> PLAN_TRAJ_EXP [safetyCallback: not safe, time:0.038699]
[1782980362.052][    +57.9s][PLAN_TRAJ_EXP] STATE EXEC_TRAJ -> PLAN_TRAJ_EXP [safetyCallback: not safe, time:0.041343] |  (prev cycle x1/0.0s)
[1782980362.096][    +58.0s][PLAN_TRAJ_EXP] STATE EXEC_TRAJ -> PLAN_TRAJ_EXP [safetyCallback: not safe, time:0.041301] |  (prev cycle x1/0.0s)
[1782980362.104][    +58.0s][PLAN_TRAJ_EXP] STATE PLAN_TRAJ_EXP -> PLAN_TRAJ_EXP [safetyCallback: not safe, time:0.049163]
[1782980362.140][    +58.0s][EXEC_TRAJ] STATE PLAN_TRAJ_EXP -> EXEC_TRAJ [plan success: new traj pub]
[1782980362.154][    +58.0s][PLAN_TRAJ_EXP] STATE EXEC_TRAJ -> PLAN_TRAJ_EXP [safetyCallback: not safe, time:0.044245]
[1782980362.157][    +58.0s][PLAN_TRAJ_EXP] STATE PLAN_TRAJ_EXP -> PLAN_TRAJ_EXP [safetyCallback: not safe, time:0.046899]
[1782980362.193][    +58.1s][EXEC_TRAJ] STATE PLAN_TRAJ_EXP -> EXEC_TRAJ [plan success: new traj pub]
[1782980362.199][    +58.1s][PLAN_TRAJ_EXP] STATE EXEC_TRAJ -> PLAN_TRAJ_EXP [planGlobalPath: succeed]
[1782980362.238][    +58.1s][PLAN_TRAJ_EXP] STATE EXEC_TRAJ -> PLAN_TRAJ_EXP [safetyCallback: not safe, time:0.030918] |  (prev cycle x1/0.0s)
[1782980362.281][    +58.1s][PLAN_TRAJ_EXP] STATE EXEC_TRAJ -> PLAN_TRAJ_EXP [safetyCallback: not safe, time:0.032100] |  (prev cycle x1/0.0s)
[1782980362.325][    +58.2s][PLAN_TRAJ_EXP] STATE EXEC_TRAJ -> PLAN_TRAJ_EXP [safetyCallback: not safe, time:0.030278] |  (prev cycle x1/0.0s)
[1782980362.369][    +58.2s][PLAN_TRAJ_EXP] STATE EXEC_TRAJ -> PLAN_TRAJ_EXP [safetyCallback: not safe, time:0.031111] |  (prev cycle x1/0.0s)
[1782980362.420][    +58.3s][PLAN_TRAJ_EXP] STATE EXEC_TRAJ -> PLAN_TRAJ_EXP [planGlobalPath: succeed] |  (prev cycle x1/0.1s)
[1782980362.421][    +58.3s][PLAN_TRAJ_EXP] STATE PLAN_TRAJ_EXP -> PLAN_TRAJ_EXP [safetyCallback: not safe, time:0.036391]
[1782980362.458][    +58.3s][EXEC_TRAJ] STATE PLAN_TRAJ_EXP -> EXEC_TRAJ [plan success: new traj pub]
[1782980362.460][    +58.3s][PLAN_TRAJ_EXP] STATE EXEC_TRAJ -> PLAN_TRAJ_EXP [safetyCallback: not safe, time:0.032109]
[1782980362.503][    +58.4s][PLAN_TRAJ_EXP] STATE EXEC_TRAJ -> PLAN_TRAJ_EXP [safetyCallback: not safe, time:0.031027] |  (prev cycle x1/0.0s)
[1782980362.553][    +58.4s][PLAN_TRAJ_EXP] STATE EXEC_TRAJ -> PLAN_TRAJ_EXP [safetyCallback: not safe, time:0.038449] |  (prev cycle x1/0.1s)
[1782980362.602][    +58.5s][PLAN_TRAJ_EXP] STATE EXEC_TRAJ -> PLAN_TRAJ_EXP [safetyCallback: not safe, time:0.040895] |  (prev cycle x1/0.0s)
[1782980362.673][    +58.5s][PLAN_TRAJ_EXP] STATE EXEC_TRAJ -> PLAN_TRAJ_EXP [planGlobalPath: succeed] |  (prev cycle x1/0.1s)
[1782980362.708][    +58.6s][PLAN_TRAJ_EXP] STATE EXEC_TRAJ -> PLAN_TRAJ_EXP [safetyCallback: not safe, time:0.030782] |  (prev cycle x1/0.0s)
[1782980362.753][    +58.6s][PLAN_TRAJ_EXP] STATE EXEC_TRAJ -> PLAN_TRAJ_EXP [safetyCallback: not safe, time:0.033312] |  (prev cycle x1/0.0s)
[1782980362.801][    +58.7s][PLAN_TRAJ_EXP] STATE EXEC_TRAJ -> PLAN_TRAJ_EXP [safetyCallback: not safe, time:0.037177] |  (prev cycle x1/0.0s)
[1782980362.847][    +58.7s][PLAN_TRAJ_EXP] STATE EXEC_TRAJ -> PLAN_TRAJ_EXP [safetyCallback: not safe, time:0.040088] |  (prev cycle x1/0.0s)
[1782980362.857][    +58.7s][PLAN_TRAJ_EXP] STATE PLAN_TRAJ_EXP -> PLAN_TRAJ_EXP [safetyCallback: not safe, time:0.049273]
[1782980362.891][    +58.8s][EXEC_TRAJ] STATE PLAN_TRAJ_EXP -> EXEC_TRAJ [plan success: new traj pub]
[1782980362.901][    +58.8s][EXEC_TRAJ] GLOBAL result=OK | clusters=2(reach 1) vp=1(reach 1) pipe[tot=2 dorm=1 unreach=0 cons=1 nocand=0 topo=0 novis=0 ok=1] tour=2n/0.6m goal=(4.1, 2.9, 0.9) t=9ms (x5)
[1782980362.901][    +58.8s][PLAN_TRAJ_EXP] STATE EXEC_TRAJ -> PLAN_TRAJ_EXP [planGlobalPath: succeed]
[1782980362.936][    +58.8s][PLAN_TRAJ_EXP] STATE EXEC_TRAJ -> PLAN_TRAJ_EXP [safetyCallback: not safe, time:0.028524] |  (prev cycle x1/0.0s)
[1782980362.979][    +58.8s][PLAN_TRAJ_EXP] STATE EXEC_TRAJ -> PLAN_TRAJ_EXP [safetyCallback: not safe, time:0.031262] |  (prev cycle x1/0.0s)
[1782980363.027][    +58.9s][PLAN_TRAJ_EXP] STATE EXEC_TRAJ -> PLAN_TRAJ_EXP [safetyCallback: not safe, time:0.034702] |  (prev cycle x1/0.0s)
[1782980363.070][    +58.9s][PLAN_TRAJ_EXP] STATE EXEC_TRAJ -> PLAN_TRAJ_EXP [safetyCallback: not safe, time:0.031238] |  (prev cycle x1/0.0s)
[1782980363.114][    +59.0s][PLAN_TRAJ_EXP] STATE EXEC_TRAJ -> PLAN_TRAJ_EXP [safetyCallback: not safe, time:0.031386] |  (prev cycle x1/0.0s)
[1782980363.120][    +59.0s][PLAN_TRAJ_EXP] STATE PLAN_TRAJ_EXP -> PLAN_TRAJ_EXP [planGlobalPath: succeed]
[1782980363.156][    +59.0s][EXEC_TRAJ] STATE PLAN_TRAJ_EXP -> EXEC_TRAJ [plan success: new traj pub]
[1782980363.158][    +59.0s][PLAN_TRAJ_EXP] STATE EXEC_TRAJ -> PLAN_TRAJ_EXP [safetyCallback: not safe, time:0.031923]
[1782980363.205][    +59.1s][PLAN_TRAJ_EXP] STATE EXEC_TRAJ -> PLAN_TRAJ_EXP [safetyCallback: not safe, time:0.034984] |  (prev cycle x1/0.0s)
[1782980363.252][    +59.1s][PLAN_TRAJ_EXP] STATE EXEC_TRAJ -> PLAN_TRAJ_EXP [safetyCallback: not safe, time:0.036194] |  (prev cycle x1/0.0s)
[1782980363.303][    +59.2s][PLAN_TRAJ_EXP] STATE EXEC_TRAJ -> PLAN_TRAJ_EXP [safetyCallback: not safe, time:0.042104] |  (prev cycle x1/0.1s)
[1782980363.351][    +59.2s][PLAN_TRAJ_EXP] STATE EXEC_TRAJ -> PLAN_TRAJ_EXP [planGlobalPath: succeed] |  (prev cycle x1/0.0s)
[1782980363.386][    +59.2s][PLAN_TRAJ_EXP] STATE EXEC_TRAJ -> PLAN_TRAJ_EXP [safetyCallback: not safe, time:0.030064] |  (prev cycle x1/0.0s)
[1782980363.430][    +59.3s][PLAN_TRAJ_EXP] STATE EXEC_TRAJ -> PLAN_TRAJ_EXP [safetyCallback: not safe, time:0.033049] |  (prev cycle x1/0.0s)
[1782980363.476][    +59.3s][PLAN_TRAJ_EXP] STATE EXEC_TRAJ -> PLAN_TRAJ_EXP [safetyCallback: not safe, time:0.034228] |  (prev cycle x1/0.0s)
[1782980363.522][    +59.4s][PLAN_TRAJ_EXP] STATE EXEC_TRAJ -> PLAN_TRAJ_EXP [safetyCallback: not safe, time:0.034468] |  (prev cycle x1/0.0s)
[1782980363.583][    +59.4s][PLAN_TRAJ_EXP] STATE EXEC_TRAJ -> PLAN_TRAJ_EXP [planGlobalPath: succeed] |  (prev cycle x1/0.1s)
[1782980363.584][    +59.4s][PLAN_TRAJ_EXP] STATE PLAN_TRAJ_EXP -> PLAN_TRAJ_EXP [safetyCallback: not safe, time:0.049637]
[1782980363.621][    +59.5s][EXEC_TRAJ] STATE PLAN_TRAJ_EXP -> EXEC_TRAJ [plan success: new traj pub]
[1782980363.623][    +59.5s][PLAN_TRAJ_EXP] STATE EXEC_TRAJ -> PLAN_TRAJ_EXP [safetyCallback: not safe, time:0.034196]
[1782980363.666][    +59.5s][PLAN_TRAJ_EXP] STATE EXEC_TRAJ -> PLAN_TRAJ_EXP [safetyCallback: not safe, time:0.030960] |  (prev cycle x1/0.0s)
[1782980363.713][    +59.6s][PLAN_TRAJ_EXP] STATE EXEC_TRAJ -> PLAN_TRAJ_EXP [safetyCallback: not safe, time:0.034282] |  (prev cycle x1/0.0s)
[1782980363.762][    +59.6s][PLAN_TRAJ_EXP] STATE EXEC_TRAJ -> PLAN_TRAJ_EXP [safetyCallback: not safe, time:0.039981] |  (prev cycle x1/0.0s)
[1782980363.811][    +59.7s][PLAN_TRAJ_EXP] STATE EXEC_TRAJ -> PLAN_TRAJ_EXP [planGlobalPath: succeed] |  (prev cycle x1/0.0s)
[1782980363.812][    +59.7s][PLAN_TRAJ_EXP] STATE PLAN_TRAJ_EXP -> PLAN_TRAJ_EXP [safetyCallback: not safe, time:0.047625]
[1782980363.847][    +59.7s][EXEC_TRAJ] STATE PLAN_TRAJ_EXP -> EXEC_TRAJ [plan success: new traj pub]
[1782980363.856][    +59.7s][PLAN_TRAJ_EXP] STATE EXEC_TRAJ -> PLAN_TRAJ_EXP [safetyCallback: not safe, time:0.039009]
[1782980363.903][    +59.8s][PLAN_TRAJ_EXP] STATE EXEC_TRAJ -> PLAN_TRAJ_EXP [safetyCallback: not safe, time:0.041002] |  (prev cycle x1/0.0s)
[1782980363.937][    +59.8s][EXEC_TRAJ] BATT 24.0V | v=24.35V pct=72% (still, x16/30.0s)
[1782980363.948][    +59.8s][PLAN_TRAJ_EXP] STATE EXEC_TRAJ -> PLAN_TRAJ_EXP [safetyCallback: not safe, time:0.038557] |  (prev cycle x1/0.0s)
[1782980363.957][    +59.8s][PLAN_TRAJ_EXP] STATE PLAN_TRAJ_EXP -> PLAN_TRAJ_EXP [safetyCallback: not safe, time:0.047874]
[1782980363.991][    +59.9s][EXEC_TRAJ] STATE PLAN_TRAJ_EXP -> EXEC_TRAJ [plan success: new traj pub]
[1782980364.001][    +59.9s][PLAN_TRAJ_EXP] STATE EXEC_TRAJ -> PLAN_TRAJ_EXP [safetyCallback: not safe, time:0.040103]
[1782980364.002][    +59.9s][PLAN_TRAJ_EXP] STATE PLAN_TRAJ_EXP -> PLAN_TRAJ_EXP [safetyCallback: not safe, time:0.041576]
[1782980364.044][    +59.9s][EXEC_TRAJ] STATE PLAN_TRAJ_EXP -> EXEC_TRAJ [plan success: new traj pub]
[1782980364.075][    +59.9s][EXEC_TRAJ] GLOBAL result=OK | clusters=2(reach 1) vp=1(reach 1) pipe[tot=2 dorm=1 unreach=0 cons=1 nocand=0 topo=0 novis=0 ok=1] tour=2n/0.5m goal=(4.1, 2.9, 0.9) t=30ms (x4)
[1782980364.076][    +59.9s][PLAN_TRAJ_EXP] STATE EXEC_TRAJ -> PLAN_TRAJ_EXP [planGlobalPath: succeed]
[1782980364.112][    +60.0s][PLAN_TRAJ_EXP] STATE EXEC_TRAJ -> PLAN_TRAJ_EXP [safetyCallback: not safe, time:0.031354] |  (prev cycle x1/0.0s)
[1782980364.154][    +60.0s][PLAN_TRAJ_EXP] STATE EXEC_TRAJ -> PLAN_TRAJ_EXP [safetyCallback: not safe, time:0.030882] |  (prev cycle x1/0.0s)
[1782980364.203][    +60.1s][PLAN_TRAJ_EXP] STATE EXEC_TRAJ -> PLAN_TRAJ_EXP [safetyCallback: not safe, time:0.035526] |  (prev cycle x1/0.0s)
[1782980364.252][    +60.1s][PLAN_TRAJ_EXP] STATE EXEC_TRAJ -> PLAN_TRAJ_EXP [safetyCallback: not safe, time:0.041819] |  (prev cycle x1/0.0s)
[1782980364.292][    +60.2s][PLAN_TRAJ_EXP] STATE EXEC_TRAJ -> PLAN_TRAJ_EXP [planGlobalPath: succeed] |  (prev cycle x1/0.0s)
[1782980364.331][    +60.2s][PLAN_TRAJ_EXP] STATE EXEC_TRAJ -> PLAN_TRAJ_EXP [safetyCallback: not safe, time:0.031499] |  (prev cycle x1/0.0s)
[1782980364.373][    +60.2s][PLAN_TRAJ_EXP] STATE EXEC_TRAJ -> PLAN_TRAJ_EXP [safetyCallback: not safe, time:0.030344] |  (prev cycle x1/0.0s)
[1782980364.418][    +60.3s][PLAN_TRAJ_EXP] STATE EXEC_TRAJ -> PLAN_TRAJ_EXP [safetyCallback: not safe, time:0.031313] |  (prev cycle x1/0.0s)
[1782980364.461][    +60.3s][PLAN_TRAJ_EXP] STATE EXEC_TRAJ -> PLAN_TRAJ_EXP [safetyCallback: not safe, time:0.030621] |  (prev cycle x1/0.0s)
[1782980364.509][    +60.4s][PLAN_TRAJ_EXP] STATE EXEC_TRAJ -> PLAN_TRAJ_EXP [planGlobalPath: succeed] |  (prev cycle x1/0.0s)
[1782980364.511][    +60.4s][PLAN_TRAJ_EXP] STATE PLAN_TRAJ_EXP -> PLAN_TRAJ_EXP [safetyCallback: not safe, time:0.037078]
[1782980364.548][    +60.4s][EXEC_TRAJ] STATE PLAN_TRAJ_EXP -> EXEC_TRAJ [plan success: new traj pub]
[1782980364.551][    +60.4s][PLAN_TRAJ_EXP] STATE EXEC_TRAJ -> PLAN_TRAJ_EXP [safetyCallback: not safe, time:0.032404]
[1782980364.601][    +60.5s][PLAN_TRAJ_EXP] STATE EXEC_TRAJ -> PLAN_TRAJ_EXP [safetyCallback: not safe, time:0.040068] |  (prev cycle x1/0.1s)
[1782980364.603][    +60.5s][PLAN_TRAJ_EXP] STATE PLAN_TRAJ_EXP -> PLAN_TRAJ_EXP [safetyCallback: not safe, time:0.041765]
[1782980364.645][    +60.5s][EXEC_TRAJ] STATE PLAN_TRAJ_EXP -> EXEC_TRAJ [plan success: new traj pub]
[1782980364.651][    +60.5s][PLAN_TRAJ_EXP] STATE EXEC_TRAJ -> PLAN_TRAJ_EXP [safetyCallback: not safe, time:0.036310]
[1782980364.701][    +60.6s][PLAN_TRAJ_EXP] STATE EXEC_TRAJ -> PLAN_TRAJ_EXP [safetyCallback: not safe, time:0.043215] |  (prev cycle x1/0.0s)
[1782980364.703][    +60.6s][PLAN_TRAJ_EXP] STATE PLAN_TRAJ_EXP -> PLAN_TRAJ_EXP [safetyCallback: not safe, time:0.045415]
[1782980364.735][    +60.6s][PLAN_TRAJ_EXP] STATE PLAN_TRAJ_EXP -> PLAN_TRAJ_EXP [planGlobalPath: succeed]
[1782980364.769][    +60.6s][EXEC_TRAJ] STATE PLAN_TRAJ_EXP -> EXEC_TRAJ [plan success: new traj pub]
[1782980364.769][    +60.6s][PLAN_TRAJ_EXP] STATE EXEC_TRAJ -> PLAN_TRAJ_EXP [safetyCallback: not safe, time:0.030499]
[1782980364.813][    +60.7s][PLAN_TRAJ_EXP] STATE EXEC_TRAJ -> PLAN_TRAJ_EXP [safetyCallback: not safe, time:0.031440] |  (prev cycle x1/0.0s)
[1782980364.856][    +60.7s][PLAN_TRAJ_EXP] STATE EXEC_TRAJ -> PLAN_TRAJ_EXP [safetyCallback: not safe, time:0.030345] |  (prev cycle x1/0.0s)
[1782980364.902][    +60.8s][PLAN_TRAJ_EXP] STATE EXEC_TRAJ -> PLAN_TRAJ_EXP [safetyCallback: not safe, time:0.032554] |  (prev cycle x1/0.0s)
[1782980364.950][    +60.8s][PLAN_TRAJ_EXP] STATE EXEC_TRAJ -> PLAN_TRAJ_EXP [planGlobalPath: succeed] |  (prev cycle x1/0.0s)
[1782980364.987][    +60.8s][PLAN_TRAJ_EXP] STATE EXEC_TRAJ -> PLAN_TRAJ_EXP [safetyCallback: not safe, time:0.030727] |  (prev cycle x1/0.0s)
[1782980365.032][    +60.9s][PLAN_TRAJ_EXP] STATE EXEC_TRAJ -> PLAN_TRAJ_EXP [safetyCallback: not safe, time:0.031791] |  (prev cycle x1/0.0s)
[1782980365.074][    +60.9s][PLAN_TRAJ_EXP] STATE EXEC_TRAJ -> PLAN_TRAJ_EXP [safetyCallback: not safe, time:0.030312] |  (prev cycle x1/0.0s)
[1782980365.118][    +61.0s][PLAN_TRAJ_EXP] STATE EXEC_TRAJ -> PLAN_TRAJ_EXP [safetyCallback: not safe, time:0.031371] |  (prev cycle x1/0.0s)
[1782980365.161][    +61.0s][PLAN_TRAJ_EXP] STATE EXEC_TRAJ -> PLAN_TRAJ_EXP [safetyCallback: not safe, time:0.031243] |  (prev cycle x1/0.0s)
[1782980365.174][    +61.0s][PLAN_TRAJ_EXP] GLOBAL result=OK | clusters=2(reach 1) vp=1(reach 1) pipe[tot=2 dorm=1 unreach=0 cons=1 nocand=0 topo=0 novis=0 ok=1] tour=2n/0.5m goal=(4.1, 2.9, 0.9) t=10ms (x4)
[1782980365.174][    +61.0s][PLAN_TRAJ_EXP] STATE PLAN_TRAJ_EXP -> PLAN_TRAJ_EXP [planGlobalPath: succeed]
[1782980365.207][    +61.1s][EXEC_TRAJ] STATE PLAN_TRAJ_EXP -> EXEC_TRAJ [plan success: new traj pub]
[1782980365.210][    +61.1s][PLAN_TRAJ_EXP] STATE EXEC_TRAJ -> PLAN_TRAJ_EXP [safetyCallback: not safe, time:0.032362]
[1782980365.251][    +61.1s][PLAN_TRAJ_EXP] STATE EXEC_TRAJ -> PLAN_TRAJ_EXP [safetyCallback: not safe, time:0.030382] |  (prev cycle x1/0.0s)
[1782980365.302][    +61.2s][PLAN_TRAJ_EXP] STATE EXEC_TRAJ -> PLAN_TRAJ_EXP [safetyCallback: not safe, time:0.037291] |  (prev cycle x1/0.1s)
[1782980365.349][    +61.2s][PLAN_TRAJ_EXP] STATE EXEC_TRAJ -> PLAN_TRAJ_EXP [safetyCallback: not safe, time:0.040968] |  (prev cycle x1/0.0s)
[1782980365.355][    +61.2s][PLAN_TRAJ_EXP] STATE PLAN_TRAJ_EXP -> PLAN_TRAJ_EXP [safetyCallback: not safe, time:0.047125]
[1782980365.392][    +61.3s][EXEC_TRAJ] STATE PLAN_TRAJ_EXP -> EXEC_TRAJ [plan success: new traj pub]
[1782980365.397][    +61.3s][PLAN_TRAJ_EXP] STATE EXEC_TRAJ -> PLAN_TRAJ_EXP [planGlobalPath: succeed]
[1782980365.437][    +61.3s][PLAN_TRAJ_EXP] STATE EXEC_TRAJ -> PLAN_TRAJ_EXP [safetyCallback: not safe, time:0.031589] |  (prev cycle x1/0.0s)
[1782980365.446][    +61.3s][PLAN_TRAJ_EXP] STATE PLAN_TRAJ_EXP -> PLAN_TRAJ_EXP [avoidance released: replan from current pose]
[1782980365.479][    +61.3s][EXEC_TRAJ] STATE PLAN_TRAJ_EXP -> EXEC_TRAJ [plan success: new traj pub]
[1782980365.479][    +61.3s][PLAN_TRAJ_EXP] STATE EXEC_TRAJ -> PLAN_TRAJ_EXP [safetyCallback: not safe, time:0.030391]
[1782980365.525][    +61.4s][PLAN_TRAJ_EXP] STATE EXEC_TRAJ -> PLAN_TRAJ_EXP [safetyCallback: not safe, time:0.032170] |  (prev cycle x1/0.0s)
[1782980365.533][    +61.4s][PLAN_TRAJ_EXP] STATE PLAN_TRAJ_EXP -> PLAN_TRAJ_EXP [avoidance released: replan from current pose]
[1782980365.567][    +61.4s][EXEC_TRAJ] STATE PLAN_TRAJ_EXP -> EXEC_TRAJ [plan success: new traj pub]
[1782980365.568][    +61.4s][PLAN_TRAJ_EXP] STATE EXEC_TRAJ -> PLAN_TRAJ_EXP [safetyCallback: not safe, time:0.030468]
[1782980365.611][    +61.5s][PLAN_TRAJ_EXP] STATE PLAN_TRAJ_EXP -> PLAN_TRAJ_EXP [PLAN_TRAJ_EXP: plan failed]
[1782980365.617][    +61.5s][PLAN_TRAJ_EXP] STATE PLAN_TRAJ_EXP -> PLAN_TRAJ_EXP [planGlobalPath: succeed]
[1782980365.620][    +61.5s][PLAN_TRAJ_EXP] STATE PLAN_TRAJ_EXP -> PLAN_TRAJ_EXP [safetyCallback: not safe, time:0.082524]
[1782980365.623][    +61.5s][PLAN_TRAJ_EXP] STUCK no motion >8s in PLAN_TRAJ_EXP | last-local: post-check: new traj collides within 1s | pos=(3.99, 3.12, 1.40) still=36s (prev cycle x35/9.5s)
[1782980365.656][    +61.5s][EXEC_TRAJ] STATE PLAN_TRAJ_EXP -> EXEC_TRAJ [plan success: new traj pub]
[1782980365.657][    +61.5s][PLAN_TRAJ_EXP] STATE EXEC_TRAJ -> PLAN_TRAJ_EXP [safetyCallback: not safe, time:0.030309]
[1782980365.667][    +61.5s][PLAN_TRAJ_EXP] STATE PLAN_TRAJ_EXP -> PLAN_TRAJ_EXP [avoidance released: replan from current pose]
[1782980365.700][    +61.6s][EXEC_TRAJ] STATE PLAN_TRAJ_EXP -> EXEC_TRAJ [plan success: new traj pub]
[1782980365.711][    +61.6s][EXEC_TRAJ] STUCK no motion >8s in EXEC_TRAJ | last-local: escape traj (flyToSafeRegion) | pos=(3.99, 3.12, 1.40) still=36s (prev cycle x1/0.1s)
[1782980365.711][    +61.6s][PLAN_TRAJ_EXP] STATE EXEC_TRAJ -> PLAN_TRAJ_EXP [safetyCallback: not safe, time:0.040830]
[1782980365.713][    +61.6s][PLAN_TRAJ_EXP] STATE PLAN_TRAJ_EXP -> PLAN_TRAJ_EXP [safetyCallback: not safe, time:0.042675]
[1782980365.754][    +61.6s][EXEC_TRAJ] STATE PLAN_TRAJ_EXP -> EXEC_TRAJ [plan success: new traj pub]
[1782980365.754][    +61.6s][PLAN_TRAJ_EXP] STATE EXEC_TRAJ -> PLAN_TRAJ_EXP [safetyCallback: not safe, time:0.030164]
[1782980365.764][    +61.6s][PLAN_TRAJ_EXP] STATE PLAN_TRAJ_EXP -> PLAN_TRAJ_EXP [avoidance released: replan from current pose]
[1782980365.798][    +61.7s][EXEC_TRAJ] STATE PLAN_TRAJ_EXP -> EXEC_TRAJ [plan success: new traj pub]
[1782980365.803][    +61.7s][PLAN_TRAJ_EXP] STATE EXEC_TRAJ -> PLAN_TRAJ_EXP [safetyCallback: not safe, time:0.035580]
[1782980365.854][    +61.7s][PLAN_TRAJ_EXP] STATE EXEC_TRAJ -> PLAN_TRAJ_EXP [planGlobalPath: succeed] |  (prev cycle x1/0.1s)
[1782980365.854][    +61.7s][PLAN_TRAJ_EXP] STATE PLAN_TRAJ_EXP -> PLAN_TRAJ_EXP [safetyCallback: not safe, time:0.042207]
[1782980365.855][    +61.7s][PLAN_TRAJ_EXP] STATE PLAN_TRAJ_EXP -> PLAN_TRAJ_EXP [avoidance released: replan from current pose]
[1782980365.888][    +61.7s][EXEC_TRAJ] STATE PLAN_TRAJ_EXP -> EXEC_TRAJ [plan success: new traj pub]
[1782980365.899][    +61.8s][PLAN_TRAJ_EXP] STATE EXEC_TRAJ -> PLAN_TRAJ_EXP [safetyCallback: not safe, time:0.041350]
[1782980365.904][    +61.8s][PLAN_TRAJ_EXP] STATE PLAN_TRAJ_EXP -> PLAN_TRAJ_EXP [safetyCallback: not safe, time:0.046221]
[1782980365.942][    +61.8s][EXEC_TRAJ] STATE PLAN_TRAJ_EXP -> EXEC_TRAJ [plan success: new traj pub]
[1782980365.951][    +61.8s][PLAN_TRAJ_EXP] STATE EXEC_TRAJ -> PLAN_TRAJ_EXP [safetyCallback: not safe, time:0.040272]
[1782980365.995][    +61.9s][PLAN_TRAJ_EXP] STATE EXEC_TRAJ -> PLAN_TRAJ_EXP [safetyCallback: not safe, time:0.041100] |  (prev cycle x1/0.0s)
[1782980366.003][    +61.9s][PLAN_TRAJ_EXP] STATE PLAN_TRAJ_EXP -> PLAN_TRAJ_EXP [safetyCallback: not safe, time:0.048981]
[1782980366.042][    +61.9s][EXEC_TRAJ] STATE PLAN_TRAJ_EXP -> EXEC_TRAJ [plan success: new traj pub]
[1782980366.051][    +61.9s][PLAN_TRAJ_EXP] STATE EXEC_TRAJ -> PLAN_TRAJ_EXP [safetyCallback: not safe, time:0.042131]
[1782980366.052][    +61.9s][PLAN_TRAJ_EXP] STATE PLAN_TRAJ_EXP -> PLAN_TRAJ_EXP [avoidance released: replan from current pose]
[1782980366.085][    +61.9s][EXEC_TRAJ] STATE PLAN_TRAJ_EXP -> EXEC_TRAJ [plan success: new traj pub]
[1782980366.091][    +62.0s][PLAN_TRAJ_EXP] STATE EXEC_TRAJ -> PLAN_TRAJ_EXP [planGlobalPath: succeed]
[1782980366.130][    +62.0s][PLAN_TRAJ_EXP] STATE EXEC_TRAJ -> PLAN_TRAJ_EXP [safetyCallback: not safe, time:0.032151] |  (prev cycle x1/0.0s)
[1782980366.174][    +62.0s][PLAN_TRAJ_EXP] STATE EXEC_TRAJ -> PLAN_TRAJ_EXP [safetyCallback: not safe, time:0.031776] |  (prev cycle x1/0.0s)
[1782980366.219][    +62.1s][PLAN_TRAJ_EXP] STATE EXEC_TRAJ -> PLAN_TRAJ_EXP [safetyCallback: not safe, time:0.031256] |  (prev cycle x1/0.0s)
[1782980366.261][    +62.1s][PLAN_TRAJ_EXP] STATE EXEC_TRAJ -> PLAN_TRAJ_EXP [safetyCallback: not safe, time:0.030382] |  (prev cycle x1/0.0s)
[1782980366.312][    +62.2s][EXEC_TRAJ] GLOBAL result=OK | clusters=2(reach 1) vp=1(reach 1) pipe[tot=2 dorm=1 unreach=0 cons=1 nocand=0 topo=0 novis=0 ok=1] tour=2n/0.5m goal=(4.1, 2.9, 0.9) t=7ms (x4)
[1782980366.312][    +62.2s][PLAN_TRAJ_EXP] STATE EXEC_TRAJ -> PLAN_TRAJ_EXP [planGlobalPath: succeed] |  (prev cycle x1/0.1s)
[1782980366.314][    +62.2s][PLAN_TRAJ_EXP] STATE PLAN_TRAJ_EXP -> PLAN_TRAJ_EXP [safetyCallback: not safe, time:0.039838]
[1782980366.349][    +62.2s][EXEC_TRAJ] STATE PLAN_TRAJ_EXP -> EXEC_TRAJ [plan success: new traj pub]
[1782980366.351][    +62.2s][PLAN_TRAJ_EXP] STATE EXEC_TRAJ -> PLAN_TRAJ_EXP [safetyCallback: not safe, time:0.032980]
[1782980366.404][    +62.3s][PLAN_TRAJ_EXP] STATE EXEC_TRAJ -> PLAN_TRAJ_EXP [safetyCallback: not safe, time:0.040462] |  (prev cycle x1/0.1s)
[1782980366.449][    +62.3s][PLAN_TRAJ_EXP] STATE EXEC_TRAJ -> PLAN_TRAJ_EXP [safetyCallback: not safe, time:0.041197] |  (prev cycle x1/0.0s)
[1782980366.451][    +62.3s][PLAN_TRAJ_EXP] STATE PLAN_TRAJ_EXP -> PLAN_TRAJ_EXP [safetyCallback: not safe, time:0.042809]
[1782980366.493][    +62.4s][EXEC_TRAJ] STATE PLAN_TRAJ_EXP -> EXEC_TRAJ [plan success: new traj pub]
[1782980366.503][    +62.4s][PLAN_TRAJ_EXP] STATE EXEC_TRAJ -> PLAN_TRAJ_EXP [safetyCallback: not safe, time:0.040023]
[1782980366.543][    +62.4s][PLAN_TRAJ_EXP] STATE EXEC_TRAJ -> PLAN_TRAJ_EXP [planGlobalPath: succeed] |  (prev cycle x1/0.0s)
[1782980366.583][    +62.4s][PLAN_TRAJ_EXP] LOCAL EXP OK | why: escape traj (flyToSafeRegion) | t=35.5ms goal_d=0.5m (x108)
[1782980366.584][    +62.4s][PLAN_TRAJ_EXP] STATE EXEC_TRAJ -> PLAN_TRAJ_EXP [safetyCallback: not safe, time:0.032718] |  (prev cycle x1/0.0s)
[1782980366.628][    +62.5s][PLAN_TRAJ_EXP] STATE EXEC_TRAJ -> PLAN_TRAJ_EXP [safetyCallback: not safe, time:0.031323] |  (prev cycle x1/0.0s)
[1782980366.671][    +62.5s][PLAN_TRAJ_EXP] STATE EXEC_TRAJ -> PLAN_TRAJ_EXP [safetyCallback: not safe, time:0.030631] |  (prev cycle x1/0.0s)
[1782980366.715][    +62.6s][PLAN_TRAJ_EXP] STATE EXEC_TRAJ -> PLAN_TRAJ_EXP [safetyCallback: not safe, time:0.032015] |  (prev cycle x1/0.0s)
[1782980366.768][    +62.6s][PLAN_TRAJ_EXP] STATE EXEC_TRAJ -> PLAN_TRAJ_EXP [planGlobalPath: succeed] |  (prev cycle x1/0.1s)
[1782980366.770][    +62.6s][PLAN_TRAJ_EXP] STATE PLAN_TRAJ_EXP -> PLAN_TRAJ_EXP [safetyCallback: not safe, time:0.042751]
[1782980366.804][    +62.7s][EXEC_TRAJ] STATE PLAN_TRAJ_EXP -> EXEC_TRAJ [plan success: new traj pub]
[1782980366.805][    +62.7s][PLAN_TRAJ_EXP] STATE EXEC_TRAJ -> PLAN_TRAJ_EXP [safetyCallback: not safe, time:0.032020]
[1782980366.852][    +62.7s][PLAN_TRAJ_EXP] STATE EXEC_TRAJ -> PLAN_TRAJ_EXP [safetyCallback: not safe, time:0.035416] |  (prev cycle x1/0.0s)
[1782980366.901][    +62.8s][PLAN_TRAJ_EXP] STATE EXEC_TRAJ -> PLAN_TRAJ_EXP [safetyCallback: not safe, time:0.040316] |  (prev cycle x1/0.0s)
[1782980366.903][    +62.8s][PLAN_TRAJ_EXP] STATE PLAN_TRAJ_EXP -> PLAN_TRAJ_EXP [safetyCallback: not safe, time:0.041833]
[1782980366.945][    +62.8s][EXEC_TRAJ] STATE PLAN_TRAJ_EXP -> EXEC_TRAJ [plan success: new traj pub]
[1782980366.952][    +62.8s][PLAN_TRAJ_EXP] STATE EXEC_TRAJ -> PLAN_TRAJ_EXP [safetyCallback: not safe, time:0.036988]
[1782980367.015][    +62.9s][PLAN_TRAJ_EXP] STATE EXEC_TRAJ -> PLAN_TRAJ_EXP [planGlobalPath: succeed] |  (prev cycle x1/0.1s)
[1782980367.050][    +62.9s][PLAN_TRAJ_EXP] STATE EXEC_TRAJ -> PLAN_TRAJ_EXP [safetyCallback: not safe, time:0.032161] |  (prev cycle x1/0.0s)
[1782980367.052][    +62.9s][PLAN_TRAJ_EXP] STATE PLAN_TRAJ_EXP -> PLAN_TRAJ_EXP [safetyCallback: not safe, time:0.033929]
[1782980367.092][    +63.0s][EXEC_TRAJ] STATE PLAN_TRAJ_EXP -> EXEC_TRAJ [plan success: new traj pub]
[1782980367.103][    +63.0s][PLAN_TRAJ_EXP] STATE EXEC_TRAJ -> PLAN_TRAJ_EXP [safetyCallback: not safe, time:0.041239]
[1782980367.150][    +63.0s][PLAN_TRAJ_EXP] STATE EXEC_TRAJ -> PLAN_TRAJ_EXP [safetyCallback: not safe, time:0.042484] |  (prev cycle x1/0.0s)
[1782980367.157][    +63.0s][PLAN_TRAJ_EXP] STATE PLAN_TRAJ_EXP -> PLAN_TRAJ_EXP [safetyCallback: not safe, time:0.049226]
[1782980367.191][    +63.1s][EXEC_TRAJ] STATE PLAN_TRAJ_EXP -> EXEC_TRAJ [plan success: new traj pub]
[1782980367.202][    +63.1s][PLAN_TRAJ_EXP] STATE EXEC_TRAJ -> PLAN_TRAJ_EXP [safetyCallback: not safe, time:0.041260]
[1782980367.204][    +63.1s][PLAN_TRAJ_EXP] STATE PLAN_TRAJ_EXP -> PLAN_TRAJ_EXP [safetyCallback: not safe, time:0.043971]
[1782980367.245][    +63.1s][EXEC_TRAJ] STATE PLAN_TRAJ_EXP -> EXEC_TRAJ [plan success: new traj pub]
[1782980367.262][    +63.1s][PLAN_TRAJ_EXP] STATE EXEC_TRAJ -> PLAN_TRAJ_EXP [planGlobalPath: succeed]
[1782980367.297][    +63.2s][PLAN_TRAJ_EXP] STATE EXEC_TRAJ -> PLAN_TRAJ_EXP [safetyCallback: not safe, time:0.030970] |  (prev cycle x1/0.0s)
[1782980367.303][    +63.2s][PLAN_TRAJ_EXP] STATE PLAN_TRAJ_EXP -> PLAN_TRAJ_EXP [safetyCallback: not safe, time:0.036657]
[1782980367.340][    +63.2s][EXEC_TRAJ] STATE PLAN_TRAJ_EXP -> EXEC_TRAJ [plan success: new traj pub]
[1782980367.350][    +63.2s][PLAN_TRAJ_EXP] STATE EXEC_TRAJ -> PLAN_TRAJ_EXP [safetyCallback: not safe, time:0.039721]
[1782980367.352][    +63.2s][PLAN_TRAJ_EXP] STATE PLAN_TRAJ_EXP -> PLAN_TRAJ_EXP [safetyCallback: not safe, time:0.041377]
[1782980367.395][    +63.3s][EXEC_TRAJ] STATE PLAN_TRAJ_EXP -> EXEC_TRAJ [plan success: new traj pub]
[1782980367.403][    +63.3s][PLAN_TRAJ_EXP] STATE EXEC_TRAJ -> PLAN_TRAJ_EXP [safetyCallback: not safe, time:0.038743]
[1782980367.448][    +63.3s][PLAN_TRAJ_EXP] STATE EXEC_TRAJ -> PLAN_TRAJ_EXP [safetyCallback: not safe, time:0.039939] |  (prev cycle x1/0.0s)
[1782980367.452][    +63.3s][PLAN_TRAJ_EXP] STATE PLAN_TRAJ_EXP -> PLAN_TRAJ_EXP [safetyCallback: not safe, time:0.043274]
[1782980367.495][    +63.4s][EXEC_TRAJ] STATE PLAN_TRAJ_EXP -> EXEC_TRAJ [plan success: new traj pub]
[1782980367.524][    +63.4s][EXEC_TRAJ] GLOBAL result=OK | clusters=2(reach 1) vp=1(reach 1) pipe[tot=2 dorm=1 unreach=0 cons=1 nocand=0 topo=0 novis=0 ok=1] tour=2n/0.5m goal=(4.1, 2.9, 0.9) t=28ms (x4)
[1782980367.524][    +63.4s][PLAN_TRAJ_EXP] STATE EXEC_TRAJ -> PLAN_TRAJ_EXP [planGlobalPath: succeed]
[1782980367.559][    +63.4s][PLAN_TRAJ_EXP] STATE EXEC_TRAJ -> PLAN_TRAJ_EXP [safetyCallback: not safe, time:0.031755] |  (prev cycle x1/0.0s)
[1782980367.603][    +63.5s][PLAN_TRAJ_EXP] STATE EXEC_TRAJ -> PLAN_TRAJ_EXP [safetyCallback: not safe, time:0.032595] |  (prev cycle x1/0.0s)
[1782980367.651][    +63.5s][PLAN_TRAJ_EXP] STATE EXEC_TRAJ -> PLAN_TRAJ_EXP [safetyCallback: not safe, time:0.037136] |  (prev cycle x1/0.0s)
[1782980367.700][    +63.6s][PLAN_TRAJ_EXP] STATE EXEC_TRAJ -> PLAN_TRAJ_EXP [safetyCallback: not safe, time:0.042563] |  (prev cycle x1/0.0s)
[1782980367.703][    +63.6s][PLAN_TRAJ_EXP] STATE PLAN_TRAJ_EXP -> PLAN_TRAJ_EXP [safetyCallback: not safe, time:0.044845]
[1782980367.744][    +63.6s][EXEC_TRAJ] STATE PLAN_TRAJ_EXP -> EXEC_TRAJ [plan success: new traj pub]
[1782980367.749][    +63.6s][PLAN_TRAJ_EXP] STATE EXEC_TRAJ -> PLAN_TRAJ_EXP [planGlobalPath: succeed]
[1782980367.754][    +63.6s][PLAN_TRAJ_EXP] STATE PLAN_TRAJ_EXP -> PLAN_TRAJ_EXP [safetyCallback: not safe, time:0.041337]
[1782980367.791][    +63.7s][EXEC_TRAJ] STATE PLAN_TRAJ_EXP -> EXEC_TRAJ [plan success: new traj pub]
[1782980367.802][    +63.7s][PLAN_TRAJ_EXP] STATE EXEC_TRAJ -> PLAN_TRAJ_EXP [safetyCallback: not safe, time:0.043737]
[1782980367.805][    +63.7s][PLAN_TRAJ_EXP] STATE PLAN_TRAJ_EXP -> PLAN_TRAJ_EXP [safetyCallback: not safe, time:0.045935]
[1782980367.845][    +63.7s][EXEC_TRAJ] STATE PLAN_TRAJ_EXP -> EXEC_TRAJ [plan success: new traj pub]
[1782980367.851][    +63.7s][PLAN_TRAJ_EXP] STATE EXEC_TRAJ -> PLAN_TRAJ_EXP [safetyCallback: not safe, time:0.034780]
[1782980367.899][    +63.8s][PLAN_TRAJ_EXP] STATE EXEC_TRAJ -> PLAN_TRAJ_EXP [safetyCallback: not safe, time:0.040531] |  (prev cycle x1/0.0s)
[1782980367.902][    +63.8s][PLAN_TRAJ_EXP] STATE PLAN_TRAJ_EXP -> PLAN_TRAJ_EXP [safetyCallback: not safe, time:0.044186]
[1782980367.943][    +63.8s][EXEC_TRAJ] STATE PLAN_TRAJ_EXP -> EXEC_TRAJ [plan success: new traj pub]
[1782980367.956][    +63.8s][PLAN_TRAJ_EXP] STATE EXEC_TRAJ -> PLAN_TRAJ_EXP [planGlobalPath: succeed]
[1782980367.991][    +63.9s][PLAN_TRAJ_EXP] STATE EXEC_TRAJ -> PLAN_TRAJ_EXP [safetyCallback: not safe, time:0.031355] |  (prev cycle x1/0.0s)
[1782980368.034][    +63.9s][PLAN_TRAJ_EXP] STATE EXEC_TRAJ -> PLAN_TRAJ_EXP [safetyCallback: not safe, time:0.031197] |  (prev cycle x1/0.0s)
[1782980368.078][    +63.9s][PLAN_TRAJ_EXP] STATE EXEC_TRAJ -> PLAN_TRAJ_EXP [safetyCallback: not safe, time:0.031529] |  (prev cycle x1/0.0s)
[1782980368.122][    +64.0s][PLAN_TRAJ_EXP] STATE EXEC_TRAJ -> PLAN_TRAJ_EXP [safetyCallback: not safe, time:0.031085] |  (prev cycle x1/0.0s)
[1782980368.165][    +64.0s][PLAN_TRAJ_EXP] STATE EXEC_TRAJ -> PLAN_TRAJ_EXP [safetyCallback: not safe, time:0.031423] |  (prev cycle x1/0.0s)
[1782980368.174][    +64.0s][PLAN_TRAJ_EXP] STATE PLAN_TRAJ_EXP -> PLAN_TRAJ_EXP [planGlobalPath: succeed]
[1782980368.208][    +64.1s][EXEC_TRAJ] STATE PLAN_TRAJ_EXP -> EXEC_TRAJ [plan success: new traj pub]
[1782980368.209][    +64.1s][PLAN_TRAJ_EXP] STATE EXEC_TRAJ -> PLAN_TRAJ_EXP [safetyCallback: not safe, time:0.031617]
[1782980368.254][    +64.1s][PLAN_TRAJ_EXP] STATE EXEC_TRAJ -> PLAN_TRAJ_EXP [safetyCallback: not safe, time:0.032292] |  (prev cycle x1/0.0s)
[1782980368.306][    +64.2s][PLAN_TRAJ_EXP] STATE EXEC_TRAJ -> PLAN_TRAJ_EXP [safetyCallback: not safe, time:0.040454] |  (prev cycle x1/0.1s)
[1782980368.352][    +64.2s][PLAN_TRAJ_EXP] STATE EXEC_TRAJ -> PLAN_TRAJ_EXP [safetyCallback: not safe, time:0.041141] |  (prev cycle x1/0.0s)
[1782980368.396][    +64.3s][PLAN_TRAJ_EXP] STATE EXEC_TRAJ -> PLAN_TRAJ_EXP [planGlobalPath: succeed] |  (prev cycle x1/0.0s)
[1782980368.431][    +64.3s][PLAN_TRAJ_EXP] STATE EXEC_TRAJ -> PLAN_TRAJ_EXP [safetyCallback: not safe, time:0.031289] |  (prev cycle x1/0.0s)
[1782980368.479][    +64.3s][PLAN_TRAJ_EXP] STATE EXEC_TRAJ -> PLAN_TRAJ_EXP [safetyCallback: not safe, time:0.031123] |  (prev cycle x1/0.0s)
[1782980368.523][    +64.4s][PLAN_TRAJ_EXP] STATE EXEC_TRAJ -> PLAN_TRAJ_EXP [safetyCallback: not safe, time:0.029455] |  (prev cycle x1/0.0s)
[1782980368.568][    +64.4s][PLAN_TRAJ_EXP] STATE EXEC_TRAJ -> PLAN_TRAJ_EXP [safetyCallback: not safe, time:0.031555] |  (prev cycle x1/0.0s)
[1782980368.622][    +64.5s][EXEC_TRAJ] GLOBAL result=OK | clusters=2(reach 1) vp=1(reach 1) pipe[tot=2 dorm=1 unreach=0 cons=1 nocand=0 topo=0 novis=0 ok=1] tour=2n/0.5m goal=(4.1, 2.9, 0.9) t=12ms (x4)
[1782980368.622][    +64.5s][PLAN_TRAJ_EXP] STATE EXEC_TRAJ -> PLAN_TRAJ_EXP [planGlobalPath: succeed] |  (prev cycle x1/0.1s)
[1782980368.623][    +64.5s][PLAN_TRAJ_EXP] STATE PLAN_TRAJ_EXP -> PLAN_TRAJ_EXP [safetyCallback: not safe, time:0.043423]
[1782980368.657][    +64.5s][EXEC_TRAJ] STATE PLAN_TRAJ_EXP -> EXEC_TRAJ [plan success: new traj pub]
[1782980368.659][    +64.5s][PLAN_TRAJ_EXP] STATE EXEC_TRAJ -> PLAN_TRAJ_EXP [safetyCallback: not safe, time:0.031763]
[1782980368.702][    +64.6s][PLAN_TRAJ_EXP] STATE EXEC_TRAJ -> PLAN_TRAJ_EXP [safetyCallback: not safe, time:0.031535] |  (prev cycle x1/0.0s)
[1782980368.755][    +64.6s][PLAN_TRAJ_EXP] STATE EXEC_TRAJ -> PLAN_TRAJ_EXP [safetyCallback: not safe, time:0.041192] |  (prev cycle x1/0.1s)
[1782980368.760][    +64.6s][PLAN_TRAJ_EXP] STATE PLAN_TRAJ_EXP -> PLAN_TRAJ_EXP [safetyCallback: not safe, time:0.046374]
[1782980368.798][    +64.7s][EXEC_TRAJ] STATE PLAN_TRAJ_EXP -> EXEC_TRAJ [plan success: new traj pub]
[1782980368.802][    +64.7s][PLAN_TRAJ_EXP] STATE EXEC_TRAJ -> PLAN_TRAJ_EXP [safetyCallback: not safe, time:0.034022]
[1782980368.848][    +64.7s][PLAN_TRAJ_EXP] STATE EXEC_TRAJ -> PLAN_TRAJ_EXP [planGlobalPath: succeed] |  (prev cycle x1/0.0s)
[1782980368.852][    +64.7s][PLAN_TRAJ_EXP] STATE PLAN_TRAJ_EXP -> PLAN_TRAJ_EXP [safetyCallback: not safe, time:0.040669]
[1782980368.886][    +64.7s][EXEC_TRAJ] STATE PLAN_TRAJ_EXP -> EXEC_TRAJ [plan success: new traj pub]
[1782980368.896][    +64.8s][PLAN_TRAJ_EXP] STATE EXEC_TRAJ -> PLAN_TRAJ_EXP [safetyCallback: not safe, time:0.039853]
[1782980368.902][    +64.8s][PLAN_TRAJ_EXP] STATE PLAN_TRAJ_EXP -> PLAN_TRAJ_EXP [safetyCallback: not safe, time:0.045947]
[1782980368.940][    +64.8s][EXEC_TRAJ] STATE PLAN_TRAJ_EXP -> EXEC_TRAJ [plan success: new traj pub]
[1782980368.950][    +64.8s][PLAN_TRAJ_EXP] STATE EXEC_TRAJ -> PLAN_TRAJ_EXP [safetyCallback: not safe, time:0.039681]
[1782980368.953][    +64.8s][PLAN_TRAJ_EXP] STATE PLAN_TRAJ_EXP -> PLAN_TRAJ_EXP [safetyCallback: not safe, time:0.042550]
[1782980368.993][    +64.9s][EXEC_TRAJ] STATE PLAN_TRAJ_EXP -> EXEC_TRAJ [plan success: new traj pub]
[1782980369.004][    +64.9s][PLAN_TRAJ_EXP] STATE EXEC_TRAJ -> PLAN_TRAJ_EXP [safetyCallback: not safe, time:0.040658]
[1782980369.006][    +64.9s][PLAN_TRAJ_EXP] STATE PLAN_TRAJ_EXP -> PLAN_TRAJ_EXP [safetyCallback: not safe, time:0.043184]
[1782980369.047][    +64.9s][EXEC_TRAJ] STATE PLAN_TRAJ_EXP -> EXEC_TRAJ [plan success: new traj pub]
[1782980369.061][    +64.9s][PLAN_TRAJ_EXP] STATE EXEC_TRAJ -> PLAN_TRAJ_EXP [planGlobalPath: succeed]
[1782980369.097][    +65.0s][PLAN_TRAJ_EXP] STATE EXEC_TRAJ -> PLAN_TRAJ_EXP [safetyCallback: not safe, time:0.031367] |  (prev cycle x1/0.0s)
[1782980369.102][    +65.0s][PLAN_TRAJ_EXP] STATE PLAN_TRAJ_EXP -> PLAN_TRAJ_EXP [safetyCallback: not safe, time:0.037345]
[1782980369.139][    +65.0s][EXEC_TRAJ] STATE PLAN_TRAJ_EXP -> EXEC_TRAJ [plan success: new traj pub]
[1782980369.149][    +65.0s][PLAN_TRAJ_EXP] STATE EXEC_TRAJ -> PLAN_TRAJ_EXP [safetyCallback: not safe, time:0.041168]
[1782980369.153][    +65.0s][PLAN_TRAJ_EXP] STATE PLAN_TRAJ_EXP -> PLAN_TRAJ_EXP [safetyCallback: not safe, time:0.045486]
[1782980369.192][    +65.1s][EXEC_TRAJ] STATE PLAN_TRAJ_EXP -> EXEC_TRAJ [plan success: new traj pub]
[1782980369.202][    +65.1s][PLAN_TRAJ_EXP] STATE EXEC_TRAJ -> PLAN_TRAJ_EXP [safetyCallback: not safe, time:0.039345]
[1782980369.246][    +65.1s][PLAN_TRAJ_EXP] STATE EXEC_TRAJ -> PLAN_TRAJ_EXP [safetyCallback: not safe, time:0.040364] |  (prev cycle x1/0.0s)
[1782980369.253][    +65.1s][PLAN_TRAJ_EXP] STATE PLAN_TRAJ_EXP -> PLAN_TRAJ_EXP [safetyCallback: not safe, time:0.047272]
[1782980369.291][    +65.2s][EXEC_TRAJ] STATE PLAN_TRAJ_EXP -> EXEC_TRAJ [plan success: new traj pub]
[1782980369.326][    +65.2s][PLAN_TRAJ_EXP] STATE EXEC_TRAJ -> PLAN_TRAJ_EXP [planGlobalPath: succeed]
[1782980369.361][    +65.2s][PLAN_TRAJ_EXP] STATE EXEC_TRAJ -> PLAN_TRAJ_EXP [safetyCallback: not safe, time:0.031396] |  (prev cycle x1/0.0s)
[1782980369.404][    +65.3s][PLAN_TRAJ_EXP] STATE EXEC_TRAJ -> PLAN_TRAJ_EXP [safetyCallback: not safe, time:0.030554] |  (prev cycle x1/0.0s)
[1782980369.458][    +65.3s][PLAN_TRAJ_EXP] STATE EXEC_TRAJ -> PLAN_TRAJ_EXP [safetyCallback: not safe, time:0.040826] |  (prev cycle x1/0.1s)
[1782980369.502][    +65.4s][PLAN_TRAJ_EXP] STATE EXEC_TRAJ -> PLAN_TRAJ_EXP [safetyCallback: not safe, time:0.038967] |  (prev cycle x1/0.0s)
[1782980369.543][    +65.4s][PLAN_TRAJ_EXP] STATE EXEC_TRAJ -> PLAN_TRAJ_EXP [planGlobalPath: succeed] |  (prev cycle x1/0.0s)
[1782980369.581][    +65.4s][PLAN_TRAJ_EXP] STATE EXEC_TRAJ -> PLAN_TRAJ_EXP [safetyCallback: not safe, time:0.031298] |  (prev cycle x1/0.0s)
[1782980369.625][    +65.5s][PLAN_TRAJ_EXP] STATE EXEC_TRAJ -> PLAN_TRAJ_EXP [safetyCallback: not safe, time:0.031091] |  (prev cycle x1/0.0s)
[1782980369.669][    +65.5s][PLAN_TRAJ_EXP] STATE EXEC_TRAJ -> PLAN_TRAJ_EXP [safetyCallback: not safe, time:0.032424] |  (prev cycle x1/0.0s)
[1782980369.712][    +65.6s][PLAN_TRAJ_EXP] STATE EXEC_TRAJ -> PLAN_TRAJ_EXP [safetyCallback: not safe, time:0.030182] |  (prev cycle x1/0.0s)
[1782980369.764][    +65.6s][EXEC_TRAJ] GLOBAL result=OK | clusters=2(reach 1) vp=1(reach 1) pipe[tot=2 dorm=1 unreach=0 cons=1 nocand=0 topo=0 novis=0 ok=1] tour=2n/0.5m goal=(4.1, 2.9, 0.9) t=6ms (x4)
[1782980369.764][    +65.6s][PLAN_TRAJ_EXP] STATE EXEC_TRAJ -> PLAN_TRAJ_EXP [planGlobalPath: succeed] |  (prev cycle x1/0.1s)
[1782980369.767][    +65.6s][PLAN_TRAJ_EXP] STATE PLAN_TRAJ_EXP -> PLAN_TRAJ_EXP [safetyCallback: not safe, time:0.038592]
[1782980369.801][    +65.7s][EXEC_TRAJ] STATE PLAN_TRAJ_EXP -> EXEC_TRAJ [plan success: new traj pub]
[1782980369.802][    +65.7s][PLAN_TRAJ_EXP] STATE EXEC_TRAJ -> PLAN_TRAJ_EXP [safetyCallback: not safe, time:0.031163]
[1782980369.856][    +65.7s][PLAN_TRAJ_EXP] STATE EXEC_TRAJ -> PLAN_TRAJ_EXP [safetyCallback: not safe, time:0.037827] |  (prev cycle x1/0.1s)
[1782980369.902][    +65.8s][PLAN_TRAJ_EXP] STATE EXEC_TRAJ -> PLAN_TRAJ_EXP [safetyCallback: not safe, time:0.040677] |  (prev cycle x1/0.0s)
[1782980369.947][    +65.8s][PLAN_TRAJ_EXP] STATE EXEC_TRAJ -> PLAN_TRAJ_EXP [safetyCallback: not safe, time:0.039715] |  (prev cycle x1/0.0s)
[1782980369.992][    +65.9s][PLAN_TRAJ_EXP] STATE EXEC_TRAJ -> PLAN_TRAJ_EXP [safetyCallback: not safe, time:0.031503] |  (prev cycle x1/0.0s)
[1782980370.001][    +65.9s][PLAN_TRAJ_EXP] STATE PLAN_TRAJ_EXP -> PLAN_TRAJ_EXP [planGlobalPath: succeed]
[1782980370.035][    +65.9s][EXEC_TRAJ] STATE PLAN_TRAJ_EXP -> EXEC_TRAJ [plan success: new traj pub]
[1782980370.035][    +65.9s][PLAN_TRAJ_EXP] STATE EXEC_TRAJ -> PLAN_TRAJ_EXP [safetyCallback: not safe, time:0.030062]
[1782980370.081][    +65.9s][PLAN_TRAJ_EXP] STATE EXEC_TRAJ -> PLAN_TRAJ_EXP [safetyCallback: not safe, time:0.031533] |  (prev cycle x1/0.0s)
[1782980370.122][    +66.0s][PLAN_TRAJ_EXP] STATE EXEC_TRAJ -> PLAN_TRAJ_EXP [safetyCallback: not safe, time:0.030204] |  (prev cycle x1/0.0s)
[1782980370.167][    +66.0s][PLAN_TRAJ_EXP] STATE EXEC_TRAJ -> PLAN_TRAJ_EXP [safetyCallback: not safe, time:0.031780] |  (prev cycle x1/0.0s)
[1782980370.218][    +66.1s][PLAN_TRAJ_EXP] STATE EXEC_TRAJ -> PLAN_TRAJ_EXP [planGlobalPath: succeed] |  (prev cycle x1/0.1s)
[1782980370.218][    +66.1s][PLAN_TRAJ_EXP] STATE PLAN_TRAJ_EXP -> PLAN_TRAJ_EXP [safetyCallback: not safe, time:0.038811]
[1782980370.253][    +66.1s][EXEC_TRAJ] STATE PLAN_TRAJ_EXP -> EXEC_TRAJ [plan success: new traj pub]
[1782980370.255][    +66.1s][PLAN_TRAJ_EXP] STATE EXEC_TRAJ -> PLAN_TRAJ_EXP [safetyCallback: not safe, time:0.032397]
[1782980370.302][    +66.2s][PLAN_TRAJ_EXP] STATE EXEC_TRAJ -> PLAN_TRAJ_EXP [safetyCallback: not safe, time:0.035106] |  (prev cycle x1/0.0s)
[1782980370.354][    +66.2s][PLAN_TRAJ_EXP] STATE EXEC_TRAJ -> PLAN_TRAJ_EXP [safetyCallback: not safe, time:0.043494] |  (prev cycle x1/0.1s)
[1782980370.398][    +66.3s][PLAN_TRAJ_EXP] STATE EXEC_TRAJ -> PLAN_TRAJ_EXP [safetyCallback: not safe, time:0.040069] |  (prev cycle x1/0.0s)
[1782980370.401][    +66.3s][PLAN_TRAJ_EXP] STATE PLAN_TRAJ_EXP -> PLAN_TRAJ_EXP [safetyCallback: not safe, time:0.043010]
[1782980370.442][    +66.3s][EXEC_TRAJ] STATE PLAN_TRAJ_EXP -> EXEC_TRAJ [plan success: new traj pub]
[1782980370.447][    +66.3s][PLAN_TRAJ_EXP] STATE EXEC_TRAJ -> PLAN_TRAJ_EXP [planGlobalPath: succeed]
[1782980370.453][    +66.3s][PLAN_TRAJ_EXP] STATE PLAN_TRAJ_EXP -> PLAN_TRAJ_EXP [safetyCallback: not safe, time:0.041550]
[1782980370.488][    +66.3s][EXEC_TRAJ] STATE PLAN_TRAJ_EXP -> EXEC_TRAJ [plan success: new traj pub]
[1782980370.498][    +66.4s][PLAN_TRAJ_EXP] STATE EXEC_TRAJ -> PLAN_TRAJ_EXP [safetyCallback: not safe, time:0.039880]
[1782980370.501][    +66.4s][PLAN_TRAJ_EXP] STATE PLAN_TRAJ_EXP -> PLAN_TRAJ_EXP [safetyCallback: not safe, time:0.043122]
[1782980370.541][    +66.4s][EXEC_TRAJ] STATE PLAN_TRAJ_EXP -> EXEC_TRAJ [plan success: new traj pub]
[1782980370.552][    +66.4s][PLAN_TRAJ_EXP] STATE EXEC_TRAJ -> PLAN_TRAJ_EXP [safetyCallback: not safe, time:0.040058]
[1782980370.554][    +66.4s][PLAN_TRAJ_EXP] STATE PLAN_TRAJ_EXP -> PLAN_TRAJ_EXP [safetyCallback: not safe, time:0.042247]
[1782980370.597][    +66.5s][EXEC_TRAJ] STATE PLAN_TRAJ_EXP -> EXEC_TRAJ [plan success: new traj pub]
[1782980370.601][    +66.5s][PLAN_TRAJ_EXP] STATE EXEC_TRAJ -> PLAN_TRAJ_EXP [safetyCallback: not safe, time:0.036276]
[1782980370.669][    +66.5s][PLAN_TRAJ_EXP] STATE EXEC_TRAJ -> PLAN_TRAJ_EXP [planGlobalPath: succeed] |  (prev cycle x1/0.1s)
[1782980370.703][    +66.6s][PLAN_TRAJ_EXP] STATE EXEC_TRAJ -> PLAN_TRAJ_EXP [safetyCallback: not safe, time:0.030428] |  (prev cycle x1/0.0s)
[1782980370.753][    +66.6s][PLAN_TRAJ_EXP] STATE EXEC_TRAJ -> PLAN_TRAJ_EXP [safetyCallback: not safe, time:0.038242] |  (prev cycle x1/0.1s)
[1782980370.800][    +66.7s][PLAN_TRAJ_EXP] STATE EXEC_TRAJ -> PLAN_TRAJ_EXP [safetyCallback: not safe, time:0.041106] |  (prev cycle x1/0.0s)
[1782980370.807][    +66.7s][PLAN_TRAJ_EXP] STATE PLAN_TRAJ_EXP -> PLAN_TRAJ_EXP [safetyCallback: not safe, time:0.047775]
[1782980370.845][    +66.7s][EXEC_TRAJ] STATE PLAN_TRAJ_EXP -> EXEC_TRAJ [plan success: new traj pub]
[1782980370.853][    +66.7s][PLAN_TRAJ_EXP] STATE EXEC_TRAJ -> PLAN_TRAJ_EXP [safetyCallback: not safe, time:0.038071]
[1782980370.897][    +66.8s][EXEC_TRAJ] GLOBAL result=OK | clusters=2(reach 1) vp=1(reach 1) pipe[tot=2 dorm=1 unreach=0 cons=1 nocand=0 topo=0 novis=0 ok=1] tour=2n/0.5m goal=(4.1, 2.9, 0.9) t=7ms (x4)
[1782980370.897][    +66.8s][PLAN_TRAJ_EXP] STATE EXEC_TRAJ -> PLAN_TRAJ_EXP [planGlobalPath: succeed] |  (prev cycle x1/0.0s)
[1782980370.932][    +66.8s][PLAN_TRAJ_EXP] STATE EXEC_TRAJ -> PLAN_TRAJ_EXP [safetyCallback: not safe, time:0.030183] |  (prev cycle x1/0.0s)
[1782980370.977][    +66.8s][PLAN_TRAJ_EXP] STATE EXEC_TRAJ -> PLAN_TRAJ_EXP [safetyCallback: not safe, time:0.032079] |  (prev cycle x1/0.0s)
[1782980371.019][    +66.9s][PLAN_TRAJ_EXP] STATE EXEC_TRAJ -> PLAN_TRAJ_EXP [safetyCallback: not safe, time:0.031268] |  (prev cycle x1/0.0s)
[1782980371.029][    +66.9s][PLAN_TRAJ_EXP] STUCK no motion >8s in PLAN_TRAJ_EXP | last-local: escape traj (flyToSafeRegion) | pos=(3.92, 3.09, 1.41) still=42s (x90)
[1782980371.065][    +66.9s][PLAN_TRAJ_EXP] STATE EXEC_TRAJ -> PLAN_TRAJ_EXP [safetyCallback: not safe, time:0.031713] |  (prev cycle x1/0.0s)
[1782980371.120][    +67.0s][PLAN_TRAJ_EXP] STATE EXEC_TRAJ -> PLAN_TRAJ_EXP [planGlobalPath: succeed] |  (prev cycle x1/0.1s)
[1782980371.121][    +67.0s][PLAN_TRAJ_EXP] STATE PLAN_TRAJ_EXP -> PLAN_TRAJ_EXP [safetyCallback: not safe, time:0.044395]
[1782980371.155][    +67.0s][EXEC_TRAJ] STATE PLAN_TRAJ_EXP -> EXEC_TRAJ [plan success: new traj pub]
[1782980371.157][    +67.0s][PLAN_TRAJ_EXP] STATE EXEC_TRAJ -> PLAN_TRAJ_EXP [safetyCallback: not safe, time:0.031397]
[1782980371.203][    +67.1s][PLAN_TRAJ_EXP] STATE EXEC_TRAJ -> PLAN_TRAJ_EXP [safetyCallback: not safe, time:0.034469] |  (prev cycle x1/0.0s)
[1782980371.252][    +67.1s][PLAN_TRAJ_EXP] STATE EXEC_TRAJ -> PLAN_TRAJ_EXP [safetyCallback: not safe, time:0.040889] |  (prev cycle x1/0.0s)
[1782980371.254][    +67.1s][PLAN_TRAJ_EXP] STATE PLAN_TRAJ_EXP -> PLAN_TRAJ_EXP [safetyCallback: not safe, time:0.042712]
[1782980371.295][    +67.2s][EXEC_TRAJ] STATE PLAN_TRAJ_EXP -> EXEC_TRAJ [plan success: new traj pub]
[1782980371.303][    +67.2s][PLAN_TRAJ_EXP] STATE EXEC_TRAJ -> PLAN_TRAJ_EXP [safetyCallback: not safe, time:0.037917]
[1782980371.346][    +67.2s][PLAN_TRAJ_EXP] STATE EXEC_TRAJ -> PLAN_TRAJ_EXP [planGlobalPath: succeed] |  (prev cycle x1/0.0s)
[1782980371.384][    +67.2s][PLAN_TRAJ_EXP] STATE EXEC_TRAJ -> PLAN_TRAJ_EXP [safetyCallback: not safe, time:0.030992] |  (prev cycle x1/0.0s)
[1782980371.426][    +67.3s][PLAN_TRAJ_EXP] STATE EXEC_TRAJ -> PLAN_TRAJ_EXP [safetyCallback: not safe, time:0.030347] |  (prev cycle x1/0.0s)
[1782980371.473][    +67.3s][PLAN_TRAJ_EXP] STATE EXEC_TRAJ -> PLAN_TRAJ_EXP [safetyCallback: not safe, time:0.033383] |  (prev cycle x1/0.0s)
[1782980371.514][    +67.4s][PLAN_TRAJ_EXP] STATE EXEC_TRAJ -> PLAN_TRAJ_EXP [safetyCallback: not safe, time:0.030509] |  (prev cycle x1/0.0s)
[1782980371.570][    +67.4s][PLAN_TRAJ_EXP] STATE EXEC_TRAJ -> PLAN_TRAJ_EXP [planGlobalPath: succeed] |  (prev cycle x1/0.1s)
[1782980371.571][    +67.4s][PLAN_TRAJ_EXP] STATE PLAN_TRAJ_EXP -> PLAN_TRAJ_EXP [safetyCallback: not safe, time:0.044907]
[1782980371.605][    +67.5s][PLAN_TRAJ_EXP] LOCAL EXP OK | why: escape traj (flyToSafeRegion) | t=33.4ms goal_d=0.5m (x106)
[1782980371.605][    +67.5s][EXEC_TRAJ] STATE PLAN_TRAJ_EXP -> EXEC_TRAJ [plan success: new traj pub]
[1782980371.606][    +67.5s][PLAN_TRAJ_EXP] STATE EXEC_TRAJ -> PLAN_TRAJ_EXP [safetyCallback: not safe, time:0.031553]
[1782980371.654][    +67.5s][PLAN_TRAJ_EXP] STATE EXEC_TRAJ -> PLAN_TRAJ_EXP [safetyCallback: not safe, time:0.035813] |  (prev cycle x1/0.0s)
[1782980371.701][    +67.6s][PLAN_TRAJ_EXP] STATE EXEC_TRAJ -> PLAN_TRAJ_EXP [safetyCallback: not safe, time:0.038412] |  (prev cycle x1/0.0s)
[1782980371.746][    +67.6s][PLAN_TRAJ_EXP] STATE EXEC_TRAJ -> PLAN_TRAJ_EXP [safetyCallback: not safe, time:0.040086] |  (prev cycle x1/0.0s)
[1782980371.755][    +67.6s][PLAN_TRAJ_EXP] STATE PLAN_TRAJ_EXP -> PLAN_TRAJ_EXP [safetyCallback: not safe, time:0.048519]
[1782980371.791][    +67.7s][EXEC_TRAJ] STATE PLAN_TRAJ_EXP -> EXEC_TRAJ [plan success: new traj pub]
[1782980371.808][    +67.7s][PLAN_TRAJ_EXP] STATE EXEC_TRAJ -> PLAN_TRAJ_EXP [planGlobalPath: succeed]
[1782980371.842][    +67.7s][PLAN_TRAJ_EXP] STATE EXEC_TRAJ -> PLAN_TRAJ_EXP [safetyCallback: not safe, time:0.031180] |  (prev cycle x1/0.0s)
[1782980371.887][    +67.7s][PLAN_TRAJ_EXP] STATE EXEC_TRAJ -> PLAN_TRAJ_EXP [safetyCallback: not safe, time:0.031205] |  (prev cycle x1/0.0s)
[1782980371.930][    +67.8s][PLAN_TRAJ_EXP] STATE EXEC_TRAJ -> PLAN_TRAJ_EXP [safetyCallback: not safe, time:0.032155] |  (prev cycle x1/0.0s)
[1782980371.975][    +67.8s][PLAN_TRAJ_EXP] STATE EXEC_TRAJ -> PLAN_TRAJ_EXP [safetyCallback: not safe, time:0.032217] |  (prev cycle x1/0.0s)
[1782980372.018][    +67.9s][PLAN_TRAJ_EXP] STATE EXEC_TRAJ -> PLAN_TRAJ_EXP [safetyCallback: not safe, time:0.031089] |  (prev cycle x1/0.0s)
[1782980372.024][    +67.9s][PLAN_TRAJ_EXP] GLOBAL result=OK | clusters=2(reach 1) vp=1(reach 1) pipe[tot=2 dorm=1 unreach=0 cons=1 nocand=0 topo=0 novis=0 ok=1] tour=2n/0.5m goal=(4.1, 2.9, 0.9) t=5ms (x4)
[1782980372.024][    +67.9s][PLAN_TRAJ_EXP] STATE PLAN_TRAJ_EXP -> PLAN_TRAJ_EXP [planGlobalPath: succeed]
[1782980372.061][    +67.9s][EXEC_TRAJ] STATE PLAN_TRAJ_EXP -> EXEC_TRAJ [plan success: new traj pub]
[1782980372.063][    +67.9s][PLAN_TRAJ_EXP] STATE EXEC_TRAJ -> PLAN_TRAJ_EXP [safetyCallback: not safe, time:0.031951]
[1782980372.109][    +68.0s][PLAN_TRAJ_EXP] STATE EXEC_TRAJ -> PLAN_TRAJ_EXP [safetyCallback: not safe, time:0.033385] |  (prev cycle x1/0.0s)
[1782980372.153][    +68.0s][PLAN_TRAJ_EXP] STATE EXEC_TRAJ -> PLAN_TRAJ_EXP [safetyCallback: not safe, time:0.034841] |  (prev cycle x1/0.0s)
[1782980372.203][    +68.1s][PLAN_TRAJ_EXP] STATE EXEC_TRAJ -> PLAN_TRAJ_EXP [safetyCallback: not safe, time:0.038365] |  (prev cycle x1/0.0s)
[1782980372.250][    +68.1s][PLAN_TRAJ_EXP] STATE EXEC_TRAJ -> PLAN_TRAJ_EXP [planGlobalPath: succeed] |  (prev cycle x1/0.0s)
[1782980372.285][    +68.1s][PLAN_TRAJ_EXP] STATE EXEC_TRAJ -> PLAN_TRAJ_EXP [safetyCallback: not safe, time:0.030943] |  (prev cycle x1/0.0s)
[1782980372.328][    +68.2s][PLAN_TRAJ_EXP] STATE EXEC_TRAJ -> PLAN_TRAJ_EXP [safetyCallback: not safe, time:0.031071] |  (prev cycle x1/0.0s)
[1782980372.372][    +68.2s][PLAN_TRAJ_EXP] STATE EXEC_TRAJ -> PLAN_TRAJ_EXP [safetyCallback: not safe, time:0.031275] |  (prev cycle x1/0.0s)
[1782980372.415][    +68.3s][PLAN_TRAJ_EXP] STATE EXEC_TRAJ -> PLAN_TRAJ_EXP [safetyCallback: not safe, time:0.030650] |  (prev cycle x1/0.0s)
[1782980372.467][    +68.3s][PLAN_TRAJ_EXP] STATE EXEC_TRAJ -> PLAN_TRAJ_EXP [planGlobalPath: succeed] |  (prev cycle x1/0.1s)
[1782980372.468][    +68.3s][PLAN_TRAJ_EXP] STATE PLAN_TRAJ_EXP -> PLAN_TRAJ_EXP [safetyCallback: not safe, time:0.038133]
[1782980372.503][    +68.4s][EXEC_TRAJ] STATE PLAN_TRAJ_EXP -> EXEC_TRAJ [plan success: new traj pub]
[1782980372.509][    +68.4s][PLAN_TRAJ_EXP] STATE EXEC_TRAJ -> PLAN_TRAJ_EXP [safetyCallback: not safe, time:0.036823]
[1782980372.553][    +68.4s][PLAN_TRAJ_EXP] STATE EXEC_TRAJ -> PLAN_TRAJ_EXP [safetyCallback: not safe, time:0.035988] |  (prev cycle x1/0.0s)
[1782980372.601][    +68.5s][PLAN_TRAJ_EXP] STATE EXEC_TRAJ -> PLAN_TRAJ_EXP [safetyCallback: not safe, time:0.039623] |  (prev cycle x1/0.0s)
[1782980372.646][    +68.5s][PLAN_TRAJ_EXP] STATE EXEC_TRAJ -> PLAN_TRAJ_EXP [safetyCallback: not safe, time:0.040303] |  (prev cycle x1/0.0s)
[1782980372.653][    +68.5s][PLAN_TRAJ_EXP] STATE PLAN_TRAJ_EXP -> PLAN_TRAJ_EXP [safetyCallback: not safe, time:0.047703]
[1782980372.689][    +68.6s][EXEC_TRAJ] STATE PLAN_TRAJ_EXP -> EXEC_TRAJ [plan success: new traj pub]
[1782980372.729][    +68.6s][PLAN_TRAJ_EXP] STATE EXEC_TRAJ -> PLAN_TRAJ_EXP [planGlobalPath: succeed]
[1782980372.764][    +68.6s][PLAN_TRAJ_EXP] STATE EXEC_TRAJ -> PLAN_TRAJ_EXP [safetyCallback: not safe, time:0.031569] |  (prev cycle x1/0.0s)
[1782980372.808][    +68.7s][PLAN_TRAJ_EXP] STATE EXEC_TRAJ -> PLAN_TRAJ_EXP [safetyCallback: not safe, time:0.032443] |  (prev cycle x1/0.0s)
[1782980372.860][    +68.7s][PLAN_TRAJ_EXP] STATE EXEC_TRAJ -> PLAN_TRAJ_EXP [safetyCallback: not safe, time:0.039874] |  (prev cycle x1/0.1s)
[1782980372.902][    +68.8s][PLAN_TRAJ_EXP] STATE EXEC_TRAJ -> PLAN_TRAJ_EXP [safetyCallback: not safe, time:0.037170] |  (prev cycle x1/0.0s)
[1782980372.945][    +68.8s][PLAN_TRAJ_EXP] STATE EXEC_TRAJ -> PLAN_TRAJ_EXP [planGlobalPath: succeed] |  (prev cycle x1/0.0s)
[1782980372.983][    +68.8s][PLAN_TRAJ_EXP] STATE EXEC_TRAJ -> PLAN_TRAJ_EXP [safetyCallback: not safe, time:0.029830] |  (prev cycle x1/0.0s)
[1782980373.027][    +68.9s][PLAN_TRAJ_EXP] STATE EXEC_TRAJ -> PLAN_TRAJ_EXP [safetyCallback: not safe, time:0.030843] |  (prev cycle x1/0.0s)
[1782980373.073][    +68.9s][PLAN_TRAJ_EXP] STATE EXEC_TRAJ -> PLAN_TRAJ_EXP [safetyCallback: not safe, time:0.031290] |  (prev cycle x1/0.0s)
[1782980373.117][    +69.0s][PLAN_TRAJ_EXP] STATE EXEC_TRAJ -> PLAN_TRAJ_EXP [safetyCallback: not safe, time:0.030897] |  (prev cycle x1/0.0s)
[1782980373.178][    +69.0s][EXEC_TRAJ] GLOBAL result=OK | clusters=2(reach 1) vp=1(reach 1) pipe[tot=2 dorm=1 unreach=0 cons=1 nocand=0 topo=0 novis=0 ok=1] tour=2n/0.5m goal=(4.1, 2.9, 0.9) t=13ms (x4)
[1782980373.178][    +69.0s][PLAN_TRAJ_EXP] STATE EXEC_TRAJ -> PLAN_TRAJ_EXP [planGlobalPath: succeed] |  (prev cycle x1/0.1s)
[1782980373.179][    +69.0s][PLAN_TRAJ_EXP] STATE PLAN_TRAJ_EXP -> PLAN_TRAJ_EXP [safetyCallback: not safe, time:0.045648]
[1782980373.214][    +69.1s][EXEC_TRAJ] STATE PLAN_TRAJ_EXP -> EXEC_TRAJ [plan success: new traj pub]
[1782980373.216][    +69.1s][PLAN_TRAJ_EXP] STATE EXEC_TRAJ -> PLAN_TRAJ_EXP [safetyCallback: not safe, time:0.032463]
[1782980373.259][    +69.1s][PLAN_TRAJ_EXP] STATE EXEC_TRAJ -> PLAN_TRAJ_EXP [safetyCallback: not safe, time:0.031653] |  (prev cycle x1/0.0s)
[1782980373.303][    +69.2s][PLAN_TRAJ_EXP] STATE EXEC_TRAJ -> PLAN_TRAJ_EXP [safetyCallback: not safe, time:0.030965] |  (prev cycle x1/0.0s)
[1782980373.354][    +69.2s][PLAN_TRAJ_EXP] STATE EXEC_TRAJ -> PLAN_TRAJ_EXP [safetyCallback: not safe, time:0.039880] |  (prev cycle x1/0.1s)
[1782980373.401][    +69.3s][PLAN_TRAJ_EXP] STATE EXEC_TRAJ -> PLAN_TRAJ_EXP [planGlobalPath: succeed] |  (prev cycle x1/0.0s)
[1782980373.437][    +69.3s][PLAN_TRAJ_EXP] STATE EXEC_TRAJ -> PLAN_TRAJ_EXP [safetyCallback: not safe, time:0.031662] |  (prev cycle x1/0.0s)
[1782980373.482][    +69.3s][PLAN_TRAJ_EXP] STATE EXEC_TRAJ -> PLAN_TRAJ_EXP [safetyCallback: not safe, time:0.030345] |  (prev cycle x1/0.0s)
[1782980373.526][    +69.4s][PLAN_TRAJ_EXP] STATE EXEC_TRAJ -> PLAN_TRAJ_EXP [safetyCallback: not safe, time:0.031408] |  (prev cycle x1/0.0s)
[1782980373.569][    +69.4s][PLAN_TRAJ_EXP] STATE EXEC_TRAJ -> PLAN_TRAJ_EXP [safetyCallback: not safe, time:0.031082] |  (prev cycle x1/0.0s)
[1782980373.621][    +69.5s][PLAN_TRAJ_EXP] STATE EXEC_TRAJ -> PLAN_TRAJ_EXP [planGlobalPath: succeed] |  (prev cycle x1/0.1s)
[1782980373.622][    +69.5s][PLAN_TRAJ_EXP] STATE PLAN_TRAJ_EXP -> PLAN_TRAJ_EXP [safetyCallback: not safe, time:0.038360]
[1782980373.659][    +69.5s][EXEC_TRAJ] STATE PLAN_TRAJ_EXP -> EXEC_TRAJ [plan success: new traj pub]
[1782980373.660][    +69.5s][PLAN_TRAJ_EXP] STATE EXEC_TRAJ -> PLAN_TRAJ_EXP [safetyCallback: not safe, time:0.031343]
[1782980373.705][    +69.6s][PLAN_TRAJ_EXP] STATE EXEC_TRAJ -> PLAN_TRAJ_EXP [safetyCallback: not safe, time:0.032560] |  (prev cycle x1/0.0s)
[1782980373.753][    +69.6s][PLAN_TRAJ_EXP] STATE EXEC_TRAJ -> PLAN_TRAJ_EXP [safetyCallback: not safe, time:0.036970] |  (prev cycle x1/0.0s)
[1782980373.800][    +69.7s][PLAN_TRAJ_EXP] STATE EXEC_TRAJ -> PLAN_TRAJ_EXP [safetyCallback: not safe, time:0.039213] |  (prev cycle x1/0.0s)
[1782980373.802][    +69.7s][PLAN_TRAJ_EXP] STATE PLAN_TRAJ_EXP -> PLAN_TRAJ_EXP [safetyCallback: not safe, time:0.041207]
[1782980373.844][    +69.7s][EXEC_TRAJ] STATE PLAN_TRAJ_EXP -> EXEC_TRAJ [plan success: new traj pub]
[1782980373.862][    +69.7s][PLAN_TRAJ_EXP] STATE EXEC_TRAJ -> PLAN_TRAJ_EXP [planGlobalPath: succeed]
[1782980373.897][    +69.8s][PLAN_TRAJ_EXP] STATE EXEC_TRAJ -> PLAN_TRAJ_EXP [safetyCallback: not safe, time:0.030164] |  (prev cycle x1/0.0s)
[1782980373.941][    +69.8s][PLAN_TRAJ_EXP] STATE EXEC_TRAJ -> PLAN_TRAJ_EXP [safetyCallback: not safe, time:0.031528] |  (prev cycle x1/0.0s)
[1782980373.984][    +69.8s][PLAN_TRAJ_EXP] STATE EXEC_TRAJ -> PLAN_TRAJ_EXP [safetyCallback: not safe, time:0.029583] |  (prev cycle x1/0.0s)
[1782980374.028][    +69.9s][PLAN_TRAJ_EXP] STATE EXEC_TRAJ -> PLAN_TRAJ_EXP [safetyCallback: not safe, time:0.031586] |  (prev cycle x1/0.0s)
[1782980374.071][    +69.9s][PLAN_TRAJ_EXP] STATE EXEC_TRAJ -> PLAN_TRAJ_EXP [safetyCallback: not safe, time:0.030659] |  (prev cycle x1/0.0s)
[1782980374.078][    +69.9s][PLAN_TRAJ_EXP] STATE PLAN_TRAJ_EXP -> PLAN_TRAJ_EXP [planGlobalPath: succeed]
[1782980374.114][    +70.0s][EXEC_TRAJ] STATE PLAN_TRAJ_EXP -> EXEC_TRAJ [plan success: new traj pub]
[1782980374.116][    +70.0s][PLAN_TRAJ_EXP] STATE EXEC_TRAJ -> PLAN_TRAJ_EXP [safetyCallback: not safe, time:0.028154]
[1782980374.159][    +70.0s][PLAN_TRAJ_EXP] STATE EXEC_TRAJ -> PLAN_TRAJ_EXP [safetyCallback: not safe, time:0.030648] |  (prev cycle x1/0.0s)
[1782980374.204][    +70.1s][PLAN_TRAJ_EXP] STATE EXEC_TRAJ -> PLAN_TRAJ_EXP [safetyCallback: not safe, time:0.032322] |  (prev cycle x1/0.0s)
[1782980374.253][    +70.1s][PLAN_TRAJ_EXP] STATE EXEC_TRAJ -> PLAN_TRAJ_EXP [safetyCallback: not safe, time:0.037636] |  (prev cycle x1/0.0s)
[1782980374.319][    +70.2s][EXEC_TRAJ] GLOBAL result=OK | clusters=2(reach 1) vp=1(reach 1) pipe[tot=2 dorm=1 unreach=0 cons=1 nocand=0 topo=0 novis=0 ok=1] tour=2n/0.5m goal=(4.1, 2.9, 0.9) t=28ms (x4)
[1782980374.319][    +70.2s][PLAN_TRAJ_EXP] STATE EXEC_TRAJ -> PLAN_TRAJ_EXP [planGlobalPath: succeed] |  (prev cycle x1/0.1s)
[1782980374.354][    +70.2s][PLAN_TRAJ_EXP] STATE EXEC_TRAJ -> PLAN_TRAJ_EXP [safetyCallback: not safe, time:0.031694] |  (prev cycle x1/0.0s)
[1782980374.359][    +70.2s][PLAN_TRAJ_EXP] STATE PLAN_TRAJ_EXP -> PLAN_TRAJ_EXP [safetyCallback: not safe, time:0.036689]
[1782980374.396][    +70.3s][EXEC_TRAJ] STATE PLAN_TRAJ_EXP -> EXEC_TRAJ [plan success: new traj pub]
[1782980374.405][    +70.3s][PLAN_TRAJ_EXP] STATE EXEC_TRAJ -> PLAN_TRAJ_EXP [safetyCallback: not safe, time:0.037977]
[1782980374.451][    +70.3s][PLAN_TRAJ_EXP] STATE EXEC_TRAJ -> PLAN_TRAJ_EXP [safetyCallback: not safe, time:0.041034] |  (prev cycle x1/0.0s)
[1782980374.452][    +70.3s][PLAN_TRAJ_EXP] STATE PLAN_TRAJ_EXP -> PLAN_TRAJ_EXP [safetyCallback: not safe, time:0.042271]
[1782980374.494][    +70.4s][EXEC_TRAJ] STATE PLAN_TRAJ_EXP -> EXEC_TRAJ [plan success: new traj pub]
[1782980374.505][    +70.4s][PLAN_TRAJ_EXP] STATE EXEC_TRAJ -> PLAN_TRAJ_EXP [safetyCallback: not safe, time:0.040365]
[1782980374.546][    +70.4s][PLAN_TRAJ_EXP] STATE EXEC_TRAJ -> PLAN_TRAJ_EXP [planGlobalPath: succeed] |  (prev cycle x1/0.0s)
[1782980374.587][    +70.4s][PLAN_TRAJ_EXP] STATE EXEC_TRAJ -> PLAN_TRAJ_EXP [safetyCallback: not safe, time:0.030568] |  (prev cycle x1/0.0s)
[1782980374.631][    +70.5s][PLAN_TRAJ_EXP] STATE EXEC_TRAJ -> PLAN_TRAJ_EXP [safetyCallback: not safe, time:0.032043] |  (prev cycle x1/0.0s)
[1782980374.674][    +70.5s][PLAN_TRAJ_EXP] STATE EXEC_TRAJ -> PLAN_TRAJ_EXP [safetyCallback: not safe, time:0.031142] |  (prev cycle x1/0.0s)
[1782980374.719][    +70.6s][PLAN_TRAJ_EXP] STATE EXEC_TRAJ -> PLAN_TRAJ_EXP [safetyCallback: not safe, time:0.031017] |  (prev cycle x1/0.0s)
[1782980374.803][    +70.7s][PLAN_TRAJ_EXP] STATE EXEC_TRAJ -> PLAN_TRAJ_EXP [planGlobalPath: succeed] |  (prev cycle x1/0.1s)
[1782980374.804][    +70.7s][PLAN_TRAJ_EXP] STATE PLAN_TRAJ_EXP -> PLAN_TRAJ_EXP [safetyCallback: not safe, time:0.073266]
[1782980374.841][    +70.7s][EXEC_TRAJ] STATE PLAN_TRAJ_EXP -> EXEC_TRAJ [plan success: new traj pub]
[1782980374.843][    +70.7s][PLAN_TRAJ_EXP] STATE EXEC_TRAJ -> PLAN_TRAJ_EXP [safetyCallback: not safe, time:0.035363]
[1782980374.885][    +70.7s][PLAN_TRAJ_EXP] STATE EXEC_TRAJ -> PLAN_TRAJ_EXP [safetyCallback: not safe, time:0.030295] |  (prev cycle x1/0.0s)
[1782980374.929][    +70.8s][PLAN_TRAJ_EXP] STATE EXEC_TRAJ -> PLAN_TRAJ_EXP [safetyCallback: not safe, time:0.029771] |  (prev cycle x1/0.0s)
[1782980374.972][    +70.8s][PLAN_TRAJ_EXP] STATE EXEC_TRAJ -> PLAN_TRAJ_EXP [safetyCallback: not safe, time:0.030297] |  (prev cycle x1/0.0s)
[1782980375.017][    +70.9s][PLAN_TRAJ_EXP] STATE EXEC_TRAJ -> PLAN_TRAJ_EXP [safetyCallback: not safe, time:0.032468] |  (prev cycle x1/0.0s)
[1782980375.039][    +70.9s][PLAN_TRAJ_EXP] STATE PLAN_TRAJ_EXP -> PLAN_TRAJ_EXP [planGlobalPath: succeed]
[1782980375.073][    +70.9s][EXEC_TRAJ] STATE PLAN_TRAJ_EXP -> EXEC_TRAJ [plan success: new traj pub]
[1782980375.074][    +70.9s][PLAN_TRAJ_EXP] STATE EXEC_TRAJ -> PLAN_TRAJ_EXP [safetyCallback: not safe, time:0.030734]
[1782980375.118][    +71.0s][PLAN_TRAJ_EXP] STATE EXEC_TRAJ -> PLAN_TRAJ_EXP [safetyCallback: not safe, time:0.031644] |  (prev cycle x1/0.0s)
[1782980375.160][    +71.0s][PLAN_TRAJ_EXP] STATE EXEC_TRAJ -> PLAN_TRAJ_EXP [safetyCallback: not safe, time:0.030490] |  (prev cycle x1/0.0s)
[1782980375.209][    +71.1s][PLAN_TRAJ_EXP] STATE EXEC_TRAJ -> PLAN_TRAJ_EXP [safetyCallback: not safe, time:0.035140] |  (prev cycle x1/0.0s)
[1782980375.268][    +71.1s][PLAN_TRAJ_EXP] STATE EXEC_TRAJ -> PLAN_TRAJ_EXP [planGlobalPath: succeed] |  (prev cycle x1/0.1s)
[1782980375.268][    +71.1s][PLAN_TRAJ_EXP] STATE PLAN_TRAJ_EXP -> PLAN_TRAJ_EXP [safetyCallback: not safe, time:0.050606]
[1782980375.302][    +71.2s][EXEC_TRAJ] STATE PLAN_TRAJ_EXP -> EXEC_TRAJ [plan success: new traj pub]
[1782980375.304][    +71.2s][PLAN_TRAJ_EXP] STATE EXEC_TRAJ -> PLAN_TRAJ_EXP [safetyCallback: not safe, time:0.031600]
[1782980375.352][    +71.2s][PLAN_TRAJ_EXP] STATE EXEC_TRAJ -> PLAN_TRAJ_EXP [safetyCallback: not safe, time:0.037407] |  (prev cycle x1/0.0s)
[1782980375.399][    +71.3s][PLAN_TRAJ_EXP] STATE EXEC_TRAJ -> PLAN_TRAJ_EXP [safetyCallback: not safe, time:0.040194] |  (prev cycle x1/0.0s)
[1782980375.404][    +71.3s][PLAN_TRAJ_EXP] STATE PLAN_TRAJ_EXP -> PLAN_TRAJ_EXP [safetyCallback: not safe, time:0.044693]
[1782980375.442][    +71.3s][EXEC_TRAJ] STATE PLAN_TRAJ_EXP -> EXEC_TRAJ [plan success: new traj pub]
[1782980375.455][    +71.3s][PLAN_TRAJ_EXP] STATE EXEC_TRAJ -> PLAN_TRAJ_EXP [safetyCallback: not safe, time:0.042453]
[1782980375.456][    +71.3s][PLAN_TRAJ_EXP] STATE PLAN_TRAJ_EXP -> PLAN_TRAJ_EXP [safetyCallback: not safe, time:0.043163]
[1782980375.497][    +71.4s][EXEC_TRAJ] STATE PLAN_TRAJ_EXP -> EXEC_TRAJ [plan success: new traj pub]
[1782980375.504][    +71.4s][EXEC_TRAJ] GLOBAL result=OK | clusters=2(reach 1) vp=1(reach 1) pipe[tot=2 dorm=1 unreach=0 cons=1 nocand=0 topo=0 novis=0 ok=1] tour=2n/0.6m goal=(4.1, 2.9, 0.9) t=7ms (x4)
[1782980375.504][    +71.4s][PLAN_TRAJ_EXP] STATE EXEC_TRAJ -> PLAN_TRAJ_EXP [planGlobalPath: succeed]
[1782980375.542][    +71.4s][PLAN_TRAJ_EXP] STATE EXEC_TRAJ -> PLAN_TRAJ_EXP [safetyCallback: not safe, time:0.031745] |  (prev cycle x1/0.0s)
[1782980375.584][    +71.4s][PLAN_TRAJ_EXP] STATE EXEC_TRAJ -> PLAN_TRAJ_EXP [safetyCallback: not safe, time:0.030227] |  (prev cycle x1/0.0s)
[1782980375.629][    +71.5s][PLAN_TRAJ_EXP] STATE EXEC_TRAJ -> PLAN_TRAJ_EXP [safetyCallback: not safe, time:0.031222] |  (prev cycle x1/0.0s)
[1782980375.671][    +71.5s][PLAN_TRAJ_EXP] STATE EXEC_TRAJ -> PLAN_TRAJ_EXP [safetyCallback: not safe, time:0.030292] |  (prev cycle x1/0.0s)
[1782980375.721][    +71.6s][PLAN_TRAJ_EXP] STATE EXEC_TRAJ -> PLAN_TRAJ_EXP [planGlobalPath: succeed] |  (prev cycle x1/0.0s)
[1782980375.722][    +71.6s][PLAN_TRAJ_EXP] STATE PLAN_TRAJ_EXP -> PLAN_TRAJ_EXP [safetyCallback: not safe, time:0.037894]
[1782980375.758][    +71.6s][EXEC_TRAJ] STATE PLAN_TRAJ_EXP -> EXEC_TRAJ [plan success: new traj pub]
[1782980375.759][    +71.6s][PLAN_TRAJ_EXP] STATE EXEC_TRAJ -> PLAN_TRAJ_EXP [safetyCallback: not safe, time:0.031748]
[1782980375.804][    +71.7s][PLAN_TRAJ_EXP] STATE EXEC_TRAJ -> PLAN_TRAJ_EXP [safetyCallback: not safe, time:0.032220] |  (prev cycle x1/0.0s)
[1782980375.853][    +71.7s][PLAN_TRAJ_EXP] STATE EXEC_TRAJ -> PLAN_TRAJ_EXP [safetyCallback: not safe, time:0.035375] |  (prev cycle x1/0.0s)
[1782980375.856][    +71.7s][PLAN_TRAJ_EXP] STATE PLAN_TRAJ_EXP -> PLAN_TRAJ_EXP [avoidance released: replan from current pose]
[1782980375.856][    +71.7s][PLAN_TRAJ_EXP] AVOID OFF (released, replan from current pose)  <->  ON (obstacle close, reactive layer overrides cmd) | cycling x142 over 66.6s
[1782980375.891][    +71.8s][EXEC_TRAJ] STATE PLAN_TRAJ_EXP -> EXEC_TRAJ [plan success: new traj pub]
[1782980375.901][    +71.8s][PLAN_TRAJ_EXP] STATE EXEC_TRAJ -> PLAN_TRAJ_EXP [safetyCallback: not safe, time:0.041831]
[1782980375.904][    +71.8s][PLAN_TRAJ_EXP] STATE PLAN_TRAJ_EXP -> PLAN_TRAJ_EXP [safetyCallback: not safe, time:0.044908]
[1782980375.951][    +71.8s][EXEC_TRAJ] STATE PLAN_TRAJ_EXP -> EXEC_TRAJ [plan success: new traj pub]
[1782980375.969][    +71.8s][PLAN_TRAJ_EXP] STATE EXEC_TRAJ -> PLAN_TRAJ_EXP [planGlobalPath: succeed]
[1782980375.970][    +71.8s][PLAN_TRAJ_EXP] STATE PLAN_TRAJ_EXP -> PLAN_TRAJ_EXP [safetyCallback: not safe, time:0.048948]
[1782980376.004][    +71.9s][EXEC_TRAJ] STATE PLAN_TRAJ_EXP -> EXEC_TRAJ [plan success: new traj pub]
[1782980376.006][    +71.9s][PLAN_TRAJ_EXP] STATE EXEC_TRAJ -> PLAN_TRAJ_EXP [safetyCallback: not safe, time:0.031608]
[1782980376.052][    +71.9s][PLAN_TRAJ_EXP] STATE EXEC_TRAJ -> PLAN_TRAJ_EXP [safetyCallback: not safe, time:0.033733] |  (prev cycle x1/0.0s)
[1782980376.060][    +71.9s][PLAN_TRAJ_EXP] STUCK no motion >8s in PLAN_TRAJ_EXP | last-local: escape traj (flyToSafeRegion) | pos=(3.94, 3.13, 1.42) still=47s (x100)
[1782980376.103][    +72.0s][PLAN_TRAJ_EXP] STATE EXEC_TRAJ -> PLAN_TRAJ_EXP [safetyCallback: not safe, time:0.040107] |  (prev cycle x1/0.1s)
[1782980376.106][    +72.0s][PLAN_TRAJ_EXP] STATE PLAN_TRAJ_EXP -> PLAN_TRAJ_EXP [safetyCallback: not safe, time:0.042630]
[1782980376.147][    +72.0s][EXEC_TRAJ] STATE PLAN_TRAJ_EXP -> EXEC_TRAJ [plan success: new traj pub]
[1782980376.152][    +72.0s][PLAN_TRAJ_EXP] STATE EXEC_TRAJ -> PLAN_TRAJ_EXP [safetyCallback: not safe, time:0.035337]
[1782980376.195][    +72.1s][PLAN_TRAJ_EXP] STATE EXEC_TRAJ -> PLAN_TRAJ_EXP [planGlobalPath: succeed] |  (prev cycle x1/0.0s)
[1782980376.235][    +72.1s][PLAN_TRAJ_EXP] STATE EXEC_TRAJ -> PLAN_TRAJ_EXP [safetyCallback: not safe, time:0.032042] |  (prev cycle x1/0.0s)
[1782980376.279][    +72.1s][PLAN_TRAJ_EXP] STATE EXEC_TRAJ -> PLAN_TRAJ_EXP [safetyCallback: not safe, time:0.032297] |  (prev cycle x1/0.0s)
[1782980376.323][    +72.2s][PLAN_TRAJ_EXP] STATE EXEC_TRAJ -> PLAN_TRAJ_EXP [safetyCallback: not safe, time:0.031636] |  (prev cycle x1/0.0s)
[1782980376.366][    +72.2s][PLAN_TRAJ_EXP] STATE EXEC_TRAJ -> PLAN_TRAJ_EXP [safetyCallback: not safe, time:0.030384] |  (prev cycle x1/0.0s)
[1782980376.414][    +72.3s][PLAN_TRAJ_EXP] STATE EXEC_TRAJ -> PLAN_TRAJ_EXP [planGlobalPath: succeed] |  (prev cycle x1/0.0s)
[1782980376.416][    +72.3s][PLAN_TRAJ_EXP] STATE PLAN_TRAJ_EXP -> PLAN_TRAJ_EXP [safetyCallback: not safe, time:0.037062]
[1782980376.452][    +72.3s][EXEC_TRAJ] STATE PLAN_TRAJ_EXP -> EXEC_TRAJ [plan success: new traj pub]
[1782980376.453][    +72.3s][PLAN_TRAJ_EXP] STATE EXEC_TRAJ -> PLAN_TRAJ_EXP [safetyCallback: not safe, time:0.030734]
[1782980376.504][    +72.4s][PLAN_TRAJ_EXP] STATE EXEC_TRAJ -> PLAN_TRAJ_EXP [safetyCallback: not safe, time:0.038647] |  (prev cycle x1/0.1s)
[1782980376.553][    +72.4s][PLAN_TRAJ_EXP] STATE EXEC_TRAJ -> PLAN_TRAJ_EXP [safetyCallback: not safe, time:0.043286] |  (prev cycle x1/0.0s)
[1782980376.597][    +72.5s][PLAN_TRAJ_EXP] STATE EXEC_TRAJ -> PLAN_TRAJ_EXP [safetyCallback: not safe, time:0.040296] |  (prev cycle x1/0.0s)
[1782980376.604][    +72.5s][PLAN_TRAJ_EXP] STATE PLAN_TRAJ_EXP -> PLAN_TRAJ_EXP [safetyCallback: not safe, time:0.047771]
[1782980376.640][    +72.5s][PLAN_TRAJ_EXP] LOCAL EXP OK | why: escape traj (flyToSafeRegion) | t=33.4ms goal_d=0.6m (x108)
[1782980376.640][    +72.5s][EXEC_TRAJ] STATE PLAN_TRAJ_EXP -> EXEC_TRAJ [plan success: new traj pub]
[1782980376.655][    +72.5s][EXEC_TRAJ] GLOBAL result=OK | clusters=2(reach 1) vp=1(reach 1) pipe[tot=2 dorm=1 unreach=0 cons=1 nocand=0 topo=0 novis=0 ok=1] tour=2n/0.6m goal=(4.1, 2.9, 0.9) t=14ms (x4)
[1782980376.655][    +72.5s][PLAN_TRAJ_EXP] STATE EXEC_TRAJ -> PLAN_TRAJ_EXP [planGlobalPath: succeed]
[1782980376.689][    +72.6s][PLAN_TRAJ_EXP] STATE EXEC_TRAJ -> PLAN_TRAJ_EXP [safetyCallback: not safe, time:0.030483] |  (prev cycle x1/0.0s)
[1782980376.735][    +72.6s][PLAN_TRAJ_EXP] STATE EXEC_TRAJ -> PLAN_TRAJ_EXP [safetyCallback: not safe, time:0.031338] |  (prev cycle x1/0.0s)
[1782980376.778][    +72.6s][PLAN_TRAJ_EXP] STATE EXEC_TRAJ -> PLAN_TRAJ_EXP [safetyCallback: not safe, time:0.028601] |  (prev cycle x1/0.0s)
[1782980376.822][    +72.7s][PLAN_TRAJ_EXP] STATE EXEC_TRAJ -> PLAN_TRAJ_EXP [safetyCallback: not safe, time:0.031362] |  (prev cycle x1/0.0s)
[1782980376.865][    +72.7s][PLAN_TRAJ_EXP] STATE EXEC_TRAJ -> PLAN_TRAJ_EXP [safetyCallback: not safe, time:0.031409] |  (prev cycle x1/0.0s)
[1782980376.871][    +72.7s][PLAN_TRAJ_EXP] STATE PLAN_TRAJ_EXP -> PLAN_TRAJ_EXP [planGlobalPath: succeed]
[1782980376.908][    +72.8s][EXEC_TRAJ] STATE PLAN_TRAJ_EXP -> EXEC_TRAJ [plan success: new traj pub]
[1782980376.910][    +72.8s][PLAN_TRAJ_EXP] STATE EXEC_TRAJ -> PLAN_TRAJ_EXP [safetyCallback: not safe, time:0.032837]
[1782980376.953][    +72.8s][PLAN_TRAJ_EXP] STATE EXEC_TRAJ -> PLAN_TRAJ_EXP [safetyCallback: not safe, time:0.031699] |  (prev cycle x1/0.0s)
[1782980377.004][    +72.9s][PLAN_TRAJ_EXP] STATE EXEC_TRAJ -> PLAN_TRAJ_EXP [safetyCallback: not safe, time:0.039209] |  (prev cycle x1/0.1s)
[1782980377.050][    +72.9s][PLAN_TRAJ_EXP] STATE EXEC_TRAJ -> PLAN_TRAJ_EXP [safetyCallback: not safe, time:0.040938] |  (prev cycle x1/0.0s)
[1782980377.051][    +72.9s][PLAN_TRAJ_EXP] STATE PLAN_TRAJ_EXP -> PLAN_TRAJ_EXP [safetyCallback: not safe, time:0.042596]
[1782980377.093][    +73.0s][EXEC_TRAJ] STATE PLAN_TRAJ_EXP -> EXEC_TRAJ [plan success: new traj pub]
[1782980377.099][    +73.0s][PLAN_TRAJ_EXP] STATE EXEC_TRAJ -> PLAN_TRAJ_EXP [planGlobalPath: succeed]
[1782980377.104][    +73.0s][PLAN_TRAJ_EXP] STATE PLAN_TRAJ_EXP -> PLAN_TRAJ_EXP [safetyCallback: not safe, time:0.040550]
[1782980377.139][    +73.0s][EXEC_TRAJ] STATE PLAN_TRAJ_EXP -> EXEC_TRAJ [plan success: new traj pub]
[1782980377.149][    +73.0s][PLAN_TRAJ_EXP] STATE EXEC_TRAJ -> PLAN_TRAJ_EXP [safetyCallback: not safe, time:0.040387]
[1782980377.151][    +73.0s][PLAN_TRAJ_EXP] STATE PLAN_TRAJ_EXP -> PLAN_TRAJ_EXP [safetyCallback: not safe, time:0.042276]
[1782980377.193][    +73.1s][EXEC_TRAJ] STATE PLAN_TRAJ_EXP -> EXEC_TRAJ [plan success: new traj pub]
[1782980377.204][    +73.1s][PLAN_TRAJ_EXP] STATE EXEC_TRAJ -> PLAN_TRAJ_EXP [safetyCallback: not safe, time:0.040951]
[1782980377.250][    +73.1s][PLAN_TRAJ_EXP] STATE EXEC_TRAJ -> PLAN_TRAJ_EXP [safetyCallback: not safe, time:0.041531] |  (prev cycle x1/0.0s)
[1782980377.252][    +73.1s][PLAN_TRAJ_EXP] STATE PLAN_TRAJ_EXP -> PLAN_TRAJ_EXP [safetyCallback: not safe, time:0.042848]
[1782980377.295][    +73.2s][EXEC_TRAJ] STATE PLAN_TRAJ_EXP -> EXEC_TRAJ [plan success: new traj pub]
[1782980377.305][    +73.2s][PLAN_TRAJ_EXP] STATE EXEC_TRAJ -> PLAN_TRAJ_EXP [planGlobalPath: succeed]
[1782980377.340][    +73.2s][PLAN_TRAJ_EXP] STATE EXEC_TRAJ -> PLAN_TRAJ_EXP [safetyCallback: not safe, time:0.031465] |  (prev cycle x1/0.0s)
[1782980377.383][    +73.2s][PLAN_TRAJ_EXP] STATE EXEC_TRAJ -> PLAN_TRAJ_EXP [safetyCallback: not safe, time:0.031578] |  (prev cycle x1/0.0s)
[1782980377.427][    +73.3s][PLAN_TRAJ_EXP] STATE EXEC_TRAJ -> PLAN_TRAJ_EXP [safetyCallback: not safe, time:0.031281] |  (prev cycle x1/0.0s)
[1782980377.471][    +73.3s][PLAN_TRAJ_EXP] STATE EXEC_TRAJ -> PLAN_TRAJ_EXP [safetyCallback: not safe, time:0.030674] |  (prev cycle x1/0.0s)
[1782980377.515][    +73.4s][PLAN_TRAJ_EXP] STATE EXEC_TRAJ -> PLAN_TRAJ_EXP [safetyCallback: not safe, time:0.030878] |  (prev cycle x1/0.0s)
[1782980377.521][    +73.4s][PLAN_TRAJ_EXP] STATE PLAN_TRAJ_EXP -> PLAN_TRAJ_EXP [planGlobalPath: succeed]
[1782980377.557][    +73.4s][EXEC_TRAJ] STATE PLAN_TRAJ_EXP -> EXEC_TRAJ [plan success: new traj pub]
[1782980377.558][    +73.4s][PLAN_TRAJ_EXP] STATE EXEC_TRAJ -> PLAN_TRAJ_EXP [safetyCallback: not safe, time:0.030207]
[1782980377.604][    +73.5s][PLAN_TRAJ_EXP] STATE EXEC_TRAJ -> PLAN_TRAJ_EXP [safetyCallback: not safe, time:0.034041] |  (prev cycle x1/0.0s)
[1782980377.654][    +73.5s][PLAN_TRAJ_EXP] STATE EXEC_TRAJ -> PLAN_TRAJ_EXP [safetyCallback: not safe, time:0.040074] |  (prev cycle x1/0.1s)
[1782980377.699][    +73.6s][PLAN_TRAJ_EXP] STATE EXEC_TRAJ -> PLAN_TRAJ_EXP [safetyCallback: not safe, time:0.039884] |  (prev cycle x1/0.0s)
[1782980377.710][    +73.6s][PLAN_TRAJ_EXP] STATE PLAN_TRAJ_EXP -> PLAN_TRAJ_EXP [safetyCallback: not safe, time:0.050888]
[1782980377.744][    +73.6s][EXEC_TRAJ] STATE PLAN_TRAJ_EXP -> EXEC_TRAJ [plan success: new traj pub]
[1782980377.782][    +73.6s][EXEC_TRAJ] GLOBAL result=OK | clusters=2(reach 1) vp=1(reach 1) pipe[tot=2 dorm=1 unreach=0 cons=1 nocand=0 topo=0 novis=0 ok=1] tour=2n/0.6m goal=(4.1, 2.9, 0.9) t=36ms (x4)
[1782980377.782][    +73.6s][PLAN_TRAJ_EXP] STATE EXEC_TRAJ -> PLAN_TRAJ_EXP [planGlobalPath: succeed]
[1782980377.783][    +73.6s][PLAN_TRAJ_EXP] STATE PLAN_TRAJ_EXP -> PLAN_TRAJ_EXP [safetyCallback: not safe, time:0.068288]
[1782980377.817][    +73.7s][EXEC_TRAJ] STATE PLAN_TRAJ_EXP -> EXEC_TRAJ [plan success: new traj pub]
[1782980377.819][    +73.7s][PLAN_TRAJ_EXP] STATE EXEC_TRAJ -> PLAN_TRAJ_EXP [safetyCallback: not safe, time:0.031354]
[1782980377.862][    +73.7s][PLAN_TRAJ_EXP] STATE EXEC_TRAJ -> PLAN_TRAJ_EXP [safetyCallback: not safe, time:0.031045] |  (prev cycle x1/0.0s)
[1782980377.906][    +73.8s][PLAN_TRAJ_EXP] STATE EXEC_TRAJ -> PLAN_TRAJ_EXP [safetyCallback: not safe, time:0.031799] |  (prev cycle x1/0.0s)
[1782980377.962][    +73.8s][PLAN_TRAJ_EXP] STATE EXEC_TRAJ -> PLAN_TRAJ_EXP [safetyCallback: not safe, time:0.043595] |  (prev cycle x1/0.1s)
[1782980378.004][    +73.9s][PLAN_TRAJ_EXP] STATE EXEC_TRAJ -> PLAN_TRAJ_EXP [planGlobalPath: succeed] |  (prev cycle x1/0.0s)
[1782980378.042][    +73.9s][PLAN_TRAJ_EXP] STATE EXEC_TRAJ -> PLAN_TRAJ_EXP [safetyCallback: not safe, time:0.028845] |  (prev cycle x1/0.0s)
[1782980378.052][    +73.9s][PLAN_TRAJ_EXP] STATE PLAN_TRAJ_EXP -> PLAN_TRAJ_EXP [safetyCallback: not safe, time:0.039574]
[1782980378.087][    +73.9s][EXEC_TRAJ] STATE PLAN_TRAJ_EXP -> EXEC_TRAJ [plan success: new traj pub]
[1782980378.097][    +74.0s][PLAN_TRAJ_EXP] STATE EXEC_TRAJ -> PLAN_TRAJ_EXP [safetyCallback: not safe, time:0.039627]
[1782980378.106][    +74.0s][PLAN_TRAJ_EXP] STATE PLAN_TRAJ_EXP -> PLAN_TRAJ_EXP [safetyCallback: not safe, time:0.048047]
[1782980378.140][    +74.0s][EXEC_TRAJ] STATE PLAN_TRAJ_EXP -> EXEC_TRAJ [plan success: new traj pub]
[1782980378.150][    +74.0s][PLAN_TRAJ_EXP] STATE EXEC_TRAJ -> PLAN_TRAJ_EXP [safetyCallback: not safe, time:0.039849]
[1782980378.153][    +74.0s][PLAN_TRAJ_EXP] STATE PLAN_TRAJ_EXP -> PLAN_TRAJ_EXP [safetyCallback: not safe, time:0.041896]
[1782980378.194][    +74.1s][EXEC_TRAJ] STATE PLAN_TRAJ_EXP -> EXEC_TRAJ [plan success: new traj pub]
[1782980378.203][    +74.1s][PLAN_TRAJ_EXP] STATE EXEC_TRAJ -> PLAN_TRAJ_EXP [safetyCallback: not safe, time:0.039303]
[1782980378.245][    +74.1s][PLAN_TRAJ_EXP] STATE EXEC_TRAJ -> PLAN_TRAJ_EXP [planGlobalPath: succeed] |  (prev cycle x1/0.0s)
[1782980378.283][    +74.1s][PLAN_TRAJ_EXP] STATE EXEC_TRAJ -> PLAN_TRAJ_EXP [safetyCallback: not safe, time:0.031397] |  (prev cycle x1/0.0s)
[1782980378.328][    +74.2s][PLAN_TRAJ_EXP] STATE EXEC_TRAJ -> PLAN_TRAJ_EXP [safetyCallback: not safe, time:0.032741] |  (prev cycle x1/0.0s)
[1782980378.370][    +74.2s][PLAN_TRAJ_EXP] STATE EXEC_TRAJ -> PLAN_TRAJ_EXP [safetyCallback: not safe, time:0.028320] |  (prev cycle x1/0.0s)
[1782980378.414][    +74.3s][PLAN_TRAJ_EXP] STATE EXEC_TRAJ -> PLAN_TRAJ_EXP [safetyCallback: not safe, time:0.031543] |  (prev cycle x1/0.0s)
[1782980378.462][    +74.3s][PLAN_TRAJ_EXP] STATE EXEC_TRAJ -> PLAN_TRAJ_EXP [planGlobalPath: succeed] |  (prev cycle x1/0.0s)
[1782980378.464][    +74.3s][PLAN_TRAJ_EXP] STATE PLAN_TRAJ_EXP -> PLAN_TRAJ_EXP [safetyCallback: not safe, time:0.036451]
[1782980378.500][    +74.4s][EXEC_TRAJ] STATE PLAN_TRAJ_EXP -> EXEC_TRAJ [plan success: new traj pub]
[1782980378.503][    +74.4s][PLAN_TRAJ_EXP] STATE EXEC_TRAJ -> PLAN_TRAJ_EXP [safetyCallback: not safe, time:0.034316]
[1782980378.554][    +74.4s][PLAN_TRAJ_EXP] STATE EXEC_TRAJ -> PLAN_TRAJ_EXP [safetyCallback: not safe, time:0.040091] |  (prev cycle x1/0.1s)
[1782980378.556][    +74.4s][PLAN_TRAJ_EXP] STATE PLAN_TRAJ_EXP -> PLAN_TRAJ_EXP [safetyCallback: not safe, time:0.041827]
[1782980378.597][    +74.5s][EXEC_TRAJ] STATE PLAN_TRAJ_EXP -> EXEC_TRAJ [plan success: new traj pub]
[1782980378.606][    +74.5s][PLAN_TRAJ_EXP] STATE EXEC_TRAJ -> PLAN_TRAJ_EXP [safetyCallback: not safe, time:0.039119]
[1782980378.652][    +74.5s][PLAN_TRAJ_EXP] STATE EXEC_TRAJ -> PLAN_TRAJ_EXP [safetyCallback: not safe, time:0.040635] |  (prev cycle x1/0.0s)
[1782980378.694][    +74.6s][PLAN_TRAJ_EXP] STATE EXEC_TRAJ -> PLAN_TRAJ_EXP [planGlobalPath: succeed] |  (prev cycle x1/0.0s)
[1782980378.730][    +74.6s][PLAN_TRAJ_EXP] STATE EXEC_TRAJ -> PLAN_TRAJ_EXP [safetyCallback: not safe, time:0.031701] |  (prev cycle x1/0.0s)
[1782980378.774][    +74.6s][PLAN_TRAJ_EXP] STATE EXEC_TRAJ -> PLAN_TRAJ_EXP [safetyCallback: not safe, time:0.031771] |  (prev cycle x1/0.0s)
[1782980378.817][    +74.7s][PLAN_TRAJ_EXP] STATE EXEC_TRAJ -> PLAN_TRAJ_EXP [safetyCallback: not safe, time:0.031514] |  (prev cycle x1/0.0s)
[1782980378.861][    +74.7s][PLAN_TRAJ_EXP] STATE EXEC_TRAJ -> PLAN_TRAJ_EXP [safetyCallback: not safe, time:0.032079] |  (prev cycle x1/0.0s)
[1782980378.910][    +74.8s][EXEC_TRAJ] GLOBAL result=OK | clusters=2(reach 1) vp=1(reach 1) pipe[tot=2 dorm=1 unreach=0 cons=1 nocand=0 topo=0 novis=0 ok=1] tour=2n/0.6m goal=(4.1, 2.9, 0.9) t=5ms (x4)
[1782980378.910][    +74.8s][PLAN_TRAJ_EXP] STATE EXEC_TRAJ -> PLAN_TRAJ_EXP [planGlobalPath: succeed] |  (prev cycle x1/0.0s)
[1782980378.911][    +74.8s][PLAN_TRAJ_EXP] STATE PLAN_TRAJ_EXP -> PLAN_TRAJ_EXP [safetyCallback: not safe, time:0.038229]
[1782980378.947][    +74.8s][EXEC_TRAJ] STATE PLAN_TRAJ_EXP -> EXEC_TRAJ [plan success: new traj pub]
[1782980378.953][    +74.8s][PLAN_TRAJ_EXP] STATE EXEC_TRAJ -> PLAN_TRAJ_EXP [safetyCallback: not safe, time:0.034879]
[1782980379.001][    +74.9s][PLAN_TRAJ_EXP] STATE EXEC_TRAJ -> PLAN_TRAJ_EXP [safetyCallback: not safe, time:0.040565] |  (prev cycle x1/0.0s)
[1782980379.003][    +74.9s][PLAN_TRAJ_EXP] STATE PLAN_TRAJ_EXP -> PLAN_TRAJ_EXP [safetyCallback: not safe, time:0.043062]
[1782980379.044][    +74.9s][EXEC_TRAJ] STATE PLAN_TRAJ_EXP -> EXEC_TRAJ [plan success: new traj pub]
[1782980379.052][    +74.9s][PLAN_TRAJ_EXP] STATE EXEC_TRAJ -> PLAN_TRAJ_EXP [safetyCallback: not safe, time:0.038063]
[1782980379.098][    +75.0s][PLAN_TRAJ_EXP] STATE EXEC_TRAJ -> PLAN_TRAJ_EXP [safetyCallback: not safe, time:0.040222] |  (prev cycle x1/0.0s)
[1782980379.103][    +75.0s][PLAN_TRAJ_EXP] STATE PLAN_TRAJ_EXP -> PLAN_TRAJ_EXP [safetyCallback: not safe, time:0.045106]
[1782980379.141][    +75.0s][EXEC_TRAJ] STATE PLAN_TRAJ_EXP -> EXEC_TRAJ [plan success: new traj pub]
[1782980379.150][    +75.0s][PLAN_TRAJ_EXP] STATE EXEC_TRAJ -> PLAN_TRAJ_EXP [planGlobalPath: succeed]
[1782980379.187][    +75.0s][PLAN_TRAJ_EXP] STATE EXEC_TRAJ -> PLAN_TRAJ_EXP [safetyCallback: not safe, time:0.031539] |  (prev cycle x1/0.0s)
[1782980379.231][    +75.1s][PLAN_TRAJ_EXP] STATE EXEC_TRAJ -> PLAN_TRAJ_EXP [safetyCallback: not safe, time:0.030542] |  (prev cycle x1/0.0s)
[1782980379.276][    +75.1s][PLAN_TRAJ_EXP] STATE EXEC_TRAJ -> PLAN_TRAJ_EXP [safetyCallback: not safe, time:0.032390] |  (prev cycle x1/0.0s)
[1782980379.319][    +75.2s][PLAN_TRAJ_EXP] STATE EXEC_TRAJ -> PLAN_TRAJ_EXP [safetyCallback: not safe, time:0.030605] |  (prev cycle x1/0.0s)
[1782980379.367][    +75.2s][PLAN_TRAJ_EXP] STATE EXEC_TRAJ -> PLAN_TRAJ_EXP [safetyCallback: not safe, time:0.035028] |  (prev cycle x1/0.0s)
[1782980379.373][    +75.2s][PLAN_TRAJ_EXP] STATE PLAN_TRAJ_EXP -> PLAN_TRAJ_EXP [planGlobalPath: succeed]
[1782980379.408][    +75.3s][EXEC_TRAJ] STATE PLAN_TRAJ_EXP -> EXEC_TRAJ [plan success: new traj pub]
[1782980379.409][    +75.3s][PLAN_TRAJ_EXP] STATE EXEC_TRAJ -> PLAN_TRAJ_EXP [safetyCallback: not safe, time:0.029765]
[1782980379.455][    +75.3s][PLAN_TRAJ_EXP] STATE EXEC_TRAJ -> PLAN_TRAJ_EXP [safetyCallback: not safe, time:0.032759] |  (prev cycle x1/0.0s)
[1782980379.503][    +75.4s][PLAN_TRAJ_EXP] STATE EXEC_TRAJ -> PLAN_TRAJ_EXP [safetyCallback: not safe, time:0.037608] |  (prev cycle x1/0.0s)
[1782980379.551][    +75.4s][PLAN_TRAJ_EXP] STATE EXEC_TRAJ -> PLAN_TRAJ_EXP [safetyCallback: not safe, time:0.042135] |  (prev cycle x1/0.0s)
[1782980379.557][    +75.4s][PLAN_TRAJ_EXP] STATE PLAN_TRAJ_EXP -> PLAN_TRAJ_EXP [safetyCallback: not safe, time:0.047462]
[1782980379.593][    +75.5s][EXEC_TRAJ] STATE PLAN_TRAJ_EXP -> EXEC_TRAJ [plan success: new traj pub]
[1782980379.615][    +75.5s][PLAN_TRAJ_EXP] STATE EXEC_TRAJ -> PLAN_TRAJ_EXP [planGlobalPath: succeed]
[1782980379.651][    +75.5s][PLAN_TRAJ_EXP] STATE EXEC_TRAJ -> PLAN_TRAJ_EXP [safetyCallback: not safe, time:0.032167] |  (prev cycle x1/0.0s)
[1782980379.655][    +75.5s][PLAN_TRAJ_EXP] STATE PLAN_TRAJ_EXP -> PLAN_TRAJ_EXP [safetyCallback: not safe, time:0.036767]
[1782980379.694][    +75.6s][EXEC_TRAJ] STATE PLAN_TRAJ_EXP -> EXEC_TRAJ [plan success: new traj pub]
[1782980379.703][    +75.6s][PLAN_TRAJ_EXP] STATE EXEC_TRAJ -> PLAN_TRAJ_EXP [safetyCallback: not safe, time:0.039540]
[1782980379.748][    +75.6s][PLAN_TRAJ_EXP] STATE EXEC_TRAJ -> PLAN_TRAJ_EXP [safetyCallback: not safe, time:0.040566] |  (prev cycle x1/0.0s)
[1782980379.754][    +75.6s][PLAN_TRAJ_EXP] STATE PLAN_TRAJ_EXP -> PLAN_TRAJ_EXP [safetyCallback: not safe, time:0.047116]
[1782980379.791][    +75.7s][EXEC_TRAJ] STATE PLAN_TRAJ_EXP -> EXEC_TRAJ [plan success: new traj pub]
[1782980379.801][    +75.7s][PLAN_TRAJ_EXP] STATE EXEC_TRAJ -> PLAN_TRAJ_EXP [safetyCallback: not safe, time:0.041014]
[1782980379.802][    +75.7s][PLAN_TRAJ_EXP] STATE PLAN_TRAJ_EXP -> PLAN_TRAJ_EXP [safetyCallback: not safe, time:0.042490]
[1782980379.844][    +75.7s][EXEC_TRAJ] STATE PLAN_TRAJ_EXP -> EXEC_TRAJ [plan success: new traj pub]
[1782980379.856][    +75.7s][PLAN_TRAJ_EXP] STATE EXEC_TRAJ -> PLAN_TRAJ_EXP [planGlobalPath: succeed]
[1782980379.857][    +75.7s][PLAN_TRAJ_EXP] STATE PLAN_TRAJ_EXP -> PLAN_TRAJ_EXP [safetyCallback: not safe, time:0.043858]
[1782980379.892][    +75.8s][EXEC_TRAJ] STATE PLAN_TRAJ_EXP -> EXEC_TRAJ [plan success: new traj pub]
[1782980379.902][    +75.8s][PLAN_TRAJ_EXP] STATE EXEC_TRAJ -> PLAN_TRAJ_EXP [safetyCallback: not safe, time:0.040773]
[1782980379.906][    +75.8s][PLAN_TRAJ_EXP] STATE PLAN_TRAJ_EXP -> PLAN_TRAJ_EXP [safetyCallback: not safe, time:0.044424]
[1782980379.946][    +75.8s][EXEC_TRAJ] STATE PLAN_TRAJ_EXP -> EXEC_TRAJ [plan success: new traj pub]
[1782980379.956][    +75.8s][PLAN_TRAJ_EXP] STATE EXEC_TRAJ -> PLAN_TRAJ_EXP [safetyCallback: not safe, time:0.039928]
[1782980380.001][    +75.9s][PLAN_TRAJ_EXP] STATE EXEC_TRAJ -> PLAN_TRAJ_EXP [safetyCallback: not safe, time:0.042066] |  (prev cycle x1/0.0s)
[1782980380.003][    +75.9s][PLAN_TRAJ_EXP] STATE PLAN_TRAJ_EXP -> PLAN_TRAJ_EXP [safetyCallback: not safe, time:0.043338]
[1782980380.044][    +75.9s][EXEC_TRAJ] STATE PLAN_TRAJ_EXP -> EXEC_TRAJ [plan success: new traj pub]
[1782980380.054][    +75.9s][PLAN_TRAJ_EXP] STATE EXEC_TRAJ -> PLAN_TRAJ_EXP [safetyCallback: not safe, time:0.041004]
[1782980380.056][    +75.9s][PLAN_TRAJ_EXP] STATE PLAN_TRAJ_EXP -> PLAN_TRAJ_EXP [safetyCallback: not safe, time:0.043216]
[1782980380.067][    +75.9s][PLAN_TRAJ_EXP] GLOBAL result=OK | clusters=2(reach 1) vp=1(reach 1) pipe[tot=2 dorm=1 unreach=0 cons=1 nocand=0 topo=0 novis=0 ok=1] tour=2n/0.6m goal=(4.1, 2.9, 0.9) t=10ms (x4)
[1782980380.067][    +75.9s][PLAN_TRAJ_EXP] STATE PLAN_TRAJ_EXP -> PLAN_TRAJ_EXP [planGlobalPath: succeed]
[1782980380.101][    +76.0s][EXEC_TRAJ] STATE PLAN_TRAJ_EXP -> EXEC_TRAJ [plan success: new traj pub]
[1782980380.103][    +76.0s][PLAN_TRAJ_EXP] STATE EXEC_TRAJ -> PLAN_TRAJ_EXP [safetyCallback: not safe, time:0.031552]
[1782980380.155][    +76.0s][PLAN_TRAJ_EXP] STATE EXEC_TRAJ -> PLAN_TRAJ_EXP [safetyCallback: not safe, time:0.040048] |  (prev cycle x1/0.1s)
[1782980380.200][    +76.1s][PLAN_TRAJ_EXP] STATE EXEC_TRAJ -> PLAN_TRAJ_EXP [safetyCallback: not safe, time:0.039625] |  (prev cycle x1/0.0s)
[1782980380.203][    +76.1s][PLAN_TRAJ_EXP] STATE PLAN_TRAJ_EXP -> PLAN_TRAJ_EXP [safetyCallback: not safe, time:0.042032]
[1782980380.244][    +76.1s][EXEC_TRAJ] STATE PLAN_TRAJ_EXP -> EXEC_TRAJ [plan success: new traj pub]
[1782980380.254][    +76.1s][PLAN_TRAJ_EXP] STATE EXEC_TRAJ -> PLAN_TRAJ_EXP [safetyCallback: not safe, time:0.041147]
[1782980380.256][    +76.1s][PLAN_TRAJ_EXP] STATE PLAN_TRAJ_EXP -> PLAN_TRAJ_EXP [safetyCallback: not safe, time:0.043042]
[1782980380.298][    +76.2s][EXEC_TRAJ] STATE PLAN_TRAJ_EXP -> EXEC_TRAJ [plan success: new traj pub]
[1782980380.306][    +76.2s][PLAN_TRAJ_EXP] STATE EXEC_TRAJ -> PLAN_TRAJ_EXP [planGlobalPath: succeed]
[1782980380.306][    +76.2s][PLAN_TRAJ_EXP] STATE PLAN_TRAJ_EXP -> PLAN_TRAJ_EXP [safetyCallback: not safe, time:0.038439]
[1782980380.342][    +76.2s][EXEC_TRAJ] STATE PLAN_TRAJ_EXP -> EXEC_TRAJ [plan success: new traj pub]
[1782980380.353][    +76.2s][PLAN_TRAJ_EXP] STATE EXEC_TRAJ -> PLAN_TRAJ_EXP [safetyCallback: not safe, time:0.040933]
[1782980380.357][    +76.2s][PLAN_TRAJ_EXP] STATE PLAN_TRAJ_EXP -> PLAN_TRAJ_EXP [safetyCallback: not safe, time:0.045001]
[1782980380.395][    +76.3s][EXEC_TRAJ] STATE PLAN_TRAJ_EXP -> EXEC_TRAJ [plan success: new traj pub]
[1782980380.405][    +76.3s][PLAN_TRAJ_EXP] STATE EXEC_TRAJ -> PLAN_TRAJ_EXP [avoidance released: replan from current pose]
[1782980380.439][    +76.3s][PLAN_TRAJ_EXP] STATE EXEC_TRAJ -> PLAN_TRAJ_EXP [safetyCallback: not safe, time:0.031011] |  (prev cycle x1/0.0s)
[1782980380.485][    +76.3s][PLAN_TRAJ_EXP] STATE EXEC_TRAJ -> PLAN_TRAJ_EXP [safetyCallback: not safe, time:0.031886] |  (prev cycle x1/0.0s)
[1782980380.492][    +76.4s][PLAN_TRAJ_EXP] STATE PLAN_TRAJ_EXP -> PLAN_TRAJ_EXP [avoidance released: replan from current pose]
[1782980380.526][    +76.4s][EXEC_TRAJ] STATE PLAN_TRAJ_EXP -> EXEC_TRAJ [plan success: new traj pub]
[1782980380.526][    +76.4s][PLAN_TRAJ_EXP] STATE EXEC_TRAJ -> PLAN_TRAJ_EXP [safetyCallback: not safe, time:0.030061]
[1782980380.534][    +76.4s][PLAN_TRAJ_EXP] STATE PLAN_TRAJ_EXP -> PLAN_TRAJ_EXP [planGlobalPath: succeed]
[1782980380.570][    +76.4s][EXEC_TRAJ] STATE PLAN_TRAJ_EXP -> EXEC_TRAJ [plan success: new traj pub]
[1782980380.571][    +76.4s][PLAN_TRAJ_EXP] STATE EXEC_TRAJ -> PLAN_TRAJ_EXP [safetyCallback: not safe, time:0.031671]
[1782980380.613][    +76.5s][PLAN_TRAJ_EXP] STATE EXEC_TRAJ -> PLAN_TRAJ_EXP [safetyCallback: not safe, time:0.029791] |  (prev cycle x1/0.0s)
[1782980380.623][    +76.5s][PLAN_TRAJ_EXP] STATE PLAN_TRAJ_EXP -> PLAN_TRAJ_EXP [avoidance released: replan from current pose]
[1782980380.657][    +76.5s][EXEC_TRAJ] STATE PLAN_TRAJ_EXP -> EXEC_TRAJ [plan success: new traj pub]
[1782980380.659][    +76.5s][PLAN_TRAJ_EXP] STATE EXEC_TRAJ -> PLAN_TRAJ_EXP [safetyCallback: not safe, time:0.031570]
[1782980380.703][    +76.6s][PLAN_TRAJ_EXP] STATE EXEC_TRAJ -> PLAN_TRAJ_EXP [safetyCallback: not safe, time:0.031611] |  (prev cycle x1/0.0s)
[1782980380.756][    +76.6s][PLAN_TRAJ_EXP] STATE EXEC_TRAJ -> PLAN_TRAJ_EXP [planGlobalPath: succeed] |  (prev cycle x1/0.1s)
[1782980380.791][    +76.7s][PLAN_TRAJ_EXP] STATE EXEC_TRAJ -> PLAN_TRAJ_EXP [safetyCallback: not safe, time:0.031409] |  (prev cycle x1/0.0s)
[1782980380.800][    +76.7s][PLAN_TRAJ_EXP] STATE PLAN_TRAJ_EXP -> PLAN_TRAJ_EXP [avoidance released: replan from current pose]
[1782980380.833][    +76.7s][EXEC_TRAJ] STATE PLAN_TRAJ_EXP -> EXEC_TRAJ [plan success: new traj pub]
[1782980380.834][    +76.7s][PLAN_TRAJ_EXP] STATE EXEC_TRAJ -> PLAN_TRAJ_EXP [safetyCallback: not safe, time:0.030080]
[1782980380.881][    +76.7s][PLAN_TRAJ_EXP] STATE EXEC_TRAJ -> PLAN_TRAJ_EXP [safetyCallback: not safe, time:0.034116] |  (prev cycle x1/0.0s)
[1782980380.923][    +76.8s][PLAN_TRAJ_EXP] STATE EXEC_TRAJ -> PLAN_TRAJ_EXP [safetyCallback: not safe, time:0.030212] |  (prev cycle x1/0.0s)
[1782980380.968][    +76.8s][PLAN_TRAJ_EXP] STATE EXEC_TRAJ -> PLAN_TRAJ_EXP [safetyCallback: not safe, time:0.031508] |  (prev cycle x1/0.0s)
[1782980380.974][    +76.8s][PLAN_TRAJ_EXP] STATE PLAN_TRAJ_EXP -> PLAN_TRAJ_EXP [planGlobalPath: succeed]
[1782980381.010][    +76.9s][EXEC_TRAJ] STATE PLAN_TRAJ_EXP -> EXEC_TRAJ [plan success: new traj pub]
[1782980381.010][    +76.9s][PLAN_TRAJ_EXP] STATE EXEC_TRAJ -> PLAN_TRAJ_EXP [safetyCallback: not safe, time:0.030812]
[1782980381.055][    +76.9s][PLAN_TRAJ_EXP] STATE EXEC_TRAJ -> PLAN_TRAJ_EXP [safetyCallback: not safe, time:0.031388] |  (prev cycle x1/0.0s)
[1782980381.064][    +76.9s][PLAN_TRAJ_EXP] STUCK no motion >8s in PLAN_TRAJ_EXP | last-local: escape traj (flyToSafeRegion) | pos=(3.83, 2.82, 1.43) still=52s (x87)
[1782980381.103][    +77.0s][PLAN_TRAJ_EXP] STATE EXEC_TRAJ -> PLAN_TRAJ_EXP [safetyCallback: not safe, time:0.035494] |  (prev cycle x1/0.0s)
[1782980381.151][    +77.0s][PLAN_TRAJ_EXP] STATE EXEC_TRAJ -> PLAN_TRAJ_EXP [safetyCallback: not safe, time:0.039789] |  (prev cycle x1/0.0s)
[1782980381.154][    +77.0s][PLAN_TRAJ_EXP] STATE PLAN_TRAJ_EXP -> PLAN_TRAJ_EXP [safetyCallback: not safe, time:0.043491]
[1782980381.195][    +77.1s][EXEC_TRAJ] STATE PLAN_TRAJ_EXP -> EXEC_TRAJ [plan success: new traj pub]
[1782980381.203][    +77.1s][EXEC_TRAJ] GLOBAL result=OK | clusters=2(reach 1) vp=1(reach 1) pipe[tot=2 dorm=1 unreach=0 cons=1 nocand=0 topo=0 novis=0 ok=1] tour=2n/0.6m goal=(4.1, 2.9, 0.9) t=7ms (x4)
[1782980381.203][    +77.1s][PLAN_TRAJ_EXP] STATE EXEC_TRAJ -> PLAN_TRAJ_EXP [planGlobalPath: succeed]
[1782980381.204][    +77.1s][PLAN_TRAJ_EXP] STATE PLAN_TRAJ_EXP -> PLAN_TRAJ_EXP [safetyCallback: not safe, time:0.038970]
[1782980381.238][    +77.1s][EXEC_TRAJ] STATE PLAN_TRAJ_EXP -> EXEC_TRAJ [plan success: new traj pub]
[1782980381.251][    +77.1s][PLAN_TRAJ_EXP] STATE EXEC_TRAJ -> PLAN_TRAJ_EXP [safetyCallback: not safe, time:0.042565]
[1782980381.253][    +77.1s][PLAN_TRAJ_EXP] STATE PLAN_TRAJ_EXP -> PLAN_TRAJ_EXP [safetyCallback: not safe, time:0.044586]
[1782980381.292][    +77.2s][EXEC_TRAJ] STATE PLAN_TRAJ_EXP -> EXEC_TRAJ [plan success: new traj pub]
[1782980381.302][    +77.2s][PLAN_TRAJ_EXP] STATE EXEC_TRAJ -> PLAN_TRAJ_EXP [safetyCallback: not safe, time:0.039896]
[1782980381.303][    +77.2s][PLAN_TRAJ_EXP] STATE PLAN_TRAJ_EXP -> PLAN_TRAJ_EXP [safetyCallback: not safe, time:0.040645]
[1782980381.348][    +77.2s][EXEC_TRAJ] STATE PLAN_TRAJ_EXP -> EXEC_TRAJ [plan success: new traj pub]
[1782980381.353][    +77.2s][PLAN_TRAJ_EXP] STATE EXEC_TRAJ -> PLAN_TRAJ_EXP [safetyCallback: not safe, time:0.037587]
[1782980381.402][    +77.3s][PLAN_TRAJ_EXP] STATE EXEC_TRAJ -> PLAN_TRAJ_EXP [safetyCallback: not safe, time:0.040088] |  (prev cycle x1/0.0s)
[1782980381.404][    +77.3s][PLAN_TRAJ_EXP] STATE PLAN_TRAJ_EXP -> PLAN_TRAJ_EXP [safetyCallback: not safe, time:0.041664]
[1782980381.410][    +77.3s][PLAN_TRAJ_EXP] STATE PLAN_TRAJ_EXP -> PLAN_TRAJ_EXP [planGlobalPath: succeed]
[1782980381.446][    +77.3s][EXEC_TRAJ] STATE PLAN_TRAJ_EXP -> EXEC_TRAJ [plan success: new traj pub]
[1782980381.456][    +77.3s][PLAN_TRAJ_EXP] STATE EXEC_TRAJ -> PLAN_TRAJ_EXP [safetyCallback: not safe, time:0.040463]
[1782980381.503][    +77.4s][PLAN_TRAJ_EXP] STATE EXEC_TRAJ -> PLAN_TRAJ_EXP [safetyCallback: not safe, time:0.043025] |  (prev cycle x1/0.0s)
[1782980381.544][    +77.4s][PLAN_TRAJ_EXP] STATE EXEC_TRAJ -> PLAN_TRAJ_EXP [safetyCallback: not safe, time:0.030398] |  (prev cycle x1/0.0s)
[1782980381.589][    +77.5s][PLAN_TRAJ_EXP] STATE EXEC_TRAJ -> PLAN_TRAJ_EXP [safetyCallback: not safe, time:0.031429] |  (prev cycle x1/0.0s)
[1782980381.633][    +77.5s][PLAN_TRAJ_EXP] STATE EXEC_TRAJ -> PLAN_TRAJ_EXP [safetyCallback: not safe, time:0.031753] |  (prev cycle x1/0.0s)
[1782980381.641][    +77.5s][PLAN_TRAJ_EXP] STATE PLAN_TRAJ_EXP -> PLAN_TRAJ_EXP [planGlobalPath: succeed]
[1782980381.676][    +77.5s][EXEC_TRAJ] STATE PLAN_TRAJ_EXP -> EXEC_TRAJ [plan success: new traj pub]
[1782980381.678][    +77.5s][PLAN_TRAJ_EXP] STATE EXEC_TRAJ -> PLAN_TRAJ_EXP [safetyCallback: not safe, time:0.032439]
[1782980381.721][    +77.6s][PLAN_TRAJ_EXP] STATE EXEC_TRAJ -> PLAN_TRAJ_EXP [safetyCallback: not safe, time:0.030383] |  (prev cycle x1/0.0s)
[1782980381.765][    +77.6s][PLAN_TRAJ_EXP] STATE EXEC_TRAJ -> PLAN_TRAJ_EXP [safetyCallback: not safe, time:0.031266] |  (prev cycle x1/0.0s)
[1782980381.807][    +77.7s][PLAN_TRAJ_EXP] LOCAL EXP OK | why: escape traj (flyToSafeRegion) | t=33.7ms goal_d=0.6m (x110)
[1782980381.808][    +77.7s][PLAN_TRAJ_EXP] STATE EXEC_TRAJ -> PLAN_TRAJ_EXP [safetyCallback: not safe, time:0.031134] |  (prev cycle x1/0.0s)
[1782980381.869][    +77.7s][PLAN_TRAJ_EXP] STATE EXEC_TRAJ -> PLAN_TRAJ_EXP [planGlobalPath: succeed] |  (prev cycle x1/0.1s)
[1782980381.871][    +77.7s][PLAN_TRAJ_EXP] STATE PLAN_TRAJ_EXP -> PLAN_TRAJ_EXP [safetyCallback: not safe, time:0.050126]
[1782980381.905][    +77.8s][EXEC_TRAJ] STATE PLAN_TRAJ_EXP -> EXEC_TRAJ [plan success: new traj pub]
[1782980381.907][    +77.8s][PLAN_TRAJ_EXP] STATE EXEC_TRAJ -> PLAN_TRAJ_EXP [safetyCallback: not safe, time:0.031151]
[1782980381.956][    +77.8s][PLAN_TRAJ_EXP] STATE EXEC_TRAJ -> PLAN_TRAJ_EXP [safetyCallback: not safe, time:0.035620] |  (prev cycle x1/0.0s)
[1782980382.002][    +77.9s][PLAN_TRAJ_EXP] STATE EXEC_TRAJ -> PLAN_TRAJ_EXP [safetyCallback: not safe, time:0.037911] |  (prev cycle x1/0.0s)
[1782980382.046][    +77.9s][PLAN_TRAJ_EXP] STATE EXEC_TRAJ -> PLAN_TRAJ_EXP [safetyCallback: not safe, time:0.039224] |  (prev cycle x1/0.0s)
[1782980382.055][    +77.9s][PLAN_TRAJ_EXP] STATE PLAN_TRAJ_EXP -> PLAN_TRAJ_EXP [safetyCallback: not safe, time:0.047894]
[1782980382.090][    +78.0s][EXEC_TRAJ] STATE PLAN_TRAJ_EXP -> EXEC_TRAJ [plan success: new traj pub]
[1782980382.119][    +78.0s][PLAN_TRAJ_EXP] STATE EXEC_TRAJ -> PLAN_TRAJ_EXP [planGlobalPath: succeed]
[1782980382.154][    +78.0s][PLAN_TRAJ_EXP] STATE EXEC_TRAJ -> PLAN_TRAJ_EXP [safetyCallback: not safe, time:0.030917] |  (prev cycle x1/0.0s)
[1782980382.156][    +78.0s][PLAN_TRAJ_EXP] STATE PLAN_TRAJ_EXP -> PLAN_TRAJ_EXP [safetyCallback: not safe, time:0.033414]
[1782980382.196][    +78.1s][EXEC_TRAJ] STATE PLAN_TRAJ_EXP -> EXEC_TRAJ [plan success: new traj pub]
[1782980382.204][    +78.1s][PLAN_TRAJ_EXP] STATE EXEC_TRAJ -> PLAN_TRAJ_EXP [safetyCallback: not safe, time:0.037081]
[1782980382.250][    +78.1s][PLAN_TRAJ_EXP] STATE EXEC_TRAJ -> PLAN_TRAJ_EXP [safetyCallback: not safe, time:0.040363] |  (prev cycle x1/0.0s)
[1782980382.298][    +78.2s][PLAN_TRAJ_EXP] STATE EXEC_TRAJ -> PLAN_TRAJ_EXP [safetyCallback: not safe, time:0.031227] |  (prev cycle x1/0.0s)
[1782980382.302][    +78.2s][PLAN_TRAJ_EXP] STATE PLAN_TRAJ_EXP -> PLAN_TRAJ_EXP [safetyCallback: not safe, time:0.034341]
[1782980382.340][    +78.2s][EXEC_TRAJ] STATE PLAN_TRAJ_EXP -> EXEC_TRAJ [plan success: new traj pub]
[1782980382.347][    +78.2s][EXEC_TRAJ] GLOBAL result=OK | clusters=2(reach 1) vp=1(reach 1) pipe[tot=2 dorm=1 unreach=0 cons=1 nocand=0 topo=0 novis=0 ok=1] tour=2n/0.6m goal=(4.1, 2.9, 0.9) t=6ms (x4)
[1782980382.348][    +78.2s][PLAN_TRAJ_EXP] STATE EXEC_TRAJ -> PLAN_TRAJ_EXP [planGlobalPath: succeed]
[1782980382.387][    +78.2s][PLAN_TRAJ_EXP] STATE EXEC_TRAJ -> PLAN_TRAJ_EXP [safetyCallback: not safe, time:0.030849] |  (prev cycle x1/0.0s)
[1782980382.431][    +78.3s][PLAN_TRAJ_EXP] STATE EXEC_TRAJ -> PLAN_TRAJ_EXP [safetyCallback: not safe, time:0.031293] |  (prev cycle x1/0.0s)
[1782980382.474][    +78.3s][PLAN_TRAJ_EXP] STATE EXEC_TRAJ -> PLAN_TRAJ_EXP [safetyCallback: not safe, time:0.030913] |  (prev cycle x1/0.0s)
[1782980382.518][    +78.4s][PLAN_TRAJ_EXP] STATE EXEC_TRAJ -> PLAN_TRAJ_EXP [safetyCallback: not safe, time:0.030966] |  (prev cycle x1/0.0s)
[1782980382.567][    +78.4s][PLAN_TRAJ_EXP] STATE EXEC_TRAJ -> PLAN_TRAJ_EXP [planGlobalPath: succeed] |  (prev cycle x1/0.0s)
[1782980382.569][    +78.4s][PLAN_TRAJ_EXP] STATE PLAN_TRAJ_EXP -> PLAN_TRAJ_EXP [safetyCallback: not safe, time:0.037769]
[1782980382.604][    +78.5s][EXEC_TRAJ] STATE PLAN_TRAJ_EXP -> EXEC_TRAJ [plan success: new traj pub]
[1782980382.606][    +78.5s][PLAN_TRAJ_EXP] STATE EXEC_TRAJ -> PLAN_TRAJ_EXP [safetyCallback: not safe, time:0.031311]
[1782980382.659][    +78.5s][PLAN_TRAJ_EXP] STATE EXEC_TRAJ -> PLAN_TRAJ_EXP [safetyCallback: not safe, time:0.041308] |  (prev cycle x1/0.1s)
[1782980382.701][    +78.6s][PLAN_TRAJ_EXP] STATE EXEC_TRAJ -> PLAN_TRAJ_EXP [safetyCallback: not safe, time:0.036965] |  (prev cycle x1/0.0s)
[1782980382.748][    +78.6s][PLAN_TRAJ_EXP] STATE EXEC_TRAJ -> PLAN_TRAJ_EXP [safetyCallback: not safe, time:0.039704] |  (prev cycle x1/0.0s)
[1782980382.754][    +78.6s][PLAN_TRAJ_EXP] STATE PLAN_TRAJ_EXP -> PLAN_TRAJ_EXP [safetyCallback: not safe, time:0.046189]
[1782980382.793][    +78.7s][EXEC_TRAJ] STATE PLAN_TRAJ_EXP -> EXEC_TRAJ [plan success: new traj pub]
[1782980382.798][    +78.7s][PLAN_TRAJ_EXP] STATE EXEC_TRAJ -> PLAN_TRAJ_EXP [planGlobalPath: succeed]
[1782980382.802][    +78.7s][PLAN_TRAJ_EXP] STATE PLAN_TRAJ_EXP -> PLAN_TRAJ_EXP [safetyCallback: not safe, time:0.039400]
[1782980382.837][    +78.7s][EXEC_TRAJ] STATE PLAN_TRAJ_EXP -> EXEC_TRAJ [plan success: new traj pub]
[1782980382.847][    +78.7s][PLAN_TRAJ_EXP] STATE EXEC_TRAJ -> PLAN_TRAJ_EXP [safetyCallback: not safe, time:0.040175]
[1782980382.854][    +78.7s][PLAN_TRAJ_EXP] STATE PLAN_TRAJ_EXP -> PLAN_TRAJ_EXP [safetyCallback: not safe, time:0.047534]
[1782980382.891][    +78.8s][EXEC_TRAJ] STATE PLAN_TRAJ_EXP -> EXEC_TRAJ [plan success: new traj pub]
[1782980382.902][    +78.8s][PLAN_TRAJ_EXP] STATE EXEC_TRAJ -> PLAN_TRAJ_EXP [safetyCallback: not safe, time:0.041457]
[1782980382.947][    +78.8s][PLAN_TRAJ_EXP] STATE EXEC_TRAJ -> PLAN_TRAJ_EXP [safetyCallback: not safe, time:0.040001] |  (prev cycle x1/0.0s)
[1782980382.954][    +78.8s][PLAN_TRAJ_EXP] STATE PLAN_TRAJ_EXP -> PLAN_TRAJ_EXP [safetyCallback: not safe, time:0.047731]
[1782980382.990][    +78.9s][EXEC_TRAJ] STATE PLAN_TRAJ_EXP -> EXEC_TRAJ [plan success: new traj pub]
[1782980383.006][    +78.9s][PLAN_TRAJ_EXP] STATE EXEC_TRAJ -> PLAN_TRAJ_EXP [planGlobalPath: succeed]
[1782980383.042][    +78.9s][PLAN_TRAJ_EXP] STATE EXEC_TRAJ -> PLAN_TRAJ_EXP [safetyCallback: not safe, time:0.028132] |  (prev cycle x1/0.0s)
[1782980383.086][    +78.9s][PLAN_TRAJ_EXP] STATE EXEC_TRAJ -> PLAN_TRAJ_EXP [safetyCallback: not safe, time:0.031636] |  (prev cycle x1/0.0s)
[1782980383.130][    +79.0s][PLAN_TRAJ_EXP] STATE EXEC_TRAJ -> PLAN_TRAJ_EXP [safetyCallback: not safe, time:0.030996] |  (prev cycle x1/0.0s)
[1782980383.174][    +79.0s][PLAN_TRAJ_EXP] STATE EXEC_TRAJ -> PLAN_TRAJ_EXP [safetyCallback: not safe, time:0.030122] |  (prev cycle x1/0.0s)
[1782980383.219][    +79.1s][PLAN_TRAJ_EXP] STATE EXEC_TRAJ -> PLAN_TRAJ_EXP [safetyCallback: not safe, time:0.032401] |  (prev cycle x1/0.0s)
[1782980383.226][    +79.1s][PLAN_TRAJ_EXP] STATE PLAN_TRAJ_EXP -> PLAN_TRAJ_EXP [planGlobalPath: succeed]
[1782980383.261][    +79.1s][EXEC_TRAJ] STATE PLAN_TRAJ_EXP -> EXEC_TRAJ [plan success: new traj pub]
[1782980383.262][    +79.1s][PLAN_TRAJ_EXP] STATE EXEC_TRAJ -> PLAN_TRAJ_EXP [safetyCallback: not safe, time:0.030749]
[1782980383.306][    +79.2s][PLAN_TRAJ_EXP] STATE EXEC_TRAJ -> PLAN_TRAJ_EXP [safetyCallback: not safe, time:0.031168] |  (prev cycle x1/0.0s)
[1782980383.355][    +79.2s][PLAN_TRAJ_EXP] STATE EXEC_TRAJ -> PLAN_TRAJ_EXP [safetyCallback: not safe, time:0.036738] |  (prev cycle x1/0.0s)
[1782980383.402][    +79.3s][PLAN_TRAJ_EXP] STATE EXEC_TRAJ -> PLAN_TRAJ_EXP [safetyCallback: not safe, time:0.040246] |  (prev cycle x1/0.0s)
[1782980383.406][    +79.3s][PLAN_TRAJ_EXP] STATE PLAN_TRAJ_EXP -> PLAN_TRAJ_EXP [safetyCallback: not safe, time:0.043667]
[1782980383.448][    +79.3s][EXEC_TRAJ] STATE PLAN_TRAJ_EXP -> EXEC_TRAJ [plan success: new traj pub]
[1782980383.463][    +79.3s][EXEC_TRAJ] GLOBAL result=OK | clusters=2(reach 1) vp=1(reach 1) pipe[tot=2 dorm=1 unreach=0 cons=1 nocand=0 topo=0 novis=0 ok=1] tour=2n/0.6m goal=(4.1, 2.9, 0.9) t=13ms (x4)
[1782980383.463][    +79.3s][PLAN_TRAJ_EXP] STATE EXEC_TRAJ -> PLAN_TRAJ_EXP [planGlobalPath: succeed]
[1782980383.464][    +79.3s][PLAN_TRAJ_EXP] STATE PLAN_TRAJ_EXP -> PLAN_TRAJ_EXP [safetyCallback: not safe, time:0.047809]
[1782980383.498][    +79.4s][EXEC_TRAJ] STATE PLAN_TRAJ_EXP -> EXEC_TRAJ [plan success: new traj pub]
[1782980383.502][    +79.4s][PLAN_TRAJ_EXP] STATE EXEC_TRAJ -> PLAN_TRAJ_EXP [safetyCallback: not safe, time:0.034049]
[1782980383.554][    +79.4s][PLAN_TRAJ_EXP] STATE EXEC_TRAJ -> PLAN_TRAJ_EXP [safetyCallback: not safe, time:0.043741] |  (prev cycle x1/0.1s)
[1782980383.559][    +79.4s][PLAN_TRAJ_EXP] STATE PLAN_TRAJ_EXP -> PLAN_TRAJ_EXP [safetyCallback: not safe, time:0.047930]
[1782980383.595][    +79.5s][EXEC_TRAJ] STATE PLAN_TRAJ_EXP -> EXEC_TRAJ [plan success: new traj pub]
[1782980383.602][    +79.5s][PLAN_TRAJ_EXP] STATE EXEC_TRAJ -> PLAN_TRAJ_EXP [safetyCallback: not safe, time:0.037226]
[1782980383.650][    +79.5s][PLAN_TRAJ_EXP] STATE EXEC_TRAJ -> PLAN_TRAJ_EXP [safetyCallback: not safe, time:0.040492] |  (prev cycle x1/0.0s)
[1782980383.654][    +79.5s][PLAN_TRAJ_EXP] STATE PLAN_TRAJ_EXP -> PLAN_TRAJ_EXP [safetyCallback: not safe, time:0.044624]
[1782980383.692][    +79.6s][EXEC_TRAJ] STATE PLAN_TRAJ_EXP -> EXEC_TRAJ [plan success: new traj pub]
[1782980383.702][    +79.6s][PLAN_TRAJ_EXP] STATE EXEC_TRAJ -> PLAN_TRAJ_EXP [planGlobalPath: succeed]
[1782980383.738][    +79.6s][PLAN_TRAJ_EXP] STATE EXEC_TRAJ -> PLAN_TRAJ_EXP [safetyCallback: not safe, time:0.032119] |  (prev cycle x1/0.0s)
[1782980383.781][    +79.6s][PLAN_TRAJ_EXP] STATE EXEC_TRAJ -> PLAN_TRAJ_EXP [safetyCallback: not safe, time:0.030967] |  (prev cycle x1/0.0s)
[1782980383.825][    +79.7s][PLAN_TRAJ_EXP] STATE EXEC_TRAJ -> PLAN_TRAJ_EXP [safetyCallback: not safe, time:0.031216] |  (prev cycle x1/0.0s)
[1782980383.868][    +79.7s][PLAN_TRAJ_EXP] STATE EXEC_TRAJ -> PLAN_TRAJ_EXP [safetyCallback: not safe, time:0.030072] |  (prev cycle x1/0.0s)
[1782980383.912][    +79.8s][PLAN_TRAJ_EXP] STATE EXEC_TRAJ -> PLAN_TRAJ_EXP [safetyCallback: not safe, time:0.031091] |  (prev cycle x1/0.0s)
[1782980383.920][    +79.8s][PLAN_TRAJ_EXP] STATE PLAN_TRAJ_EXP -> PLAN_TRAJ_EXP [planGlobalPath: succeed]
[1782980383.955][    +79.8s][EXEC_TRAJ] STATE PLAN_TRAJ_EXP -> EXEC_TRAJ [plan success: new traj pub]
[1782980383.956][    +79.8s][PLAN_TRAJ_EXP] STATE EXEC_TRAJ -> PLAN_TRAJ_EXP [safetyCallback: not safe, time:0.031335]
[1782980384.009][    +79.9s][PLAN_TRAJ_EXP] STATE EXEC_TRAJ -> PLAN_TRAJ_EXP [safetyCallback: not safe, time:0.040889] |  (prev cycle x1/0.1s)
[1782980384.058][    +79.9s][PLAN_TRAJ_EXP] STATE EXEC_TRAJ -> PLAN_TRAJ_EXP [safetyCallback: not safe, time:0.034823] |  (prev cycle x1/0.0s)
[1782980384.104][    +80.0s][PLAN_TRAJ_EXP] STATE EXEC_TRAJ -> PLAN_TRAJ_EXP [safetyCallback: not safe, time:0.033290] |  (prev cycle x1/0.0s)
[1782980384.157][    +80.0s][PLAN_TRAJ_EXP] STATE EXEC_TRAJ -> PLAN_TRAJ_EXP [planGlobalPath: succeed] |  (prev cycle x1/0.1s)
[1782980384.191][    +80.1s][PLAN_TRAJ_EXP] STATE EXEC_TRAJ -> PLAN_TRAJ_EXP [safetyCallback: not safe, time:0.030432] |  (prev cycle x1/0.0s)
[1782980384.235][    +80.1s][PLAN_TRAJ_EXP] STATE EXEC_TRAJ -> PLAN_TRAJ_EXP [safetyCallback: not safe, time:0.031245] |  (prev cycle x1/0.0s)
[1782980384.278][    +80.1s][PLAN_TRAJ_EXP] STATE EXEC_TRAJ -> PLAN_TRAJ_EXP [safetyCallback: not safe, time:0.029681] |  (prev cycle x1/0.0s)
[1782980384.322][    +80.2s][PLAN_TRAJ_EXP] STATE EXEC_TRAJ -> PLAN_TRAJ_EXP [safetyCallback: not safe, time:0.031165] |  (prev cycle x1/0.0s)
[1782980384.378][    +80.2s][PLAN_TRAJ_EXP] STATE EXEC_TRAJ -> PLAN_TRAJ_EXP [planGlobalPath: succeed] |  (prev cycle x1/0.1s)
[1782980384.381][    +80.2s][PLAN_TRAJ_EXP] STATE PLAN_TRAJ_EXP -> PLAN_TRAJ_EXP [safetyCallback: not safe, time:0.046330]
[1782980384.415][    +80.3s][EXEC_TRAJ] STATE PLAN_TRAJ_EXP -> EXEC_TRAJ [plan success: new traj pub]
[1782980384.417][    +80.3s][PLAN_TRAJ_EXP] STATE EXEC_TRAJ -> PLAN_TRAJ_EXP [safetyCallback: not safe, time:0.032286]
[1782980384.464][    +80.3s][PLAN_TRAJ_EXP] STATE EXEC_TRAJ -> PLAN_TRAJ_EXP [safetyCallback: not safe, time:0.035879] |  (prev cycle x1/0.0s)
[1782980384.508][    +80.4s][PLAN_TRAJ_EXP] STATE EXEC_TRAJ -> PLAN_TRAJ_EXP [safetyCallback: not safe, time:0.032064] |  (prev cycle x1/0.0s)
[1782980384.555][    +80.4s][PLAN_TRAJ_EXP] STATE EXEC_TRAJ -> PLAN_TRAJ_EXP [safetyCallback: not safe, time:0.031250] |  (prev cycle x1/0.0s)
[1782980384.606][    +80.5s][EXEC_TRAJ] GLOBAL result=OK | clusters=2(reach 1) vp=1(reach 1) pipe[tot=2 dorm=1 unreach=0 cons=1 nocand=0 topo=0 novis=0 ok=1] tour=2n/0.6m goal=(4.1, 2.9, 0.9) t=8ms (x4)
[1782980384.606][    +80.5s][PLAN_TRAJ_EXP] STATE EXEC_TRAJ -> PLAN_TRAJ_EXP [planGlobalPath: succeed] |  (prev cycle x1/0.1s)
[1782980384.608][    +80.5s][PLAN_TRAJ_EXP] STATE PLAN_TRAJ_EXP -> PLAN_TRAJ_EXP [safetyCallback: not safe, time:0.039910]
[1782980384.642][    +80.5s][EXEC_TRAJ] STATE PLAN_TRAJ_EXP -> EXEC_TRAJ [plan success: new traj pub]
[1782980384.652][    +80.5s][PLAN_TRAJ_EXP] STATE EXEC_TRAJ -> PLAN_TRAJ_EXP [safetyCallback: not safe, time:0.040060]
[1782980384.654][    +80.5s][PLAN_TRAJ_EXP] STATE PLAN_TRAJ_EXP -> PLAN_TRAJ_EXP [safetyCallback: not safe, time:0.042098]
[1782980384.696][    +80.6s][EXEC_TRAJ] STATE PLAN_TRAJ_EXP -> EXEC_TRAJ [plan success: new traj pub]
[1782980384.704][    +80.6s][PLAN_TRAJ_EXP] STATE EXEC_TRAJ -> PLAN_TRAJ_EXP [safetyCallback: not safe, time:0.038281]
[1782980384.750][    +80.6s][PLAN_TRAJ_EXP] STATE EXEC_TRAJ -> PLAN_TRAJ_EXP [safetyCallback: not safe, time:0.041003] |  (prev cycle x1/0.0s)
[1782980384.753][    +80.6s][PLAN_TRAJ_EXP] STATE PLAN_TRAJ_EXP -> PLAN_TRAJ_EXP [safetyCallback: not safe, time:0.044530]
[1782980384.793][    +80.7s][EXEC_TRAJ] STATE PLAN_TRAJ_EXP -> EXEC_TRAJ [plan success: new traj pub]
[1782980384.803][    +80.7s][PLAN_TRAJ_EXP] STATE EXEC_TRAJ -> PLAN_TRAJ_EXP [safetyCallback: not safe, time:0.039967]
[1782980384.806][    +80.7s][PLAN_TRAJ_EXP] STATE PLAN_TRAJ_EXP -> PLAN_TRAJ_EXP [safetyCallback: not safe, time:0.042658]
[1782980384.820][    +80.7s][PLAN_TRAJ_EXP] STATE PLAN_TRAJ_EXP -> PLAN_TRAJ_EXP [planGlobalPath: succeed]
[1782980384.854][    +80.7s][EXEC_TRAJ] STATE PLAN_TRAJ_EXP -> EXEC_TRAJ [plan success: new traj pub]
[1782980384.854][    +80.7s][PLAN_TRAJ_EXP] STATE EXEC_TRAJ -> PLAN_TRAJ_EXP [safetyCallback: not safe, time:0.030411]
[1782980384.905][    +80.8s][PLAN_TRAJ_EXP] STATE EXEC_TRAJ -> PLAN_TRAJ_EXP [safetyCallback: not safe, time:0.034042] |  (prev cycle x1/0.1s)
[1782980384.953][    +80.8s][PLAN_TRAJ_EXP] STATE EXEC_TRAJ -> PLAN_TRAJ_EXP [safetyCallback: not safe, time:0.034727] |  (prev cycle x1/0.0s)
[1782980385.003][    +80.9s][PLAN_TRAJ_EXP] STATE EXEC_TRAJ -> PLAN_TRAJ_EXP [safetyCallback: not safe, time:0.040913] |  (prev cycle x1/0.0s)
[1782980385.004][    +80.9s][PLAN_TRAJ_EXP] STATE PLAN_TRAJ_EXP -> PLAN_TRAJ_EXP [safetyCallback: not safe, time:0.042205]
[1782980385.048][    +80.9s][EXEC_TRAJ] STATE PLAN_TRAJ_EXP -> EXEC_TRAJ [plan success: new traj pub]
[1782980385.055][    +80.9s][PLAN_TRAJ_EXP] STATE EXEC_TRAJ -> PLAN_TRAJ_EXP [planGlobalPath: succeed]
[1782980385.056][    +80.9s][PLAN_TRAJ_EXP] STATE PLAN_TRAJ_EXP -> PLAN_TRAJ_EXP [safetyCallback: not safe, time:0.037478]
[1782980385.094][    +81.0s][EXEC_TRAJ] STATE PLAN_TRAJ_EXP -> EXEC_TRAJ [plan success: new traj pub]
[1782980385.104][    +81.0s][PLAN_TRAJ_EXP] STATE EXEC_TRAJ -> PLAN_TRAJ_EXP [safetyCallback: not safe, time:0.042310]
[1782980385.106][    +81.0s][PLAN_TRAJ_EXP] STATE PLAN_TRAJ_EXP -> PLAN_TRAJ_EXP [safetyCallback: not safe, time:0.044160]
[1782980385.148][    +81.0s][EXEC_TRAJ] STATE PLAN_TRAJ_EXP -> EXEC_TRAJ [plan success: new traj pub]
[1782980385.153][    +81.0s][PLAN_TRAJ_EXP] STATE EXEC_TRAJ -> PLAN_TRAJ_EXP [safetyCallback: not safe, time:0.035610]
[1782980385.201][    +81.1s][PLAN_TRAJ_EXP] STATE EXEC_TRAJ -> PLAN_TRAJ_EXP [safetyCallback: not safe, time:0.040265] |  (prev cycle x1/0.0s)
[1782980385.205][    +81.1s][PLAN_TRAJ_EXP] STATE PLAN_TRAJ_EXP -> PLAN_TRAJ_EXP [safetyCallback: not safe, time:0.044480]
[1782980385.245][    +81.1s][EXEC_TRAJ] STATE PLAN_TRAJ_EXP -> EXEC_TRAJ [plan success: new traj pub]
[1782980385.253][    +81.1s][PLAN_TRAJ_EXP] STATE EXEC_TRAJ -> PLAN_TRAJ_EXP [safetyCallback: not safe, time:0.038347]
[1782980385.294][    +81.2s][PLAN_TRAJ_EXP] STATE EXEC_TRAJ -> PLAN_TRAJ_EXP [planGlobalPath: succeed] |  (prev cycle x1/0.0s)
[1782980385.334][    +81.2s][PLAN_TRAJ_EXP] STATE EXEC_TRAJ -> PLAN_TRAJ_EXP [safetyCallback: not safe, time:0.031778] |  (prev cycle x1/0.0s)
[1782980385.376][    +81.2s][PLAN_TRAJ_EXP] STATE EXEC_TRAJ -> PLAN_TRAJ_EXP [safetyCallback: not safe, time:0.030136] |  (prev cycle x1/0.0s)
[1782980385.420][    +81.3s][PLAN_TRAJ_EXP] STATE EXEC_TRAJ -> PLAN_TRAJ_EXP [safetyCallback: not safe, time:0.032021] |  (prev cycle x1/0.0s)
[1782980385.463][    +81.3s][PLAN_TRAJ_EXP] STATE EXEC_TRAJ -> PLAN_TRAJ_EXP [safetyCallback: not safe, time:0.031245] |  (prev cycle x1/0.0s)
[1782980385.528][    +81.4s][PLAN_TRAJ_EXP] STATE EXEC_TRAJ -> PLAN_TRAJ_EXP [planGlobalPath: succeed] |  (prev cycle x1/0.1s)
[1782980385.530][    +81.4s][PLAN_TRAJ_EXP] STATE PLAN_TRAJ_EXP -> PLAN_TRAJ_EXP [safetyCallback: not safe, time:0.052732]
[1782980385.564][    +81.4s][EXEC_TRAJ] STATE PLAN_TRAJ_EXP -> EXEC_TRAJ [plan success: new traj pub]
[1782980385.564][    +81.4s][PLAN_TRAJ_EXP] STATE EXEC_TRAJ -> PLAN_TRAJ_EXP [safetyCallback: not safe, time:0.030234]
[1782980385.609][    +81.5s][PLAN_TRAJ_EXP] STATE EXEC_TRAJ -> PLAN_TRAJ_EXP [safetyCallback: not safe, time:0.031330] |  (prev cycle x1/0.0s)
[1782980385.653][    +81.5s][PLAN_TRAJ_EXP] STATE EXEC_TRAJ -> PLAN_TRAJ_EXP [safetyCallback: not safe, time:0.031918] |  (prev cycle x1/0.0s)
[1782980385.661][    +81.5s][PLAN_TRAJ_EXP] STATE PLAN_TRAJ_EXP -> PLAN_TRAJ_EXP [avoidance released: replan from current pose]
[1782980385.695][    +81.6s][EXEC_TRAJ] STATE PLAN_TRAJ_EXP -> EXEC_TRAJ [plan success: new traj pub]
[1782980385.705][    +81.6s][PLAN_TRAJ_EXP] STATE EXEC_TRAJ -> PLAN_TRAJ_EXP [safetyCallback: not safe, time:0.039930]
[1782980385.708][    +81.6s][PLAN_TRAJ_EXP] STATE PLAN_TRAJ_EXP -> PLAN_TRAJ_EXP [safetyCallback: not safe, time:0.042867]
[1782980385.748][    +81.6s][EXEC_TRAJ] STATE PLAN_TRAJ_EXP -> EXEC_TRAJ [plan success: new traj pub]
[1782980385.774][    +81.6s][EXEC_TRAJ] GLOBAL result=OK | clusters=2(reach 1) vp=1(reach 1) pipe[tot=2 dorm=1 unreach=0 cons=1 nocand=0 topo=0 novis=0 ok=1] tour=2n/0.6m goal=(4.1, 2.9, 0.9) t=25ms (x4)
[1782980385.774][    +81.6s][PLAN_TRAJ_EXP] STATE EXEC_TRAJ -> PLAN_TRAJ_EXP [planGlobalPath: succeed]
[1782980385.809][    +81.7s][PLAN_TRAJ_EXP] STATE EXEC_TRAJ -> PLAN_TRAJ_EXP [safetyCallback: not safe, time:0.032396] |  (prev cycle x1/0.0s)
[1782980385.853][    +81.7s][PLAN_TRAJ_EXP] STATE EXEC_TRAJ -> PLAN_TRAJ_EXP [safetyCallback: not safe, time:0.031805] |  (prev cycle x1/0.0s)
[1782980385.905][    +81.8s][PLAN_TRAJ_EXP] STATE EXEC_TRAJ -> PLAN_TRAJ_EXP [safetyCallback: not safe, time:0.040160] |  (prev cycle x1/0.1s)
[1782980385.950][    +81.8s][PLAN_TRAJ_EXP] STATE EXEC_TRAJ -> PLAN_TRAJ_EXP [safetyCallback: not safe, time:0.039954] |  (prev cycle x1/0.0s)
[1782980385.953][    +81.8s][PLAN_TRAJ_EXP] STATE PLAN_TRAJ_EXP -> PLAN_TRAJ_EXP [safetyCallback: not safe, time:0.043429]
[1782980385.993][    +81.9s][EXEC_TRAJ] STATE PLAN_TRAJ_EXP -> EXEC_TRAJ [plan success: new traj pub]
[1782980386.000][    +81.9s][PLAN_TRAJ_EXP] STATE EXEC_TRAJ -> PLAN_TRAJ_EXP [planGlobalPath: succeed]
[1782980386.038][    +81.9s][PLAN_TRAJ_EXP] STATE EXEC_TRAJ -> PLAN_TRAJ_EXP [safetyCallback: not safe, time:0.031490] |  (prev cycle x1/0.0s)
[1782980386.081][    +81.9s][PLAN_TRAJ_EXP] STATE EXEC_TRAJ -> PLAN_TRAJ_EXP [safetyCallback: not safe, time:0.030260] |  (prev cycle x1/0.0s)
[1782980386.090][    +82.0s][PLAN_TRAJ_EXP] STUCK no motion >8s in PLAN_TRAJ_EXP | last-local: escape traj (flyToSafeRegion) | pos=(3.80, 2.81, 1.42) still=57s (x84)
[1782980386.126][    +82.0s][PLAN_TRAJ_EXP] STATE EXEC_TRAJ -> PLAN_TRAJ_EXP [safetyCallback: not safe, time:0.031465] |  (prev cycle x1/0.0s)
[1782980386.168][    +82.0s][PLAN_TRAJ_EXP] STATE EXEC_TRAJ -> PLAN_TRAJ_EXP [safetyCallback: not safe, time:0.030224] |  (prev cycle x1/0.0s)
[1782980386.217][    +82.1s][PLAN_TRAJ_EXP] STATE EXEC_TRAJ -> PLAN_TRAJ_EXP [planGlobalPath: succeed] |  (prev cycle x1/0.0s)
[1782980386.219][    +82.1s][PLAN_TRAJ_EXP] STATE PLAN_TRAJ_EXP -> PLAN_TRAJ_EXP [safetyCallback: not safe, time:0.037706]
[1782980386.255][    +82.1s][EXEC_TRAJ] STATE PLAN_TRAJ_EXP -> EXEC_TRAJ [plan success: new traj pub]
[1782980386.255][    +82.1s][PLAN_TRAJ_EXP] STATE EXEC_TRAJ -> PLAN_TRAJ_EXP [safetyCallback: not safe, time:0.030805]
[1782980386.305][    +82.2s][PLAN_TRAJ_EXP] STATE EXEC_TRAJ -> PLAN_TRAJ_EXP [safetyCallback: not safe, time:0.037857] |  (prev cycle x1/0.1s)
[1782980386.352][    +82.2s][PLAN_TRAJ_EXP] STATE EXEC_TRAJ -> PLAN_TRAJ_EXP [safetyCallback: not safe, time:0.039814] |  (prev cycle x1/0.0s)
[1782980386.354][    +82.2s][PLAN_TRAJ_EXP] STATE PLAN_TRAJ_EXP -> PLAN_TRAJ_EXP [safetyCallback: not safe, time:0.042022]
[1782980386.395][    +82.3s][EXEC_TRAJ] STATE PLAN_TRAJ_EXP -> EXEC_TRAJ [plan success: new traj pub]
[1782980386.405][    +82.3s][PLAN_TRAJ_EXP] STATE EXEC_TRAJ -> PLAN_TRAJ_EXP [safetyCallback: not safe, time:0.040246]
[1782980386.447][    +82.3s][PLAN_TRAJ_EXP] STATE EXEC_TRAJ -> PLAN_TRAJ_EXP [planGlobalPath: succeed] |  (prev cycle x1/0.0s)
[1782980386.484][    +82.3s][PLAN_TRAJ_EXP] STATE EXEC_TRAJ -> PLAN_TRAJ_EXP [safetyCallback: not safe, time:0.031210] |  (prev cycle x1/0.0s)
[1782980386.531][    +82.4s][PLAN_TRAJ_EXP] STATE EXEC_TRAJ -> PLAN_TRAJ_EXP [safetyCallback: not safe, time:0.033953] |  (prev cycle x1/0.0s)
[1782980386.574][    +82.4s][PLAN_TRAJ_EXP] STATE EXEC_TRAJ -> PLAN_TRAJ_EXP [safetyCallback: not safe, time:0.031337] |  (prev cycle x1/0.0s)
[1782980386.620][    +82.5s][PLAN_TRAJ_EXP] STATE EXEC_TRAJ -> PLAN_TRAJ_EXP [safetyCallback: not safe, time:0.031892] |  (prev cycle x1/0.0s)
[1782980386.670][    +82.5s][PLAN_TRAJ_EXP] STATE EXEC_TRAJ -> PLAN_TRAJ_EXP [planGlobalPath: succeed] |  (prev cycle x1/0.0s)
[1782980386.670][    +82.5s][PLAN_TRAJ_EXP] STATE PLAN_TRAJ_EXP -> PLAN_TRAJ_EXP [safetyCallback: not safe, time:0.039058]
[1782980386.707][    +82.6s][EXEC_TRAJ] STATE PLAN_TRAJ_EXP -> EXEC_TRAJ [plan success: new traj pub]
[1782980386.709][    +82.6s][PLAN_TRAJ_EXP] STATE EXEC_TRAJ -> PLAN_TRAJ_EXP [safetyCallback: not safe, time:0.031718]
[1782980386.751][    +82.6s][PLAN_TRAJ_EXP] STATE EXEC_TRAJ -> PLAN_TRAJ_EXP [safetyCallback: not safe, time:0.030737] |  (prev cycle x1/0.0s)
[1782980386.805][    +82.7s][PLAN_TRAJ_EXP] STATE EXEC_TRAJ -> PLAN_TRAJ_EXP [safetyCallback: not safe, time:0.041124] |  (prev cycle x1/0.1s)
[1782980386.840][    +82.7s][PLAN_TRAJ_EXP] LOCAL EXP OK | why: escape traj (flyToSafeRegion) | t=33.4ms goal_d=0.6m (x107)
[1782980386.850][    +82.7s][PLAN_TRAJ_EXP] STATE EXEC_TRAJ -> PLAN_TRAJ_EXP [safetyCallback: not safe, time:0.040000] |  (prev cycle x1/0.0s)
[1782980386.857][    +82.7s][PLAN_TRAJ_EXP] STATE PLAN_TRAJ_EXP -> PLAN_TRAJ_EXP [safetyCallback: not safe, time:0.047009]
[1782980386.893][    +82.8s][EXEC_TRAJ] STATE PLAN_TRAJ_EXP -> EXEC_TRAJ [plan success: new traj pub]
[1782980386.915][    +82.8s][EXEC_TRAJ] GLOBAL result=OK | clusters=2(reach 1) vp=1(reach 1) pipe[tot=2 dorm=1 unreach=0 cons=1 nocand=0 topo=0 novis=0 ok=1] tour=2n/0.6m goal=(4.1, 2.9, 0.9) t=21ms (x4)
[1782980386.915][    +82.8s][PLAN_TRAJ_EXP] STATE EXEC_TRAJ -> PLAN_TRAJ_EXP [planGlobalPath: succeed]
[1782980386.951][    +82.8s][PLAN_TRAJ_EXP] STATE EXEC_TRAJ -> PLAN_TRAJ_EXP [safetyCallback: not safe, time:0.033084] |  (prev cycle x1/0.0s)
[1782980386.953][    +82.8s][PLAN_TRAJ_EXP] STATE PLAN_TRAJ_EXP -> PLAN_TRAJ_EXP [safetyCallback: not safe, time:0.035247]
[1782980386.992][    +82.9s][EXEC_TRAJ] STATE PLAN_TRAJ_EXP -> EXEC_TRAJ [plan success: new traj pub]
[1782980387.004][    +82.9s][PLAN_TRAJ_EXP] STATE EXEC_TRAJ -> PLAN_TRAJ_EXP [safetyCallback: not safe, time:0.042179]
[1782980387.008][    +82.9s][PLAN_TRAJ_EXP] STATE PLAN_TRAJ_EXP -> PLAN_TRAJ_EXP [safetyCallback: not safe, time:0.045673]
[1782980387.045][    +82.9s][EXEC_TRAJ] STATE PLAN_TRAJ_EXP -> EXEC_TRAJ [plan success: new traj pub]
[1782980387.051][    +82.9s][PLAN_TRAJ_EXP] STATE EXEC_TRAJ -> PLAN_TRAJ_EXP [safetyCallback: not safe, time:0.034874]
[1782980387.101][    +83.0s][PLAN_TRAJ_EXP] STATE EXEC_TRAJ -> PLAN_TRAJ_EXP [safetyCallback: not safe, time:0.040343] |  (prev cycle x1/0.1s)
[1782980387.104][    +83.0s][PLAN_TRAJ_EXP] STATE PLAN_TRAJ_EXP -> PLAN_TRAJ_EXP [safetyCallback: not safe, time:0.043717]
[1782980387.144][    +83.0s][EXEC_TRAJ] STATE PLAN_TRAJ_EXP -> EXEC_TRAJ [plan success: new traj pub]
[1782980387.150][    +83.0s][PLAN_TRAJ_EXP] STATE EXEC_TRAJ -> PLAN_TRAJ_EXP [planGlobalPath: succeed]
[1782980387.154][    +83.0s][PLAN_TRAJ_EXP] STATE PLAN_TRAJ_EXP -> PLAN_TRAJ_EXP [safetyCallback: not safe, time:0.040699]
[1782980387.188][    +83.0s][EXEC_TRAJ] STATE PLAN_TRAJ_EXP -> EXEC_TRAJ [plan success: new traj pub]
[1782980387.198][    +83.1s][PLAN_TRAJ_EXP] STATE EXEC_TRAJ -> PLAN_TRAJ_EXP [safetyCallback: not safe, time:0.040221]
[1782980387.205][    +83.1s][PLAN_TRAJ_EXP] STATE PLAN_TRAJ_EXP -> PLAN_TRAJ_EXP [safetyCallback: not safe, time:0.047273]
[1782980387.242][    +83.1s][EXEC_TRAJ] STATE PLAN_TRAJ_EXP -> EXEC_TRAJ [plan success: new traj pub]
[1782980387.252][    +83.1s][PLAN_TRAJ_EXP] STATE EXEC_TRAJ -> PLAN_TRAJ_EXP [safetyCallback: not safe, time:0.039867]
[1782980387.253][    +83.1s][PLAN_TRAJ_EXP] STATE PLAN_TRAJ_EXP -> PLAN_TRAJ_EXP [safetyCallback: not safe, time:0.040974]
[1782980387.296][    +83.2s][EXEC_TRAJ] STATE PLAN_TRAJ_EXP -> EXEC_TRAJ [plan success: new traj pub]
[1782980387.305][    +83.2s][PLAN_TRAJ_EXP] STATE EXEC_TRAJ -> PLAN_TRAJ_EXP [safetyCallback: not safe, time:0.039881]
[1782980387.350][    +83.2s][PLAN_TRAJ_EXP] STATE EXEC_TRAJ -> PLAN_TRAJ_EXP [safetyCallback: not safe, time:0.039847] |  (prev cycle x1/0.0s)
[1782980387.370][    +83.2s][PLAN_TRAJ_EXP] STATE PLAN_TRAJ_EXP -> PLAN_TRAJ_EXP [planGlobalPath: succeed]
[1782980387.371][    +83.2s][PLAN_TRAJ_EXP] STATE PLAN_TRAJ_EXP -> PLAN_TRAJ_EXP [safetyCallback: not safe, time:0.061286]
[1782980387.405][    +83.3s][EXEC_TRAJ] STATE PLAN_TRAJ_EXP -> EXEC_TRAJ [plan success: new traj pub]
[1782980387.408][    +83.3s][PLAN_TRAJ_EXP] STATE EXEC_TRAJ -> PLAN_TRAJ_EXP [safetyCallback: not safe, time:0.033129]
[1782980387.452][    +83.3s][PLAN_TRAJ_EXP] STATE EXEC_TRAJ -> PLAN_TRAJ_EXP [safetyCallback: not safe, time:0.032542] |  (prev cycle x1/0.0s)
[1782980387.505][    +83.4s][PLAN_TRAJ_EXP] STATE EXEC_TRAJ -> PLAN_TRAJ_EXP [safetyCallback: not safe, time:0.042441] |  (prev cycle x1/0.1s)
[1782980387.509][    +83.4s][PLAN_TRAJ_EXP] STATE PLAN_TRAJ_EXP -> PLAN_TRAJ_EXP [safetyCallback: not safe, time:0.046429]
[1782980387.546][    +83.4s][EXEC_TRAJ] STATE PLAN_TRAJ_EXP -> EXEC_TRAJ [plan success: new traj pub]
[1782980387.551][    +83.4s][PLAN_TRAJ_EXP] STATE EXEC_TRAJ -> PLAN_TRAJ_EXP [safetyCallback: not safe, time:0.034318]
[1782980387.632][    +83.5s][PLAN_TRAJ_EXP] STATE EXEC_TRAJ -> PLAN_TRAJ_EXP [planGlobalPath: succeed] |  (prev cycle x1/0.1s)
[1782980387.666][    +83.5s][PLAN_TRAJ_EXP] STATE EXEC_TRAJ -> PLAN_TRAJ_EXP [safetyCallback: not safe, time:0.031175] |  (prev cycle x1/0.0s)
[1782980387.710][    +83.6s][PLAN_TRAJ_EXP] STATE EXEC_TRAJ -> PLAN_TRAJ_EXP [safetyCallback: not safe, time:0.031100] |  (prev cycle x1/0.0s)
[1782980387.753][    +83.6s][PLAN_TRAJ_EXP] STATE EXEC_TRAJ -> PLAN_TRAJ_EXP [safetyCallback: not safe, time:0.030964] |  (prev cycle x1/0.0s)
[1782980387.806][    +83.7s][PLAN_TRAJ_EXP] STATE EXEC_TRAJ -> PLAN_TRAJ_EXP [safetyCallback: not safe, time:0.040316] |  (prev cycle x1/0.1s)
[1782980387.847][    +83.7s][PLAN_TRAJ_EXP] STATE EXEC_TRAJ -> PLAN_TRAJ_EXP [planGlobalPath: succeed] |  (prev cycle x1/0.0s)
[1782980387.886][    +83.7s][PLAN_TRAJ_EXP] STATE EXEC_TRAJ -> PLAN_TRAJ_EXP [safetyCallback: not safe, time:0.031454] |  (prev cycle x1/0.0s)
[1782980387.929][    +83.8s][PLAN_TRAJ_EXP] STATE EXEC_TRAJ -> PLAN_TRAJ_EXP [safetyCallback: not safe, time:0.031217] |  (prev cycle x1/0.0s)
[1782980387.973][    +83.8s][PLAN_TRAJ_EXP] STATE EXEC_TRAJ -> PLAN_TRAJ_EXP [safetyCallback: not safe, time:0.031303] |  (prev cycle x1/0.0s)
[1782980388.016][    +83.9s][PLAN_TRAJ_EXP] STATE EXEC_TRAJ -> PLAN_TRAJ_EXP [safetyCallback: not safe, time:0.031028] |  (prev cycle x1/0.0s)
[1782980388.067][    +83.9s][EXEC_TRAJ] GLOBAL result=OK | clusters=2(reach 1) vp=1(reach 1) pipe[tot=2 dorm=1 unreach=0 cons=1 nocand=0 topo=0 novis=0 ok=1] tour=2n/0.6m goal=(4.1, 2.9, 0.9) t=6ms (x4)
[1782980388.067][    +83.9s][PLAN_TRAJ_EXP] STATE EXEC_TRAJ -> PLAN_TRAJ_EXP [planGlobalPath: succeed] |  (prev cycle x1/0.1s)
[1782980388.068][    +83.9s][PLAN_TRAJ_EXP] STATE PLAN_TRAJ_EXP -> PLAN_TRAJ_EXP [safetyCallback: not safe, time:0.039815]
[1782980388.103][    +84.0s][EXEC_TRAJ] STATE PLAN_TRAJ_EXP -> EXEC_TRAJ [plan success: new traj pub]
[1782980388.105][    +84.0s][PLAN_TRAJ_EXP] STATE EXEC_TRAJ -> PLAN_TRAJ_EXP [safetyCallback: not safe, time:0.032297]
[1782980388.157][    +84.0s][PLAN_TRAJ_EXP] STATE EXEC_TRAJ -> PLAN_TRAJ_EXP [safetyCallback: not safe, time:0.040094] |  (prev cycle x1/0.1s)
[1782980388.163][    +84.0s][PLAN_TRAJ_EXP] STATE PLAN_TRAJ_EXP -> PLAN_TRAJ_EXP [safetyCallback: not safe, time:0.046339]
[1782980388.200][    +84.1s][EXEC_TRAJ] STATE PLAN_TRAJ_EXP -> EXEC_TRAJ [plan success: new traj pub]
[1782980388.205][    +84.1s][PLAN_TRAJ_EXP] STATE EXEC_TRAJ -> PLAN_TRAJ_EXP [safetyCallback: not safe, time:0.034680]
[1782980388.252][    +84.1s][PLAN_TRAJ_EXP] STATE EXEC_TRAJ -> PLAN_TRAJ_EXP [safetyCallback: not safe, time:0.039507] |  (prev cycle x1/0.0s)
[1782980388.292][    +84.2s][PLAN_TRAJ_EXP] STATE EXEC_TRAJ -> PLAN_TRAJ_EXP [planGlobalPath: succeed] |  (prev cycle x1/0.0s)
[1782980388.331][    +84.2s][PLAN_TRAJ_EXP] STATE EXEC_TRAJ -> PLAN_TRAJ_EXP [safetyCallback: not safe, time:0.031021] |  (prev cycle x1/0.0s)
[1782980388.375][    +84.2s][PLAN_TRAJ_EXP] STATE EXEC_TRAJ -> PLAN_TRAJ_EXP [safetyCallback: not safe, time:0.031925] |  (prev cycle x1/0.0s)
[1782980388.419][    +84.3s][PLAN_TRAJ_EXP] STATE EXEC_TRAJ -> PLAN_TRAJ_EXP [safetyCallback: not safe, time:0.031854] |  (prev cycle x1/0.0s)
[1782980388.462][    +84.3s][PLAN_TRAJ_EXP] STATE EXEC_TRAJ -> PLAN_TRAJ_EXP [safetyCallback: not safe, time:0.031339] |  (prev cycle x1/0.0s)
[1782980388.516][    +84.4s][PLAN_TRAJ_EXP] STATE EXEC_TRAJ -> PLAN_TRAJ_EXP [planGlobalPath: succeed] |  (prev cycle x1/0.1s)
[1782980388.517][    +84.4s][PLAN_TRAJ_EXP] STATE PLAN_TRAJ_EXP -> PLAN_TRAJ_EXP [safetyCallback: not safe, time:0.042131]
[1782980388.551][    +84.4s][EXEC_TRAJ] STATE PLAN_TRAJ_EXP -> EXEC_TRAJ [plan success: new traj pub]
[1782980388.553][    +84.4s][PLAN_TRAJ_EXP] STATE EXEC_TRAJ -> PLAN_TRAJ_EXP [safetyCallback: not safe, time:0.030975]
[1782980388.605][    +84.5s][PLAN_TRAJ_EXP] STATE EXEC_TRAJ -> PLAN_TRAJ_EXP [safetyCallback: not safe, time:0.039818] |  (prev cycle x1/0.1s)
[1782980388.611][    +84.5s][PLAN_TRAJ_EXP] STATE PLAN_TRAJ_EXP -> PLAN_TRAJ_EXP [safetyCallback: not safe, time:0.045824]
[1782980388.648][    +84.5s][EXEC_TRAJ] STATE PLAN_TRAJ_EXP -> EXEC_TRAJ [plan success: new traj pub]
[1782980388.656][    +84.5s][PLAN_TRAJ_EXP] STATE EXEC_TRAJ -> PLAN_TRAJ_EXP [safetyCallback: not safe, time:0.038389]
[1782980388.703][    +84.6s][PLAN_TRAJ_EXP] STATE EXEC_TRAJ -> PLAN_TRAJ_EXP [safetyCallback: not safe, time:0.039956] |  (prev cycle x1/0.0s)
[1782980388.705][    +84.6s][PLAN_TRAJ_EXP] STATE PLAN_TRAJ_EXP -> PLAN_TRAJ_EXP [safetyCallback: not safe, time:0.041998]
[1782980388.746][    +84.6s][EXEC_TRAJ] STATE PLAN_TRAJ_EXP -> EXEC_TRAJ [plan success: new traj pub]
[1782980388.779][    +84.6s][PLAN_TRAJ_EXP] STATE EXEC_TRAJ -> PLAN_TRAJ_EXP [planGlobalPath: succeed]
[1782980388.781][    +84.6s][PLAN_TRAJ_EXP] STATE PLAN_TRAJ_EXP -> PLAN_TRAJ_EXP [safetyCallback: not safe, time:0.064846]
[1782980388.815][    +84.7s][EXEC_TRAJ] STATE PLAN_TRAJ_EXP -> EXEC_TRAJ [plan success: new traj pub]
[1782980388.816][    +84.7s][PLAN_TRAJ_EXP] STATE EXEC_TRAJ -> PLAN_TRAJ_EXP [safetyCallback: not safe, time:0.031147]
[1782980388.860][    +84.7s][PLAN_TRAJ_EXP] STATE EXEC_TRAJ -> PLAN_TRAJ_EXP [safetyCallback: not safe, time:0.031185] |  (prev cycle x1/0.0s)
[1782980388.905][    +84.8s][PLAN_TRAJ_EXP] STATE EXEC_TRAJ -> PLAN_TRAJ_EXP [safetyCallback: not safe, time:0.032382] |  (prev cycle x1/0.0s)
[1782980388.956][    +84.8s][PLAN_TRAJ_EXP] STATE EXEC_TRAJ -> PLAN_TRAJ_EXP [safetyCallback: not safe, time:0.040090] |  (prev cycle x1/0.1s)
[1782980388.964][    +84.8s][PLAN_TRAJ_EXP] STATE PLAN_TRAJ_EXP -> PLAN_TRAJ_EXP [safetyCallback: not safe, time:0.048135]
[1782980389.000][    +84.9s][EXEC_TRAJ] STATE PLAN_TRAJ_EXP -> EXEC_TRAJ [plan success: new traj pub]
[1782980389.008][    +84.9s][PLAN_TRAJ_EXP] STATE EXEC_TRAJ -> PLAN_TRAJ_EXP [planGlobalPath: succeed]
[1782980389.009][    +84.9s][PLAN_TRAJ_EXP] STATE PLAN_TRAJ_EXP -> PLAN_TRAJ_EXP [safetyCallback: not safe, time:0.038970]
[1782980389.044][    +84.9s][EXEC_TRAJ] STATE PLAN_TRAJ_EXP -> EXEC_TRAJ [plan success: new traj pub]
[1782980389.055][    +84.9s][PLAN_TRAJ_EXP] STATE EXEC_TRAJ -> PLAN_TRAJ_EXP [safetyCallback: not safe, time:0.040660]
[1782980389.056][    +84.9s][PLAN_TRAJ_EXP] STATE PLAN_TRAJ_EXP -> PLAN_TRAJ_EXP [safetyCallback: not safe, time:0.042315]
[1782980389.098][    +85.0s][EXEC_TRAJ] STATE PLAN_TRAJ_EXP -> EXEC_TRAJ [plan success: new traj pub]
[1782980389.104][    +85.0s][PLAN_TRAJ_EXP] STATE EXEC_TRAJ -> PLAN_TRAJ_EXP [safetyCallback: not safe, time:0.037164]
[1782980389.152][    +85.0s][PLAN_TRAJ_EXP] STATE EXEC_TRAJ -> PLAN_TRAJ_EXP [safetyCallback: not safe, time:0.040819] |  (prev cycle x1/0.0s)
[1782980389.197][    +85.1s][PLAN_TRAJ_EXP] STATE EXEC_TRAJ -> PLAN_TRAJ_EXP [safetyCallback: not safe, time:0.039880] |  (prev cycle x1/0.0s)
[1782980389.203][    +85.1s][PLAN_TRAJ_EXP] STATE PLAN_TRAJ_EXP -> PLAN_TRAJ_EXP [safetyCallback: not safe, time:0.046333]
[1782980389.240][    +85.1s][EXEC_TRAJ] STATE PLAN_TRAJ_EXP -> EXEC_TRAJ [plan success: new traj pub]
[1782980389.246][    +85.1s][EXEC_TRAJ] GLOBAL result=OK | clusters=2(reach 1) vp=1(reach 1) pipe[tot=2 dorm=1 unreach=0 cons=1 nocand=0 topo=0 novis=0 ok=1] tour=2n/0.6m goal=(4.1, 2.9, 0.9) t=5ms (x4)
[1782980389.246][    +85.1s][PLAN_TRAJ_EXP] STATE EXEC_TRAJ -> PLAN_TRAJ_EXP [planGlobalPath: succeed]
[1782980389.285][    +85.1s][PLAN_TRAJ_EXP] STATE EXEC_TRAJ -> PLAN_TRAJ_EXP [safetyCallback: not safe, time:0.031964] |  (prev cycle x1/0.0s)
[1782980389.328][    +85.2s][PLAN_TRAJ_EXP] STATE EXEC_TRAJ -> PLAN_TRAJ_EXP [safetyCallback: not safe, time:0.030810] |  (prev cycle x1/0.0s)
[1782980389.373][    +85.2s][PLAN_TRAJ_EXP] STATE EXEC_TRAJ -> PLAN_TRAJ_EXP [safetyCallback: not safe, time:0.031633] |  (prev cycle x1/0.0s)
[1782980389.415][    +85.3s][PLAN_TRAJ_EXP] STATE EXEC_TRAJ -> PLAN_TRAJ_EXP [safetyCallback: not safe, time:0.030425] |  (prev cycle x1/0.0s)
[1782980389.468][    +85.3s][PLAN_TRAJ_EXP] STATE EXEC_TRAJ -> PLAN_TRAJ_EXP [planGlobalPath: succeed] |  (prev cycle x1/0.1s)
[1782980389.469][    +85.3s][PLAN_TRAJ_EXP] STATE PLAN_TRAJ_EXP -> PLAN_TRAJ_EXP [safetyCallback: not safe, time:0.041001]
[1782980389.504][    +85.4s][EXEC_TRAJ] STATE PLAN_TRAJ_EXP -> EXEC_TRAJ [plan success: new traj pub]
[1782980389.504][    +85.4s][PLAN_TRAJ_EXP] STATE EXEC_TRAJ -> PLAN_TRAJ_EXP [safetyCallback: not safe, time:0.030620]
[1782980389.556][    +85.4s][PLAN_TRAJ_EXP] STATE EXEC_TRAJ -> PLAN_TRAJ_EXP [safetyCallback: not safe, time:0.038400] |  (prev cycle x1/0.1s)
[1782980389.601][    +85.5s][PLAN_TRAJ_EXP] STATE EXEC_TRAJ -> PLAN_TRAJ_EXP [safetyCallback: not safe, time:0.041315] |  (prev cycle x1/0.0s)
[1782980389.604][    +85.5s][PLAN_TRAJ_EXP] STATE PLAN_TRAJ_EXP -> PLAN_TRAJ_EXP [safetyCallback: not safe, time:0.044716]
[1782980389.645][    +85.5s][EXEC_TRAJ] STATE PLAN_TRAJ_EXP -> EXEC_TRAJ [plan success: new traj pub]
[1782980389.655][    +85.5s][PLAN_TRAJ_EXP] STATE EXEC_TRAJ -> PLAN_TRAJ_EXP [safetyCallback: not safe, time:0.039814]
[1782980389.658][    +85.5s][PLAN_TRAJ_EXP] STATE PLAN_TRAJ_EXP -> PLAN_TRAJ_EXP [safetyCallback: not safe, time:0.042996]
[1782980389.698][    +85.6s][EXEC_TRAJ] STATE PLAN_TRAJ_EXP -> EXEC_TRAJ [plan success: new traj pub]
[1782980389.703][    +85.6s][PLAN_TRAJ_EXP] STATE EXEC_TRAJ -> PLAN_TRAJ_EXP [planGlobalPath: succeed]
[1782980389.706][    +85.6s][PLAN_TRAJ_EXP] STATE PLAN_TRAJ_EXP -> PLAN_TRAJ_EXP [safetyCallback: not safe, time:0.039240]
[1782980389.741][    +85.6s][EXEC_TRAJ] STATE PLAN_TRAJ_EXP -> EXEC_TRAJ [plan success: new traj pub]
[1782980389.752][    +85.6s][PLAN_TRAJ_EXP] STATE EXEC_TRAJ -> PLAN_TRAJ_EXP [safetyCallback: not safe, time:0.040109]
[1782980389.756][    +85.6s][PLAN_TRAJ_EXP] STATE PLAN_TRAJ_EXP -> PLAN_TRAJ_EXP [safetyCallback: not safe, time:0.044346]
[1782980389.796][    +85.7s][EXEC_TRAJ] STATE PLAN_TRAJ_EXP -> EXEC_TRAJ [plan success: new traj pub]
[1782980389.805][    +85.7s][PLAN_TRAJ_EXP] STATE EXEC_TRAJ -> PLAN_TRAJ_EXP [safetyCallback: not safe, time:0.039063]
[1782980389.850][    +85.7s][PLAN_TRAJ_EXP] STATE EXEC_TRAJ -> PLAN_TRAJ_EXP [safetyCallback: not safe, time:0.040185] |  (prev cycle x1/0.0s)
[1782980389.853][    +85.7s][PLAN_TRAJ_EXP] STATE PLAN_TRAJ_EXP -> PLAN_TRAJ_EXP [safetyCallback: not safe, time:0.043063]
[1782980389.894][    +85.8s][EXEC_TRAJ] STATE PLAN_TRAJ_EXP -> EXEC_TRAJ [plan success: new traj pub]
[1782980389.914][    +85.8s][PLAN_TRAJ_EXP] STATE EXEC_TRAJ -> PLAN_TRAJ_EXP [planGlobalPath: succeed]
[1782980389.915][    +85.8s][PLAN_TRAJ_EXP] STATE PLAN_TRAJ_EXP -> PLAN_TRAJ_EXP [safetyCallback: not safe, time:0.052682]
[1782980389.949][    +85.8s][EXEC_TRAJ] STATE PLAN_TRAJ_EXP -> EXEC_TRAJ [plan success: new traj pub]
[1782980389.955][    +85.8s][PLAN_TRAJ_EXP] STATE EXEC_TRAJ -> PLAN_TRAJ_EXP [safetyCallback: not safe, time:0.035443]
[1782980390.003][    +85.9s][PLAN_TRAJ_EXP] STATE EXEC_TRAJ -> PLAN_TRAJ_EXP [avoidance released: replan from current pose] |  (prev cycle x1/0.0s)
[1782980390.036][    +85.9s][PLAN_TRAJ_EXP] STATE EXEC_TRAJ -> PLAN_TRAJ_EXP [safetyCallback: not safe, time:0.029469] |  (prev cycle x1/0.0s)
[1782980390.082][    +85.9s][PLAN_TRAJ_EXP] STATE EXEC_TRAJ -> PLAN_TRAJ_EXP [safetyCallback: not safe, time:0.031501] |  (prev cycle x1/0.0s)
[1782980390.124][    +86.0s][PLAN_TRAJ_EXP] STATE EXEC_TRAJ -> PLAN_TRAJ_EXP [safetyCallback: not safe, time:0.030057] |  (prev cycle x1/0.0s)
[1782980390.134][    +86.0s][PLAN_TRAJ_EXP] STATE PLAN_TRAJ_EXP -> PLAN_TRAJ_EXP [planGlobalPath: succeed]
[1782980390.168][    +86.0s][EXEC_TRAJ] STATE PLAN_TRAJ_EXP -> EXEC_TRAJ [plan success: new traj pub]
[1782980390.169][    +86.0s][PLAN_TRAJ_EXP] STATE EXEC_TRAJ -> PLAN_TRAJ_EXP [safetyCallback: not safe, time:0.031868]
[1782980390.214][    +86.1s][PLAN_TRAJ_EXP] STATE EXEC_TRAJ -> PLAN_TRAJ_EXP [safetyCallback: not safe, time:0.030430] |  (prev cycle x1/0.0s)
[1782980390.259][    +86.1s][PLAN_TRAJ_EXP] STATE EXEC_TRAJ -> PLAN_TRAJ_EXP [safetyCallback: not safe, time:0.031282] |  (prev cycle x1/0.0s)
[1782980390.301][    +86.2s][PLAN_TRAJ_EXP] STATE EXEC_TRAJ -> PLAN_TRAJ_EXP [safetyCallback: not safe, time:0.029957] |  (prev cycle x1/0.0s)
[1782980390.311][    +86.2s][PLAN_TRAJ_EXP] STATE PLAN_TRAJ_EXP -> PLAN_TRAJ_EXP [avoidance released: replan from current pose]
[1782980390.344][    +86.2s][EXEC_TRAJ] STATE PLAN_TRAJ_EXP -> EXEC_TRAJ [plan success: new traj pub]
[1782980390.351][    +86.2s][PLAN_TRAJ_EXP] STATE EXEC_TRAJ -> PLAN_TRAJ_EXP [planGlobalPath: succeed]
[1782980390.355][    +86.2s][PLAN_TRAJ_EXP] STATE PLAN_TRAJ_EXP -> PLAN_TRAJ_EXP [safetyCallback: not safe, time:0.040303]
[1782980390.390][    +86.3s][EXEC_TRAJ] STATE PLAN_TRAJ_EXP -> EXEC_TRAJ [plan success: new traj pub]
[1782980390.400][    +86.3s][PLAN_TRAJ_EXP] STATE EXEC_TRAJ -> PLAN_TRAJ_EXP [safetyCallback: not safe, time:0.038258]
[1782980390.404][    +86.3s][PLAN_TRAJ_EXP] STATE PLAN_TRAJ_EXP -> PLAN_TRAJ_EXP [safetyCallback: not safe, time:0.041846]
[1782980390.447][    +86.3s][EXEC_TRAJ] STATE PLAN_TRAJ_EXP -> EXEC_TRAJ [plan success: new traj pub]
[1782980390.457][    +86.3s][PLAN_TRAJ_EXP] STATE EXEC_TRAJ -> PLAN_TRAJ_EXP [safetyCallback: not safe, time:0.039733]
[1782980390.502][    +86.4s][PLAN_TRAJ_EXP] STATE EXEC_TRAJ -> PLAN_TRAJ_EXP [safetyCallback: not safe, time:0.040474] |  (prev cycle x1/0.0s)
[1782980390.504][    +86.4s][PLAN_TRAJ_EXP] STATE PLAN_TRAJ_EXP -> PLAN_TRAJ_EXP [safetyCallback: not safe, time:0.042486]
[1782980390.546][    +86.4s][EXEC_TRAJ] STATE PLAN_TRAJ_EXP -> EXEC_TRAJ [plan success: new traj pub]
[1782980390.557][    +86.4s][PLAN_TRAJ_EXP] STATE EXEC_TRAJ -> PLAN_TRAJ_EXP [planGlobalPath: succeed]
[1782980390.597][    +86.5s][PLAN_TRAJ_EXP] STATE EXEC_TRAJ -> PLAN_TRAJ_EXP [safetyCallback: not safe, time:0.031134] |  (prev cycle x1/0.0s)
[1782980390.604][    +86.5s][PLAN_TRAJ_EXP] STATE PLAN_TRAJ_EXP -> PLAN_TRAJ_EXP [safetyCallback: not safe, time:0.037432]
[1782980390.606][    +86.5s][PLAN_TRAJ_EXP] STATE PLAN_TRAJ_EXP -> PLAN_TRAJ_EXP [avoidance released: replan from current pose]
[1782980390.639][    +86.5s][EXEC_TRAJ] STATE PLAN_TRAJ_EXP -> EXEC_TRAJ [plan success: new traj pub]
[1782980390.650][    +86.5s][PLAN_TRAJ_EXP] STATE EXEC_TRAJ -> PLAN_TRAJ_EXP [safetyCallback: not safe, time:0.039993]
[1782980390.695][    +86.6s][PLAN_TRAJ_EXP] STATE EXEC_TRAJ -> PLAN_TRAJ_EXP [safetyCallback: not safe, time:0.031516] |  (prev cycle x1/0.0s)
[1782980390.738][    +86.6s][PLAN_TRAJ_EXP] STATE EXEC_TRAJ -> PLAN_TRAJ_EXP [safetyCallback: not safe, time:0.031971] |  (prev cycle x1/0.0s)
[1782980390.783][    +86.6s][PLAN_TRAJ_EXP] STATE EXEC_TRAJ -> PLAN_TRAJ_EXP [safetyCallback: not safe, time:0.031533] |  (prev cycle x1/0.0s)
[1782980390.802][    +86.7s][PLAN_TRAJ_EXP] GLOBAL result=OK | clusters=2(reach 1) vp=1(reach 1) pipe[tot=2 dorm=1 unreach=0 cons=1 nocand=0 topo=0 novis=0 ok=1] tour=2n/0.6m goal=(4.1, 2.9, 0.9) t=17ms (x6)
[1782980390.802][    +86.7s][PLAN_TRAJ_EXP] STATE PLAN_TRAJ_EXP -> PLAN_TRAJ_EXP [planGlobalPath: succeed]
[1782980390.835][    +86.7s][EXEC_TRAJ] STATE PLAN_TRAJ_EXP -> EXEC_TRAJ [plan success: new traj pub]
[1782980390.836][    +86.7s][PLAN_TRAJ_EXP] STATE EXEC_TRAJ -> PLAN_TRAJ_EXP [safetyCallback: not safe, time:0.030669]
[1782980390.881][    +86.7s][PLAN_TRAJ_EXP] STATE EXEC_TRAJ -> PLAN_TRAJ_EXP [safetyCallback: not safe, time:0.031575] |  (prev cycle x1/0.0s)
[1782980390.923][    +86.8s][PLAN_TRAJ_EXP] STATE EXEC_TRAJ -> PLAN_TRAJ_EXP [safetyCallback: not safe, time:0.029965] |  (prev cycle x1/0.0s)
[1782980390.969][    +86.8s][PLAN_TRAJ_EXP] STATE EXEC_TRAJ -> PLAN_TRAJ_EXP [safetyCallback: not safe, time:0.032756] |  (prev cycle x1/0.0s)
[1782980391.036][    +86.9s][PLAN_TRAJ_EXP] STATE EXEC_TRAJ -> PLAN_TRAJ_EXP [planGlobalPath: succeed] |  (prev cycle x1/0.1s)
[1782980391.037][    +86.9s][PLAN_TRAJ_EXP] STATE PLAN_TRAJ_EXP -> PLAN_TRAJ_EXP [safetyCallback: not safe, time:0.056663]
[1782980391.071][    +86.9s][EXEC_TRAJ] STATE PLAN_TRAJ_EXP -> EXEC_TRAJ [plan success: new traj pub]
[1782980391.074][    +86.9s][PLAN_TRAJ_EXP] STATE EXEC_TRAJ -> PLAN_TRAJ_EXP [safetyCallback: not safe, time:0.033012]
[1782980391.115][    +87.0s][PLAN_TRAJ_EXP] STATE EXEC_TRAJ -> PLAN_TRAJ_EXP [safetyCallback: not safe, time:0.030504] |  (prev cycle x1/0.0s)
[1782980391.124][    +87.0s][PLAN_TRAJ_EXP] STUCK no motion >8s in PLAN_TRAJ_EXP | last-local: escape traj (flyToSafeRegion) | pos=(3.85, 2.81, 1.42) still=62s (x85)
[1782980391.160][    +87.0s][PLAN_TRAJ_EXP] STATE EXEC_TRAJ -> PLAN_TRAJ_EXP [safetyCallback: not safe, time:0.031917] |  (prev cycle x1/0.0s)
[1782980391.204][    +87.1s][PLAN_TRAJ_EXP] STATE EXEC_TRAJ -> PLAN_TRAJ_EXP [safetyCallback: not safe, time:0.033137] |  (prev cycle x1/0.0s)
[1782980391.250][    +87.1s][PLAN_TRAJ_EXP] STATE EXEC_TRAJ -> PLAN_TRAJ_EXP [planGlobalPath: succeed] |  (prev cycle x1/0.0s)
[1782980391.255][    +87.1s][PLAN_TRAJ_EXP] STATE PLAN_TRAJ_EXP -> PLAN_TRAJ_EXP [safetyCallback: not safe, time:0.040509]
[1782980391.290][    +87.2s][EXEC_TRAJ] STATE PLAN_TRAJ_EXP -> EXEC_TRAJ [plan success: new traj pub]
[1782980391.300][    +87.2s][PLAN_TRAJ_EXP] STATE EXEC_TRAJ -> PLAN_TRAJ_EXP [safetyCallback: not safe, time:0.040561]
[1782980391.345][    +87.2s][PLAN_TRAJ_EXP] STATE EXEC_TRAJ -> PLAN_TRAJ_EXP [safetyCallback: not safe, time:0.041279] |  (prev cycle x1/0.0s)
[1782980391.356][    +87.2s][PLAN_TRAJ_EXP] STATE PLAN_TRAJ_EXP -> PLAN_TRAJ_EXP [safetyCallback: not safe, time:0.052216]
[1782980391.391][    +87.3s][EXEC_TRAJ] STATE PLAN_TRAJ_EXP -> EXEC_TRAJ [plan success: new traj pub]
[1782980391.401][    +87.3s][PLAN_TRAJ_EXP] STATE EXEC_TRAJ -> PLAN_TRAJ_EXP [safetyCallback: not safe, time:0.038252]
[1782980391.404][    +87.3s][PLAN_TRAJ_EXP] STATE PLAN_TRAJ_EXP -> PLAN_TRAJ_EXP [safetyCallback: not safe, time:0.041622]
[1782980391.445][    +87.3s][EXEC_TRAJ] STATE PLAN_TRAJ_EXP -> EXEC_TRAJ [plan success: new traj pub]
[1782980391.456][    +87.3s][PLAN_TRAJ_EXP] STATE EXEC_TRAJ -> PLAN_TRAJ_EXP [planGlobalPath: succeed]
[1782980391.491][    +87.4s][PLAN_TRAJ_EXP] STATE EXEC_TRAJ -> PLAN_TRAJ_EXP [safetyCallback: not safe, time:0.031395] |  (prev cycle x1/0.0s)
[1782980391.533][    +87.4s][PLAN_TRAJ_EXP] STATE EXEC_TRAJ -> PLAN_TRAJ_EXP [safetyCallback: not safe, time:0.030086] |  (prev cycle x1/0.0s)
[1782980391.578][    +87.4s][PLAN_TRAJ_EXP] STATE EXEC_TRAJ -> PLAN_TRAJ_EXP [safetyCallback: not safe, time:0.031116] |  (prev cycle x1/0.0s)
[1782980391.621][    +87.5s][PLAN_TRAJ_EXP] STATE EXEC_TRAJ -> PLAN_TRAJ_EXP [safetyCallback: not safe, time:0.030271] |  (prev cycle x1/0.0s)
[1782980391.666][    +87.5s][PLAN_TRAJ_EXP] STATE EXEC_TRAJ -> PLAN_TRAJ_EXP [safetyCallback: not safe, time:0.030581] |  (prev cycle x1/0.0s)
[1782980391.683][    +87.5s][PLAN_TRAJ_EXP] STATE PLAN_TRAJ_EXP -> PLAN_TRAJ_EXP [planGlobalPath: succeed]
[1782980391.716][    +87.6s][EXEC_TRAJ] STATE PLAN_TRAJ_EXP -> EXEC_TRAJ [plan success: new traj pub]
[1782980391.717][    +87.6s][PLAN_TRAJ_EXP] STATE EXEC_TRAJ -> PLAN_TRAJ_EXP [safetyCallback: not safe, time:0.031602]
[1782980391.762][    +87.6s][PLAN_TRAJ_EXP] STATE EXEC_TRAJ -> PLAN_TRAJ_EXP [safetyCallback: not safe, time:0.031376] |  (prev cycle x1/0.0s)
[1782980391.806][    +87.7s][PLAN_TRAJ_EXP] STATE EXEC_TRAJ -> PLAN_TRAJ_EXP [safetyCallback: not safe, time:0.031549] |  (prev cycle x1/0.0s)
[1782980391.851][    +87.7s][PLAN_TRAJ_EXP] LOCAL EXP OK | why: escape traj (flyToSafeRegion) | t=37.7ms goal_d=0.6m (x105)
[1782980391.855][    +87.7s][PLAN_TRAJ_EXP] STATE EXEC_TRAJ -> PLAN_TRAJ_EXP [safetyCallback: not safe, time:0.039008] |  (prev cycle x1/0.0s)
[1782980391.908][    +87.8s][EXEC_TRAJ] GLOBAL result=OK | clusters=2(reach 1) vp=1(reach 1) pipe[tot=2 dorm=1 unreach=0 cons=1 nocand=0 topo=0 novis=0 ok=1] tour=2n/0.6m goal=(4.1, 2.9, 0.9) t=12ms (x4)
[1782980391.908][    +87.8s][PLAN_TRAJ_EXP] STATE EXEC_TRAJ -> PLAN_TRAJ_EXP [planGlobalPath: succeed] |  (prev cycle x1/0.1s)
[1782980391.909][    +87.8s][PLAN_TRAJ_EXP] STATE PLAN_TRAJ_EXP -> PLAN_TRAJ_EXP [safetyCallback: not safe, time:0.043690]
[1782980391.944][    +87.8s][EXEC_TRAJ] STATE PLAN_TRAJ_EXP -> EXEC_TRAJ [plan success: new traj pub]
[1782980391.954][    +87.8s][PLAN_TRAJ_EXP] STATE EXEC_TRAJ -> PLAN_TRAJ_EXP [safetyCallback: not safe, time:0.040256]
[1782980391.956][    +87.8s][PLAN_TRAJ_EXP] STATE PLAN_TRAJ_EXP -> PLAN_TRAJ_EXP [safetyCallback: not safe, time:0.042371]
[1782980391.998][    +87.9s][EXEC_TRAJ] STATE PLAN_TRAJ_EXP -> EXEC_TRAJ [plan success: new traj pub]
[1782980392.004][    +87.9s][PLAN_TRAJ_EXP] STATE EXEC_TRAJ -> PLAN_TRAJ_EXP [safetyCallback: not safe, time:0.036689]
[1782980392.051][    +87.9s][PLAN_TRAJ_EXP] STATE EXEC_TRAJ -> PLAN_TRAJ_EXP [safetyCallback: not safe, time:0.039567] |  (prev cycle x1/0.0s)
[1782980392.057][    +87.9s][PLAN_TRAJ_EXP] STATE PLAN_TRAJ_EXP -> PLAN_TRAJ_EXP [safetyCallback: not safe, time:0.044880]
[1782980392.096][    +88.0s][EXEC_TRAJ] STATE PLAN_TRAJ_EXP -> EXEC_TRAJ [plan success: new traj pub]
[1782980392.101][    +88.0s][PLAN_TRAJ_EXP] STATE EXEC_TRAJ -> PLAN_TRAJ_EXP [safetyCallback: not safe, time:0.036326]
[1782980392.180][    +88.0s][PLAN_TRAJ_EXP] STATE EXEC_TRAJ -> PLAN_TRAJ_EXP [planGlobalPath: succeed] |  (prev cycle x1/0.1s)
[1782980392.215][    +88.1s][PLAN_TRAJ_EXP] STATE EXEC_TRAJ -> PLAN_TRAJ_EXP [safetyCallback: not safe, time:0.030813] |  (prev cycle x1/0.0s)
[1782980392.260][    +88.1s][PLAN_TRAJ_EXP] STATE EXEC_TRAJ -> PLAN_TRAJ_EXP [safetyCallback: not safe, time:0.031094] |  (prev cycle x1/0.0s)
[1782980392.304][    +88.2s][PLAN_TRAJ_EXP] STATE EXEC_TRAJ -> PLAN_TRAJ_EXP [safetyCallback: not safe, time:0.030786] |  (prev cycle x1/0.0s)
[1782980392.356][    +88.2s][PLAN_TRAJ_EXP] STATE EXEC_TRAJ -> PLAN_TRAJ_EXP [safetyCallback: not safe, time:0.039215] |  (prev cycle x1/0.1s)
[1782980392.397][    +88.3s][PLAN_TRAJ_EXP] STATE EXEC_TRAJ -> PLAN_TRAJ_EXP [planGlobalPath: succeed] |  (prev cycle x1/0.0s)
[1782980392.436][    +88.3s][PLAN_TRAJ_EXP] STATE EXEC_TRAJ -> PLAN_TRAJ_EXP [safetyCallback: not safe, time:0.031050] |  (prev cycle x1/0.0s)
[1782980392.479][    +88.3s][PLAN_TRAJ_EXP] STATE EXEC_TRAJ -> PLAN_TRAJ_EXP [safetyCallback: not safe, time:0.031243] |  (prev cycle x1/0.0s)
[1782980392.524][    +88.4s][PLAN_TRAJ_EXP] STATE EXEC_TRAJ -> PLAN_TRAJ_EXP [safetyCallback: not safe, time:0.032845] |  (prev cycle x1/0.0s)
[1782980392.569][    +88.4s][PLAN_TRAJ_EXP] STATE EXEC_TRAJ -> PLAN_TRAJ_EXP [safetyCallback: not safe, time:0.031676] |  (prev cycle x1/0.0s)
[1782980392.619][    +88.5s][PLAN_TRAJ_EXP] STATE EXEC_TRAJ -> PLAN_TRAJ_EXP [planGlobalPath: succeed] |  (prev cycle x1/0.1s)
[1782980392.620][    +88.5s][PLAN_TRAJ_EXP] STATE PLAN_TRAJ_EXP -> PLAN_TRAJ_EXP [safetyCallback: not safe, time:0.039650]
[1782980392.654][    +88.5s][EXEC_TRAJ] STATE PLAN_TRAJ_EXP -> EXEC_TRAJ [plan success: new traj pub]
[1782980392.656][    +88.5s][PLAN_TRAJ_EXP] STATE EXEC_TRAJ -> PLAN_TRAJ_EXP [safetyCallback: not safe, time:0.031630]
[1782980392.702][    +88.6s][PLAN_TRAJ_EXP] STATE EXEC_TRAJ -> PLAN_TRAJ_EXP [safetyCallback: not safe, time:0.034638] |  (prev cycle x1/0.0s)
[1782980392.751][    +88.6s][PLAN_TRAJ_EXP] STATE EXEC_TRAJ -> PLAN_TRAJ_EXP [safetyCallback: not safe, time:0.039559] |  (prev cycle x1/0.0s)
[1782980392.797][    +88.7s][PLAN_TRAJ_EXP] STATE EXEC_TRAJ -> PLAN_TRAJ_EXP [safetyCallback: not safe, time:0.041000] |  (prev cycle x1/0.0s)
[1782980392.802][    +88.7s][PLAN_TRAJ_EXP] STATE PLAN_TRAJ_EXP -> PLAN_TRAJ_EXP [safetyCallback: not safe, time:0.045276]
[1782980392.841][    +88.7s][EXEC_TRAJ] STATE PLAN_TRAJ_EXP -> EXEC_TRAJ [plan success: new traj pub]
[1782980392.869][    +88.7s][PLAN_TRAJ_EXP] STATE EXEC_TRAJ -> PLAN_TRAJ_EXP [planGlobalPath: succeed]
[1782980392.904][    +88.8s][PLAN_TRAJ_EXP] STATE EXEC_TRAJ -> PLAN_TRAJ_EXP [safetyCallback: not safe, time:0.031749] |  (prev cycle x1/0.0s)
[1782980392.951][    +88.8s][PLAN_TRAJ_EXP] STATE EXEC_TRAJ -> PLAN_TRAJ_EXP [safetyCallback: not safe, time:0.034287] |  (prev cycle x1/0.0s)
[1782980393.003][    +88.9s][PLAN_TRAJ_EXP] STATE EXEC_TRAJ -> PLAN_TRAJ_EXP [safetyCallback: not safe, time:0.042069] |  (prev cycle x1/0.1s)
[1782980393.048][    +88.9s][PLAN_TRAJ_EXP] STATE EXEC_TRAJ -> PLAN_TRAJ_EXP [safetyCallback: not safe, time:0.041415] |  (prev cycle x1/0.0s)
[1782980393.055][    +88.9s][PLAN_TRAJ_EXP] STATE PLAN_TRAJ_EXP -> PLAN_TRAJ_EXP [safetyCallback: not safe, time:0.048095]
[1782980393.092][    +89.0s][EXEC_TRAJ] STATE PLAN_TRAJ_EXP -> EXEC_TRAJ [plan success: new traj pub]
[1782980393.101][    +89.0s][EXEC_TRAJ] GLOBAL result=OK | clusters=2(reach 1) vp=1(reach 1) pipe[tot=2 dorm=1 unreach=0 cons=1 nocand=0 topo=0 novis=0 ok=1] tour=2n/0.6m goal=(4.1, 2.9, 0.9) t=9ms (x4)
[1782980393.101][    +89.0s][PLAN_TRAJ_EXP] STATE EXEC_TRAJ -> PLAN_TRAJ_EXP [planGlobalPath: succeed]
[1782980393.136][    +89.0s][PLAN_TRAJ_EXP] STATE EXEC_TRAJ -> PLAN_TRAJ_EXP [safetyCallback: not safe, time:0.031940] |  (prev cycle x1/0.0s)
[1782980393.180][    +89.0s][PLAN_TRAJ_EXP] STATE EXEC_TRAJ -> PLAN_TRAJ_EXP [safetyCallback: not safe, time:0.030628] |  (prev cycle x1/0.0s)
[1782980393.225][    +89.1s][PLAN_TRAJ_EXP] STATE EXEC_TRAJ -> PLAN_TRAJ_EXP [safetyCallback: not safe, time:0.031112] |  (prev cycle x1/0.0s)
[1782980393.269][    +89.1s][PLAN_TRAJ_EXP] STATE EXEC_TRAJ -> PLAN_TRAJ_EXP [safetyCallback: not safe, time:0.030882] |  (prev cycle x1/0.0s)
[1782980393.312][    +89.2s][PLAN_TRAJ_EXP] STATE EXEC_TRAJ -> PLAN_TRAJ_EXP [safetyCallback: not safe, time:0.031016] |  (prev cycle x1/0.0s)
[1782980393.337][    +89.2s][PLAN_TRAJ_EXP] STATE PLAN_TRAJ_EXP -> PLAN_TRAJ_EXP [planGlobalPath: succeed]
[1782980393.373][    +89.2s][EXEC_TRAJ] STATE PLAN_TRAJ_EXP -> EXEC_TRAJ [plan success: new traj pub]
[1782980393.374][    +89.2s][PLAN_TRAJ_EXP] STATE EXEC_TRAJ -> PLAN_TRAJ_EXP [safetyCallback: not safe, time:0.032022]
[1782980393.418][    +89.3s][PLAN_TRAJ_EXP] STATE EXEC_TRAJ -> PLAN_TRAJ_EXP [safetyCallback: not safe, time:0.031202] |  (prev cycle x1/0.0s)
[1782980393.462][    +89.3s][PLAN_TRAJ_EXP] STATE EXEC_TRAJ -> PLAN_TRAJ_EXP [safetyCallback: not safe, time:0.030976] |  (prev cycle x1/0.0s)
[1782980393.509][    +89.4s][PLAN_TRAJ_EXP] STATE EXEC_TRAJ -> PLAN_TRAJ_EXP [safetyCallback: not safe, time:0.034665] |  (prev cycle x1/0.0s)
[1782980393.574][    +89.4s][PLAN_TRAJ_EXP] STATE EXEC_TRAJ -> PLAN_TRAJ_EXP [planGlobalPath: succeed] |  (prev cycle x1/0.1s)
[1782980393.610][    +89.5s][PLAN_TRAJ_EXP] STATE EXEC_TRAJ -> PLAN_TRAJ_EXP [safetyCallback: not safe, time:0.031679] |  (prev cycle x1/0.0s)
[1782980393.655][    +89.5s][PLAN_TRAJ_EXP] STATE EXEC_TRAJ -> PLAN_TRAJ_EXP [safetyCallback: not safe, time:0.033017] |  (prev cycle x1/0.0s)
[1782980393.701][    +89.6s][PLAN_TRAJ_EXP] STATE EXEC_TRAJ -> PLAN_TRAJ_EXP [safetyCallback: not safe, time:0.035521] |  (prev cycle x1/0.0s)
[1782980393.749][    +89.6s][PLAN_TRAJ_EXP] STATE EXEC_TRAJ -> PLAN_TRAJ_EXP [safetyCallback: not safe, time:0.039971] |  (prev cycle x1/0.0s)
[1782980393.759][    +89.6s][PLAN_TRAJ_EXP] STATE PLAN_TRAJ_EXP -> PLAN_TRAJ_EXP [safetyCallback: not safe, time:0.050147]
[1782980393.793][    +89.7s][EXEC_TRAJ] STATE PLAN_TRAJ_EXP -> EXEC_TRAJ [plan success: new traj pub]
[1782980393.799][    +89.7s][PLAN_TRAJ_EXP] STATE EXEC_TRAJ -> PLAN_TRAJ_EXP [planGlobalPath: succeed]
[1782980393.802][    +89.7s][PLAN_TRAJ_EXP] STATE PLAN_TRAJ_EXP -> PLAN_TRAJ_EXP [safetyCallback: not safe, time:0.039786]
[1782980393.838][    +89.7s][EXEC_TRAJ] STATE PLAN_TRAJ_EXP -> EXEC_TRAJ [plan success: new traj pub]
[1782980393.848][    +89.7s][PLAN_TRAJ_EXP] STATE EXEC_TRAJ -> PLAN_TRAJ_EXP [safetyCallback: not safe, time:0.040897]
[1782980393.857][    +89.7s][PLAN_TRAJ_EXP] STATE PLAN_TRAJ_EXP -> PLAN_TRAJ_EXP [safetyCallback: not safe, time:0.050062]
[1782980393.892][    +89.8s][EXEC_TRAJ] STATE PLAN_TRAJ_EXP -> EXEC_TRAJ [plan success: new traj pub]
[1782980393.902][    +89.8s][PLAN_TRAJ_EXP] STATE EXEC_TRAJ -> PLAN_TRAJ_EXP [safetyCallback: not safe, time:0.039990]
[1782980393.947][    +89.8s][PLAN_TRAJ_EXP] STATE EXEC_TRAJ -> PLAN_TRAJ_EXP [safetyCallback: not safe, time:0.040705] |  (prev cycle x1/0.0s)
[1782980393.951][    +89.8s][PLAN_TRAJ_EXP] STATE PLAN_TRAJ_EXP -> PLAN_TRAJ_EXP [safetyCallback: not safe, time:0.044417]
[1782980393.990][    +89.9s][EXEC_TRAJ] STATE PLAN_TRAJ_EXP -> EXEC_TRAJ [plan success: new traj pub]
[1782980394.005][    +89.9s][PLAN_TRAJ_EXP] STATE EXEC_TRAJ -> PLAN_TRAJ_EXP [planGlobalPath: succeed]
[1782980394.040][    +89.9s][PLAN_TRAJ_EXP] STATE EXEC_TRAJ -> PLAN_TRAJ_EXP [safetyCallback: not safe, time:0.031634] |  (prev cycle x1/0.0s)
[1782980394.083][    +89.9s][PLAN_TRAJ_EXP] STATE EXEC_TRAJ -> PLAN_TRAJ_EXP [safetyCallback: not safe, time:0.030616] |  (prev cycle x1/0.0s)
[1782980394.127][    +90.0s][PLAN_TRAJ_EXP] STATE EXEC_TRAJ -> PLAN_TRAJ_EXP [safetyCallback: not safe, time:0.031292] |  (prev cycle x1/0.0s)
[1782980394.170][    +90.0s][PLAN_TRAJ_EXP] STATE EXEC_TRAJ -> PLAN_TRAJ_EXP [safetyCallback: not safe, time:0.030701] |  (prev cycle x1/0.0s)
[1782980394.219][    +90.1s][EXEC_TRAJ] GLOBAL result=OK | clusters=2(reach 1) vp=1(reach 1) pipe[tot=2 dorm=1 unreach=0 cons=1 nocand=0 topo=0 novis=0 ok=1] tour=2n/0.6m goal=(4.1, 2.9, 0.9) t=6ms (x4)
[1782980394.219][    +90.1s][PLAN_TRAJ_EXP] STATE EXEC_TRAJ -> PLAN_TRAJ_EXP [planGlobalPath: succeed] |  (prev cycle x1/0.0s)
[1782980394.221][    +90.1s][PLAN_TRAJ_EXP] STATE PLAN_TRAJ_EXP -> PLAN_TRAJ_EXP [safetyCallback: not safe, time:0.037666]
[1782980394.257][    +90.1s][EXEC_TRAJ] STATE PLAN_TRAJ_EXP -> EXEC_TRAJ [plan success: new traj pub]
[1782980394.257][    +90.1s][PLAN_TRAJ_EXP] STATE EXEC_TRAJ -> PLAN_TRAJ_EXP [safetyCallback: not safe, time:0.031316]
[1782980394.303][    +90.2s][PLAN_TRAJ_EXP] STATE EXEC_TRAJ -> PLAN_TRAJ_EXP [safetyCallback: not safe, time:0.032303] |  (prev cycle x1/0.0s)
[1782980394.354][    +90.2s][PLAN_TRAJ_EXP] STATE EXEC_TRAJ -> PLAN_TRAJ_EXP [safetyCallback: not safe, time:0.040087] |  (prev cycle x1/0.1s)
[1782980394.354][    +90.2s][PLAN_TRAJ_EXP] STATE PLAN_TRAJ_EXP -> PLAN_TRAJ_EXP [safetyCallback: not safe, time:0.040677]
[1782980394.397][    +90.3s][EXEC_TRAJ] STATE PLAN_TRAJ_EXP -> EXEC_TRAJ [plan success: new traj pub]
[1782980394.406][    +90.3s][PLAN_TRAJ_EXP] STATE EXEC_TRAJ -> PLAN_TRAJ_EXP [safetyCallback: not safe, time:0.038795]
[1782980394.446][    +90.3s][PLAN_TRAJ_EXP] STATE EXEC_TRAJ -> PLAN_TRAJ_EXP [planGlobalPath: succeed] |  (prev cycle x1/0.0s)
[1782980394.450][    +90.3s][PLAN_TRAJ_EXP] STATE PLAN_TRAJ_EXP -> PLAN_TRAJ_EXP [safetyCallback: not safe, time:0.038053]
[1782980394.484][    +90.3s][EXEC_TRAJ] STATE PLAN_TRAJ_EXP -> EXEC_TRAJ [plan success: new traj pub]
[1782980394.495][    +90.4s][PLAN_TRAJ_EXP] STATE EXEC_TRAJ -> PLAN_TRAJ_EXP [safetyCallback: not safe, time:0.039992]
[1782980394.502][    +90.4s][PLAN_TRAJ_EXP] STATE PLAN_TRAJ_EXP -> PLAN_TRAJ_EXP [safetyCallback: not safe, time:0.047903]
[1782980394.539][    +90.4s][EXEC_TRAJ] STATE PLAN_TRAJ_EXP -> EXEC_TRAJ [plan success: new traj pub]
[1782980394.549][    +90.4s][PLAN_TRAJ_EXP] STATE EXEC_TRAJ -> PLAN_TRAJ_EXP [safetyCallback: not safe, time:0.041245]
[1782980394.550][    +90.4s][PLAN_TRAJ_EXP] STATE PLAN_TRAJ_EXP -> PLAN_TRAJ_EXP [safetyCallback: not safe, time:0.042010]
[1782980394.593][    +90.5s][EXEC_TRAJ] STATE PLAN_TRAJ_EXP -> EXEC_TRAJ [plan success: new traj pub]
[1782980394.602][    +90.5s][PLAN_TRAJ_EXP] STATE EXEC_TRAJ -> PLAN_TRAJ_EXP [safetyCallback: not safe, time:0.040412]
[1782980394.662][    +90.5s][PLAN_TRAJ_EXP] STATE EXEC_TRAJ -> PLAN_TRAJ_EXP [planGlobalPath: succeed] |  (prev cycle x1/0.1s)
[1782980394.697][    +90.6s][PLAN_TRAJ_EXP] STATE EXEC_TRAJ -> PLAN_TRAJ_EXP [safetyCallback: not safe, time:0.029213] |  (prev cycle x1/0.0s)
[1782980394.706][    +90.6s][PLAN_TRAJ_EXP] STATE PLAN_TRAJ_EXP -> PLAN_TRAJ_EXP [safetyCallback: not safe, time:0.038333]
[1782980394.740][    +90.6s][EXEC_TRAJ] STATE PLAN_TRAJ_EXP -> EXEC_TRAJ [plan success: new traj pub]
[1782980394.750][    +90.6s][PLAN_TRAJ_EXP] STATE EXEC_TRAJ -> PLAN_TRAJ_EXP [safetyCallback: not safe, time:0.036114]
[1782980394.795][    +90.7s][PLAN_TRAJ_EXP] STATE EXEC_TRAJ -> PLAN_TRAJ_EXP [safetyCallback: not safe, time:0.040193] |  (prev cycle x1/0.0s)
[1782980394.802][    +90.7s][PLAN_TRAJ_EXP] STATE PLAN_TRAJ_EXP -> PLAN_TRAJ_EXP [safetyCallback: not safe, time:0.047672]
[1782980394.840][    +90.7s][EXEC_TRAJ] STATE PLAN_TRAJ_EXP -> EXEC_TRAJ [plan success: new traj pub]
[1782980394.852][    +90.7s][PLAN_TRAJ_EXP] STATE EXEC_TRAJ -> PLAN_TRAJ_EXP [safetyCallback: not safe, time:0.042989]
[1782980394.854][    +90.7s][PLAN_TRAJ_EXP] STATE PLAN_TRAJ_EXP -> PLAN_TRAJ_EXP [safetyCallback: not safe, time:0.045747]
[1782980394.894][    +90.8s][EXEC_TRAJ] STATE PLAN_TRAJ_EXP -> EXEC_TRAJ [plan success: new traj pub]
[1782980394.901][    +90.8s][PLAN_TRAJ_EXP] STATE EXEC_TRAJ -> PLAN_TRAJ_EXP [planGlobalPath: succeed]
[1782980394.905][    +90.8s][PLAN_TRAJ_EXP] STATE PLAN_TRAJ_EXP -> PLAN_TRAJ_EXP [safetyCallback: not safe, time:0.042278]
[1782980394.940][    +90.8s][EXEC_TRAJ] STATE PLAN_TRAJ_EXP -> EXEC_TRAJ [plan success: new traj pub]
[1782980394.950][    +90.8s][PLAN_TRAJ_EXP] STATE EXEC_TRAJ -> PLAN_TRAJ_EXP [safetyCallback: not safe, time:0.040068]
[1782980394.951][    +90.8s][PLAN_TRAJ_EXP] STATE PLAN_TRAJ_EXP -> PLAN_TRAJ_EXP [safetyCallback: not safe, time:0.040438]
[1782980394.994][    +90.9s][EXEC_TRAJ] STATE PLAN_TRAJ_EXP -> EXEC_TRAJ [plan success: new traj pub]
[1782980395.003][    +90.9s][PLAN_TRAJ_EXP] STATE EXEC_TRAJ -> PLAN_TRAJ_EXP [safetyCallback: not safe, time:0.039159]
[1782980395.048][    +90.9s][PLAN_TRAJ_EXP] STATE EXEC_TRAJ -> PLAN_TRAJ_EXP [safetyCallback: not safe, time:0.040372] |  (prev cycle x1/0.0s)
[1782980395.050][    +90.9s][PLAN_TRAJ_EXP] STATE PLAN_TRAJ_EXP -> PLAN_TRAJ_EXP [safetyCallback: not safe, time:0.042438]
[1782980395.092][    +91.0s][EXEC_TRAJ] STATE PLAN_TRAJ_EXP -> EXEC_TRAJ [plan success: new traj pub]
[1782980395.107][    +91.0s][PLAN_TRAJ_EXP] STATE EXEC_TRAJ -> PLAN_TRAJ_EXP [planGlobalPath: succeed]
[1782980395.142][    +91.0s][PLAN_TRAJ_EXP] STATE EXEC_TRAJ -> PLAN_TRAJ_EXP [safetyCallback: not safe, time:0.030917] |  (prev cycle x1/0.0s)
[1782980395.185][    +91.0s][PLAN_TRAJ_EXP] STATE EXEC_TRAJ -> PLAN_TRAJ_EXP [safetyCallback: not safe, time:0.031374] |  (prev cycle x1/0.0s)
[1782980395.229][    +91.1s][PLAN_TRAJ_EXP] STATE EXEC_TRAJ -> PLAN_TRAJ_EXP [safetyCallback: not safe, time:0.031634] |  (prev cycle x1/0.0s)
[1782980395.272][    +91.1s][PLAN_TRAJ_EXP] STATE EXEC_TRAJ -> PLAN_TRAJ_EXP [safetyCallback: not safe, time:0.030211] |  (prev cycle x1/0.0s)
[1782980395.317][    +91.2s][PLAN_TRAJ_EXP] STATE EXEC_TRAJ -> PLAN_TRAJ_EXP [safetyCallback: not safe, time:0.031806] |  (prev cycle x1/0.0s)
[1782980395.325][    +91.2s][PLAN_TRAJ_EXP] STATE PLAN_TRAJ_EXP -> PLAN_TRAJ_EXP [planGlobalPath: succeed]
[1782980395.359][    +91.2s][EXEC_TRAJ] STATE PLAN_TRAJ_EXP -> EXEC_TRAJ [plan success: new traj pub]
[1782980395.359][    +91.2s][PLAN_TRAJ_EXP] STATE EXEC_TRAJ -> PLAN_TRAJ_EXP [safetyCallback: not safe, time:0.030011]
[1782980395.407][    +91.3s][PLAN_TRAJ_EXP] STATE EXEC_TRAJ -> PLAN_TRAJ_EXP [safetyCallback: not safe, time:0.034144] |  (prev cycle x1/0.0s)
[1782980395.450][    +91.3s][PLAN_TRAJ_EXP] STATE EXEC_TRAJ -> PLAN_TRAJ_EXP [safetyCallback: not safe, time:0.033265] |  (prev cycle x1/0.0s)
[1782980395.500][    +91.4s][PLAN_TRAJ_EXP] STATE EXEC_TRAJ -> PLAN_TRAJ_EXP [safetyCallback: not safe, time:0.040864] |  (prev cycle x1/0.1s)
[1782980395.507][    +91.4s][PLAN_TRAJ_EXP] STATE PLAN_TRAJ_EXP -> PLAN_TRAJ_EXP [safetyCallback: not safe, time:0.047405]
[1782980395.545][    +91.4s][EXEC_TRAJ] STATE PLAN_TRAJ_EXP -> EXEC_TRAJ [plan success: new traj pub]
[1782980395.571][    +91.4s][EXEC_TRAJ] GLOBAL result=OK | clusters=2(reach 1) vp=1(reach 1) pipe[tot=2 dorm=1 unreach=0 cons=1 nocand=0 topo=0 novis=0 ok=1] tour=2n/0.5m goal=(4.1, 2.9, 0.9) t=25ms (x5)
[1782980395.571][    +91.4s][PLAN_TRAJ_EXP] STATE EXEC_TRAJ -> PLAN_TRAJ_EXP [planGlobalPath: succeed]
[1782980395.571][    +91.4s][PLAN_TRAJ_EXP] STATE PLAN_TRAJ_EXP -> PLAN_TRAJ_EXP [safetyCallback: not safe, time:0.057556]
[1782980395.605][    +91.5s][EXEC_TRAJ] STATE PLAN_TRAJ_EXP -> EXEC_TRAJ [plan success: new traj pub]
[1782980395.609][    +91.5s][PLAN_TRAJ_EXP] STATE EXEC_TRAJ -> PLAN_TRAJ_EXP [safetyCallback: not safe, time:0.034384]
[1782980395.650][    +91.5s][PLAN_TRAJ_EXP] STATE EXEC_TRAJ -> PLAN_TRAJ_EXP [safetyCallback: not safe, time:0.031906] |  (prev cycle x1/0.0s)
[1782980395.702][    +91.6s][PLAN_TRAJ_EXP] STATE EXEC_TRAJ -> PLAN_TRAJ_EXP [safetyCallback: not safe, time:0.040013] |  (prev cycle x1/0.1s)
[1782980395.706][    +91.6s][PLAN_TRAJ_EXP] STATE PLAN_TRAJ_EXP -> PLAN_TRAJ_EXP [safetyCallback: not safe, time:0.043827]
[1782980395.746][    +91.6s][EXEC_TRAJ] STATE PLAN_TRAJ_EXP -> EXEC_TRAJ [plan success: new traj pub]
[1782980395.750][    +91.6s][PLAN_TRAJ_EXP] STATE EXEC_TRAJ -> PLAN_TRAJ_EXP [safetyCallback: not safe, time:0.034723]
[1782980395.799][    +91.7s][PLAN_TRAJ_EXP] STATE EXEC_TRAJ -> PLAN_TRAJ_EXP [planGlobalPath: succeed] |  (prev cycle x1/0.0s)
[1782980395.835][    +91.7s][PLAN_TRAJ_EXP] STATE EXEC_TRAJ -> PLAN_TRAJ_EXP [safetyCallback: not safe, time:0.031955] |  (prev cycle x1/0.0s)
[1782980395.877][    +91.7s][PLAN_TRAJ_EXP] STATE EXEC_TRAJ -> PLAN_TRAJ_EXP [safetyCallback: not safe, time:0.030111] |  (prev cycle x1/0.0s)
[1782980395.922][    +91.8s][PLAN_TRAJ_EXP] STATE EXEC_TRAJ -> PLAN_TRAJ_EXP [safetyCallback: not safe, time:0.030992] |  (prev cycle x1/0.0s)
[1782980395.923][    +91.8s][PLAN_TRAJ_EXP] BATT 24.0V | v=24.35V pct=72% (still, x16/30.0s)
[1782980395.964][    +91.8s][PLAN_TRAJ_EXP] STATE EXEC_TRAJ -> PLAN_TRAJ_EXP [safetyCallback: not safe, time:0.030322] |  (prev cycle x1/0.0s)
[1782980396.033][    +91.9s][PLAN_TRAJ_EXP] STATE EXEC_TRAJ -> PLAN_TRAJ_EXP [planGlobalPath: succeed] |  (prev cycle x1/0.1s)
[1782980396.036][    +91.9s][PLAN_TRAJ_EXP] STATE PLAN_TRAJ_EXP -> PLAN_TRAJ_EXP [safetyCallback: not safe, time:0.058509]
[1782980396.071][    +91.9s][EXEC_TRAJ] STATE PLAN_TRAJ_EXP -> EXEC_TRAJ [plan success: new traj pub]
[1782980396.071][    +91.9s][PLAN_TRAJ_EXP] STATE EXEC_TRAJ -> PLAN_TRAJ_EXP [safetyCallback: not safe, time:0.030416]
[1782980396.116][    +92.0s][PLAN_TRAJ_EXP] STATE EXEC_TRAJ -> PLAN_TRAJ_EXP [safetyCallback: not safe, time:0.029511] |  (prev cycle x1/0.0s)
[1782980396.158][    +92.0s][PLAN_TRAJ_EXP] STATE EXEC_TRAJ -> PLAN_TRAJ_EXP [safetyCallback: not safe, time:0.030048] |  (prev cycle x1/0.0s)
[1782980396.168][    +92.0s][PLAN_TRAJ_EXP] STUCK no motion >8s in PLAN_TRAJ_EXP | last-local: escape traj (flyToSafeRegion) | pos=(3.96, 2.93, 1.43) still=67s (x88)
[1782980396.203][    +92.1s][PLAN_TRAJ_EXP] STATE EXEC_TRAJ -> PLAN_TRAJ_EXP [safetyCallback: not safe, time:0.031426] |  (prev cycle x1/0.0s)
[1782980396.260][    +92.1s][PLAN_TRAJ_EXP] STATE EXEC_TRAJ -> PLAN_TRAJ_EXP [planGlobalPath: succeed] |  (prev cycle x1/0.1s)
[1782980396.263][    +92.1s][PLAN_TRAJ_EXP] STATE PLAN_TRAJ_EXP -> PLAN_TRAJ_EXP [safetyCallback: not safe, time:0.048195]
[1782980396.297][    +92.2s][EXEC_TRAJ] STATE PLAN_TRAJ_EXP -> EXEC_TRAJ [plan success: new traj pub]
[1782980396.302][    +92.2s][PLAN_TRAJ_EXP] STATE EXEC_TRAJ -> PLAN_TRAJ_EXP [safetyCallback: not safe, time:0.035062]
[1782980396.351][    +92.2s][PLAN_TRAJ_EXP] STATE EXEC_TRAJ -> PLAN_TRAJ_EXP [safetyCallback: not safe, time:0.040869] |  (prev cycle x1/0.0s)
[1782980396.395][    +92.3s][PLAN_TRAJ_EXP] STATE EXEC_TRAJ -> PLAN_TRAJ_EXP [safetyCallback: not safe, time:0.040261] |  (prev cycle x1/0.0s)
[1782980396.406][    +92.3s][PLAN_TRAJ_EXP] STATE PLAN_TRAJ_EXP -> PLAN_TRAJ_EXP [safetyCallback: not safe, time:0.051246]
[1782980396.440][    +92.3s][EXEC_TRAJ] STATE PLAN_TRAJ_EXP -> EXEC_TRAJ [plan success: new traj pub]
[1782980396.450][    +92.3s][PLAN_TRAJ_EXP] STATE EXEC_TRAJ -> PLAN_TRAJ_EXP [safetyCallback: not safe, time:0.040023]
[1782980396.453][    +92.3s][PLAN_TRAJ_EXP] STATE PLAN_TRAJ_EXP -> PLAN_TRAJ_EXP [safetyCallback: not safe, time:0.042357]
[1782980396.466][    +92.3s][PLAN_TRAJ_EXP] STATE PLAN_TRAJ_EXP -> PLAN_TRAJ_EXP [planGlobalPath: succeed]
[1782980396.500][    +92.4s][EXEC_TRAJ] STATE PLAN_TRAJ_EXP -> EXEC_TRAJ [plan success: new traj pub]
[1782980396.502][    +92.4s][PLAN_TRAJ_EXP] STATE EXEC_TRAJ -> PLAN_TRAJ_EXP [safetyCallback: not safe, time:0.032234]
[1782980396.553][    +92.4s][PLAN_TRAJ_EXP] STATE EXEC_TRAJ -> PLAN_TRAJ_EXP [safetyCallback: not safe, time:0.040003] |  (prev cycle x1/0.1s)
[1782980396.555][    +92.4s][PLAN_TRAJ_EXP] STATE PLAN_TRAJ_EXP -> PLAN_TRAJ_EXP [safetyCallback: not safe, time:0.041749]
[1782980396.599][    +92.5s][EXEC_TRAJ] STATE PLAN_TRAJ_EXP -> EXEC_TRAJ [plan success: new traj pub]
[1782980396.603][    +92.5s][PLAN_TRAJ_EXP] STATE EXEC_TRAJ -> PLAN_TRAJ_EXP [safetyCallback: not safe, time:0.036200]
[1782980396.652][    +92.5s][PLAN_TRAJ_EXP] STATE EXEC_TRAJ -> PLAN_TRAJ_EXP [safetyCallback: not safe, time:0.038417] |  (prev cycle x1/0.0s)
[1782980396.694][    +92.6s][EXEC_TRAJ] GLOBAL result=OK | clusters=2(reach 1) vp=1(reach 1) pipe[tot=2 dorm=1 unreach=0 cons=1 nocand=0 topo=0 novis=0 ok=1] tour=2n/0.6m goal=(4.1, 2.9, 0.9) t=5ms (x4)
[1782980396.694][    +92.6s][PLAN_TRAJ_EXP] STATE EXEC_TRAJ -> PLAN_TRAJ_EXP [planGlobalPath: succeed] |  (prev cycle x1/0.0s)
[1782980396.733][    +92.6s][PLAN_TRAJ_EXP] STATE EXEC_TRAJ -> PLAN_TRAJ_EXP [safetyCallback: not safe, time:0.029121] |  (prev cycle x1/0.0s)
[1782980396.775][    +92.6s][PLAN_TRAJ_EXP] STATE EXEC_TRAJ -> PLAN_TRAJ_EXP [safetyCallback: not safe, time:0.031327] |  (prev cycle x1/0.0s)
[1782980396.819][    +92.7s][PLAN_TRAJ_EXP] STATE EXEC_TRAJ -> PLAN_TRAJ_EXP [safetyCallback: not safe, time:0.031996] |  (prev cycle x1/0.0s)
[1782980396.862][    +92.7s][PLAN_TRAJ_EXP] LOCAL EXP OK | why: escape traj (flyToSafeRegion) | t=33.4ms goal_d=0.6m (x105)
[1782980396.862][    +92.7s][PLAN_TRAJ_EXP] STATE EXEC_TRAJ -> PLAN_TRAJ_EXP [safetyCallback: not safe, time:0.031565] |  (prev cycle x1/0.0s)
[1782980396.916][    +92.8s][PLAN_TRAJ_EXP] STATE EXEC_TRAJ -> PLAN_TRAJ_EXP [planGlobalPath: succeed] |  (prev cycle x1/0.1s)
[1782980396.918][    +92.8s][PLAN_TRAJ_EXP] STATE PLAN_TRAJ_EXP -> PLAN_TRAJ_EXP [safetyCallback: not safe, time:0.043451]
[1782980396.953][    +92.8s][EXEC_TRAJ] STATE PLAN_TRAJ_EXP -> EXEC_TRAJ [plan success: new traj pub]
[1782980396.954][    +92.8s][PLAN_TRAJ_EXP] STATE EXEC_TRAJ -> PLAN_TRAJ_EXP [safetyCallback: not safe, time:0.030833]
[1782980397.007][    +92.9s][PLAN_TRAJ_EXP] STATE EXEC_TRAJ -> PLAN_TRAJ_EXP [safetyCallback: not safe, time:0.039251] |  (prev cycle x1/0.1s)
[1782980397.008][    +92.9s][PLAN_TRAJ_EXP] STATE PLAN_TRAJ_EXP -> PLAN_TRAJ_EXP [safetyCallback: not safe, time:0.040841]
[1782980397.050][    +92.9s][EXEC_TRAJ] STATE PLAN_TRAJ_EXP -> EXEC_TRAJ [plan success: new traj pub]
[1782980397.052][    +92.9s][PLAN_TRAJ_EXP] STATE EXEC_TRAJ -> PLAN_TRAJ_EXP [safetyCallback: not safe, time:0.032653]
[1782980397.103][    +93.0s][PLAN_TRAJ_EXP] STATE EXEC_TRAJ -> PLAN_TRAJ_EXP [safetyCallback: not safe, time:0.039126] |  (prev cycle x1/0.1s)
[1782980397.144][    +93.0s][PLAN_TRAJ_EXP] STATE EXEC_TRAJ -> PLAN_TRAJ_EXP [planGlobalPath: succeed] |  (prev cycle x1/0.0s)
[1782980397.182][    +93.0s][PLAN_TRAJ_EXP] STATE EXEC_TRAJ -> PLAN_TRAJ_EXP [safetyCallback: not safe, time:0.030875] |  (prev cycle x1/0.0s)
[1782980397.226][    +93.1s][PLAN_TRAJ_EXP] STATE EXEC_TRAJ -> PLAN_TRAJ_EXP [safetyCallback: not safe, time:0.030847] |  (prev cycle x1/0.0s)
[1782980397.269][    +93.1s][PLAN_TRAJ_EXP] STATE EXEC_TRAJ -> PLAN_TRAJ_EXP [safetyCallback: not safe, time:0.030614] |  (prev cycle x1/0.0s)
[1782980397.314][    +93.2s][PLAN_TRAJ_EXP] STATE EXEC_TRAJ -> PLAN_TRAJ_EXP [safetyCallback: not safe, time:0.031429] |  (prev cycle x1/0.0s)
[1782980397.368][    +93.2s][PLAN_TRAJ_EXP] STATE EXEC_TRAJ -> PLAN_TRAJ_EXP [planGlobalPath: succeed] |  (prev cycle x1/0.1s)
[1782980397.369][    +93.2s][PLAN_TRAJ_EXP] STATE PLAN_TRAJ_EXP -> PLAN_TRAJ_EXP [safetyCallback: not safe, time:0.039505]
[1782980397.406][    +93.3s][EXEC_TRAJ] STATE PLAN_TRAJ_EXP -> EXEC_TRAJ [plan success: new traj pub]
[1782980397.407][    +93.3s][PLAN_TRAJ_EXP] STATE EXEC_TRAJ -> PLAN_TRAJ_EXP [safetyCallback: not safe, time:0.031463]
[1782980397.453][    +93.3s][PLAN_TRAJ_EXP] STATE EXEC_TRAJ -> PLAN_TRAJ_EXP [safetyCallback: not safe, time:0.031099] |  (prev cycle x1/0.0s)
[1782980397.505][    +93.4s][PLAN_TRAJ_EXP] STATE EXEC_TRAJ -> PLAN_TRAJ_EXP [safetyCallback: not safe, time:0.040063] |  (prev cycle x1/0.1s)
[1782980397.509][    +93.4s][PLAN_TRAJ_EXP] STATE PLAN_TRAJ_EXP -> PLAN_TRAJ_EXP [safetyCallback: not safe, time:0.044085]
[1782980397.551][    +93.4s][EXEC_TRAJ] STATE PLAN_TRAJ_EXP -> EXEC_TRAJ [plan success: new traj pub]
[1782980397.557][    +93.4s][PLAN_TRAJ_EXP] STATE EXEC_TRAJ -> PLAN_TRAJ_EXP [safetyCallback: not safe, time:0.038090]
[1782980397.602][    +93.5s][PLAN_TRAJ_EXP] STATE EXEC_TRAJ -> PLAN_TRAJ_EXP [planGlobalPath: succeed] |  (prev cycle x1/0.0s)
[1782980397.640][    +93.5s][PLAN_TRAJ_EXP] STATE EXEC_TRAJ -> PLAN_TRAJ_EXP [safetyCallback: not safe, time:0.030066] |  (prev cycle x1/0.0s)
[1782980397.686][    +93.5s][PLAN_TRAJ_EXP] STATE EXEC_TRAJ -> PLAN_TRAJ_EXP [safetyCallback: not safe, time:0.033436] |  (prev cycle x1/0.0s)
[1782980397.733][    +93.6s][PLAN_TRAJ_EXP] STATE EXEC_TRAJ -> PLAN_TRAJ_EXP [safetyCallback: not safe, time:0.034288] |  (prev cycle x1/0.0s)
[1782980397.777][    +93.6s][PLAN_TRAJ_EXP] STATE EXEC_TRAJ -> PLAN_TRAJ_EXP [safetyCallback: not safe, time:0.033699] |  (prev cycle x1/0.0s)
[1782980397.840][    +93.7s][EXEC_TRAJ] GLOBAL result=OK | clusters=2(reach 1) vp=1(reach 1) pipe[tot=2 dorm=1 unreach=0 cons=1 nocand=0 topo=0 novis=0 ok=1] tour=2n/0.6m goal=(4.1, 2.9, 0.9) t=20ms (x4)
[1782980397.840][    +93.7s][PLAN_TRAJ_EXP] STATE EXEC_TRAJ -> PLAN_TRAJ_EXP [planGlobalPath: succeed] |  (prev cycle x1/0.1s)
[1782980397.841][    +93.7s][PLAN_TRAJ_EXP] STATE PLAN_TRAJ_EXP -> PLAN_TRAJ_EXP [safetyCallback: not safe, time:0.052451]
[1782980397.876][    +93.7s][EXEC_TRAJ] STATE PLAN_TRAJ_EXP -> EXEC_TRAJ [plan success: new traj pub]
[1782980397.877][    +93.7s][PLAN_TRAJ_EXP] STATE EXEC_TRAJ -> PLAN_TRAJ_EXP [safetyCallback: not safe, time:0.031321]
[1782980397.920][    +93.8s][PLAN_TRAJ_EXP] STATE EXEC_TRAJ -> PLAN_TRAJ_EXP [safetyCallback: not safe, time:0.031032] |  (prev cycle x1/0.0s)
[1782980397.964][    +93.8s][PLAN_TRAJ_EXP] STATE EXEC_TRAJ -> PLAN_TRAJ_EXP [safetyCallback: not safe, time:0.031449] |  (prev cycle x1/0.0s)
[1782980398.008][    +93.9s][PLAN_TRAJ_EXP] STATE EXEC_TRAJ -> PLAN_TRAJ_EXP [safetyCallback: not safe, time:0.029987] |  (prev cycle x1/0.0s)
[1782980398.067][    +93.9s][PLAN_TRAJ_EXP] STATE EXEC_TRAJ -> PLAN_TRAJ_EXP [planGlobalPath: succeed] |  (prev cycle x1/0.1s)
[1782980398.070][    +93.9s][PLAN_TRAJ_EXP] STATE PLAN_TRAJ_EXP -> PLAN_TRAJ_EXP [safetyCallback: not safe, time:0.050751]
[1782980398.105][    +94.0s][EXEC_TRAJ] STATE PLAN_TRAJ_EXP -> EXEC_TRAJ [plan success: new traj pub]
[1782980398.106][    +94.0s][PLAN_TRAJ_EXP] STATE EXEC_TRAJ -> PLAN_TRAJ_EXP [safetyCallback: not safe, time:0.031204]
[1782980398.156][    +94.0s][PLAN_TRAJ_EXP] STATE EXEC_TRAJ -> PLAN_TRAJ_EXP [safetyCallback: not safe, time:0.037933] |  (prev cycle x1/0.1s)
[1782980398.201][    +94.1s][PLAN_TRAJ_EXP] STATE EXEC_TRAJ -> PLAN_TRAJ_EXP [safetyCallback: not safe, time:0.040141] |  (prev cycle x1/0.0s)
[1782980398.247][    +94.1s][PLAN_TRAJ_EXP] STATE EXEC_TRAJ -> PLAN_TRAJ_EXP [safetyCallback: not safe, time:0.043120] |  (prev cycle x1/0.0s)
[1782980398.251][    +94.1s][PLAN_TRAJ_EXP] STATE PLAN_TRAJ_EXP -> PLAN_TRAJ_EXP [safetyCallback: not safe, time:0.047367]
[1782980398.289][    +94.2s][EXEC_TRAJ] STATE PLAN_TRAJ_EXP -> EXEC_TRAJ [plan success: new traj pub]
[1782980398.297][    +94.2s][PLAN_TRAJ_EXP] STATE EXEC_TRAJ -> PLAN_TRAJ_EXP [planGlobalPath: succeed]
[1782980398.333][    +94.2s][PLAN_TRAJ_EXP] STATE EXEC_TRAJ -> PLAN_TRAJ_EXP [safetyCallback: not safe, time:0.030431] |  (prev cycle x1/0.0s)
[1782980398.377][    +94.2s][PLAN_TRAJ_EXP] STATE EXEC_TRAJ -> PLAN_TRAJ_EXP [safetyCallback: not safe, time:0.031093] |  (prev cycle x1/0.0s)
[1782980398.421][    +94.3s][PLAN_TRAJ_EXP] STATE EXEC_TRAJ -> PLAN_TRAJ_EXP [safetyCallback: not safe, time:0.030730] |  (prev cycle x1/0.0s)
[1782980398.465][    +94.3s][PLAN_TRAJ_EXP] STATE EXEC_TRAJ -> PLAN_TRAJ_EXP [safetyCallback: not safe, time:0.031290] |  (prev cycle x1/0.0s)
[1782980398.528][    +94.4s][PLAN_TRAJ_EXP] STATE EXEC_TRAJ -> PLAN_TRAJ_EXP [planGlobalPath: succeed] |  (prev cycle x1/0.1s)
[1782980398.531][    +94.4s][PLAN_TRAJ_EXP] STATE PLAN_TRAJ_EXP -> PLAN_TRAJ_EXP [safetyCallback: not safe, time:0.053714]
[1782980398.565][    +94.4s][EXEC_TRAJ] STATE PLAN_TRAJ_EXP -> EXEC_TRAJ [plan success: new traj pub]
[1782980398.567][    +94.4s][PLAN_TRAJ_EXP] STATE EXEC_TRAJ -> PLAN_TRAJ_EXP [safetyCallback: not safe, time:0.031961]
[1782980398.610][    +94.5s][PLAN_TRAJ_EXP] STATE EXEC_TRAJ -> PLAN_TRAJ_EXP [safetyCallback: not safe, time:0.031893] |  (prev cycle x1/0.0s)
[1782980398.654][    +94.5s][PLAN_TRAJ_EXP] STATE EXEC_TRAJ -> PLAN_TRAJ_EXP [safetyCallback: not safe, time:0.031422] |  (prev cycle x1/0.0s)
[1782980398.706][    +94.6s][PLAN_TRAJ_EXP] STATE EXEC_TRAJ -> PLAN_TRAJ_EXP [safetyCallback: not safe, time:0.039989] |  (prev cycle x1/0.1s)
[1782980398.711][    +94.6s][PLAN_TRAJ_EXP] STATE PLAN_TRAJ_EXP -> PLAN_TRAJ_EXP [safetyCallback: not safe, time:0.044607]
[1782980398.749][    +94.6s][EXEC_TRAJ] STATE PLAN_TRAJ_EXP -> EXEC_TRAJ [plan success: new traj pub]
[1782980398.762][    +94.6s][PLAN_TRAJ_EXP] STATE EXEC_TRAJ -> PLAN_TRAJ_EXP [planGlobalPath: succeed]
[1782980398.764][    +94.6s][PLAN_TRAJ_EXP] STATE PLAN_TRAJ_EXP -> PLAN_TRAJ_EXP [safetyCallback: not safe, time:0.044140]
[1782980398.798][    +94.7s][EXEC_TRAJ] STATE PLAN_TRAJ_EXP -> EXEC_TRAJ [plan success: new traj pub]
[1782980398.807][    +94.7s][PLAN_TRAJ_EXP] STATE EXEC_TRAJ -> PLAN_TRAJ_EXP [safetyCallback: not safe, time:0.038921]
[1782980398.852][    +94.7s][PLAN_TRAJ_EXP] STATE EXEC_TRAJ -> PLAN_TRAJ_EXP [safetyCallback: not safe, time:0.039693] |  (prev cycle x1/0.0s)
[1782980398.854][    +94.7s][PLAN_TRAJ_EXP] STATE PLAN_TRAJ_EXP -> PLAN_TRAJ_EXP [safetyCallback: not safe, time:0.041996]
[1782980398.895][    +94.8s][EXEC_TRAJ] STATE PLAN_TRAJ_EXP -> EXEC_TRAJ [plan success: new traj pub]
[1782980398.904][    +94.8s][PLAN_TRAJ_EXP] STATE EXEC_TRAJ -> PLAN_TRAJ_EXP [safetyCallback: not safe, time:0.038431]
[1782980398.949][    +94.8s][PLAN_TRAJ_EXP] STATE EXEC_TRAJ -> PLAN_TRAJ_EXP [safetyCallback: not safe, time:0.039861] |  (prev cycle x1/0.0s)
[1782980398.959][    +94.8s][PLAN_TRAJ_EXP] STATE PLAN_TRAJ_EXP -> PLAN_TRAJ_EXP [safetyCallback: not safe, time:0.050156]
[1782980398.994][    +94.9s][EXEC_TRAJ] STATE PLAN_TRAJ_EXP -> EXEC_TRAJ [plan success: new traj pub]
[1782980399.021][    +94.9s][EXEC_TRAJ] GLOBAL result=OK | clusters=2(reach 1) vp=1(reach 1) pipe[tot=2 dorm=1 unreach=0 cons=1 nocand=0 topo=0 novis=0 ok=1] tour=2n/0.6m goal=(4.1, 2.9, 0.9) t=26ms (x4)
[1782980399.021][    +94.9s][PLAN_TRAJ_EXP] STATE EXEC_TRAJ -> PLAN_TRAJ_EXP [planGlobalPath: succeed]
[1782980399.055][    +94.9s][PLAN_TRAJ_EXP] STATE EXEC_TRAJ -> PLAN_TRAJ_EXP [safetyCallback: not safe, time:0.029881] |  (prev cycle x1/0.0s)
[1782980399.104][    +95.0s][PLAN_TRAJ_EXP] STATE EXEC_TRAJ -> PLAN_TRAJ_EXP [safetyCallback: not safe, time:0.036209] |  (prev cycle x1/0.0s)
[1782980399.152][    +95.0s][PLAN_TRAJ_EXP] STATE EXEC_TRAJ -> PLAN_TRAJ_EXP [safetyCallback: not safe, time:0.040601] |  (prev cycle x1/0.0s)
[1782980399.197][    +95.1s][PLAN_TRAJ_EXP] STATE EXEC_TRAJ -> PLAN_TRAJ_EXP [safetyCallback: not safe, time:0.040704] |  (prev cycle x1/0.0s)
[1782980399.204][    +95.1s][PLAN_TRAJ_EXP] STATE PLAN_TRAJ_EXP -> PLAN_TRAJ_EXP [safetyCallback: not safe, time:0.046963]
[1782980399.241][    +95.1s][EXEC_TRAJ] STATE PLAN_TRAJ_EXP -> EXEC_TRAJ [plan success: new traj pub]
[1782980399.249][    +95.1s][PLAN_TRAJ_EXP] STATE EXEC_TRAJ -> PLAN_TRAJ_EXP [planGlobalPath: succeed]
[1782980399.286][    +95.1s][PLAN_TRAJ_EXP] STATE EXEC_TRAJ -> PLAN_TRAJ_EXP [safetyCallback: not safe, time:0.032425] |  (prev cycle x1/0.0s)
[1782980399.329][    +95.2s][PLAN_TRAJ_EXP] STATE EXEC_TRAJ -> PLAN_TRAJ_EXP [safetyCallback: not safe, time:0.030420] |  (prev cycle x1/0.0s)
[1782980399.376][    +95.2s][PLAN_TRAJ_EXP] STATE EXEC_TRAJ -> PLAN_TRAJ_EXP [safetyCallback: not safe, time:0.031632] |  (prev cycle x1/0.0s)
[1782980399.419][    +95.3s][PLAN_TRAJ_EXP] STATE EXEC_TRAJ -> PLAN_TRAJ_EXP [safetyCallback: not safe, time:0.030698] |  (prev cycle x1/0.0s)
[1782980399.469][    +95.3s][PLAN_TRAJ_EXP] STATE EXEC_TRAJ -> PLAN_TRAJ_EXP [planGlobalPath: succeed] |  (prev cycle x1/0.0s)
[1782980399.472][    +95.3s][PLAN_TRAJ_EXP] STATE PLAN_TRAJ_EXP -> PLAN_TRAJ_EXP [safetyCallback: not safe, time:0.039199]
[1782980399.506][    +95.4s][EXEC_TRAJ] STATE PLAN_TRAJ_EXP -> EXEC_TRAJ [plan success: new traj pub]
[1782980399.507][    +95.4s][PLAN_TRAJ_EXP] STATE EXEC_TRAJ -> PLAN_TRAJ_EXP [safetyCallback: not safe, time:0.030382]
[1782980399.555][    +95.4s][PLAN_TRAJ_EXP] STATE EXEC_TRAJ -> PLAN_TRAJ_EXP [safetyCallback: not safe, time:0.034670] |  (prev cycle x1/0.0s)
[1782980399.603][    +95.5s][PLAN_TRAJ_EXP] STATE EXEC_TRAJ -> PLAN_TRAJ_EXP [safetyCallback: not safe, time:0.039787] |  (prev cycle x1/0.0s)
[1782980399.648][    +95.5s][PLAN_TRAJ_EXP] STATE EXEC_TRAJ -> PLAN_TRAJ_EXP [safetyCallback: not safe, time:0.039589] |  (prev cycle x1/0.0s)
[1782980399.654][    +95.5s][PLAN_TRAJ_EXP] STATE PLAN_TRAJ_EXP -> PLAN_TRAJ_EXP [safetyCallback: not safe, time:0.046036]
[1782980399.692][    +95.6s][EXEC_TRAJ] STATE PLAN_TRAJ_EXP -> EXEC_TRAJ [plan success: new traj pub]
[1782980399.701][    +95.6s][PLAN_TRAJ_EXP] STATE EXEC_TRAJ -> PLAN_TRAJ_EXP [planGlobalPath: succeed]
[1782980399.736][    +95.6s][PLAN_TRAJ_EXP] STATE EXEC_TRAJ -> PLAN_TRAJ_EXP [safetyCallback: not safe, time:0.030124] |  (prev cycle x1/0.0s)
[1782980399.780][    +95.6s][PLAN_TRAJ_EXP] STATE EXEC_TRAJ -> PLAN_TRAJ_EXP [safetyCallback: not safe, time:0.031471] |  (prev cycle x1/0.0s)
[1782980399.823][    +95.7s][PLAN_TRAJ_EXP] STATE EXEC_TRAJ -> PLAN_TRAJ_EXP [safetyCallback: not safe, time:0.030369] |  (prev cycle x1/0.0s)
[1782980399.867][    +95.7s][PLAN_TRAJ_EXP] STATE EXEC_TRAJ -> PLAN_TRAJ_EXP [safetyCallback: not safe, time:0.031412] |  (prev cycle x1/0.0s)
[1782980399.910][    +95.8s][PLAN_TRAJ_EXP] STATE EXEC_TRAJ -> PLAN_TRAJ_EXP [safetyCallback: not safe, time:0.029719] |  (prev cycle x1/0.0s)
[1782980399.917][    +95.8s][PLAN_TRAJ_EXP] STATE PLAN_TRAJ_EXP -> PLAN_TRAJ_EXP [planGlobalPath: succeed]
[1782980399.954][    +95.8s][EXEC_TRAJ] STATE PLAN_TRAJ_EXP -> EXEC_TRAJ [plan success: new traj pub]
[1782980399.955][    +95.8s][PLAN_TRAJ_EXP] STATE EXEC_TRAJ -> PLAN_TRAJ_EXP [safetyCallback: not safe, time:0.030822]
[1782980400.002][    +95.9s][PLAN_TRAJ_EXP] STATE EXEC_TRAJ -> PLAN_TRAJ_EXP [safetyCallback: not safe, time:0.036038] |  (prev cycle x1/0.0s)
[1782980400.053][    +95.9s][PLAN_TRAJ_EXP] STATE EXEC_TRAJ -> PLAN_TRAJ_EXP [safetyCallback: not safe, time:0.042084] |  (prev cycle x1/0.1s)
[1782980400.058][    +95.9s][PLAN_TRAJ_EXP] STATE PLAN_TRAJ_EXP -> PLAN_TRAJ_EXP [safetyCallback: not safe, time:0.046357]
[1782980400.095][    +96.0s][EXEC_TRAJ] STATE PLAN_TRAJ_EXP -> EXEC_TRAJ [plan success: new traj pub]
[1782980400.102][    +96.0s][PLAN_TRAJ_EXP] STATE EXEC_TRAJ -> PLAN_TRAJ_EXP [safetyCallback: not safe, time:0.038596]
[1782980400.144][    +96.0s][EXEC_TRAJ] GLOBAL result=OK | clusters=2(reach 1) vp=1(reach 1) pipe[tot=2 dorm=1 unreach=0 cons=1 nocand=0 topo=0 novis=0 ok=1] tour=2n/0.6m goal=(4.1, 2.9, 0.9) t=5ms (x4)
[1782980400.144][    +96.0s][PLAN_TRAJ_EXP] STATE EXEC_TRAJ -> PLAN_TRAJ_EXP [planGlobalPath: succeed] |  (prev cycle x1/0.0s)
[1782980400.183][    +96.0s][PLAN_TRAJ_EXP] STATE EXEC_TRAJ -> PLAN_TRAJ_EXP [safetyCallback: not safe, time:0.031490] |  (prev cycle x1/0.0s)
[1782980400.227][    +96.1s][PLAN_TRAJ_EXP] STATE EXEC_TRAJ -> PLAN_TRAJ_EXP [safetyCallback: not safe, time:0.028734] |  (prev cycle x1/0.0s)
[1782980400.273][    +96.1s][PLAN_TRAJ_EXP] STATE EXEC_TRAJ -> PLAN_TRAJ_EXP [safetyCallback: not safe, time:0.033073] |  (prev cycle x1/0.0s)
[1782980400.315][    +96.2s][PLAN_TRAJ_EXP] STATE EXEC_TRAJ -> PLAN_TRAJ_EXP [safetyCallback: not safe, time:0.030559] |  (prev cycle x1/0.0s)
[1782980400.364][    +96.2s][PLAN_TRAJ_EXP] STATE EXEC_TRAJ -> PLAN_TRAJ_EXP [planGlobalPath: succeed] |  (prev cycle x1/0.0s)
[1782980400.366][    +96.2s][PLAN_TRAJ_EXP] STATE PLAN_TRAJ_EXP -> PLAN_TRAJ_EXP [safetyCallback: not safe, time:0.037553]
[1782980400.402][    +96.3s][EXEC_TRAJ] STATE PLAN_TRAJ_EXP -> EXEC_TRAJ [plan success: new traj pub]
[1782980400.402][    +96.3s][PLAN_TRAJ_EXP] STATE EXEC_TRAJ -> PLAN_TRAJ_EXP [safetyCallback: not safe, time:0.030230]
[1782980400.454][    +96.3s][PLAN_TRAJ_EXP] STATE EXEC_TRAJ -> PLAN_TRAJ_EXP [safetyCallback: not safe, time:0.038172] |  (prev cycle x1/0.1s)
[1782980400.500][    +96.4s][PLAN_TRAJ_EXP] STATE EXEC_TRAJ -> PLAN_TRAJ_EXP [avoidance released: replan from current pose] |  (prev cycle x1/0.0s)
[1782980400.534][    +96.4s][PLAN_TRAJ_EXP] STATE EXEC_TRAJ -> PLAN_TRAJ_EXP [safetyCallback: not safe, time:0.030225] |  (prev cycle x1/0.0s)
[1782980400.579][    +96.4s][PLAN_TRAJ_EXP] STATE EXEC_TRAJ -> PLAN_TRAJ_EXP [safetyCallback: not safe, time:0.032123] |  (prev cycle x1/0.0s)
[1782980400.599][    +96.5s][PLAN_TRAJ_EXP] STATE PLAN_TRAJ_EXP -> PLAN_TRAJ_EXP [planGlobalPath: succeed]
[1782980400.633][    +96.5s][EXEC_TRAJ] STATE PLAN_TRAJ_EXP -> EXEC_TRAJ [plan success: new traj pub]
[1782980400.633][    +96.5s][PLAN_TRAJ_EXP] STATE EXEC_TRAJ -> PLAN_TRAJ_EXP [safetyCallback: not safe, time:0.030094]
[1782980400.678][    +96.5s][PLAN_TRAJ_EXP] STATE EXEC_TRAJ -> PLAN_TRAJ_EXP [safetyCallback: not safe, time:0.032556] |  (prev cycle x1/0.0s)
[1782980400.720][    +96.6s][PLAN_TRAJ_EXP] STATE EXEC_TRAJ -> PLAN_TRAJ_EXP [safetyCallback: not safe, time:0.031228] |  (prev cycle x1/0.0s)
[1782980400.764][    +96.6s][PLAN_TRAJ_EXP] STATE EXEC_TRAJ -> PLAN_TRAJ_EXP [safetyCallback: not safe, time:0.032092] |  (prev cycle x1/0.0s)
[1782980400.840][    +96.7s][PLAN_TRAJ_EXP] STATE EXEC_TRAJ -> PLAN_TRAJ_EXP [planGlobalPath: succeed] |  (prev cycle x1/0.1s)
[1782980400.840][    +96.7s][PLAN_TRAJ_EXP] STATE PLAN_TRAJ_EXP -> PLAN_TRAJ_EXP [safetyCallback: not safe, time:0.063680]
[1782980400.841][    +96.7s][PLAN_TRAJ_EXP] STATE PLAN_TRAJ_EXP -> PLAN_TRAJ_EXP [avoidance released: replan from current pose]
[1782980400.875][    +96.7s][EXEC_TRAJ] STATE PLAN_TRAJ_EXP -> EXEC_TRAJ [plan success: new traj pub]
[1782980400.876][    +96.7s][PLAN_TRAJ_EXP] STATE EXEC_TRAJ -> PLAN_TRAJ_EXP [safetyCallback: not safe, time:0.033176]
[1782980400.919][    +96.8s][PLAN_TRAJ_EXP] STATE EXEC_TRAJ -> PLAN_TRAJ_EXP [safetyCallback: not safe, time:0.030996] |  (prev cycle x1/0.0s)
[1782980400.966][    +96.8s][PLAN_TRAJ_EXP] STATE EXEC_TRAJ -> PLAN_TRAJ_EXP [safetyCallback: not safe, time:0.031756] |  (prev cycle x1/0.0s)
[1782980401.008][    +96.9s][PLAN_TRAJ_EXP] STATE EXEC_TRAJ -> PLAN_TRAJ_EXP [safetyCallback: not safe, time:0.030186] |  (prev cycle x1/0.0s)
[1782980401.060][    +96.9s][PLAN_TRAJ_EXP] STATE EXEC_TRAJ -> PLAN_TRAJ_EXP [planGlobalPath: succeed] |  (prev cycle x1/0.1s)
[1782980401.061][    +96.9s][PLAN_TRAJ_EXP] STATE PLAN_TRAJ_EXP -> PLAN_TRAJ_EXP [safetyCallback: not safe, time:0.039890]
[1782980401.096][    +97.0s][EXEC_TRAJ] STATE PLAN_TRAJ_EXP -> EXEC_TRAJ [plan success: new traj pub]
[1782980401.100][    +97.0s][PLAN_TRAJ_EXP] STATE EXEC_TRAJ -> PLAN_TRAJ_EXP [safetyCallback: not safe, time:0.034638]
[1782980401.149][    +97.0s][PLAN_TRAJ_EXP] STATE EXEC_TRAJ -> PLAN_TRAJ_EXP [safetyCallback: not safe, time:0.040514] |  (prev cycle x1/0.0s)
[1782980401.155][    +97.0s][PLAN_TRAJ_EXP] STATE PLAN_TRAJ_EXP -> PLAN_TRAJ_EXP [safetyCallback: not safe, time:0.046055]
[1782980401.193][    +97.1s][EXEC_TRAJ] STATE PLAN_TRAJ_EXP -> EXEC_TRAJ [plan success: new traj pub]
[1782980401.204][    +97.1s][PLAN_TRAJ_EXP] STATE EXEC_TRAJ -> PLAN_TRAJ_EXP [safetyCallback: not safe, time:0.041338]
[1782980401.209][    +97.1s][PLAN_TRAJ_EXP] STATE PLAN_TRAJ_EXP -> PLAN_TRAJ_EXP [safetyCallback: not safe, time:0.046323]
[1782980401.246][    +97.1s][EXEC_TRAJ] STATE PLAN_TRAJ_EXP -> EXEC_TRAJ [plan success: new traj pub]
[1782980401.252][    +97.1s][PLAN_TRAJ_EXP] STATE EXEC_TRAJ -> PLAN_TRAJ_EXP [safetyCallback: not safe, time:0.035808]
[1782980401.297][    +97.2s][EXEC_TRAJ] GLOBAL result=OK | clusters=2(reach 1) vp=1(reach 1) pipe[tot=2 dorm=1 unreach=0 cons=1 nocand=0 topo=0 novis=0 ok=1] tour=2n/0.6m goal=(4.1, 2.9, 0.9) t=6ms (x4)
[1782980401.297][    +97.2s][PLAN_TRAJ_EXP] STATE EXEC_TRAJ -> PLAN_TRAJ_EXP [planGlobalPath: succeed] |  (prev cycle x1/0.0s)
[1782980401.301][    +97.2s][PLAN_TRAJ_EXP] STATE PLAN_TRAJ_EXP -> PLAN_TRAJ_EXP [safetyCallback: not safe, time:0.040364]
[1782980401.336][    +97.2s][EXEC_TRAJ] STATE PLAN_TRAJ_EXP -> EXEC_TRAJ [plan success: new traj pub]
[1782980401.346][    +97.2s][PLAN_TRAJ_EXP] STATE EXEC_TRAJ -> PLAN_TRAJ_EXP [safetyCallback: not safe, time:0.039220]
[1782980401.358][    +97.2s][PLAN_TRAJ_EXP] STATE PLAN_TRAJ_EXP -> PLAN_TRAJ_EXP [safetyCallback: not safe, time:0.050822]
[1782980401.393][    +97.3s][EXEC_TRAJ] STATE PLAN_TRAJ_EXP -> EXEC_TRAJ [plan success: new traj pub]
[1782980401.403][    +97.3s][PLAN_TRAJ_EXP] STATE EXEC_TRAJ -> PLAN_TRAJ_EXP [safetyCallback: not safe, time:0.039925]
[1782980401.404][    +97.3s][PLAN_TRAJ_EXP] STATE PLAN_TRAJ_EXP -> PLAN_TRAJ_EXP [safetyCallback: not safe, time:0.040303]
[1782980401.447][    +97.3s][EXEC_TRAJ] STATE PLAN_TRAJ_EXP -> EXEC_TRAJ [plan success: new traj pub]
[1782980401.457][    +97.3s][PLAN_TRAJ_EXP] STATE EXEC_TRAJ -> PLAN_TRAJ_EXP [safetyCallback: not safe, time:0.041211]
[1782980401.503][    +97.4s][PLAN_TRAJ_EXP] STATE EXEC_TRAJ -> PLAN_TRAJ_EXP [planGlobalPath: succeed] |  (prev cycle x1/0.0s)
[1782980401.537][    +97.4s][PLAN_TRAJ_EXP] STATE EXEC_TRAJ -> PLAN_TRAJ_EXP [safetyCallback: not safe, time:0.030493] |  (prev cycle x1/0.0s)
[1782980401.582][    +97.4s][PLAN_TRAJ_EXP] STATE EXEC_TRAJ -> PLAN_TRAJ_EXP [safetyCallback: not safe, time:0.031028] |  (prev cycle x1/0.0s)
[1782980401.624][    +97.5s][PLAN_TRAJ_EXP] STATE EXEC_TRAJ -> PLAN_TRAJ_EXP [safetyCallback: not safe, time:0.030227] |  (prev cycle x1/0.0s)
[1782980401.669][    +97.5s][PLAN_TRAJ_EXP] STATE EXEC_TRAJ -> PLAN_TRAJ_EXP [safetyCallback: not safe, time:0.031487] |  (prev cycle x1/0.0s)
[1782980401.717][    +97.6s][PLAN_TRAJ_EXP] STATE EXEC_TRAJ -> PLAN_TRAJ_EXP [planGlobalPath: succeed] |  (prev cycle x1/0.0s)
[1782980401.717][    +97.6s][PLAN_TRAJ_EXP] STATE PLAN_TRAJ_EXP -> PLAN_TRAJ_EXP [safetyCallback: not safe, time:0.036499]
[1782980401.755][    +97.6s][EXEC_TRAJ] STATE PLAN_TRAJ_EXP -> EXEC_TRAJ [plan success: new traj pub]
[1782980401.757][    +97.6s][PLAN_TRAJ_EXP] STATE EXEC_TRAJ -> PLAN_TRAJ_EXP [safetyCallback: not safe, time:0.031937]
[1782980401.801][    +97.7s][PLAN_TRAJ_EXP] STATE EXEC_TRAJ -> PLAN_TRAJ_EXP [safetyCallback: not safe, time:0.032475] |  (prev cycle x1/0.0s)
[1782980401.809][    +97.7s][PLAN_TRAJ_EXP] STUCK no motion >8s in PLAN_TRAJ_EXP | last-local: escape traj (flyToSafeRegion) | pos=(3.86, 2.81, 1.43) still=72s (x105)
[1782980401.852][    +97.7s][PLAN_TRAJ_EXP] STATE EXEC_TRAJ -> PLAN_TRAJ_EXP [safetyCallback: not safe, time:0.039885] |  (prev cycle x1/0.1s)
[1782980401.857][    +97.7s][PLAN_TRAJ_EXP] STATE PLAN_TRAJ_EXP -> PLAN_TRAJ_EXP [safetyCallback: not safe, time:0.044449]
[1782980401.896][    +97.8s][EXEC_TRAJ] STATE PLAN_TRAJ_EXP -> EXEC_TRAJ [plan success: new traj pub]
[1782980401.906][    +97.8s][PLAN_TRAJ_EXP] STATE EXEC_TRAJ -> PLAN_TRAJ_EXP [safetyCallback: not safe, time:0.039732]
[1782980401.945][    +97.8s][PLAN_TRAJ_EXP] STATE EXEC_TRAJ -> PLAN_TRAJ_EXP [planGlobalPath: succeed] |  (prev cycle x1/0.0s)
[1782980401.984][    +97.8s][PLAN_TRAJ_EXP] STATE EXEC_TRAJ -> PLAN_TRAJ_EXP [safetyCallback: not safe, time:0.032157] |  (prev cycle x1/0.0s)
[1782980402.027][    +97.9s][PLAN_TRAJ_EXP] STATE EXEC_TRAJ -> PLAN_TRAJ_EXP [safetyCallback: not safe, time:0.031474] |  (prev cycle x1/0.0s)
[1782980402.071][    +97.9s][PLAN_TRAJ_EXP] STATE EXEC_TRAJ -> PLAN_TRAJ_EXP [safetyCallback: not safe, time:0.031843] |  (prev cycle x1/0.0s)
[1782980402.114][    +98.0s][PLAN_TRAJ_EXP] STATE EXEC_TRAJ -> PLAN_TRAJ_EXP [safetyCallback: not safe, time:0.031279] |  (prev cycle x1/0.0s)
[1782980402.183][    +98.0s][PLAN_TRAJ_EXP] STATE EXEC_TRAJ -> PLAN_TRAJ_EXP [planGlobalPath: succeed] |  (prev cycle x1/0.1s)
[1782980402.184][    +98.0s][PLAN_TRAJ_EXP] STATE PLAN_TRAJ_EXP -> PLAN_TRAJ_EXP [safetyCallback: not safe, time:0.058278]
[1782980402.219][    +98.1s][EXEC_TRAJ] STATE PLAN_TRAJ_EXP -> EXEC_TRAJ [plan success: new traj pub]
[1782980402.220][    +98.1s][PLAN_TRAJ_EXP] STATE EXEC_TRAJ -> PLAN_TRAJ_EXP [safetyCallback: not safe, time:0.030905]
[1782980402.263][    +98.1s][PLAN_TRAJ_EXP] LOCAL EXP OK | why: escape traj (flyToSafeRegion) | t=33.5ms goal_d=0.6m (x116)
[1782980402.265][    +98.1s][PLAN_TRAJ_EXP] STATE EXEC_TRAJ -> PLAN_TRAJ_EXP [safetyCallback: not safe, time:0.031301] |  (prev cycle x1/0.0s)
[1782980402.308][    +98.2s][PLAN_TRAJ_EXP] STATE EXEC_TRAJ -> PLAN_TRAJ_EXP [safetyCallback: not safe, time:0.030972] |  (prev cycle x1/0.0s)
[1782980402.356][    +98.2s][PLAN_TRAJ_EXP] STATE EXEC_TRAJ -> PLAN_TRAJ_EXP [safetyCallback: not safe, time:0.035785] |  (prev cycle x1/0.0s)
[1782980402.399][    +98.3s][EXEC_TRAJ] GLOBAL result=OK | clusters=2(reach 1) vp=1(reach 1) pipe[tot=2 dorm=1 unreach=0 cons=1 nocand=0 topo=0 novis=0 ok=1] tour=2n/0.6m goal=(4.1, 2.9, 0.9) t=5ms (x4)
[1782980402.399][    +98.3s][PLAN_TRAJ_EXP] STATE EXEC_TRAJ -> PLAN_TRAJ_EXP [planGlobalPath: succeed] |  (prev cycle x1/0.0s)
[1782980402.400][    +98.3s][PLAN_TRAJ_EXP] STATE PLAN_TRAJ_EXP -> PLAN_TRAJ_EXP [safetyCallback: not safe, time:0.036715]
[1782980402.440][    +98.3s][EXEC_TRAJ] STATE PLAN_TRAJ_EXP -> EXEC_TRAJ [plan success: new traj pub]
[1782980402.450][    +98.3s][PLAN_TRAJ_EXP] STATE EXEC_TRAJ -> PLAN_TRAJ_EXP [safetyCallback: not safe, time:0.040600]
[1782980402.495][    +98.4s][PLAN_TRAJ_EXP] STATE EXEC_TRAJ -> PLAN_TRAJ_EXP [safetyCallback: not safe, time:0.031258] |  (prev cycle x1/0.0s)
[1782980402.538][    +98.4s][PLAN_TRAJ_EXP] STATE EXEC_TRAJ -> PLAN_TRAJ_EXP [safetyCallback: not safe, time:0.030781] |  (prev cycle x1/0.0s)
[1782980402.582][    +98.4s][PLAN_TRAJ_EXP] STATE EXEC_TRAJ -> PLAN_TRAJ_EXP [safetyCallback: not safe, time:0.030919] |  (prev cycle x1/0.0s)
[1782980402.647][    +98.5s][PLAN_TRAJ_EXP] STATE EXEC_TRAJ -> PLAN_TRAJ_EXP [planGlobalPath: succeed] |  (prev cycle x1/0.1s)
[1782980402.648][    +98.5s][PLAN_TRAJ_EXP] STATE PLAN_TRAJ_EXP -> PLAN_TRAJ_EXP [safetyCallback: not safe, time:0.054111]
[1782980402.682][    +98.5s][EXEC_TRAJ] STATE PLAN_TRAJ_EXP -> EXEC_TRAJ [plan success: new traj pub]
[1782980402.684][    +98.5s][PLAN_TRAJ_EXP] STATE EXEC_TRAJ -> PLAN_TRAJ_EXP [safetyCallback: not safe, time:0.031095]
[1782980402.727][    +98.6s][PLAN_TRAJ_EXP] STATE EXEC_TRAJ -> PLAN_TRAJ_EXP [safetyCallback: not safe, time:0.031078] |  (prev cycle x1/0.0s)
[1782980402.771][    +98.6s][PLAN_TRAJ_EXP] STATE EXEC_TRAJ -> PLAN_TRAJ_EXP [safetyCallback: not safe, time:0.031128] |  (prev cycle x1/0.0s)
[1782980402.814][    +98.7s][PLAN_TRAJ_EXP] STATE EXEC_TRAJ -> PLAN_TRAJ_EXP [safetyCallback: not safe, time:0.030910] |  (prev cycle x1/0.0s)
[1782980402.872][    +98.7s][PLAN_TRAJ_EXP] STATE EXEC_TRAJ -> PLAN_TRAJ_EXP [planGlobalPath: succeed] |  (prev cycle x1/0.1s)
[1782980402.874][    +98.7s][PLAN_TRAJ_EXP] STATE PLAN_TRAJ_EXP -> PLAN_TRAJ_EXP [safetyCallback: not safe, time:0.047286]
[1782980402.909][    +98.8s][EXEC_TRAJ] STATE PLAN_TRAJ_EXP -> EXEC_TRAJ [plan success: new traj pub]
[1782980402.910][    +98.8s][PLAN_TRAJ_EXP] STATE EXEC_TRAJ -> PLAN_TRAJ_EXP [safetyCallback: not safe, time:0.032513]
[1782980402.955][    +98.8s][PLAN_TRAJ_EXP] STATE EXEC_TRAJ -> PLAN_TRAJ_EXP [safetyCallback: not safe, time:0.032089] |  (prev cycle x1/0.0s)
[1782980403.004][    +98.9s][PLAN_TRAJ_EXP] STATE EXEC_TRAJ -> PLAN_TRAJ_EXP [safetyCallback: not safe, time:0.037153] |  (prev cycle x1/0.0s)
[1782980403.050][    +98.9s][PLAN_TRAJ_EXP] STATE EXEC_TRAJ -> PLAN_TRAJ_EXP [safetyCallback: not safe, time:0.039998] |  (prev cycle x1/0.0s)
[1782980403.055][    +98.9s][PLAN_TRAJ_EXP] STATE PLAN_TRAJ_EXP -> PLAN_TRAJ_EXP [safetyCallback: not safe, time:0.044856]
[1782980403.093][    +99.0s][EXEC_TRAJ] STATE PLAN_TRAJ_EXP -> EXEC_TRAJ [plan success: new traj pub]
[1782980403.108][    +99.0s][PLAN_TRAJ_EXP] STATE EXEC_TRAJ -> PLAN_TRAJ_EXP [planGlobalPath: succeed]
[1782980403.143][    +99.0s][PLAN_TRAJ_EXP] STATE EXEC_TRAJ -> PLAN_TRAJ_EXP [safetyCallback: not safe, time:0.030707] |  (prev cycle x1/0.0s)
[1782980403.187][    +99.0s][PLAN_TRAJ_EXP] STATE EXEC_TRAJ -> PLAN_TRAJ_EXP [safetyCallback: not safe, time:0.031695] |  (prev cycle x1/0.0s)
[1782980403.231][    +99.1s][PLAN_TRAJ_EXP] STATE EXEC_TRAJ -> PLAN_TRAJ_EXP [safetyCallback: not safe, time:0.031157] |  (prev cycle x1/0.0s)
[1782980403.274][    +99.1s][PLAN_TRAJ_EXP] STATE EXEC_TRAJ -> PLAN_TRAJ_EXP [safetyCallback: not safe, time:0.030999] |  (prev cycle x1/0.0s)
[1782980403.318][    +99.2s][PLAN_TRAJ_EXP] STATE EXEC_TRAJ -> PLAN_TRAJ_EXP [safetyCallback: not safe, time:0.031321] |  (prev cycle x1/0.0s)
[1782980403.325][    +99.2s][PLAN_TRAJ_EXP] STATE PLAN_TRAJ_EXP -> PLAN_TRAJ_EXP [planGlobalPath: succeed]
[1782980403.360][    +99.2s][EXEC_TRAJ] STATE PLAN_TRAJ_EXP -> EXEC_TRAJ [plan success: new traj pub]
[1782980403.362][    +99.2s][PLAN_TRAJ_EXP] STATE EXEC_TRAJ -> PLAN_TRAJ_EXP [safetyCallback: not safe, time:0.031565]
[1782980403.405][    +99.3s][PLAN_TRAJ_EXP] STATE EXEC_TRAJ -> PLAN_TRAJ_EXP [safetyCallback: not safe, time:0.030911] |  (prev cycle x1/0.0s)
[1782980403.455][    +99.3s][PLAN_TRAJ_EXP] STATE EXEC_TRAJ -> PLAN_TRAJ_EXP [safetyCallback: not safe, time:0.037551] |  (prev cycle x1/0.0s)
[1782980403.502][    +99.4s][PLAN_TRAJ_EXP] STATE EXEC_TRAJ -> PLAN_TRAJ_EXP [safetyCallback: not safe, time:0.041359] |  (prev cycle x1/0.0s)
[1782980403.507][    +99.4s][PLAN_TRAJ_EXP] STATE PLAN_TRAJ_EXP -> PLAN_TRAJ_EXP [safetyCallback: not safe, time:0.046369]
[1782980403.544][    +99.4s][EXEC_TRAJ] STATE PLAN_TRAJ_EXP -> EXEC_TRAJ [plan success: new traj pub]
[1782980403.552][    +99.4s][EXEC_TRAJ] GLOBAL result=OK | clusters=2(reach 1) vp=1(reach 1) pipe[tot=2 dorm=1 unreach=0 cons=1 nocand=0 topo=0 novis=0 ok=1] tour=2n/0.6m goal=(4.1, 2.9, 0.9) t=7ms (x4)
[1782980403.552][    +99.4s][PLAN_TRAJ_EXP] STATE EXEC_TRAJ -> PLAN_TRAJ_EXP [planGlobalPath: succeed]
[1782980403.556][    +99.4s][PLAN_TRAJ_EXP] STATE PLAN_TRAJ_EXP -> PLAN_TRAJ_EXP [safetyCallback: not safe, time:0.041554]
[1782980403.590][    +99.5s][EXEC_TRAJ] STATE PLAN_TRAJ_EXP -> EXEC_TRAJ [plan success: new traj pub]
[1782980403.601][    +99.5s][PLAN_TRAJ_EXP] STATE EXEC_TRAJ -> PLAN_TRAJ_EXP [safetyCallback: not safe, time:0.040015]
[1782980403.602][    +99.5s][PLAN_TRAJ_EXP] STATE PLAN_TRAJ_EXP -> PLAN_TRAJ_EXP [safetyCallback: not safe, time:0.041239]
[1782980403.645][    +99.5s][EXEC_TRAJ] STATE PLAN_TRAJ_EXP -> EXEC_TRAJ [plan success: new traj pub]
[1782980403.654][    +99.5s][PLAN_TRAJ_EXP] STATE EXEC_TRAJ -> PLAN_TRAJ_EXP [safetyCallback: not safe, time:0.039667]
[1782980403.699][    +99.6s][PLAN_TRAJ_EXP] STATE EXEC_TRAJ -> PLAN_TRAJ_EXP [safetyCallback: not safe, time:0.039995] |  (prev cycle x1/0.0s)
[1782980403.702][    +99.6s][PLAN_TRAJ_EXP] STATE PLAN_TRAJ_EXP -> PLAN_TRAJ_EXP [safetyCallback: not safe, time:0.043477]
[1782980403.742][    +99.6s][EXEC_TRAJ] STATE PLAN_TRAJ_EXP -> EXEC_TRAJ [plan success: new traj pub]
[1782980403.752][    +99.6s][PLAN_TRAJ_EXP] STATE EXEC_TRAJ -> PLAN_TRAJ_EXP [safetyCallback: not safe, time:0.040169]
[1782980403.763][    +99.6s][PLAN_TRAJ_EXP] STATE PLAN_TRAJ_EXP -> PLAN_TRAJ_EXP [planGlobalPath: succeed]
[1782980403.764][    +99.6s][PLAN_TRAJ_EXP] STATE PLAN_TRAJ_EXP -> PLAN_TRAJ_EXP [safetyCallback: not safe, time:0.052307]
[1782980403.799][    +99.7s][EXEC_TRAJ] STATE PLAN_TRAJ_EXP -> EXEC_TRAJ [plan success: new traj pub]
[1782980403.802][    +99.7s][PLAN_TRAJ_EXP] STATE EXEC_TRAJ -> PLAN_TRAJ_EXP [safetyCallback: not safe, time:0.034012]
[1782980403.852][    +99.7s][PLAN_TRAJ_EXP] STATE EXEC_TRAJ -> PLAN_TRAJ_EXP [safetyCallback: not safe, time:0.041134] |  (prev cycle x1/0.1s)
[1782980403.858][    +99.7s][PLAN_TRAJ_EXP] STATE PLAN_TRAJ_EXP -> PLAN_TRAJ_EXP [safetyCallback: not safe, time:0.046937]
[1782980403.896][    +99.8s][EXEC_TRAJ] STATE PLAN_TRAJ_EXP -> EXEC_TRAJ [plan success: new traj pub]
[1782980403.902][    +99.8s][PLAN_TRAJ_EXP] STATE EXEC_TRAJ -> PLAN_TRAJ_EXP [safetyCallback: not safe, time:0.035444]
[1782980403.950][    +99.8s][PLAN_TRAJ_EXP] STATE EXEC_TRAJ -> PLAN_TRAJ_EXP [safetyCallback: not safe, time:0.039565] |  (prev cycle x1/0.0s)
[1782980403.959][    +99.8s][PLAN_TRAJ_EXP] STATE PLAN_TRAJ_EXP -> PLAN_TRAJ_EXP [safetyCallback: not safe, time:0.048320]
[1782980403.994][    +99.9s][EXEC_TRAJ] STATE PLAN_TRAJ_EXP -> EXEC_TRAJ [plan success: new traj pub]
[1782980404.008][    +99.9s][PLAN_TRAJ_EXP] STATE EXEC_TRAJ -> PLAN_TRAJ_EXP [planGlobalPath: succeed]
[1782980404.044][    +99.9s][PLAN_TRAJ_EXP] STATE EXEC_TRAJ -> PLAN_TRAJ_EXP [safetyCallback: not safe, time:0.031305] |  (prev cycle x1/0.0s)
[1782980404.087][    +99.9s][PLAN_TRAJ_EXP] STATE EXEC_TRAJ -> PLAN_TRAJ_EXP [safetyCallback: not safe, time:0.031566] |  (prev cycle x1/0.0s)
[1782980404.135][   +100.0s][PLAN_TRAJ_EXP] STATE EXEC_TRAJ -> PLAN_TRAJ_EXP [safetyCallback: not safe, time:0.031259] |  (prev cycle x1/0.0s)
[1782980404.179][   +100.0s][PLAN_TRAJ_EXP] STATE EXEC_TRAJ -> PLAN_TRAJ_EXP [safetyCallback: not safe, time:0.031729] |  (prev cycle x1/0.0s)
[1782980404.223][   +100.1s][PLAN_TRAJ_EXP] STATE EXEC_TRAJ -> PLAN_TRAJ_EXP [safetyCallback: not safe, time:0.031858] |  (prev cycle x1/0.0s)
[1782980404.230][   +100.1s][PLAN_TRAJ_EXP] STATE PLAN_TRAJ_EXP -> PLAN_TRAJ_EXP [planGlobalPath: succeed]
[1782980404.265][   +100.1s][EXEC_TRAJ] STATE PLAN_TRAJ_EXP -> EXEC_TRAJ [plan success: new traj pub]
[1782980404.266][   +100.1s][PLAN_TRAJ_EXP] STATE EXEC_TRAJ -> PLAN_TRAJ_EXP [safetyCallback: not safe, time:0.030014]
[1782980404.310][   +100.2s][PLAN_TRAJ_EXP] STATE EXEC_TRAJ -> PLAN_TRAJ_EXP [safetyCallback: not safe, time:0.031228] |  (prev cycle x1/0.0s)
[1782980404.354][   +100.2s][PLAN_TRAJ_EXP] STATE EXEC_TRAJ -> PLAN_TRAJ_EXP [safetyCallback: not safe, time:0.031003] |  (prev cycle x1/0.0s)
[1782980404.402][   +100.3s][PLAN_TRAJ_EXP] STATE EXEC_TRAJ -> PLAN_TRAJ_EXP [safetyCallback: not safe, time:0.033671] |  (prev cycle x1/0.0s)
[1782980404.451][   +100.3s][PLAN_TRAJ_EXP] STATE EXEC_TRAJ -> PLAN_TRAJ_EXP [planGlobalPath: succeed] |  (prev cycle x1/0.0s)
[1782980404.486][   +100.3s][PLAN_TRAJ_EXP] STATE EXEC_TRAJ -> PLAN_TRAJ_EXP [safetyCallback: not safe, time:0.029943] |  (prev cycle x1/0.0s)
[1782980404.530][   +100.4s][PLAN_TRAJ_EXP] STATE EXEC_TRAJ -> PLAN_TRAJ_EXP [safetyCallback: not safe, time:0.031104] |  (prev cycle x1/0.0s)
[1782980404.573][   +100.4s][PLAN_TRAJ_EXP] STATE EXEC_TRAJ -> PLAN_TRAJ_EXP [safetyCallback: not safe, time:0.030948] |  (prev cycle x1/0.0s)
[1782980404.617][   +100.5s][PLAN_TRAJ_EXP] STATE EXEC_TRAJ -> PLAN_TRAJ_EXP [safetyCallback: not safe, time:0.031303] |  (prev cycle x1/0.0s)
[1782980404.686][   +100.5s][EXEC_TRAJ] GLOBAL result=OK | clusters=2(reach 1) vp=1(reach 1) pipe[tot=2 dorm=1 unreach=0 cons=1 nocand=0 topo=0 novis=0 ok=1] tour=2n/0.6m goal=(4.1, 2.9, 0.9) t=25ms (x4)
[1782980404.686][   +100.5s][PLAN_TRAJ_EXP] STATE EXEC_TRAJ -> PLAN_TRAJ_EXP [planGlobalPath: succeed] |  (prev cycle x1/0.1s)
[1782980404.687][   +100.5s][PLAN_TRAJ_EXP] STATE PLAN_TRAJ_EXP -> PLAN_TRAJ_EXP [safetyCallback: not safe, time:0.053693]
[1782980404.721][   +100.6s][EXEC_TRAJ] STATE PLAN_TRAJ_EXP -> EXEC_TRAJ [plan success: new traj pub]
[1782980404.722][   +100.6s][PLAN_TRAJ_EXP] STATE EXEC_TRAJ -> PLAN_TRAJ_EXP [safetyCallback: not safe, time:0.031349]
[1782980404.765][   +100.6s][PLAN_TRAJ_EXP] STATE EXEC_TRAJ -> PLAN_TRAJ_EXP [safetyCallback: not safe, time:0.030640] |  (prev cycle x1/0.0s)
[1782980404.810][   +100.7s][PLAN_TRAJ_EXP] STATE EXEC_TRAJ -> PLAN_TRAJ_EXP [safetyCallback: not safe, time:0.031240] |  (prev cycle x1/0.0s)
[1782980404.853][   +100.7s][PLAN_TRAJ_EXP] STATE EXEC_TRAJ -> PLAN_TRAJ_EXP [safetyCallback: not safe, time:0.028894] |  (prev cycle x1/0.0s)
[1782980404.907][   +100.8s][PLAN_TRAJ_EXP] STATE EXEC_TRAJ -> PLAN_TRAJ_EXP [planGlobalPath: succeed] |  (prev cycle x1/0.1s)
[1782980404.946][   +100.8s][PLAN_TRAJ_EXP] STATE EXEC_TRAJ -> PLAN_TRAJ_EXP [safetyCallback: not safe, time:0.030886] |  (prev cycle x1/0.0s)
[1782980404.953][   +100.8s][PLAN_TRAJ_EXP] STATE PLAN_TRAJ_EXP -> PLAN_TRAJ_EXP [safetyCallback: not safe, time:0.037389]
[1782980404.988][   +100.8s][EXEC_TRAJ] STATE PLAN_TRAJ_EXP -> EXEC_TRAJ [plan success: new traj pub]
[1782980404.998][   +100.9s][PLAN_TRAJ_EXP] STATE EXEC_TRAJ -> PLAN_TRAJ_EXP [safetyCallback: not safe, time:0.039539]
[1782980405.003][   +100.9s][PLAN_TRAJ_EXP] STATE PLAN_TRAJ_EXP -> PLAN_TRAJ_EXP [safetyCallback: not safe, time:0.044683]
[1782980405.042][   +100.9s][EXEC_TRAJ] STATE PLAN_TRAJ_EXP -> EXEC_TRAJ [plan success: new traj pub]
[1782980405.053][   +100.9s][PLAN_TRAJ_EXP] STATE EXEC_TRAJ -> PLAN_TRAJ_EXP [safetyCallback: not safe, time:0.041638]
[1782980405.097][   +101.0s][PLAN_TRAJ_EXP] STATE EXEC_TRAJ -> PLAN_TRAJ_EXP [safetyCallback: not safe, time:0.040030] |  (prev cycle x1/0.0s)
[1782980405.147][   +101.0s][PLAN_TRAJ_EXP] STATE EXEC_TRAJ -> PLAN_TRAJ_EXP [planGlobalPath: succeed] |  (prev cycle x1/0.1s)
[1782980405.148][   +101.0s][PLAN_TRAJ_EXP] STATE PLAN_TRAJ_EXP -> PLAN_TRAJ_EXP [safetyCallback: not safe, time:0.037560]
[1782980405.184][   +101.0s][EXEC_TRAJ] STATE PLAN_TRAJ_EXP -> EXEC_TRAJ [plan success: new traj pub]
[1782980405.184][   +101.0s][PLAN_TRAJ_EXP] STATE EXEC_TRAJ -> PLAN_TRAJ_EXP [safetyCallback: not safe, time:0.030578]
[1782980405.229][   +101.1s][PLAN_TRAJ_EXP] STATE EXEC_TRAJ -> PLAN_TRAJ_EXP [safetyCallback: not safe, time:0.031509] |  (prev cycle x1/0.0s)
[1782980405.271][   +101.1s][PLAN_TRAJ_EXP] STATE EXEC_TRAJ -> PLAN_TRAJ_EXP [safetyCallback: not safe, time:0.030178] |  (prev cycle x1/0.0s)
[1782980405.316][   +101.2s][PLAN_TRAJ_EXP] STATE EXEC_TRAJ -> PLAN_TRAJ_EXP [safetyCallback: not safe, time:0.031211] |  (prev cycle x1/0.0s)
[1782980405.370][   +101.2s][PLAN_TRAJ_EXP] STATE EXEC_TRAJ -> PLAN_TRAJ_EXP [planGlobalPath: succeed] |  (prev cycle x1/0.1s)
[1782980405.371][   +101.2s][PLAN_TRAJ_EXP] STATE PLAN_TRAJ_EXP -> PLAN_TRAJ_EXP [safetyCallback: not safe, time:0.042669]
[1782980405.405][   +101.3s][EXEC_TRAJ] STATE PLAN_TRAJ_EXP -> EXEC_TRAJ [plan success: new traj pub]
[1782980405.406][   +101.3s][PLAN_TRAJ_EXP] STATE EXEC_TRAJ -> PLAN_TRAJ_EXP [safetyCallback: not safe, time:0.031085]
[1782980405.451][   +101.3s][PLAN_TRAJ_EXP] STATE EXEC_TRAJ -> PLAN_TRAJ_EXP [safetyCallback: not safe, time:0.030871] |  (prev cycle x1/0.0s)
[1782980405.504][   +101.4s][PLAN_TRAJ_EXP] STATE EXEC_TRAJ -> PLAN_TRAJ_EXP [safetyCallback: not safe, time:0.039983] |  (prev cycle x1/0.1s)
[1782980405.548][   +101.4s][PLAN_TRAJ_EXP] STATE EXEC_TRAJ -> PLAN_TRAJ_EXP [safetyCallback: not safe, time:0.039840] |  (prev cycle x1/0.0s)
[1782980405.551][   +101.4s][PLAN_TRAJ_EXP] STATE PLAN_TRAJ_EXP -> PLAN_TRAJ_EXP [safetyCallback: not safe, time:0.042362]
[1782980405.592][   +101.5s][EXEC_TRAJ] STATE PLAN_TRAJ_EXP -> EXEC_TRAJ [plan success: new traj pub]
[1782980405.602][   +101.5s][PLAN_TRAJ_EXP] STATE EXEC_TRAJ -> PLAN_TRAJ_EXP [planGlobalPath: succeed]
[1782980405.603][   +101.5s][PLAN_TRAJ_EXP] STATE PLAN_TRAJ_EXP -> PLAN_TRAJ_EXP [safetyCallback: not safe, time:0.040921]
[1782980405.638][   +101.5s][EXEC_TRAJ] STATE PLAN_TRAJ_EXP -> EXEC_TRAJ [plan success: new traj pub]
[1782980405.648][   +101.5s][PLAN_TRAJ_EXP] STATE EXEC_TRAJ -> PLAN_TRAJ_EXP [safetyCallback: not safe, time:0.039537]
[1782980405.652][   +101.5s][PLAN_TRAJ_EXP] STATE PLAN_TRAJ_EXP -> PLAN_TRAJ_EXP [safetyCallback: not safe, time:0.043377]
[1782980405.695][   +101.6s][EXEC_TRAJ] STATE PLAN_TRAJ_EXP -> EXEC_TRAJ [plan success: new traj pub]
[1782980405.703][   +101.6s][PLAN_TRAJ_EXP] STATE EXEC_TRAJ -> PLAN_TRAJ_EXP [safetyCallback: not safe, time:0.042174]
[1782980405.748][   +101.6s][PLAN_TRAJ_EXP] STATE EXEC_TRAJ -> PLAN_TRAJ_EXP [safetyCallback: not safe, time:0.040148] |  (prev cycle x1/0.0s)
[1782980405.750][   +101.6s][PLAN_TRAJ_EXP] STATE PLAN_TRAJ_EXP -> PLAN_TRAJ_EXP [safetyCallback: not safe, time:0.041898]
[1782980405.791][   +101.7s][EXEC_TRAJ] STATE PLAN_TRAJ_EXP -> EXEC_TRAJ [plan success: new traj pub]
[1782980405.803][   +101.7s][PLAN_TRAJ_EXP] STATE EXEC_TRAJ -> PLAN_TRAJ_EXP [safetyCallback: not safe, time:0.040973]
[1782980405.846][   +101.7s][EXEC_TRAJ] GLOBAL result=OK | clusters=2(reach 1) vp=1(reach 1) pipe[tot=2 dorm=1 unreach=0 cons=1 nocand=0 topo=0 novis=0 ok=1] tour=2n/0.6m goal=(4.1, 2.9, 0.9) t=6ms (x4)
[1782980405.846][   +101.7s][PLAN_TRAJ_EXP] STATE EXEC_TRAJ -> PLAN_TRAJ_EXP [planGlobalPath: succeed] |  (prev cycle x1/0.0s)
[1782980405.881][   +101.7s][PLAN_TRAJ_EXP] STATE EXEC_TRAJ -> PLAN_TRAJ_EXP [safetyCallback: not safe, time:0.030117] |  (prev cycle x1/0.0s)
[1782980405.926][   +101.8s][PLAN_TRAJ_EXP] STATE EXEC_TRAJ -> PLAN_TRAJ_EXP [safetyCallback: not safe, time:0.030793] |  (prev cycle x1/0.0s)
[1782980405.969][   +101.8s][PLAN_TRAJ_EXP] STATE EXEC_TRAJ -> PLAN_TRAJ_EXP [safetyCallback: not safe, time:0.030441] |  (prev cycle x1/0.0s)
[1782980406.014][   +101.9s][PLAN_TRAJ_EXP] STATE EXEC_TRAJ -> PLAN_TRAJ_EXP [safetyCallback: not safe, time:0.033236] |  (prev cycle x1/0.0s)
[1782980406.064][   +101.9s][PLAN_TRAJ_EXP] STATE EXEC_TRAJ -> PLAN_TRAJ_EXP [planGlobalPath: succeed] |  (prev cycle x1/0.1s)
[1782980406.065][   +101.9s][PLAN_TRAJ_EXP] STATE PLAN_TRAJ_EXP -> PLAN_TRAJ_EXP [safetyCallback: not safe, time:0.039295]
[1782980406.099][   +102.0s][EXEC_TRAJ] STATE PLAN_TRAJ_EXP -> EXEC_TRAJ [plan success: new traj pub]
[1782980406.109][   +102.0s][PLAN_TRAJ_EXP] STATE EXEC_TRAJ -> PLAN_TRAJ_EXP [safetyCallback: not safe, time:0.040969]
[1782980406.117][   +102.0s][PLAN_TRAJ_EXP] STATE PLAN_TRAJ_EXP -> PLAN_TRAJ_EXP [safetyCallback: not safe, time:0.048621]
[1782980406.153][   +102.0s][EXEC_TRAJ] STATE PLAN_TRAJ_EXP -> EXEC_TRAJ [plan success: new traj pub]
[1782980406.153][   +102.0s][PLAN_TRAJ_EXP] STATE EXEC_TRAJ -> PLAN_TRAJ_EXP [safetyCallback: not safe, time:0.030552]
[1782980406.206][   +102.1s][PLAN_TRAJ_EXP] STATE EXEC_TRAJ -> PLAN_TRAJ_EXP [safetyCallback: not safe, time:0.040111] |  (prev cycle x1/0.1s)
[1782980406.254][   +102.1s][PLAN_TRAJ_EXP] STATE EXEC_TRAJ -> PLAN_TRAJ_EXP [safetyCallback: not safe, time:0.039415] |  (prev cycle x1/0.0s)
[1782980406.301][   +102.2s][PLAN_TRAJ_EXP] STATE EXEC_TRAJ -> PLAN_TRAJ_EXP [planGlobalPath: succeed] |  (prev cycle x1/0.0s)
[1782980406.337][   +102.2s][PLAN_TRAJ_EXP] STATE EXEC_TRAJ -> PLAN_TRAJ_EXP [safetyCallback: not safe, time:0.031081] |  (prev cycle x1/0.0s)
[1782980406.379][   +102.2s][PLAN_TRAJ_EXP] STATE EXEC_TRAJ -> PLAN_TRAJ_EXP [safetyCallback: not safe, time:0.030116] |  (prev cycle x1/0.0s)
[1782980406.424][   +102.3s][PLAN_TRAJ_EXP] STATE EXEC_TRAJ -> PLAN_TRAJ_EXP [safetyCallback: not safe, time:0.030831] |  (prev cycle x1/0.0s)
[1782980406.466][   +102.3s][PLAN_TRAJ_EXP] STATE EXEC_TRAJ -> PLAN_TRAJ_EXP [safetyCallback: not safe, time:0.030287] |  (prev cycle x1/0.0s)
[1782980406.516][   +102.4s][PLAN_TRAJ_EXP] STATE EXEC_TRAJ -> PLAN_TRAJ_EXP [planGlobalPath: succeed] |  (prev cycle x1/0.0s)
[1782980406.518][   +102.4s][PLAN_TRAJ_EXP] STATE PLAN_TRAJ_EXP -> PLAN_TRAJ_EXP [safetyCallback: not safe, time:0.038280]
[1782980406.557][   +102.4s][EXEC_TRAJ] STATE PLAN_TRAJ_EXP -> EXEC_TRAJ [plan success: new traj pub]
[1782980406.557][   +102.4s][PLAN_TRAJ_EXP] STATE EXEC_TRAJ -> PLAN_TRAJ_EXP [safetyCallback: not safe, time:0.031162]
[1782980406.609][   +102.5s][PLAN_TRAJ_EXP] STATE EXEC_TRAJ -> PLAN_TRAJ_EXP [safetyCallback: not safe, time:0.040099] |  (prev cycle x1/0.1s)
[1782980406.650][   +102.5s][PLAN_TRAJ_EXP] STATE EXEC_TRAJ -> PLAN_TRAJ_EXP [safetyCallback: not safe, time:0.036250] |  (prev cycle x1/0.0s)
[1782980406.699][   +102.6s][PLAN_TRAJ_EXP] STATE EXEC_TRAJ -> PLAN_TRAJ_EXP [safetyCallback: not safe, time:0.040861] |  (prev cycle x1/0.0s)
[1782980406.706][   +102.6s][PLAN_TRAJ_EXP] STATE PLAN_TRAJ_EXP -> PLAN_TRAJ_EXP [safetyCallback: not safe, time:0.047755]
[1782980406.746][   +102.6s][EXEC_TRAJ] STATE PLAN_TRAJ_EXP -> EXEC_TRAJ [plan success: new traj pub]
[1782980406.753][   +102.6s][PLAN_TRAJ_EXP] STATE EXEC_TRAJ -> PLAN_TRAJ_EXP [planGlobalPath: succeed]
[1782980406.757][   +102.6s][PLAN_TRAJ_EXP] STATE PLAN_TRAJ_EXP -> PLAN_TRAJ_EXP [safetyCallback: not safe, time:0.045320]
[1782980406.792][   +102.7s][EXEC_TRAJ] STATE PLAN_TRAJ_EXP -> EXEC_TRAJ [plan success: new traj pub]
[1782980406.802][   +102.7s][PLAN_TRAJ_EXP] STATE EXEC_TRAJ -> PLAN_TRAJ_EXP [safetyCallback: not safe, time:0.040015]
[1782980406.806][   +102.7s][PLAN_TRAJ_EXP] STATE PLAN_TRAJ_EXP -> PLAN_TRAJ_EXP [safetyCallback: not safe, time:0.043518]
[1782980406.846][   +102.7s][EXEC_TRAJ] STATE PLAN_TRAJ_EXP -> EXEC_TRAJ [plan success: new traj pub]
[1782980406.853][   +102.7s][PLAN_TRAJ_EXP] STATE EXEC_TRAJ -> PLAN_TRAJ_EXP [safetyCallback: not safe, time:0.037737]
[1782980406.899][   +102.8s][PLAN_TRAJ_EXP] STATE EXEC_TRAJ -> PLAN_TRAJ_EXP [safetyCallback: not safe, time:0.039526] |  (prev cycle x1/0.0s)
[1782980406.908][   +102.8s][PLAN_TRAJ_EXP] STATE PLAN_TRAJ_EXP -> PLAN_TRAJ_EXP [safetyCallback: not safe, time:0.047874]
[1782980406.943][   +102.8s][EXEC_TRAJ] STATE PLAN_TRAJ_EXP -> EXEC_TRAJ [plan success: new traj pub]
[1782980406.953][   +102.8s][PLAN_TRAJ_EXP] STATE EXEC_TRAJ -> PLAN_TRAJ_EXP [safetyCallback: not safe, time:0.039894]
[1782980406.971][   +102.8s][PLAN_TRAJ_EXP] GLOBAL result=OK | clusters=2(reach 1) vp=1(reach 1) pipe[tot=2 dorm=1 unreach=0 cons=1 nocand=0 topo=0 novis=0 ok=1] tour=2n/0.6m goal=(4.1, 2.9, 0.9) t=17ms (x4)
[1782980406.971][   +102.8s][PLAN_TRAJ_EXP] STATE PLAN_TRAJ_EXP -> PLAN_TRAJ_EXP [planGlobalPath: succeed]
[1782980406.971][   +102.8s][PLAN_TRAJ_EXP] STATE PLAN_TRAJ_EXP -> PLAN_TRAJ_EXP [safetyCallback: not safe, time:0.058066]
[1782980407.005][   +102.9s][EXEC_TRAJ] STATE PLAN_TRAJ_EXP -> EXEC_TRAJ [plan success: new traj pub]
[1782980407.007][   +102.9s][PLAN_TRAJ_EXP] STATE EXEC_TRAJ -> PLAN_TRAJ_EXP [safetyCallback: not safe, time:0.032504]
[1782980407.015][   +102.9s][PLAN_TRAJ_EXP] STUCK no motion >8s in PLAN_TRAJ_EXP | last-local: escape traj (flyToSafeRegion) | pos=(3.94, 2.88, 1.44) still=78s (x92)
[1782980407.056][   +102.9s][PLAN_TRAJ_EXP] STATE EXEC_TRAJ -> PLAN_TRAJ_EXP [safetyCallback: not safe, time:0.037525] |  (prev cycle x1/0.0s)
[1782980407.102][   +103.0s][PLAN_TRAJ_EXP] STATE EXEC_TRAJ -> PLAN_TRAJ_EXP [safetyCallback: not safe, time:0.039712] |  (prev cycle x1/0.0s)
[1782980407.106][   +103.0s][PLAN_TRAJ_EXP] STATE PLAN_TRAJ_EXP -> PLAN_TRAJ_EXP [safetyCallback: not safe, time:0.043602]
[1782980407.146][   +103.0s][EXEC_TRAJ] STATE PLAN_TRAJ_EXP -> EXEC_TRAJ [plan success: new traj pub]
[1782980407.153][   +103.0s][PLAN_TRAJ_EXP] STATE EXEC_TRAJ -> PLAN_TRAJ_EXP [safetyCallback: not safe, time:0.036911]
[1782980407.204][   +103.1s][PLAN_TRAJ_EXP] STATE EXEC_TRAJ -> PLAN_TRAJ_EXP [planGlobalPath: succeed] |  (prev cycle x1/0.1s)
[1782980407.239][   +103.1s][PLAN_TRAJ_EXP] STATE EXEC_TRAJ -> PLAN_TRAJ_EXP [safetyCallback: not safe, time:0.030946] |  (prev cycle x1/0.0s)
[1782980407.284][   +103.1s][PLAN_TRAJ_EXP] LOCAL EXP OK | why: escape traj (flyToSafeRegion) | t=36.6ms goal_d=0.6m (x107)
[1782980407.285][   +103.1s][PLAN_TRAJ_EXP] STATE EXEC_TRAJ -> PLAN_TRAJ_EXP [safetyCallback: not safe, time:0.033381] |  (prev cycle x1/0.0s)
[1782980407.329][   +103.2s][PLAN_TRAJ_EXP] STATE EXEC_TRAJ -> PLAN_TRAJ_EXP [safetyCallback: not safe, time:0.031529] |  (prev cycle x1/0.0s)
[1782980407.372][   +103.2s][PLAN_TRAJ_EXP] STATE EXEC_TRAJ -> PLAN_TRAJ_EXP [safetyCallback: not safe, time:0.030929] |  (prev cycle x1/0.0s)
[1782980407.417][   +103.3s][PLAN_TRAJ_EXP] STATE EXEC_TRAJ -> PLAN_TRAJ_EXP [safetyCallback: not safe, time:0.030884] |  (prev cycle x1/0.0s)
[1782980407.423][   +103.3s][PLAN_TRAJ_EXP] STATE PLAN_TRAJ_EXP -> PLAN_TRAJ_EXP [planGlobalPath: succeed]
[1782980407.459][   +103.3s][EXEC_TRAJ] STATE PLAN_TRAJ_EXP -> EXEC_TRAJ [plan success: new traj pub]
[1782980407.460][   +103.3s][PLAN_TRAJ_EXP] STATE EXEC_TRAJ -> PLAN_TRAJ_EXP [safetyCallback: not safe, time:0.030732]
[1782980407.505][   +103.4s][PLAN_TRAJ_EXP] STATE EXEC_TRAJ -> PLAN_TRAJ_EXP [safetyCallback: not safe, time:0.032789] |  (prev cycle x1/0.0s)
[1782980407.553][   +103.4s][PLAN_TRAJ_EXP] STATE EXEC_TRAJ -> PLAN_TRAJ_EXP [safetyCallback: not safe, time:0.037395] |  (prev cycle x1/0.0s)
[1782980407.602][   +103.5s][PLAN_TRAJ_EXP] STATE EXEC_TRAJ -> PLAN_TRAJ_EXP [safetyCallback: not safe, time:0.041530] |  (prev cycle x1/0.0s)
[1782980407.604][   +103.5s][PLAN_TRAJ_EXP] STATE PLAN_TRAJ_EXP -> PLAN_TRAJ_EXP [safetyCallback: not safe, time:0.043917]
[1782980407.645][   +103.5s][EXEC_TRAJ] STATE PLAN_TRAJ_EXP -> EXEC_TRAJ [plan success: new traj pub]
[1782980407.652][   +103.5s][PLAN_TRAJ_EXP] STATE EXEC_TRAJ -> PLAN_TRAJ_EXP [planGlobalPath: succeed]
[1782980407.653][   +103.5s][PLAN_TRAJ_EXP] STATE PLAN_TRAJ_EXP -> PLAN_TRAJ_EXP [safetyCallback: not safe, time:0.038465]
[1782980407.689][   +103.6s][EXEC_TRAJ] STATE PLAN_TRAJ_EXP -> EXEC_TRAJ [plan success: new traj pub]
[1782980407.700][   +103.6s][PLAN_TRAJ_EXP] STATE EXEC_TRAJ -> PLAN_TRAJ_EXP [safetyCallback: not safe, time:0.041077]
[1782980407.704][   +103.6s][PLAN_TRAJ_EXP] STATE PLAN_TRAJ_EXP -> PLAN_TRAJ_EXP [safetyCallback: not safe, time:0.045788]
[1782980407.743][   +103.6s][EXEC_TRAJ] STATE PLAN_TRAJ_EXP -> EXEC_TRAJ [plan success: new traj pub]
[1782980407.754][   +103.6s][PLAN_TRAJ_EXP] STATE EXEC_TRAJ -> PLAN_TRAJ_EXP [safetyCallback: not safe, time:0.041615]
[1782980407.799][   +103.7s][PLAN_TRAJ_EXP] STATE EXEC_TRAJ -> PLAN_TRAJ_EXP [safetyCallback: not safe, time:0.040041] |  (prev cycle x1/0.0s)
[1782980407.804][   +103.7s][PLAN_TRAJ_EXP] STATE PLAN_TRAJ_EXP -> PLAN_TRAJ_EXP [safetyCallback: not safe, time:0.045547]
[1782980407.842][   +103.7s][EXEC_TRAJ] STATE PLAN_TRAJ_EXP -> EXEC_TRAJ [plan success: new traj pub]
[1782980407.854][   +103.7s][PLAN_TRAJ_EXP] STATE EXEC_TRAJ -> PLAN_TRAJ_EXP [safetyCallback: not safe, time:0.041976]
[1782980407.868][   +103.7s][PLAN_TRAJ_EXP] STATE PLAN_TRAJ_EXP -> PLAN_TRAJ_EXP [planGlobalPath: succeed]
[1782980407.868][   +103.7s][PLAN_TRAJ_EXP] STATE PLAN_TRAJ_EXP -> PLAN_TRAJ_EXP [safetyCallback: not safe, time:0.056508]
[1782980407.903][   +103.8s][EXEC_TRAJ] STATE PLAN_TRAJ_EXP -> EXEC_TRAJ [plan success: new traj pub]
[1782980407.905][   +103.8s][PLAN_TRAJ_EXP] STATE EXEC_TRAJ -> PLAN_TRAJ_EXP [safetyCallback: not safe, time:0.031809]
[1782980407.954][   +103.8s][PLAN_TRAJ_EXP] STATE EXEC_TRAJ -> PLAN_TRAJ_EXP [safetyCallback: not safe, time:0.037190] |  (prev cycle x1/0.0s)
[1782980408.000][   +103.9s][PLAN_TRAJ_EXP] STATE EXEC_TRAJ -> PLAN_TRAJ_EXP [safetyCallback: not safe, time:0.040003] |  (prev cycle x1/0.0s)
[1782980408.045][   +103.9s][PLAN_TRAJ_EXP] STATE EXEC_TRAJ -> PLAN_TRAJ_EXP [safetyCallback: not safe, time:0.030843] |  (prev cycle x1/0.0s)
[1782980408.088][   +103.9s][PLAN_TRAJ_EXP] STATE EXEC_TRAJ -> PLAN_TRAJ_EXP [safetyCallback: not safe, time:0.030548] |  (prev cycle x1/0.0s)
[1782980408.096][   +104.0s][PLAN_TRAJ_EXP] GLOBAL result=OK | clusters=2(reach 1) vp=1(reach 1) pipe[tot=2 dorm=1 unreach=0 cons=1 nocand=0 topo=0 novis=0 ok=1] tour=2n/0.5m goal=(4.1, 2.9, 0.9) t=6ms (x4)
[1782980408.097][   +104.0s][PLAN_TRAJ_EXP] STATE PLAN_TRAJ_EXP -> PLAN_TRAJ_EXP [planGlobalPath: succeed]
[1782980408.133][   +104.0s][EXEC_TRAJ] STATE PLAN_TRAJ_EXP -> EXEC_TRAJ [plan success: new traj pub]
[1782980408.136][   +104.0s][PLAN_TRAJ_EXP] STATE EXEC_TRAJ -> PLAN_TRAJ_EXP [safetyCallback: not safe, time:0.032887]
[1782980408.178][   +104.0s][PLAN_TRAJ_EXP] STATE EXEC_TRAJ -> PLAN_TRAJ_EXP [safetyCallback: not safe, time:0.031444] |  (prev cycle x1/0.0s)
[1782980408.222][   +104.1s][PLAN_TRAJ_EXP] STATE EXEC_TRAJ -> PLAN_TRAJ_EXP [safetyCallback: not safe, time:0.031890] |  (prev cycle x1/0.0s)
[1782980408.265][   +104.1s][PLAN_TRAJ_EXP] STATE EXEC_TRAJ -> PLAN_TRAJ_EXP [safetyCallback: not safe, time:0.030728] |  (prev cycle x1/0.0s)
[1782980408.314][   +104.2s][PLAN_TRAJ_EXP] STATE EXEC_TRAJ -> PLAN_TRAJ_EXP [planGlobalPath: succeed] |  (prev cycle x1/0.0s)
[1782980408.316][   +104.2s][PLAN_TRAJ_EXP] STATE PLAN_TRAJ_EXP -> PLAN_TRAJ_EXP [safetyCallback: not safe, time:0.035909]
[1782980408.351][   +104.2s][EXEC_TRAJ] STATE PLAN_TRAJ_EXP -> EXEC_TRAJ [plan success: new traj pub]
[1782980408.352][   +104.2s][PLAN_TRAJ_EXP] STATE EXEC_TRAJ -> PLAN_TRAJ_EXP [safetyCallback: not safe, time:0.030537]
[1782980408.404][   +104.3s][PLAN_TRAJ_EXP] STATE EXEC_TRAJ -> PLAN_TRAJ_EXP [safetyCallback: not safe, time:0.040265] |  (prev cycle x1/0.1s)
[1782980408.450][   +104.3s][PLAN_TRAJ_EXP] STATE EXEC_TRAJ -> PLAN_TRAJ_EXP [safetyCallback: not safe, time:0.041133] |  (prev cycle x1/0.0s)
[1782980408.459][   +104.3s][PLAN_TRAJ_EXP] STATE PLAN_TRAJ_EXP -> PLAN_TRAJ_EXP [safetyCallback: not safe, time:0.050231]
[1782980408.493][   +104.4s][EXEC_TRAJ] STATE PLAN_TRAJ_EXP -> EXEC_TRAJ [plan success: new traj pub]
[1782980408.503][   +104.4s][PLAN_TRAJ_EXP] STATE EXEC_TRAJ -> PLAN_TRAJ_EXP [safetyCallback: not safe, time:0.039847]
[1782980408.582][   +104.4s][PLAN_TRAJ_EXP] STATE EXEC_TRAJ -> PLAN_TRAJ_EXP [planGlobalPath: succeed] |  (prev cycle x1/0.1s)
[1782980408.617][   +104.5s][PLAN_TRAJ_EXP] STATE EXEC_TRAJ -> PLAN_TRAJ_EXP [safetyCallback: not safe, time:0.031331] |  (prev cycle x1/0.0s)
[1782980408.661][   +104.5s][PLAN_TRAJ_EXP] STATE EXEC_TRAJ -> PLAN_TRAJ_EXP [safetyCallback: not safe, time:0.030963] |  (prev cycle x1/0.0s)
[1782980408.704][   +104.6s][PLAN_TRAJ_EXP] STATE EXEC_TRAJ -> PLAN_TRAJ_EXP [safetyCallback: not safe, time:0.031353] |  (prev cycle x1/0.0s)
[1782980408.757][   +104.6s][PLAN_TRAJ_EXP] STATE EXEC_TRAJ -> PLAN_TRAJ_EXP [safetyCallback: not safe, time:0.040025] |  (prev cycle x1/0.1s)
[1782980408.758][   +104.6s][PLAN_TRAJ_EXP] STATE PLAN_TRAJ_EXP -> PLAN_TRAJ_EXP [safetyCallback: not safe, time:0.041748]
[1782980408.801][   +104.7s][EXEC_TRAJ] STATE PLAN_TRAJ_EXP -> EXEC_TRAJ [plan success: new traj pub]
[1782980408.811][   +104.7s][PLAN_TRAJ_EXP] STATE EXEC_TRAJ -> PLAN_TRAJ_EXP [planGlobalPath: succeed]
[1782980408.813][   +104.7s][PLAN_TRAJ_EXP] STATE PLAN_TRAJ_EXP -> PLAN_TRAJ_EXP [safetyCallback: not safe, time:0.042316]
[1782980408.847][   +104.7s][EXEC_TRAJ] STATE PLAN_TRAJ_EXP -> EXEC_TRAJ [plan success: new traj pub]
[1782980408.857][   +104.7s][PLAN_TRAJ_EXP] STATE EXEC_TRAJ -> PLAN_TRAJ_EXP [safetyCallback: not safe, time:0.040018]
[1782980408.859][   +104.7s][PLAN_TRAJ_EXP] STATE PLAN_TRAJ_EXP -> PLAN_TRAJ_EXP [safetyCallback: not safe, time:0.042308]
[1782980408.901][   +104.8s][EXEC_TRAJ] STATE PLAN_TRAJ_EXP -> EXEC_TRAJ [plan success: new traj pub]
[1782980408.902][   +104.8s][PLAN_TRAJ_EXP] STATE EXEC_TRAJ -> PLAN_TRAJ_EXP [safetyCallback: not safe, time:0.031469]
[1782980408.952][   +104.8s][PLAN_TRAJ_EXP] STATE EXEC_TRAJ -> PLAN_TRAJ_EXP [safetyCallback: not safe, time:0.037171] |  (prev cycle x1/0.0s)
[1782980408.998][   +104.9s][PLAN_TRAJ_EXP] STATE EXEC_TRAJ -> PLAN_TRAJ_EXP [safetyCallback: not safe, time:0.040021] |  (prev cycle x1/0.0s)
[1782980409.004][   +104.9s][PLAN_TRAJ_EXP] STATE PLAN_TRAJ_EXP -> PLAN_TRAJ_EXP [safetyCallback: not safe, time:0.045610]
[1782980409.041][   +104.9s][EXEC_TRAJ] STATE PLAN_TRAJ_EXP -> EXEC_TRAJ [plan success: new traj pub]
[1782980409.063][   +104.9s][PLAN_TRAJ_EXP] STATE EXEC_TRAJ -> PLAN_TRAJ_EXP [planGlobalPath: succeed]
[1782980409.098][   +105.0s][PLAN_TRAJ_EXP] STATE EXEC_TRAJ -> PLAN_TRAJ_EXP [safetyCallback: not safe, time:0.031037] |  (prev cycle x1/0.0s)
[1782980409.103][   +105.0s][PLAN_TRAJ_EXP] STATE PLAN_TRAJ_EXP -> PLAN_TRAJ_EXP [safetyCallback: not safe, time:0.035737]
[1782980409.141][   +105.0s][EXEC_TRAJ] STATE PLAN_TRAJ_EXP -> EXEC_TRAJ [plan success: new traj pub]
[1782980409.154][   +105.0s][PLAN_TRAJ_EXP] STATE EXEC_TRAJ -> PLAN_TRAJ_EXP [safetyCallback: not safe, time:0.042465]
[1782980409.200][   +105.1s][PLAN_TRAJ_EXP] STATE EXEC_TRAJ -> PLAN_TRAJ_EXP [safetyCallback: not safe, time:0.039779] |  (prev cycle x1/0.0s)
[1782980409.203][   +105.1s][PLAN_TRAJ_EXP] STATE PLAN_TRAJ_EXP -> PLAN_TRAJ_EXP [safetyCallback: not safe, time:0.042481]
[1782980409.243][   +105.1s][EXEC_TRAJ] STATE PLAN_TRAJ_EXP -> EXEC_TRAJ [plan success: new traj pub]
[1782980409.255][   +105.1s][PLAN_TRAJ_EXP] STATE EXEC_TRAJ -> PLAN_TRAJ_EXP [safetyCallback: not safe, time:0.040890]
[1782980409.300][   +105.2s][EXEC_TRAJ] GLOBAL result=OK | clusters=2(reach 1) vp=1(reach 1) pipe[tot=2 dorm=1 unreach=0 cons=1 nocand=0 topo=0 novis=0 ok=1] tour=2n/0.5m goal=(4.1, 2.9, 0.9) t=9ms (x4)
[1782980409.300][   +105.2s][PLAN_TRAJ_EXP] STATE EXEC_TRAJ -> PLAN_TRAJ_EXP [planGlobalPath: succeed] |  (prev cycle x1/0.0s)
[1782980409.336][   +105.2s][PLAN_TRAJ_EXP] STATE EXEC_TRAJ -> PLAN_TRAJ_EXP [safetyCallback: not safe, time:0.030993] |  (prev cycle x1/0.0s)
[1782980409.379][   +105.2s][PLAN_TRAJ_EXP] STATE EXEC_TRAJ -> PLAN_TRAJ_EXP [safetyCallback: not safe, time:0.031460] |  (prev cycle x1/0.0s)
[1782980409.422][   +105.3s][PLAN_TRAJ_EXP] STATE EXEC_TRAJ -> PLAN_TRAJ_EXP [safetyCallback: not safe, time:0.030741] |  (prev cycle x1/0.0s)
[1782980409.466][   +105.3s][PLAN_TRAJ_EXP] STATE EXEC_TRAJ -> PLAN_TRAJ_EXP [safetyCallback: not safe, time:0.031085] |  (prev cycle x1/0.0s)
[1782980409.516][   +105.4s][PLAN_TRAJ_EXP] STATE EXEC_TRAJ -> PLAN_TRAJ_EXP [planGlobalPath: succeed] |  (prev cycle x1/0.0s)
[1782980409.517][   +105.4s][PLAN_TRAJ_EXP] STATE PLAN_TRAJ_EXP -> PLAN_TRAJ_EXP [safetyCallback: not safe, time:0.037585]
[1782980409.555][   +105.4s][EXEC_TRAJ] STATE PLAN_TRAJ_EXP -> EXEC_TRAJ [plan success: new traj pub]
[1782980409.556][   +105.4s][PLAN_TRAJ_EXP] STATE EXEC_TRAJ -> PLAN_TRAJ_EXP [safetyCallback: not safe, time:0.031723]
[1782980409.602][   +105.5s][PLAN_TRAJ_EXP] STATE EXEC_TRAJ -> PLAN_TRAJ_EXP [safetyCallback: not safe, time:0.034013] |  (prev cycle x1/0.0s)
[1782980409.652][   +105.5s][PLAN_TRAJ_EXP] STATE EXEC_TRAJ -> PLAN_TRAJ_EXP [safetyCallback: not safe, time:0.041778] |  (prev cycle x1/0.1s)
[1782980409.697][   +105.6s][PLAN_TRAJ_EXP] STATE EXEC_TRAJ -> PLAN_TRAJ_EXP [safetyCallback: not safe, time:0.040115] |  (prev cycle x1/0.0s)
[1782980409.742][   +105.6s][PLAN_TRAJ_EXP] STATE EXEC_TRAJ -> PLAN_TRAJ_EXP [safetyCallback: not safe, time:0.031014] |  (prev cycle x1/0.0s)
[1782980409.748][   +105.6s][PLAN_TRAJ_EXP] STATE PLAN_TRAJ_EXP -> PLAN_TRAJ_EXP [planGlobalPath: succeed]
[1782980409.784][   +105.6s][EXEC_TRAJ] STATE PLAN_TRAJ_EXP -> EXEC_TRAJ [plan success: new traj pub]
[1782980409.786][   +105.6s][PLAN_TRAJ_EXP] STATE EXEC_TRAJ -> PLAN_TRAJ_EXP [safetyCallback: not safe, time:0.030348]
[1782980409.829][   +105.7s][PLAN_TRAJ_EXP] STATE EXEC_TRAJ -> PLAN_TRAJ_EXP [safetyCallback: not safe, time:0.030785] |  (prev cycle x1/0.0s)
[1782980409.872][   +105.7s][PLAN_TRAJ_EXP] STATE EXEC_TRAJ -> PLAN_TRAJ_EXP [safetyCallback: not safe, time:0.031965] |  (prev cycle x1/0.0s)
[1782980409.915][   +105.8s][PLAN_TRAJ_EXP] STATE EXEC_TRAJ -> PLAN_TRAJ_EXP [safetyCallback: not safe, time:0.031771] |  (prev cycle x1/0.0s)
[1782980409.965][   +105.8s][PLAN_TRAJ_EXP] STATE EXEC_TRAJ -> PLAN_TRAJ_EXP [planGlobalPath: succeed] |  (prev cycle x1/0.0s)
[1782980409.966][   +105.8s][PLAN_TRAJ_EXP] STATE PLAN_TRAJ_EXP -> PLAN_TRAJ_EXP [safetyCallback: not safe, time:0.039368]
[1782980410.002][   +105.9s][EXEC_TRAJ] STATE PLAN_TRAJ_EXP -> EXEC_TRAJ [plan success: new traj pub]
[1782980410.013][   +105.9s][PLAN_TRAJ_EXP] STATE EXEC_TRAJ -> PLAN_TRAJ_EXP [safetyCallback: not safe, time:0.041980]
[1782980410.020][   +105.9s][PLAN_TRAJ_EXP] STATE PLAN_TRAJ_EXP -> PLAN_TRAJ_EXP [safetyCallback: not safe, time:0.048862]
[1782980410.055][   +105.9s][EXEC_TRAJ] STATE PLAN_TRAJ_EXP -> EXEC_TRAJ [plan success: new traj pub]
[1782980410.057][   +105.9s][PLAN_TRAJ_EXP] STATE EXEC_TRAJ -> PLAN_TRAJ_EXP [safetyCallback: not safe, time:0.031302]
[1782980410.106][   +106.0s][PLAN_TRAJ_EXP] STATE EXEC_TRAJ -> PLAN_TRAJ_EXP [safetyCallback: not safe, time:0.037556] |  (prev cycle x1/0.0s)
[1782980410.152][   +106.0s][PLAN_TRAJ_EXP] STATE EXEC_TRAJ -> PLAN_TRAJ_EXP [safetyCallback: not safe, time:0.040277] |  (prev cycle x1/0.0s)
[1782980410.193][   +106.1s][PLAN_TRAJ_EXP] STATE EXEC_TRAJ -> PLAN_TRAJ_EXP [planGlobalPath: succeed] |  (prev cycle x1/0.0s)
[1782980410.231][   +106.1s][PLAN_TRAJ_EXP] STATE EXEC_TRAJ -> PLAN_TRAJ_EXP [safetyCallback: not safe, time:0.030880] |  (prev cycle x1/0.0s)
[1782980410.276][   +106.1s][PLAN_TRAJ_EXP] STATE EXEC_TRAJ -> PLAN_TRAJ_EXP [safetyCallback: not safe, time:0.031087] |  (prev cycle x1/0.0s)
[1782980410.318][   +106.2s][PLAN_TRAJ_EXP] STATE EXEC_TRAJ -> PLAN_TRAJ_EXP [safetyCallback: not safe, time:0.030213] |  (prev cycle x1/0.0s)
[1782980410.363][   +106.2s][PLAN_TRAJ_EXP] STATE EXEC_TRAJ -> PLAN_TRAJ_EXP [safetyCallback: not safe, time:0.031405] |  (prev cycle x1/0.0s)
[1782980410.441][   +106.3s][EXEC_TRAJ] GLOBAL result=OK | clusters=2(reach 1) vp=1(reach 1) pipe[tot=2 dorm=1 unreach=0 cons=1 nocand=0 topo=0 novis=0 ok=1] tour=2n/0.5m goal=(4.1, 2.9, 0.9) t=36ms (x4)
[1782980410.441][   +106.3s][PLAN_TRAJ_EXP] STATE EXEC_TRAJ -> PLAN_TRAJ_EXP [planGlobalPath: succeed] |  (prev cycle x1/0.1s)
[1782980410.443][   +106.3s][PLAN_TRAJ_EXP] STATE PLAN_TRAJ_EXP -> PLAN_TRAJ_EXP [safetyCallback: not safe, time:0.067704]
[1782980410.477][   +106.3s][EXEC_TRAJ] STATE PLAN_TRAJ_EXP -> EXEC_TRAJ [plan success: new traj pub]
[1782980410.478][   +106.3s][PLAN_TRAJ_EXP] STATE EXEC_TRAJ -> PLAN_TRAJ_EXP [safetyCallback: not safe, time:0.031777]
[1782980410.521][   +106.4s][PLAN_TRAJ_EXP] STATE EXEC_TRAJ -> PLAN_TRAJ_EXP [safetyCallback: not safe, time:0.030755] |  (prev cycle x1/0.0s)
[1782980410.566][   +106.4s][PLAN_TRAJ_EXP] STATE EXEC_TRAJ -> PLAN_TRAJ_EXP [safetyCallback: not safe, time:0.031634] |  (prev cycle x1/0.0s)
[1782980410.608][   +106.5s][PLAN_TRAJ_EXP] STATE EXEC_TRAJ -> PLAN_TRAJ_EXP [safetyCallback: not safe, time:0.030911] |  (prev cycle x1/0.0s)
[1782980410.665][   +106.5s][PLAN_TRAJ_EXP] STATE EXEC_TRAJ -> PLAN_TRAJ_EXP [planGlobalPath: succeed] |  (prev cycle x1/0.1s)
[1782980410.666][   +106.5s][PLAN_TRAJ_EXP] STATE PLAN_TRAJ_EXP -> PLAN_TRAJ_EXP [safetyCallback: not safe, time:0.044796]
[1782980410.701][   +106.6s][EXEC_TRAJ] STATE PLAN_TRAJ_EXP -> EXEC_TRAJ [plan success: new traj pub]
[1782980410.705][   +106.6s][PLAN_TRAJ_EXP] STATE EXEC_TRAJ -> PLAN_TRAJ_EXP [safetyCallback: not safe, time:0.033580]
[1782980410.755][   +106.6s][PLAN_TRAJ_EXP] STATE EXEC_TRAJ -> PLAN_TRAJ_EXP [safetyCallback: not safe, time:0.040365] |  (prev cycle x1/0.1s)
[1782980410.800][   +106.7s][PLAN_TRAJ_EXP] STATE EXEC_TRAJ -> PLAN_TRAJ_EXP [safetyCallback: not safe, time:0.039817] |  (prev cycle x1/0.0s)
[1782980410.804][   +106.7s][PLAN_TRAJ_EXP] STATE PLAN_TRAJ_EXP -> PLAN_TRAJ_EXP [safetyCallback: not safe, time:0.044327]
[1782980410.843][   +106.7s][EXEC_TRAJ] STATE PLAN_TRAJ_EXP -> EXEC_TRAJ [plan success: new traj pub]
[1782980410.853][   +106.7s][PLAN_TRAJ_EXP] STATE EXEC_TRAJ -> PLAN_TRAJ_EXP [safetyCallback: not safe, time:0.040077]
[1782980410.857][   +106.7s][PLAN_TRAJ_EXP] STATE PLAN_TRAJ_EXP -> PLAN_TRAJ_EXP [safetyCallback: not safe, time:0.043935]
[1782980410.897][   +106.8s][EXEC_TRAJ] STATE PLAN_TRAJ_EXP -> EXEC_TRAJ [plan success: new traj pub]
[1782980410.913][   +106.8s][PLAN_TRAJ_EXP] STATE EXEC_TRAJ -> PLAN_TRAJ_EXP [planGlobalPath: succeed]
[1782980410.913][   +106.8s][PLAN_TRAJ_EXP] STATE PLAN_TRAJ_EXP -> PLAN_TRAJ_EXP [safetyCallback: not safe, time:0.045768]
[1782980410.948][   +106.8s][EXEC_TRAJ] STATE PLAN_TRAJ_EXP -> EXEC_TRAJ [plan success: new traj pub]
[1782980410.955][   +106.8s][PLAN_TRAJ_EXP] STATE EXEC_TRAJ -> PLAN_TRAJ_EXP [safetyCallback: not safe, time:0.037851]
[1782980411.001][   +106.9s][PLAN_TRAJ_EXP] STATE EXEC_TRAJ -> PLAN_TRAJ_EXP [safetyCallback: not safe, time:0.040154] |  (prev cycle x1/0.0s)
[1782980411.004][   +106.9s][PLAN_TRAJ_EXP] STATE PLAN_TRAJ_EXP -> PLAN_TRAJ_EXP [safetyCallback: not safe, time:0.043332]
[1782980411.047][   +106.9s][EXEC_TRAJ] STATE PLAN_TRAJ_EXP -> EXEC_TRAJ [plan success: new traj pub]
[1782980411.057][   +106.9s][PLAN_TRAJ_EXP] STATE EXEC_TRAJ -> PLAN_TRAJ_EXP [safetyCallback: not safe, time:0.040358]
[1782980411.060][   +106.9s][PLAN_TRAJ_EXP] STATE PLAN_TRAJ_EXP -> PLAN_TRAJ_EXP [safetyCallback: not safe, time:0.043400]
[1782980411.101][   +107.0s][EXEC_TRAJ] STATE PLAN_TRAJ_EXP -> EXEC_TRAJ [plan success: new traj pub]
[1782980411.105][   +107.0s][PLAN_TRAJ_EXP] STATE EXEC_TRAJ -> PLAN_TRAJ_EXP [safetyCallback: not safe, time:0.034697]
[1782980411.150][   +107.0s][PLAN_TRAJ_EXP] STATE EXEC_TRAJ -> PLAN_TRAJ_EXP [planGlobalPath: succeed] |  (prev cycle x1/0.0s)
[1782980411.190][   +107.1s][PLAN_TRAJ_EXP] STATE EXEC_TRAJ -> PLAN_TRAJ_EXP [safetyCallback: not safe, time:0.029405] |  (prev cycle x1/0.0s)
[1782980411.232][   +107.1s][PLAN_TRAJ_EXP] STATE EXEC_TRAJ -> PLAN_TRAJ_EXP [safetyCallback: not safe, time:0.030496] |  (prev cycle x1/0.0s)
[1782980411.276][   +107.1s][PLAN_TRAJ_EXP] STATE EXEC_TRAJ -> PLAN_TRAJ_EXP [safetyCallback: not safe, time:0.032049] |  (prev cycle x1/0.0s)
[1782980411.319][   +107.2s][PLAN_TRAJ_EXP] STATE EXEC_TRAJ -> PLAN_TRAJ_EXP [safetyCallback: not safe, time:0.031272] |  (prev cycle x1/0.0s)
[1782980411.368][   +107.2s][PLAN_TRAJ_EXP] STATE EXEC_TRAJ -> PLAN_TRAJ_EXP [planGlobalPath: succeed] |  (prev cycle x1/0.0s)
[1782980411.369][   +107.2s][PLAN_TRAJ_EXP] STATE PLAN_TRAJ_EXP -> PLAN_TRAJ_EXP [safetyCallback: not safe, time:0.036970]
[1782980411.406][   +107.3s][EXEC_TRAJ] STATE PLAN_TRAJ_EXP -> EXEC_TRAJ [plan success: new traj pub]
[1782980411.406][   +107.3s][PLAN_TRAJ_EXP] STATE EXEC_TRAJ -> PLAN_TRAJ_EXP [safetyCallback: not safe, time:0.031180]
[1782980411.456][   +107.3s][PLAN_TRAJ_EXP] STATE EXEC_TRAJ -> PLAN_TRAJ_EXP [safetyCallback: not safe, time:0.037725] |  (prev cycle x1/0.1s)
[1782980411.503][   +107.4s][PLAN_TRAJ_EXP] STATE EXEC_TRAJ -> PLAN_TRAJ_EXP [safetyCallback: not safe, time:0.039103] |  (prev cycle x1/0.0s)
[1782980411.548][   +107.4s][PLAN_TRAJ_EXP] STATE EXEC_TRAJ -> PLAN_TRAJ_EXP [safetyCallback: not safe, time:0.040965] |  (prev cycle x1/0.0s)
[1782980411.592][   +107.5s][PLAN_TRAJ_EXP] STATE EXEC_TRAJ -> PLAN_TRAJ_EXP [safetyCallback: not safe, time:0.032295] |  (prev cycle x1/0.0s)
[1782980411.598][   +107.5s][PLAN_TRAJ_EXP] GLOBAL result=OK | clusters=2(reach 1) vp=1(reach 1) pipe[tot=2 dorm=1 unreach=0 cons=1 nocand=0 topo=0 novis=0 ok=1] tour=2n/0.5m goal=(4.1, 2.9, 0.9) t=5ms (x4)
[1782980411.598][   +107.5s][PLAN_TRAJ_EXP] STATE PLAN_TRAJ_EXP -> PLAN_TRAJ_EXP [planGlobalPath: succeed]
[1782980411.635][   +107.5s][EXEC_TRAJ] STATE PLAN_TRAJ_EXP -> EXEC_TRAJ [plan success: new traj pub]
[1782980411.635][   +107.5s][PLAN_TRAJ_EXP] STATE EXEC_TRAJ -> PLAN_TRAJ_EXP [safetyCallback: not safe, time:0.030170]
[1782980411.680][   +107.5s][PLAN_TRAJ_EXP] STATE EXEC_TRAJ -> PLAN_TRAJ_EXP [safetyCallback: not safe, time:0.031361] |  (prev cycle x1/0.0s)
[1782980411.722][   +107.6s][PLAN_TRAJ_EXP] STATE EXEC_TRAJ -> PLAN_TRAJ_EXP [safetyCallback: not safe, time:0.031066] |  (prev cycle x1/0.0s)
[1782980411.767][   +107.6s][PLAN_TRAJ_EXP] STATE EXEC_TRAJ -> PLAN_TRAJ_EXP [safetyCallback: not safe, time:0.030879] |  (prev cycle x1/0.0s)
[1782980411.816][   +107.7s][PLAN_TRAJ_EXP] STATE EXEC_TRAJ -> PLAN_TRAJ_EXP [planGlobalPath: succeed] |  (prev cycle x1/0.0s)
[1782980411.816][   +107.7s][PLAN_TRAJ_EXP] STATE PLAN_TRAJ_EXP -> PLAN_TRAJ_EXP [safetyCallback: not safe, time:0.036553]
[1782980411.821][   +107.7s][PLAN_TRAJ_EXP] STATE PLAN_TRAJ_EXP -> PLAN_TRAJ_EXP [avoidance released: replan from current pose]
[1782980411.821][   +107.7s][PLAN_TRAJ_EXP] AVOID OFF (released, replan from current pose)  <->  ON (obstacle close, reactive layer overrides cmd) | cycling x164 over 102.6s
[1782980411.855][   +107.7s][EXEC_TRAJ] STATE PLAN_TRAJ_EXP -> EXEC_TRAJ [plan success: new traj pub]
[1782980411.857][   +107.7s][PLAN_TRAJ_EXP] STATE EXEC_TRAJ -> PLAN_TRAJ_EXP [safetyCallback: not safe, time:0.031830]
[1782980411.906][   +107.8s][PLAN_TRAJ_EXP] STATE EXEC_TRAJ -> PLAN_TRAJ_EXP [safetyCallback: not safe, time:0.037582] |  (prev cycle x1/0.0s)
[1782980411.955][   +107.8s][PLAN_TRAJ_EXP] STATE EXEC_TRAJ -> PLAN_TRAJ_EXP [safetyCallback: not safe, time:0.043325] |  (prev cycle x1/0.0s)
[1782980411.958][   +107.8s][PLAN_TRAJ_EXP] STATE PLAN_TRAJ_EXP -> PLAN_TRAJ_EXP [safetyCallback: not safe, time:0.046783]
[1782980411.995][   +107.9s][EXEC_TRAJ] STATE PLAN_TRAJ_EXP -> EXEC_TRAJ [plan success: new traj pub]
[1782980412.006][   +107.9s][PLAN_TRAJ_EXP] STATE EXEC_TRAJ -> PLAN_TRAJ_EXP [safetyCallback: not safe, time:0.039027]
[1782980412.006][   +107.9s][PLAN_TRAJ_EXP] STATE PLAN_TRAJ_EXP -> PLAN_TRAJ_EXP [safetyCallback: not safe, time:0.039717]
[1782980412.049][   +107.9s][EXEC_TRAJ] STATE PLAN_TRAJ_EXP -> EXEC_TRAJ [plan success: new traj pub]
[1782980412.055][   +107.9s][PLAN_TRAJ_EXP] STATE EXEC_TRAJ -> PLAN_TRAJ_EXP [planGlobalPath: succeed]
[1782980412.094][   +108.0s][PLAN_TRAJ_EXP] STATE EXEC_TRAJ -> PLAN_TRAJ_EXP [safetyCallback: not safe, time:0.031958] |  (prev cycle x1/0.0s)
[1782980412.102][   +108.0s][PLAN_TRAJ_EXP] STATE PLAN_TRAJ_EXP -> PLAN_TRAJ_EXP [safetyCallback: not safe, time:0.040543]
[1782980412.103][   +108.0s][PLAN_TRAJ_EXP] STUCK no motion >8s in PLAN_TRAJ_EXP | last-local: escape traj (flyToSafeRegion) | pos=(4.13, 2.99, 1.44) still=83s (x88)
[1782980412.136][   +108.0s][EXEC_TRAJ] STATE PLAN_TRAJ_EXP -> EXEC_TRAJ [plan success: new traj pub]
[1782980412.147][   +108.0s][PLAN_TRAJ_EXP] STATE EXEC_TRAJ -> PLAN_TRAJ_EXP [safetyCallback: not safe, time:0.039825]
[1782980412.192][   +108.1s][PLAN_TRAJ_EXP] STATE EXEC_TRAJ -> PLAN_TRAJ_EXP [safetyCallback: not safe, time:0.031700] |  (prev cycle x1/0.0s)
[1782980412.235][   +108.1s][PLAN_TRAJ_EXP] STATE EXEC_TRAJ -> PLAN_TRAJ_EXP [safetyCallback: not safe, time:0.029799] |  (prev cycle x1/0.0s)
[1782980412.282][   +108.1s][PLAN_TRAJ_EXP] STATE EXEC_TRAJ -> PLAN_TRAJ_EXP [safetyCallback: not safe, time:0.033972] |  (prev cycle x1/0.0s)
[1782980412.290][   +108.2s][PLAN_TRAJ_EXP] STATE PLAN_TRAJ_EXP -> PLAN_TRAJ_EXP [planGlobalPath: succeed]
[1782980412.324][   +108.2s][PLAN_TRAJ_EXP] LOCAL EXP OK | why: escape traj (flyToSafeRegion) | t=33.4ms goal_d=0.6m (x107)
[1782980412.324][   +108.2s][EXEC_TRAJ] STATE PLAN_TRAJ_EXP -> EXEC_TRAJ [plan success: new traj pub]
[1782980412.324][   +108.2s][PLAN_TRAJ_EXP] STATE EXEC_TRAJ -> PLAN_TRAJ_EXP [safetyCallback: not safe, time:0.029685]
[1782980412.369][   +108.2s][PLAN_TRAJ_EXP] STATE EXEC_TRAJ -> PLAN_TRAJ_EXP [safetyCallback: not safe, time:0.031415] |  (prev cycle x1/0.0s)
[1782980412.411][   +108.3s][PLAN_TRAJ_EXP] STATE EXEC_TRAJ -> PLAN_TRAJ_EXP [safetyCallback: not safe, time:0.029812] |  (prev cycle x1/0.0s)
[1782980412.456][   +108.3s][PLAN_TRAJ_EXP] STATE EXEC_TRAJ -> PLAN_TRAJ_EXP [safetyCallback: not safe, time:0.031720] |  (prev cycle x1/0.0s)
[1782980412.518][   +108.4s][PLAN_TRAJ_EXP] STATE EXEC_TRAJ -> PLAN_TRAJ_EXP [planGlobalPath: succeed] |  (prev cycle x1/0.1s)
[1782980412.552][   +108.4s][PLAN_TRAJ_EXP] STATE EXEC_TRAJ -> PLAN_TRAJ_EXP [safetyCallback: not safe, time:0.029925] |  (prev cycle x1/0.0s)
[1782980412.554][   +108.4s][PLAN_TRAJ_EXP] STATE PLAN_TRAJ_EXP -> PLAN_TRAJ_EXP [safetyCallback: not safe, time:0.032074]
[1782980412.596][   +108.5s][EXEC_TRAJ] STATE PLAN_TRAJ_EXP -> EXEC_TRAJ [plan success: new traj pub]
[1782980412.603][   +108.5s][PLAN_TRAJ_EXP] STATE EXEC_TRAJ -> PLAN_TRAJ_EXP [safetyCallback: not safe, time:0.036779]
[1782980412.651][   +108.5s][PLAN_TRAJ_EXP] STATE EXEC_TRAJ -> PLAN_TRAJ_EXP [safetyCallback: not safe, time:0.042011] |  (prev cycle x1/0.0s)
[1782980412.658][   +108.5s][PLAN_TRAJ_EXP] STATE PLAN_TRAJ_EXP -> PLAN_TRAJ_EXP [safetyCallback: not safe, time:0.048453]
[1782980412.695][   +108.6s][EXEC_TRAJ] STATE PLAN_TRAJ_EXP -> EXEC_TRAJ [plan success: new traj pub]
[1782980412.702][   +108.6s][PLAN_TRAJ_EXP] STATE EXEC_TRAJ -> PLAN_TRAJ_EXP [safetyCallback: not safe, time:0.037368]
[1782980412.744][   +108.6s][EXEC_TRAJ] GLOBAL result=OK | clusters=2(reach 1) vp=1(reach 1) pipe[tot=2 dorm=1 unreach=0 cons=1 nocand=0 topo=0 novis=0 ok=1] tour=2n/0.6m goal=(4.1, 2.9, 0.9) t=5ms (x4)
[1782980412.744][   +108.6s][PLAN_TRAJ_EXP] STATE EXEC_TRAJ -> PLAN_TRAJ_EXP [planGlobalPath: succeed] |  (prev cycle x1/0.0s)
[1782980412.784][   +108.6s][PLAN_TRAJ_EXP] STATE EXEC_TRAJ -> PLAN_TRAJ_EXP [safetyCallback: not safe, time:0.031691] |  (prev cycle x1/0.0s)
[1782980412.826][   +108.7s][PLAN_TRAJ_EXP] STATE EXEC_TRAJ -> PLAN_TRAJ_EXP [safetyCallback: not safe, time:0.031186] |  (prev cycle x1/0.0s)
[1782980412.871][   +108.7s][PLAN_TRAJ_EXP] STATE EXEC_TRAJ -> PLAN_TRAJ_EXP [safetyCallback: not safe, time:0.031963] |  (prev cycle x1/0.0s)
[1782980412.914][   +108.8s][PLAN_TRAJ_EXP] STATE EXEC_TRAJ -> PLAN_TRAJ_EXP [safetyCallback: not safe, time:0.031369] |  (prev cycle x1/0.0s)
[1782980412.974][   +108.8s][PLAN_TRAJ_EXP] STATE EXEC_TRAJ -> PLAN_TRAJ_EXP [planGlobalPath: succeed] |  (prev cycle x1/0.1s)
[1782980412.975][   +108.8s][PLAN_TRAJ_EXP] STATE PLAN_TRAJ_EXP -> PLAN_TRAJ_EXP [safetyCallback: not safe, time:0.049540]
[1782980413.010][   +108.9s][EXEC_TRAJ] STATE PLAN_TRAJ_EXP -> EXEC_TRAJ [plan success: new traj pub]
[1782980413.011][   +108.9s][PLAN_TRAJ_EXP] STATE EXEC_TRAJ -> PLAN_TRAJ_EXP [safetyCallback: not safe, time:0.032944]
[1782980413.056][   +108.9s][PLAN_TRAJ_EXP] STATE EXEC_TRAJ -> PLAN_TRAJ_EXP [safetyCallback: not safe, time:0.031402] |  (prev cycle x1/0.0s)
[1782980413.103][   +109.0s][PLAN_TRAJ_EXP] STATE EXEC_TRAJ -> PLAN_TRAJ_EXP [safetyCallback: not safe, time:0.034381] |  (prev cycle x1/0.0s)
[1782980413.152][   +109.0s][PLAN_TRAJ_EXP] STATE EXEC_TRAJ -> PLAN_TRAJ_EXP [safetyCallback: not safe, time:0.040379] |  (prev cycle x1/0.0s)
[1782980413.154][   +109.0s][PLAN_TRAJ_EXP] STATE PLAN_TRAJ_EXP -> PLAN_TRAJ_EXP [safetyCallback: not safe, time:0.042380]
[1782980413.195][   +109.1s][EXEC_TRAJ] STATE PLAN_TRAJ_EXP -> EXEC_TRAJ [plan success: new traj pub]
[1782980413.201][   +109.1s][PLAN_TRAJ_EXP] STATE EXEC_TRAJ -> PLAN_TRAJ_EXP [planGlobalPath: succeed]
[1782980413.240][   +109.1s][PLAN_TRAJ_EXP] STATE EXEC_TRAJ -> PLAN_TRAJ_EXP [safetyCallback: not safe, time:0.030766] |  (prev cycle x1/0.0s)
[1782980413.249][   +109.1s][PLAN_TRAJ_EXP] STATE PLAN_TRAJ_EXP -> PLAN_TRAJ_EXP [avoidance released: replan from current pose]
[1782980413.283][   +109.1s][EXEC_TRAJ] STATE PLAN_TRAJ_EXP -> EXEC_TRAJ [plan success: new traj pub]
[1782980413.285][   +109.1s][PLAN_TRAJ_EXP] STATE EXEC_TRAJ -> PLAN_TRAJ_EXP [safetyCallback: not safe, time:0.982004]
[1782980413.328][   +109.2s][PLAN_TRAJ_EXP] LOCAL EXP OK | t=34.0ms goal_d=0.4m (prev cycle x7/72.2s)
[1782980413.821][   +109.7s][EXEC_TRAJ] GLOBAL result=NO_VIEWPOINTS | why: NO_FRONTIER: 0 viewpoints (clusters=0, reachable_clusters=0) pipe[tot=0 dorm=0 unreach=0 cons=0 nocand=0 topo=0 novis=0 ok=0] | clusters=0(reach 0) vp=0(reach 0) pipe[tot=0 dorm=0 unreach=0 cons=0 nocand=0 topo=0 novis=0 ok=0] tour=2n/0.5m goal=(4.1, 2.9, 0.9) t=2ms (prev x2/0.8s)
[1782980413.821][   +109.7s][FINISH] STATE EXEC_TRAJ -> FINISH [planGlobalPath: no frontier] |  (prev cycle x1/0.5s)
[1782980413.829][   +109.7s][FINISH] MISSION FINISH (map fully explored) | pos=(4.40, 2.62, 0.94) elapsed=110s clusters_left=0(reach 0) pipe[tot=0 dorm=0 unreach=0 cons=0 nocand=0 topo=0 novis=0 ok=0]
[1782980414.024][   +109.9s][FINISH] STATE FINISH -> FINISH [planGlobalPath: no frontier]
[1782980414.838][   +110.7s][PLAN_TRAJ_RTH] STATE FINISH -> PLAN_TRAJ_RTH [FINISH: hover done -> return home] |  (prev x3/0.6s)
[1782980414.851][   +110.7s][PLAN_TRAJ_RTH] GLOBAL result=RTH_PATH_OK | why: path to goal: 3 nodes / 5.4m (connected via 1) | clusters=0(reach 0) vp=0(reach 0) pipe[tot=0 dorm=0 unreach=0 cons=0 nocand=0 topo=0 novis=0 ok=0] tour=3n/5.4m goal=(4.1, 2.9, 0.9) t=1ms (prev x4/0.8s)
[1782980414.852][   +110.7s][PLAN_TRAJ_RTH] STATE PLAN_TRAJ_RTH -> PLAN_TRAJ_RTH [planGoalPath: succeed]
[1782980414.852][   +110.7s][PLAN_TRAJ_RTH] RTH d2goal=5.0m | auto-home(xy) dist=5.12m tol=0.20m goal=(-0.00, -0.01, 1.25)
[1782980414.885][   +110.7s][PLAN_TRAJ_RTH] LOCAL RTH FAIL | why: escape: gcopter setup failed | t=33.4ms
[1782980414.886][   +110.7s][PLAN_TRAJ_RTH] STATE PLAN_TRAJ_RTH -> PLAN_TRAJ_RTH [PLAN_TRAJ_RTH: plan failed]
[1782980415.027][   +110.9s][PLAN_TRAJ_RTH] RTH d2goal=5.0m | auto-home(xy) dist=5.11m tol=0.20m goal=(-0.00, -0.01, 1.25) (x3)
[1782980415.070][   +110.9s][PLAN_TRAJ_RTH] RTH d2goal=5.0m | auto-home(xy) dist=5.10m tol=0.20m goal=(-0.00, -0.01, 1.25)
[1782980415.114][   +111.0s][PLAN_TRAJ_RTH] RTH d2goal=5.0m | auto-home(xy) dist=5.09m tol=0.20m goal=(-0.00, -0.01, 1.25)
[1782980415.248][   +111.1s][PLAN_TRAJ_RTH] RTH d2goal=5.0m | auto-home(xy) dist=5.08m tol=0.20m goal=(-0.00, -0.01, 1.25) (x2)
[1782980415.289][   +111.2s][PLAN_TRAJ_RTH] GLOBAL result=RTH_PATH_OK | why: path to goal: 3 nodes / 5.5m (connected via 1) | clusters=0(reach 0) vp=0(reach 0) pipe[tot=0 dorm=0 unreach=0 cons=0 nocand=0 topo=0 novis=0 ok=0] tour=3n/5.5m goal=(0.1, 0.1, 1.5) t=1ms (prev x1/0.2s)
[1782980415.291][   +111.2s][PLAN_TRAJ_RTH] RTH d2goal=5.0m | auto-home(xy) dist=5.07m tol=0.20m goal=(-0.00, -0.01, 1.25)
[1782980415.378][   +111.2s][PLAN_TRAJ_RTH] RTH d2goal=5.0m | auto-home(xy) dist=5.06m tol=0.20m goal=(-0.00, -0.01, 1.25) (x1)
[1782980415.466][   +111.3s][PLAN_TRAJ_RTH] RTH d2goal=5.0m | auto-home(xy) dist=5.05m tol=0.20m goal=(-0.00, -0.01, 1.25) (x1)
[1782980415.553][   +111.4s][PLAN_TRAJ_RTH] RTH d2goal=5.0m | auto-home(xy) dist=5.04m tol=0.20m goal=(-0.00, -0.01, 1.25) (x1)
[1782980415.640][   +111.5s][PLAN_TRAJ_RTH] RTH d2goal=5.0m | auto-home(xy) dist=5.03m tol=0.20m goal=(-0.00, -0.01, 1.25) (x1)
[1782980415.774][   +111.6s][PLAN_TRAJ_RTH] RTH d2goal=5.0m | auto-home(xy) dist=5.02m tol=0.20m goal=(-0.00, -0.01, 1.25) (x2)
[1782980415.908][   +111.8s][PLAN_TRAJ_RTH] RTH d2goal=5.0m | auto-home(xy) dist=5.03m tol=0.20m goal=(-0.00, -0.01, 1.25) (x2)
[1782980416.942][   +112.8s][PLAN_TRAJ_RTH] LOCAL RTH FAIL | why: escape: gcopter setup failed | t=34.4ms (x45)
[1782980417.666][   +113.5s][PLAN_TRAJ_RTH] RTH d2goal=5.0m | auto-home(xy) dist=5.02m tol=0.20m goal=(-0.00, -0.01, 1.25) (x38)
[1782980417.710][   +113.6s][PLAN_TRAJ_RTH] RTH d2goal=5.0m | auto-home(xy) dist=5.03m tol=0.20m goal=(-0.00, -0.01, 1.25)
[1782980417.893][   +113.8s][PLAN_TRAJ_RTH] RTH d2goal=5.0m | auto-home(xy) dist=5.02m tol=0.20m goal=(-0.00, -0.01, 1.25) (x3)
[1782980417.937][   +113.8s][PLAN_TRAJ_RTH] RTH d2goal=5.0m | auto-home(xy) dist=5.03m tol=0.20m goal=(-0.00, -0.01, 1.25)
[1782980417.980][   +113.8s][PLAN_TRAJ_RTH] RTH d2goal=5.0m | auto-home(xy) dist=5.02m tol=0.20m goal=(-0.00, -0.01, 1.25)
[1782980418.509][   +114.4s][PLAN_TRAJ_RTH] RTH d2goal=5.0m | auto-home(xy) dist=5.03m tol=0.20m goal=(-0.00, -0.01, 1.25) (x11)
[1782980418.555][   +114.4s][PLAN_TRAJ_RTH] RTH d2goal=5.0m | auto-home(xy) dist=5.02m tol=0.20m goal=(-0.00, -0.01, 1.25)
[1782980418.736][   +114.6s][PLAN_TRAJ_RTH] RTH d2goal=5.0m | auto-home(xy) dist=5.03m tol=0.20m goal=(-0.00, -0.01, 1.25) (x3)
[1782980418.867][   +114.7s][PLAN_TRAJ_RTH] GLOBAL result=RTH_PATH_OK | why: path to goal: 3 nodes / 5.5m (connected via 1) | clusters=0(reach 0) vp=0(reach 0) pipe[tot=0 dorm=0 unreach=0 cons=0 nocand=0 topo=0 novis=0 ok=0] tour=3n/5.5m goal=(0.1, 0.1, 1.5) t=2ms (x15)
[1782980418.871][   +114.7s][PLAN_TRAJ_RTH] STATE PLAN_TRAJ_RTH -> PLAN_TRAJ_RTH [avoidance released: replan from current pose] |  (prev cycle x35/4.0s)
[1782980418.904][   +114.8s][PLAN_TRAJ_RTH] STATE PLAN_TRAJ_RTH -> PLAN_TRAJ_RTH [PLAN_TRAJ_RTH: plan failed]
[1782980418.948][   +114.8s][PLAN_TRAJ_RTH] LOCAL RTH FAIL | why: escape: gcopter setup failed | t=33.4ms (x44)
[1782980419.086][   +114.9s][PLAN_TRAJ_RTH] STATE PLAN_TRAJ_RTH -> PLAN_TRAJ_RTH [planGoalPath: succeed] |  (prev x4/0.1s)
[1782980419.977][   +115.8s][PLAN_TRAJ_RTH] GLOBAL result=RTH_PATH_OK | why: path to goal: 3 nodes / 5.5m (connected via 1) | clusters=0(reach 0) vp=0(reach 0) pipe[tot=0 dorm=0 unreach=0 cons=0 nocand=0 topo=0 novis=0 ok=0] tour=3n/5.5m goal=(0.1, 0.1, 1.5) t=3ms (x4)
[1782980420.249][   +116.1s][PLAN_TRAJ_RTH] RTH d2goal=5.0m | auto-home(xy) dist=5.02m tol=0.20m goal=(-0.00, -0.01, 1.25) (x33)
[1782980420.692][   +116.6s][PLAN_TRAJ_RTH] RTH d2goal=5.0m | auto-home(xy) dist=5.03m tol=0.20m goal=(-0.00, -0.01, 1.25) (x9)
[1782980420.779][   +116.6s][PLAN_TRAJ_RTH] RTH d2goal=5.0m | auto-home(xy) dist=5.02m tol=0.20m goal=(-0.00, -0.01, 1.25) (x1)
[1782980421.036][   +116.9s][PLAN_TRAJ_RTH] LOCAL RTH FAIL | why: escape: gcopter setup failed | t=33.5ms (x46)
[1782980421.085][   +116.9s][PLAN_TRAJ_RTH] GLOBAL result=RTH_PATH_OK | why: path to goal: 3 nodes / 5.5m (connected via 1) | clusters=0(reach 0) vp=0(reach 0) pipe[tot=0 dorm=0 unreach=0 cons=0 nocand=0 topo=0 novis=0 ok=0] tour=3n/5.5m goal=(0.1, 0.1, 1.5) t=1ms (x4)
[1782980421.091][   +117.0s][PLAN_TRAJ_RTH] RTH d2goal=5.0m | auto-home(xy) dist=5.03m tol=0.20m goal=(-0.00, -0.01, 1.25) (x6)
