# console (/rosout_agg) log for epic_2026-07-02-19-48-05.bag
# started at 2026-07-02-19-48-05
[INFO] [1782989285.997] [/record_on_goal]: [record_on_goal] event log -> /home/hmcl/stack1/src/EPIC_poongsan/src/EPIC/src/global_planner/exploration_manager/records/epic_2026-07-02-19-48-05/epic_2026-07-02-19-48-05.events.log
[INFO] [1782989286.002] [/record_on_goal]: [record_on_goal] recording started (pid 25585) -> /home/hmcl/stack1/src/EPIC_poongsan/src/EPIC/src/global_planner/exploration_manager/records/epic_2026-07-02-19-48-05/epic_2026-07-02-19-48-05.bag
[INFO] [1782989286.520] [/exploration_node]: [EV] [1782989286.520][     +1.6s][WAIT_TRIGGER] BATT 24.0V | v=24.03V pct=62%
[INFO] [1782989287.211] [/mavros]: HP: requesting home position
[INFO] [1782989288.517] [/exploration_node]: [EV] [1782989288.517][     +3.6s][WAIT_TRIGGER] BATT 24.0V | v=24.03V pct=61%
[INFO] [1782989290.520] [/exploration_node]: [EV] [1782989290.520][     +5.6s][WAIT_TRIGGER] BATT 24.0V | v=24.03V pct=62%
[WARN] [1782989290.936] [/exploration_node]: wait for trigger.
[WARN] [1782989295.946] [/exploration_node]: wait for trigger.
[INFO] [1782989296.484] [/exploration_node]: [EV] [1782989296.484][    +11.6s][WAIT_TRIGGER] PX4 mode=POSCTL armed=1 | prev=POSCTL
[INFO] [1782989297.113] [/rvizvisualisation]: Setting goal: Frame:world, Position(4.047, -2.883, 0.000), Orientation(0.000, 0.000, 0.984, 0.181) = Angle: 2.778

[INFO] [1782989297.114] [/exploration_node]: [EV] [1782989297.114][     +0.0s][WAIT_TRIGGER] EVENT 2D-Nav-Goal trigger | trigger received | pos=(0.02, -0.04, -0.05)
[INFO] [1782989297.114] [/exploration_node]: [EV] [1782989297.114][     +0.0s][WAIT_TRIGGER] PARAM box | down=[-150, -150, 0.4] up=[150, 150, 2]
[INFO] [1782989297.114] [/exploration_node]: [EV] [1782989297.114][     +0.0s][WAIT_TRIGGER] PARAM corridor | DilateSoft=0.60 DilateHard=0.45 MaxCorridor=4.0 MaxVel=1.0 max_traj_len=10.0 safe_dist=0.60 bubble_min_r=0.61
[INFO] [1782989297.114] [/exploration_node]: [EV] [1782989297.114][     +0.0s][WAIT_TRIGGER] PARAM frontier | cell=0.40 cluster_sz=[1.0, 5.0] minpts=5 dphi=0.26 znum=3 good_dir_score=0.60
[INFO] [1782989297.114] [/exploration_node]: [EV] [1782989297.114][     +0.0s][WAIT_TRIGGER] PARAM viewpoint | pillar_r=[0.5, 2.0]x8 h=[-1.0, 1.0]x5 circle_n=4 local_tsp=12
[INFO] [1782989297.114] [/exploration_node]: [EV] [1782989297.114][     +0.0s][WAIT_TRIGGER] PARAM fsm | takeoff_h=1.10 goal_tol=0.20 replan_t=0.20 emerg_err=3.0 max_hz=30 avoid_to=0.5 auto_rth_land=1 rth_land_xy_tol=0.20 avoidance=1
[INFO] [1782989297.114] [/exploration_node]: [EV] [1782989297.114][     +0.0s][WAIT_TRIGGER] PARAM topics | odom=/Odometry cloud=/cloud_registered
[INFO] [1782989297.114] [/exploration_node]: [EV] [1782989297.114][     +0.0s][TAKEOFF_HOVER] STATE WAIT_TRIGGER -> TAKEOFF_HOVER [triggerCallback: takeoff & hover]
[INFO] [1782989297.211] [/mavros]: HP: requesting home position
[INFO] [1782989298.483] [/exploration_node]: [EV] [1782989298.483][     +1.4s][TAKEOFF_HOVER] PX4 mode=OFFBOARD armed=1 | prev=POSCTL
[INFO] [1782989298.521] [/exploration_node]: [EV] [1782989298.521][     +1.4s][TAKEOFF_HOVER] BATT 24.0V | v=24.04V pct=62% (x3)
[INFO] [1782989300.514] [/exploration_node]: [EV] [1782989300.514][     +3.4s][TAKEOFF_HOVER] BATT 23.5V | v=23.77V pct=64%
[INFO] [1782989302.512] [/exploration_node]: [EV] [1782989302.512][     +5.4s][TAKEOFF_HOVER] BATT 23.0V | v=23.30V pct=55%
[INFO] [1782989304.519] [/exploration_node]: [EV] [1782989304.519][     +7.4s][TAKEOFF_HOVER] BATT 23.0V | v=23.09V pct=51%
[INFO] [1782989304.958] [/exploration_node]: [EV] [1782989304.958][     +7.8s][PLAN_TRAJ_EXP] STATE TAKEOFF_HOVER -> PLAN_TRAJ_EXP [takeoff: altitude reached & stable -> explore]
[INFO] [1782989305.178] [/exploration_node]: [EV] [1782989305.178][     +8.1s][PLAN_TRAJ_EXP] GLOBAL result=OK | clusters=1(reach 1) vp=1(reach 1) pipe[tot=1 dorm=0 unreach=0 cons=1 nocand=0 topo=0 novis=0 ok=1] tour=2n/8.2m goal=(0.0, 0.0, 0.0) t=28ms
[INFO] [1782989305.178] [/exploration_node]: [EV] [1782989305.178][     +8.1s][PLAN_TRAJ_EXP] STATE PLAN_TRAJ_EXP -> PLAN_TRAJ_EXP [planGlobalPath: succeed]
[WARN] [1782989305.179] [/exploration_node]: [local-plan] fast-searcher: no path odom->goal
[WARN] [1782989305.179] [/exploration_node]: [EV] [1782989305.179][     +8.1s][PLAN_TRAJ_EXP] LOCAL EXP FAIL | why: fast-searcher: no path odom->goal | t=0.1ms goal_d=1.0m
[WARN] [1782989305.179] [/exploration_node]: [EV] [1782989305.179][     +8.1s][PLAN_TRAJ_EXP] STATE PLAN_TRAJ_EXP -> PLAN_TRAJ_EXP [PLAN_TRAJ_EXP: plan failed]
[INFO] [1782989305.351] [/epic_rosbag_recorder]: Subscribing to /exploration_node/viewpoint_centers
[INFO] [1782989305.353] [/epic_rosbag_recorder]: Subscribing to /exploration_node/occ
[INFO] [1782989305.354] [/epic_rosbag_recorder]: Subscribing to /exploration_node/pocc
[INFO] [1782989305.355] [/epic_rosbag_recorder]: Subscribing to /exploration_node/frt
[INFO] [1782989305.458] [/exploration_node]: [EV] [1782989305.458][     +8.3s][PLAN_TRAJ_EXP] LOCAL EXP OK | t=33.4ms goal_d=8.2m (prev x19/0.3s)
[INFO] [1782989305.458] [/exploration_node]: [EV] [1782989305.458][     +8.3s][EXEC_TRAJ] STATE PLAN_TRAJ_EXP -> EXEC_TRAJ [plan success: new traj pub] |  (prev cycle x1/0.3s)
[WARN] [1782989305.460] [/exploration_node]: [EV] [1782989305.460][     +8.3s][PLAN_TRAJ_EXP] STATE EXEC_TRAJ -> PLAN_TRAJ_EXP [safetyCallback: not safe, time:5.783038]
[WARN] [1782989305.507] [/exploration_node]: [EV] [1782989305.507][     +8.4s][PLAN_TRAJ_EXP] STATE EXEC_TRAJ -> PLAN_TRAJ_EXP [safetyCallback: not safe, time:5.236298] |  (prev cycle x1/0.0s)
[WARN] [1782989305.555] [/exploration_node]: [EV] [1782989305.555][     +8.4s][PLAN_TRAJ_EXP] STATE EXEC_TRAJ -> PLAN_TRAJ_EXP [safetyCallback: not safe, time:5.741454] |  (prev cycle x1/0.0s)
[INFO] [1782989305.556] [/traj_server]: [32m[Metrics] Mission started[0m
[WARN] [1782989305.557] [/exploration_node]: [EV] [1782989305.557][     +8.4s][PLAN_TRAJ_EXP] STATE PLAN_TRAJ_EXP -> PLAN_TRAJ_EXP [safetyCallback: not safe, time:5.743484]
[INFO] [1782989305.599] [/exploration_node]: [EV] [1782989305.599][     +8.5s][EXEC_TRAJ] STATE PLAN_TRAJ_EXP -> EXEC_TRAJ [plan success: new traj pub]
[WARN] [1782989305.607] [/exploration_node]: [EV] [1782989305.607][     +8.5s][PLAN_TRAJ_EXP] STATE EXEC_TRAJ -> PLAN_TRAJ_EXP [safetyCallback: not safe, time:5.639822]
[INFO] [1782989306.177] [/exploration_node]: [EV] [1782989306.176][     +9.1s][PLAN_TRAJ_EXP] STATE EXEC_TRAJ -> PLAN_TRAJ_EXP [planGlobalPath: succeed] |  (prev cycle x1/0.6s)
[INFO] [1782989306.517] [/exploration_node]: [EV] [1782989306.517][     +9.4s][EXEC_TRAJ] BATT 22.5V | v=22.99V pct=51%
[INFO] [1782989306.684] [/exploration_node]: [EV] [1782989306.684][     +9.6s][EXEC_TRAJ] GLOBAL result=OK | clusters=1(reach 1) vp=1(reach 1) pipe[tot=1 dorm=0 unreach=0 cons=1 nocand=0 topo=0 novis=0 ok=1] tour=2n/8.0m goal=(7.4, 3.9, 0.5) t=46ms (x2)
[INFO] [1782989307.211] [/mavros]: HP: requesting home position
[INFO] [1782989308.157] [/exploration_node]: [EV] [1782989308.154][    +11.0s][EXEC_TRAJ] GLOBAL result=OK | clusters=1(reach 1) vp=1(reach 1) pipe[tot=1 dorm=0 unreach=0 cons=1 nocand=0 topo=0 novis=0 ok=1] tour=2n/7.9m goal=(7.4, 3.9, 0.4) t=40ms (x1)
[INFO] [1782989308.513] [/exploration_node]: [EV] [1782989308.513][    +11.4s][EXEC_TRAJ] BATT 22.5V | v=22.86V pct=47%
[INFO] [1782989309.397] [/exploration_node]: [EV] [1782989309.397][    +12.3s][EXEC_TRAJ] GLOBAL result=OK | clusters=1(reach 1) vp=1(reach 1) pipe[tot=1 dorm=0 unreach=0 cons=1 nocand=0 topo=0 novis=0 ok=1] tour=2n/8.2m goal=(7.4, 3.9, 0.4) t=49ms (x1)
[WARN] [1782989310.112] [/exploration_node]: [local-plan] next goal too close to occupancy -> re-run global
[INFO] [1782989310.134] [/exploration_node]: [EV] [1782989310.134][    +13.0s][PLAN_TRAJ_EXP] STATE PLAN_TRAJ_EXP -> PLAN_TRAJ_EXP [planGlobalPath: succeed] |  (prev cycle x12/4.0s)
[WARN] [1782989310.134] [/exploration_node]: [EV] [1782989310.134][    +13.0s][PLAN_TRAJ_EXP] LOCAL EXP FAIL | why: next goal too close to occupancy -> re-run global | t=21.7ms goal_d=6.9m (prev x10/4.6s)
[WARN] [1782989310.134] [/exploration_node]: [EV] [1782989310.134][    +13.0s][PLAN_TRAJ_EXP] STATE PLAN_TRAJ_EXP -> PLAN_TRAJ_EXP [PLAN_TRAJ_EXP: plan failed]
[INFO] [1782989310.227] [/exploration_node]: [EV] [1782989310.227][    +13.1s][EXEC_TRAJ] STATE PLAN_TRAJ_EXP -> EXEC_TRAJ [plan success: new traj pub] |  (prev cycle x4/0.1s)
[WARN] [1782989310.269] [/local_avoidance]: [local_avoidance] ACTIVATED  (min_dist=0.52 m, idx=6970)
[WARN] [1782989310.296] [/px4_ctrl_bridge]: [px4_bridge] AVOIDANCE ACTIVE -> forwarding /target_avoidance
[WARN] [1782989310.297] [/exploration_node]: [EV] [1782989310.297][    +13.2s][EXEC_TRAJ] AVOID ON (obstacle close, reactive layer overrides cmd) | pos=(1.59, -0.77, 0.75)
[INFO] [1782989310.318] [/local_avoidance]: [local_avoidance] avoiding...  min_dist=0.51 m
[INFO] [1782989310.352] [/epic_rosbag_recorder]: Subscribing to /mem_cost
[INFO] [1782989310.353] [/epic_rosbag_recorder]: Subscribing to /mem_cost_2
[INFO] [1782989310.354] [/epic_rosbag_recorder]: Subscribing to /mem_cost_3
[INFO] [1782989310.515] [/exploration_node]: [EV] [1782989310.515][    +13.4s][EXEC_TRAJ] BATT 22.5V | v=22.72V pct=45%
[INFO] [1782989310.826] [/exploration_node]: [EV] [1782989310.826][    +13.7s][EXEC_TRAJ] GLOBAL result=OK | clusters=1(reach 1) vp=1(reach 1) pipe[tot=1 dorm=0 unreach=0 cons=1 nocand=0 topo=0 novis=0 ok=1] tour=2n/7.6m goal=(7.2, 4.3, 0.5) t=26ms (x4)
[INFO] [1782989310.826] [/exploration_node]: [EV] [1782989310.826][    +13.7s][PLAN_TRAJ_EXP] STATE EXEC_TRAJ -> PLAN_TRAJ_EXP [planGlobalPath: succeed]
[WARN] [1782989310.828] [/exploration_node]: [local-plan] start not in corridor (static start; corridor pieces=23)
[INFO] [1782989310.861] [/exploration_node]: [EV] [1782989310.861][    +13.7s][PLAN_TRAJ_EXP] LOCAL EXP OK | why: escape traj (flyToSafeRegion) | t=34.3ms goal_d=7.5m (prev cycle x1/0.7s)
[WARN] [1782989310.863] [/exploration_node]: [EV] [1782989310.863][    +13.7s][PLAN_TRAJ_EXP] STATE EXEC_TRAJ -> PLAN_TRAJ_EXP [safetyCallback: not safe, time:0.033719] |  (prev cycle x1/0.0s)
[WARN] [1782989310.867] [/exploration_node]: [EV] [1782989310.867][    +13.8s][PLAN_TRAJ_EXP] STATE PLAN_TRAJ_EXP -> PLAN_TRAJ_EXP [safetyCallback: not safe, time:0.037671]
[INFO] [1782989310.904] [/exploration_node]: [EV] [1782989310.904][    +13.8s][EXEC_TRAJ] STATE PLAN_TRAJ_EXP -> EXEC_TRAJ [plan success: new traj pub]
[WARN] [1782989310.908] [/exploration_node]: [EV] [1782989310.907][    +13.8s][PLAN_TRAJ_EXP] STATE EXEC_TRAJ -> PLAN_TRAJ_EXP [safetyCallback: not safe, time:0.034344]
[WARN] [1782989310.959] [/exploration_node]: [EV] [1782989310.959][    +13.8s][PLAN_TRAJ_EXP] STATE EXEC_TRAJ -> PLAN_TRAJ_EXP [safetyCallback: not safe, time:0.042211] |  (prev cycle x1/0.1s)
[WARN] [1782989311.004] [/exploration_node]: [EV] [1782989311.004][    +13.9s][PLAN_TRAJ_EXP] STATE EXEC_TRAJ -> PLAN_TRAJ_EXP [safetyCallback: not safe, time:0.041947] |  (prev cycle x1/0.0s)
[WARN] [1782989311.013] [/exploration_node]: [EV] [1782989311.013][    +13.9s][PLAN_TRAJ_EXP] STATE PLAN_TRAJ_EXP -> PLAN_TRAJ_EXP [safetyCallback: not safe, time:0.050287]
[INFO] [1782989311.047] [/exploration_node]: [EV] [1782989311.047][    +13.9s][EXEC_TRAJ] STATE PLAN_TRAJ_EXP -> EXEC_TRAJ [plan success: new traj pub]
[INFO] [1782989311.081] [/exploration_node]: [EV] [1782989311.081][    +14.0s][PLAN_TRAJ_EXP] STATE EXEC_TRAJ -> PLAN_TRAJ_EXP [planGlobalPath: succeed]
[WARN] [1782989311.117] [/exploration_node]: [EV] [1782989311.117][    +14.0s][PLAN_TRAJ_EXP] STATE EXEC_TRAJ -> PLAN_TRAJ_EXP [safetyCallback: not safe, time:0.032408] |  (prev cycle x1/0.0s)
[WARN] [1782989311.161] [/exploration_node]: [EV] [1782989311.161][    +14.0s][PLAN_TRAJ_EXP] STATE EXEC_TRAJ -> PLAN_TRAJ_EXP [safetyCallback: not safe, time:0.031592] |  (prev cycle x1/0.0s)
[WARN] [1782989311.208] [/exploration_node]: [EV] [1782989311.208][    +14.1s][PLAN_TRAJ_EXP] STATE EXEC_TRAJ -> PLAN_TRAJ_EXP [safetyCallback: not safe, time:0.035416] |  (prev cycle x1/0.0s)
[WARN] [1782989311.215] [/exploration_node]: [local-plan] escape: gcopter setup failed
[WARN] [1782989311.246] [/exploration_node]: [EV] [1782989311.246][    +14.1s][PLAN_TRAJ_EXP] LOCAL EXP FAIL | why: escape: gcopter setup failed | t=33.4ms goal_d=7.4m (prev x7/0.3s)
[WARN] [1782989311.246] [/exploration_node]: [EV] [1782989311.246][    +14.1s][PLAN_TRAJ_EXP] STATE PLAN_TRAJ_EXP -> PLAN_TRAJ_EXP [PLAN_TRAJ_EXP: plan failed]
[WARN] [1782989311.257] [/exploration_node]: [EV] [1782989311.257][    +14.1s][PLAN_TRAJ_EXP] STATE PLAN_TRAJ_EXP -> PLAN_TRAJ_EXP [safetyCallback: not safe, time:0.085052]
[WARN] [1782989311.297] [/px4_ctrl_bridge]: [px4_bridge] AVOIDANCE ACTIVE -> forwarding /target_avoidance
[INFO] [1782989311.318] [/exploration_node]: [EV] [1782989311.318][    +14.2s][PLAN_TRAJ_EXP] STATE PLAN_TRAJ_EXP -> PLAN_TRAJ_EXP [planGlobalPath: succeed] |  (prev cycle x1/0.1s)
[INFO] [1782989311.319] [/local_avoidance]: [local_avoidance] avoiding...  min_dist=0.49 m
[INFO] [1782989311.469] [/local_avoidance]: [local_avoidance] DEACTIVATED
[WARN] [1782989311.493] [/exploration_node]: [EV] [1782989311.493][    +14.4s][PLAN_TRAJ_EXP] STATE PLAN_TRAJ_EXP -> PLAN_TRAJ_EXP [avoidance released: replan from current pose] |  (prev cycle x1/0.2s)
[INFO] [1782989311.493] [/exploration_node]: [EV] [1782989311.493][    +14.4s][PLAN_TRAJ_EXP] AVOID OFF (released, replan from current pose) | dur=1.2s
[WARN] [1782989311.496] [/px4_ctrl_bridge]: [px4_bridge] avoidance released -> published /planning/replan
[INFO] [1782989311.557] [/exploration_node]: [EV] [1782989311.557][    +14.4s][PLAN_TRAJ_EXP] STATE PLAN_TRAJ_EXP -> PLAN_TRAJ_EXP [planGlobalPath: succeed] |  (prev cycle x1/0.1s)
[INFO] [1782989311.591] [/exploration_node]: [EV] [1782989311.591][    +14.5s][PLAN_TRAJ_EXP] LOCAL EXP OK | t=33.6ms goal_d=7.7m (prev x6/0.3s)
[INFO] [1782989311.591] [/exploration_node]: [EV] [1782989311.591][    +14.5s][EXEC_TRAJ] STATE PLAN_TRAJ_EXP -> EXEC_TRAJ [plan success: new traj pub]
[INFO] [1782989312.228] [/exploration_node]: [EV] [1782989312.228][    +15.1s][EXEC_TRAJ] GLOBAL result=OK | clusters=1(reach 1) vp=1(reach 1) pipe[tot=1 dorm=0 unreach=0 cons=1 nocand=0 topo=0 novis=0 ok=1] tour=2n/6.5m goal=(6.8, 4.6, 0.5) t=29ms (x3)
[INFO] [1782989312.228] [/exploration_node]: [EV] [1782989312.228][    +15.1s][PLAN_TRAJ_EXP] STATE EXEC_TRAJ -> PLAN_TRAJ_EXP [planGlobalPath: succeed]
[INFO] [1782989312.508] [/exploration_node]: [EV] [1782989312.508][    +15.4s][EXEC_TRAJ] BATT 22.5V | v=22.72V pct=40%
[INFO] [1782989313.563] [/exploration_node]: [EV] [1782989313.563][    +16.4s][EXEC_TRAJ] GLOBAL result=OK | clusters=1(reach 1) vp=1(reach 1) pipe[tot=1 dorm=0 unreach=0 cons=1 nocand=0 topo=0 novis=0 ok=1] tour=2n/6.6m goal=(6.1, 4.8, 0.5) t=31ms (x1)
[WARN] [1782989314.476] [/exploration_node]: [EV] [1782989314.476][    +17.4s][EXEC_TRAJ] PX4 mode=POSCTL armed=1 (LEFT OFFBOARD: pilot takeover or failsafe) | prev=OFFBOARD
[INFO] [1782989314.509] [/exploration_node]: [EV] [1782989314.509][    +17.4s][EXEC_TRAJ] BATT 22.5V | v=22.71V pct=39%
[WARN] [1782989314.569] [/local_avoidance]: [local_avoidance] ACTIVATED  (min_dist=0.54 m, idx=2251)
[WARN] [1782989314.596] [/px4_ctrl_bridge]: [px4_bridge] AVOIDANCE ACTIVE -> forwarding /target_avoidance
[INFO] [1782989314.618] [/local_avoidance]: [local_avoidance] avoiding...  min_dist=0.53 m
[INFO] [1782989314.867] [/exploration_node]: [EV] [1782989314.867][    +17.8s][EXEC_TRAJ] GLOBAL result=OK | clusters=2(reach 1) vp=1(reach 1) pipe[tot=2 dorm=1 unreach=0 cons=1 nocand=0 topo=0 novis=0 ok=1] tour=2n/8.6m goal=(6.2, 5.0, 0.6) t=21ms (x1)
[WARN] [1782989314.869] [/exploration_node]: [local-plan] start not in corridor (static start; corridor pieces=25)
[WARN] [1782989314.869] [/exploration_node]: [local-plan] escape: gcopter setup failed
[WARN] [1782989314.901] [/exploration_node]: [EV] [1782989314.901][    +17.8s][PLAN_TRAJ_EXP] STATE PLAN_TRAJ_EXP -> PLAN_TRAJ_EXP [PLAN_TRAJ_EXP: plan failed] |  (prev cycle x8/2.7s)
[WARN] [1782989314.945] [/exploration_node]: [EV] [1782989314.945][    +17.8s][PLAN_TRAJ_EXP] LOCAL EXP FAIL | why: escape: gcopter setup failed | t=33.4ms goal_d=6.9m (x4)
[INFO] [1782989315.103] [/exploration_node]: [EV] [1782989315.103][    +18.0s][PLAN_TRAJ_EXP] STATE PLAN_TRAJ_EXP -> PLAN_TRAJ_EXP [planGlobalPath: succeed] |  (prev x4/0.2s)
[WARN] [1782989315.328] [/exploration_node]: [EV] [1782989315.328][    +18.2s][PLAN_TRAJ_EXP] GLOBAL result=NO_VIEWPOINTS | why: NO_FRONTIER: 0 viewpoints (clusters=1, reachable_clusters=0) pipe[tot=1 dorm=1 unreach=0 cons=0 nocand=0 topo=0 novis=0 ok=0] | clusters=1(reach 0) vp=0(reach 0) pipe[tot=1 dorm=1 unreach=0 cons=0 nocand=0 topo=0 novis=0 ok=0] tour=2n/8.5m goal=(7.7, 6.0, 0.5) t=16ms (prev x1/0.2s)
[INFO] [1782989315.328] [/exploration_node]: [EV] [1782989315.328][    +18.2s][FINISH] STATE PLAN_TRAJ_EXP -> FINISH [planGlobalPath: no frontier] |  (prev cycle x1/0.2s)
[WARN] [1782989315.332] [/exploration_node]: [EV] [1782989315.332][    +18.2s][FINISH] MISSION FINISH (premature? unreached clusters remain) | pos=(2.45, -0.83, 0.31) elapsed=18s clusters_left=1(reach 0) pipe[tot=1 dorm=1 unreach=0 cons=0 nocand=0 topo=0 novis=0 ok=0]
[INFO] [1782989315.332] [/exploration_node]: [32m[FINISH] exploration done -> hover 1.0s, then return home & land[0m
[WARN] [1782989315.544] [/exploration_node]: [EV] [1782989315.543][    +18.4s][FINISH] GLOBAL result=NO_VIEWPOINTS | why: NO_FRONTIER: 0 viewpoints (clusters=0, reachable_clusters=0) pipe[tot=0 dorm=0 unreach=0 cons=0 nocand=0 topo=0 novis=0 ok=0] | clusters=0(reach 0) vp=0(reach 0) pipe[tot=0 dorm=0 unreach=0 cons=0 nocand=0 topo=0 novis=0 ok=0] tour=2n/8.5m goal=(7.7, 6.0, 0.5) t=13ms
[INFO] [1782989315.544] [/exploration_node]: [EV] [1782989315.544][    +18.4s][FINISH] STATE FINISH -> FINISH [planGlobalPath: no frontier]
[WARN] [1782989315.596] [/px4_ctrl_bridge]: [px4_bridge] AVOIDANCE ACTIVE -> forwarding /target_avoidance
[INFO] [1782989315.668] [/local_avoidance]: [local_avoidance] avoiding...  min_dist=0.42 m
[INFO] [1782989316.334] [/exploration_node]: [EV] [1782989316.334][    +19.2s][PLAN_TRAJ_RTH] STATE FINISH -> PLAN_TRAJ_RTH [FINISH: hover done -> return home] |  (prev x3/0.6s)
[INFO] [1782989316.341] [/exploration_node]: [EV] [1782989316.341][    +19.2s][PLAN_TRAJ_RTH] RTH d2goal=2.5m | auto-home(xy) dist=2.67m tol=0.20m goal=(0.02, -0.04, 1.10)
[INFO] [1782989316.341] [/traj_server]: [33m[Metrics] RTH mode activated at index 200 (current state: PLAN_TRAJ_RTH)[0m
[INFO] [1782989316.355] [/exploration_node]: [33m[Path Simplification] Reduced path from 4 to 3 nodes, 2 collision checks, 0.05 ms[0m
[INFO] [1782989316.355] [/exploration_node]:   Segment 1: 3.08 m
[INFO] [1782989316.355] [/exploration_node]:   Segment 2: 0.38 m
[WARN] [1782989316.363] [/exploration_node]: [RTH] local plan failed: escape: gcopter setup failed
[WARN] [1782989316.375] [/exploration_node]: [EV] [1782989316.375][    +19.3s][PLAN_TRAJ_RTH] LOCAL RTH FAIL | why: escape: gcopter setup failed | t=33.4ms (prev cycle x1/4.8s)
[WARN] [1782989316.375] [/exploration_node]: [EV] [1782989316.375][    +19.3s][PLAN_TRAJ_RTH] STATE PLAN_TRAJ_RTH -> PLAN_TRAJ_RTH [PLAN_TRAJ_RTH: plan failed]
[INFO] [1782989316.420] [/exploration_node]: [33m[Path Simplification] Reduced path from 4 to 3 nodes, 2 collision checks, 0.04 ms[0m
[INFO] [1782989316.420] [/exploration_node]:   Segment 1: 3.10 m
[INFO] [1782989316.420] [/exploration_node]:   Segment 2: 0.38 m
[INFO] [1782989316.421] [/exploration_node]: [EV] [1782989316.421][    +19.3s][PLAN_TRAJ_RTH] GLOBAL result=RTH_PATH_OK | why: path to goal: 3 nodes / 3.5m (connected via 4) | clusters=0(reach 0) vp=0(reach 0) pipe[tot=0 dorm=0 unreach=0 cons=0 nocand=0 topo=0 novis=0 ok=0] tour=3n/3.5m goal=(0.1, 0.1, 1.4) t=16ms (prev x3/0.7s)
[INFO] [1782989316.421] [/exploration_node]: [EV] [1782989316.421][    +19.3s][PLAN_TRAJ_RTH] STATE PLAN_TRAJ_RTH -> PLAN_TRAJ_RTH [planGoalPath: succeed]
[INFO] [1782989316.421] [/exploration_node]: [EV] [1782989316.421][    +19.3s][PLAN_TRAJ_RTH] RTH d2goal=2.5m | auto-home(xy) dist=2.68m tol=0.20m goal=(0.02, -0.04, 1.10)
[INFO] [1782989316.435] [/exploration_node]: [33m[Path Simplification] Reduced path from 4 to 3 nodes, 2 collision checks, 0.03 ms[0m
[INFO] [1782989316.435] [/exploration_node]:   Segment 1: 3.10 m
[INFO] [1782989316.435] [/exploration_node]:   Segment 2: 0.38 m
[INFO] [1782989316.465] [/exploration_node]: [EV] [1782989316.465][    +19.4s][PLAN_TRAJ_RTH] RTH d2goal=2.5m | auto-home(xy) dist=2.70m tol=0.20m goal=(0.02, -0.04, 1.10)
[INFO] [1782989316.479] [/exploration_node]: [33m[Path Simplification] Reduced path from 4 to 3 nodes, 2 collision checks, 0.04 ms[0m
[INFO] [1782989316.479] [/exploration_node]:   Segment 1: 3.14 m
[INFO] [1782989316.479] [/exploration_node]:   Segment 2: 0.38 m
[INFO] [1782989316.509] [/exploration_node]: [EV] [1782989316.509][    +19.4s][PLAN_TRAJ_RTH] BATT 22.5V | v=22.86V pct=37%
[INFO] [1782989316.509] [/exploration_node]: [EV] [1782989316.509][    +19.4s][PLAN_TRAJ_RTH] RTH d2goal=2.5m | auto-home(xy) dist=2.71m tol=0.20m goal=(0.02, -0.04, 1.10)
[INFO] [1782989316.523] [/exploration_node]: [33m[Path Simplification] Reduced path from 4 to 3 nodes, 2 collision checks, 0.05 ms[0m
[INFO] [1782989316.523] [/exploration_node]:   Segment 1: 3.15 m
[INFO] [1782989316.523] [/exploration_node]:   Segment 2: 0.38 m
[INFO] [1782989316.568] [/exploration_node]: [33m[Path Simplification] Reduced path from 4 to 3 nodes, 2 collision checks, 0.06 ms[0m
[INFO] [1782989316.568] [/exploration_node]:   Segment 1: 3.15 m
[INFO] [1782989316.568] [/exploration_node]:   Segment 2: 0.38 m
[WARN] [1782989316.606] [/px4_ctrl_bridge]: [px4_bridge] AVOIDANCE ACTIVE -> forwarding /target_avoidance
[INFO] [1782989316.612] [/exploration_node]: [33m[Path Simplification] Reduced path from 4 to 3 nodes, 2 collision checks, 0.03 ms[0m
[INFO] [1782989316.612] [/exploration_node]:   Segment 1: 3.16 m
[INFO] [1782989316.612] [/exploration_node]:   Segment 2: 0.38 m
[INFO] [1782989316.670] [/local_avoidance]: [local_avoidance] avoiding...  min_dist=0.32 m
[INFO] [1782989316.678] [/exploration_node]: [33m[Path Simplification] Reduced path from 4 to 3 nodes, 2 collision checks, 0.03 ms[0m
[INFO] [1782989316.678] [/exploration_node]:   Segment 1: 3.16 m
[INFO] [1782989316.678] [/exploration_node]:   Segment 2: 0.38 m
[INFO] [1782989316.691] [/exploration_node]: [33m[Path Simplification] Reduced path from 4 to 3 nodes, 2 collision checks, 0.03 ms[0m
[INFO] [1782989316.691] [/exploration_node]:   Segment 1: 3.16 m
[INFO] [1782989316.691] [/exploration_node]:   Segment 2: 0.38 m
[INFO] [1782989316.735] [/exploration_node]: [33m[Path Simplification] Reduced path from 4 to 3 nodes, 2 collision checks, 0.03 ms[0m
[INFO] [1782989316.735] [/exploration_node]:   Segment 1: 3.15 m
[INFO] [1782989316.735] [/exploration_node]:   Segment 2: 0.38 m
[INFO] [1782989316.778] [/exploration_node]: [33m[Path Simplification] Reduced path from 4 to 3 nodes, 2 collision checks, 0.03 ms[0m
[INFO] [1782989316.778] [/exploration_node]:   Segment 1: 3.15 m
[INFO] [1782989316.778] [/exploration_node]:   Segment 2: 0.38 m
[INFO] [1782989316.822] [/exploration_node]: [33m[Path Simplification] Reduced path from 4 to 3 nodes, 2 collision checks, 0.03 ms[0m
[INFO] [1782989316.822] [/exploration_node]:   Segment 1: 3.15 m
[INFO] [1782989316.822] [/exploration_node]:   Segment 2: 0.38 m
[INFO] [1782989316.865] [/exploration_node]: [33m[Path Simplification] Reduced path from 4 to 3 nodes, 2 collision checks, 0.03 ms[0m
[INFO] [1782989316.865] [/exploration_node]:   Segment 1: 3.15 m
[INFO] [1782989316.865] [/exploration_node]:   Segment 2: 0.38 m
[WARN] [1782989316.873] [/exploration_node]: [local-plan] start not in corridor (static start; corridor pieces=6)
[WARN] [1782989316.873] [/exploration_node]: [local-plan] escape: gcopter setup failed
[INFO] [1782989316.915] [/exploration_node]: [33m[Path Simplification] Reduced path from 4 to 3 nodes, 2 collision checks, 0.03 ms[0m
[INFO] [1782989316.915] [/exploration_node]:   Segment 1: 3.14 m
[INFO] [1782989316.915] [/exploration_node]:   Segment 2: 0.38 m
[INFO] [1782989316.929] [/exploration_node]: [33m[Path Simplification] Reduced path from 4 to 3 nodes, 2 collision checks, 0.03 ms[0m
[INFO] [1782989316.929] [/exploration_node]:   Segment 1: 3.14 m
[INFO] [1782989316.929] [/exploration_node]:   Segment 2: 0.38 m
[INFO] [1782989316.972] [/exploration_node]: [33m[Path Simplification] Reduced path from 4 to 3 nodes, 2 collision checks, 0.04 ms[0m
[INFO] [1782989316.972] [/exploration_node]:   Segment 1: 3.14 m
[INFO] [1782989316.972] [/exploration_node]:   Segment 2: 0.38 m
[INFO] [1782989317.015] [/exploration_node]: [33m[Path Simplification] Reduced path from 4 to 3 nodes, 2 collision checks, 0.03 ms[0m
[INFO] [1782989317.016] [/exploration_node]:   Segment 1: 3.14 m
[INFO] [1782989317.016] [/exploration_node]:   Segment 2: 0.38 m
[INFO] [1782989317.063] [/exploration_node]: [33m[Path Simplification] Reduced path from 4 to 3 nodes, 2 collision checks, 0.03 ms[0m
[INFO] [1782989317.063] [/exploration_node]:   Segment 1: 3.14 m
[INFO] [1782989317.063] [/exploration_node]:   Segment 2: 0.38 m
[INFO] [1782989317.106] [/exploration_node]: [33m[Path Simplification] Reduced path from 4 to 3 nodes, 2 collision checks, 0.03 ms[0m
[INFO] [1782989317.106] [/exploration_node]:   Segment 1: 3.14 m
[INFO] [1782989317.106] [/exploration_node]:   Segment 2: 0.38 m
[INFO] [1782989317.165] [/exploration_node]: [33m[Path Simplification] Reduced path from 4 to 3 nodes, 2 collision checks, 0.03 ms[0m
[INFO] [1782989317.165] [/exploration_node]:   Segment 1: 3.13 m
[INFO] [1782989317.165] [/exploration_node]:   Segment 2: 0.38 m
[INFO] [1782989317.179] [/exploration_node]: [33m[Path Simplification] Reduced path from 4 to 3 nodes, 2 collision checks, 0.03 ms[0m
[INFO] [1782989317.179] [/exploration_node]:   Segment 1: 3.13 m
[INFO] [1782989317.179] [/exploration_node]:   Segment 2: 0.38 m
[INFO] [1782989317.211] [/mavros]: HP: requesting home position
[INFO] [1782989317.222] [/exploration_node]: [33m[Path Simplification] Reduced path from 4 to 3 nodes, 2 collision checks, 0.03 ms[0m
[INFO] [1782989317.222] [/exploration_node]:   Segment 1: 3.13 m
[INFO] [1782989317.222] [/exploration_node]:   Segment 2: 0.38 m
[INFO] [1782989317.268] [/exploration_node]: [33m[Path Simplification] Reduced path from 4 to 3 nodes, 2 collision checks, 0.03 ms[0m
[INFO] [1782989317.268] [/exploration_node]:   Segment 1: 3.13 m
[INFO] [1782989317.268] [/exploration_node]:   Segment 2: 0.38 m
[INFO] [1782989317.300] [/exploration_node]: [EV] [1782989317.300][    +20.2s][PLAN_TRAJ_RTH] RTH d2goal=2.5m | auto-home(xy) dist=2.72m tol=0.20m goal=(0.02, -0.04, 1.10) (x15)
[INFO] [1782989317.312] [/exploration_node]: [33m[Path Simplification] Reduced path from 4 to 3 nodes, 2 collision checks, 0.03 ms[0m
[INFO] [1782989317.312] [/exploration_node]:   Segment 1: 3.13 m
[INFO] [1782989317.312] [/exploration_node]:   Segment 2: 0.38 m
[INFO] [1782989317.356] [/exploration_node]: [33m[Path Simplification] Reduced path from 4 to 3 nodes, 2 collision checks, 0.04 ms[0m
[INFO] [1782989317.356] [/exploration_node]:   Segment 1: 3.13 m
[INFO] [1782989317.356] [/exploration_node]:   Segment 2: 0.38 m
[INFO] [1782989317.428] [/exploration_node]: [33m[Path Simplification] Reduced path from 4 to 3 nodes, 2 collision checks, 0.03 ms[0m
[INFO] [1782989317.428] [/exploration_node]:   Segment 1: 3.13 m
[INFO] [1782989317.428] [/exploration_node]:   Segment 2: 0.38 m
[INFO] [1782989317.429] [/exploration_node]: [EV] [1782989317.429][    +20.3s][PLAN_TRAJ_RTH] GLOBAL result=RTH_PATH_OK | why: path to goal: 3 nodes / 3.5m (connected via 4) | clusters=0(reach 0) vp=0(reach 0) pipe[tot=0 dorm=0 unreach=0 cons=0 nocand=0 topo=0 novis=0 ok=0] tour=3n/3.5m goal=(0.1, 0.1, 1.4) t=14ms (x3)
[INFO] [1782989317.441] [/exploration_node]: [33m[Path Simplification] Reduced path from 4 to 3 nodes, 2 collision checks, 0.03 ms[0m
[INFO] [1782989317.441] [/exploration_node]:   Segment 1: 3.13 m
[INFO] [1782989317.441] [/exploration_node]:   Segment 2: 0.38 m
[INFO] [1782989317.485] [/exploration_node]: [33m[Path Simplification] Reduced path from 4 to 3 nodes, 2 collision checks, 0.03 ms[0m
[INFO] [1782989317.485] [/exploration_node]:   Segment 1: 3.13 m
[INFO] [1782989317.485] [/exploration_node]:   Segment 2: 0.38 m
[INFO] [1782989317.516] [/exploration_node]: [EV] [1782989317.516][    +20.4s][PLAN_TRAJ_RTH] RTH d2goal=2.5m | auto-home(xy) dist=2.71m tol=0.20m goal=(0.02, -0.04, 1.10) (x3)
[INFO] [1782989317.528] [/exploration_node]: [33m[Path Simplification] Reduced path from 4 to 3 nodes, 2 collision checks, 0.03 ms[0m
[INFO] [1782989317.528] [/exploration_node]:   Segment 1: 3.12 m
[INFO] [1782989317.528] [/exploration_node]:   Segment 2: 0.38 m
[INFO] [1782989317.572] [/exploration_node]: [33m[Path Simplification] Reduced path from 4 to 3 nodes, 2 collision checks, 0.03 ms[0m
[INFO] [1782989317.572] [/exploration_node]:   Segment 1: 3.12 m
[INFO] [1782989317.572] [/exploration_node]:   Segment 2: 0.38 m
[WARN] [1782989317.606] [/px4_ctrl_bridge]: [px4_bridge] AVOIDANCE ACTIVE -> forwarding /target_avoidance
[INFO] [1782989317.618] [/exploration_node]: [33m[Path Simplification] Reduced path from 4 to 3 nodes, 2 collision checks, 0.06 ms[0m
[INFO] [1782989317.618] [/exploration_node]:   Segment 1: 3.12 m
[INFO] [1782989317.618] [/exploration_node]:   Segment 2: 0.38 m
[INFO] [1782989317.664] [/exploration_node]: [33m[Path Simplification] Reduced path from 4 to 3 nodes, 2 collision checks, 0.06 ms[0m
[INFO] [1782989317.664] [/exploration_node]:   Segment 1: 3.12 m
[INFO] [1782989317.664] [/exploration_node]:   Segment 2: 0.38 m
[INFO] [1782989317.679] [/exploration_node]: [33m[Path Simplification] Reduced path from 4 to 3 nodes, 2 collision checks, 0.05 ms[0m
[INFO] [1782989317.679] [/exploration_node]:   Segment 1: 3.12 m
[INFO] [1782989317.679] [/exploration_node]:   Segment 2: 0.38 m
[INFO] [1782989317.719] [/local_avoidance]: [local_avoidance] avoiding...  min_dist=0.32 m
[INFO] [1782989317.709] [/exploration_node]: [EV] [1782989317.709][    +20.6s][PLAN_TRAJ_RTH] RTH d2goal=2.5m | auto-home(xy) dist=2.72m tol=0.20m goal=(0.02, -0.04, 1.10) (x3)
[INFO] [1782989317.723] [/exploration_node]: [33m[Path Simplification] Reduced path from 4 to 3 nodes, 2 collision checks, 0.04 ms[0m
[INFO] [1782989317.723] [/exploration_node]:   Segment 1: 3.12 m
[INFO] [1782989317.723] [/exploration_node]:   Segment 2: 0.38 m
[INFO] [1782989317.767] [/exploration_node]: [33m[Path Simplification] Reduced path from 4 to 3 nodes, 2 collision checks, 0.05 ms[0m
[INFO] [1782989317.767] [/exploration_node]:   Segment 1: 3.12 m
[INFO] [1782989317.767] [/exploration_node]:   Segment 2: 0.38 m
[INFO] [1782989317.812] [/exploration_node]: [33m[Path Simplification] Reduced path from 4 to 3 nodes, 2 collision checks, 0.03 ms[0m
[INFO] [1782989317.812] [/exploration_node]:   Segment 1: 3.12 m
[INFO] [1782989317.812] [/exploration_node]:   Segment 2: 0.38 m
[INFO] [1782989317.856] [/exploration_node]: [33m[Path Simplification] Reduced path from 4 to 3 nodes, 2 collision checks, 0.05 ms[0m
[INFO] [1782989317.856] [/exploration_node]:   Segment 1: 3.12 m
[INFO] [1782989317.856] [/exploration_node]:   Segment 2: 0.38 m
[INFO] [1782989317.899] [/exploration_node]: [33m[Path Simplification] Reduced path from 4 to 3 nodes, 2 collision checks, 0.04 ms[0m
[INFO] [1782989317.899] [/exploration_node]:   Segment 1: 3.12 m
[INFO] [1782989317.899] [/exploration_node]:   Segment 2: 0.38 m
[INFO] [1782989317.913] [/exploration_node]: [33m[Path Simplification] Reduced path from 4 to 3 nodes, 2 collision checks, 0.04 ms[0m
[INFO] [1782989317.913] [/exploration_node]:   Segment 1: 3.12 m
[INFO] [1782989317.913] [/exploration_node]:   Segment 2: 0.38 m
[INFO] [1782989317.958] [/exploration_node]: [33m[Path Simplification] Reduced path from 4 to 3 nodes, 2 collision checks, 0.04 ms[0m
[INFO] [1782989317.958] [/exploration_node]:   Segment 1: 3.12 m
[INFO] [1782989317.958] [/exploration_node]:   Segment 2: 0.38 m
[INFO] [1782989318.002] [/exploration_node]: [33m[Path Simplification] Reduced path from 4 to 3 nodes, 2 collision checks, 0.07 ms[0m
[INFO] [1782989318.002] [/exploration_node]:   Segment 1: 3.12 m
[INFO] [1782989318.002] [/exploration_node]:   Segment 2: 0.38 m
[INFO] [1782989318.045] [/exploration_node]: [33m[Path Simplification] Reduced path from 4 to 3 nodes, 2 collision checks, 0.04 ms[0m
[INFO] [1782989318.045] [/exploration_node]:   Segment 1: 3.12 m
[INFO] [1782989318.045] [/exploration_node]:   Segment 2: 0.38 m
[INFO] [1782989318.088] [/exploration_node]: [33m[Path Simplification] Reduced path from 4 to 3 nodes, 2 collision checks, 0.04 ms[0m
[INFO] [1782989318.088] [/exploration_node]:   Segment 1: 3.12 m
[INFO] [1782989318.088] [/exploration_node]:   Segment 2: 0.38 m
[INFO] [1782989318.134] [/exploration_node]: [33m[Path Simplification] Reduced path from 4 to 3 nodes, 2 collision checks, 0.03 ms[0m
[INFO] [1782989318.134] [/exploration_node]:   Segment 1: 3.12 m
[INFO] [1782989318.134] [/exploration_node]:   Segment 2: 0.38 m
[INFO] [1782989318.148] [/exploration_node]: [33m[Path Simplification] Reduced path from 4 to 3 nodes, 2 collision checks, 0.03 ms[0m
[INFO] [1782989318.148] [/exploration_node]:   Segment 1: 3.12 m
[INFO] [1782989318.148] [/exploration_node]:   Segment 2: 0.38 m
[INFO] [1782989318.192] [/exploration_node]: [33m[Path Simplification] Reduced path from 4 to 3 nodes, 2 collision checks, 0.03 ms[0m
[INFO] [1782989318.192] [/exploration_node]:   Segment 1: 3.12 m
[INFO] [1782989318.192] [/exploration_node]:   Segment 2: 0.38 m
[INFO] [1782989318.225] [/exploration_node]: [EV] [1782989318.225][    +21.1s][PLAN_TRAJ_RTH] RTH d2goal=2.5m | auto-home(xy) dist=2.71m tol=0.20m goal=(0.02, -0.04, 1.10) (x10)
[INFO] [1782989318.236] [/exploration_node]: [33m[Path Simplification] Reduced path from 4 to 3 nodes, 2 collision checks, 0.03 ms[0m
[INFO] [1782989318.236] [/exploration_node]:   Segment 1: 3.12 m
[INFO] [1782989318.236] [/exploration_node]:   Segment 2: 0.38 m
[INFO] [1782989318.269] [/exploration_node]: [EV] [1782989318.269][    +21.2s][PLAN_TRAJ_RTH] RTH d2goal=2.5m | auto-home(xy) dist=2.72m tol=0.20m goal=(0.02, -0.04, 1.10)
[INFO] [1782989318.282] [/exploration_node]: [33m[Path Simplification] Reduced path from 4 to 3 nodes, 2 collision checks, 0.04 ms[0m
[INFO] [1782989318.282] [/exploration_node]:   Segment 1: 3.12 m
[INFO] [1782989318.282] [/exploration_node]:   Segment 2: 0.38 m
[INFO] [1782989318.312] [/exploration_node]: [EV] [1782989318.312][    +21.2s][PLAN_TRAJ_RTH] RTH d2goal=2.5m | auto-home(xy) dist=2.71m tol=0.20m goal=(0.02, -0.04, 1.10)
[INFO] [1782989318.324] [/exploration_node]: [33m[Path Simplification] Reduced path from 4 to 3 nodes, 2 collision checks, 0.03 ms[0m
[INFO] [1782989318.324] [/exploration_node]:   Segment 1: 3.12 m
[INFO] [1782989318.324] [/exploration_node]:   Segment 2: 0.38 m
[INFO] [1782989318.363] [/exploration_node]: [33m[Path Simplification] Reduced path from 4 to 3 nodes, 2 collision checks, 0.03 ms[0m
[INFO] [1782989318.364] [/exploration_node]:   Segment 1: 3.12 m
[INFO] [1782989318.364] [/exploration_node]:   Segment 2: 0.38 m
[INFO] [1782989318.376] [/exploration_node]: [33m[Path Simplification] Reduced path from 4 to 3 nodes, 2 collision checks, 0.03 ms[0m
[INFO] [1782989318.376] [/exploration_node]:   Segment 1: 3.12 m
[INFO] [1782989318.376] [/exploration_node]:   Segment 2: 0.38 m
[WARN] [1782989318.384] [/exploration_node]: [RTH] local plan failed: escape: gcopter setup failed
[INFO] [1782989318.408] [/exploration_node]: [EV] [1782989318.408][    +21.3s][PLAN_TRAJ_RTH] RTH d2goal=2.5m | auto-home(xy) dist=2.72m tol=0.20m goal=(0.02, -0.04, 1.10) (x1)
[INFO] [1782989318.419] [/exploration_node]: [33m[Path Simplification] Reduced path from 4 to 3 nodes, 2 collision checks, 0.03 ms[0m
[INFO] [1782989318.419] [/exploration_node]:   Segment 1: 3.12 m
[INFO] [1782989318.419] [/exploration_node]:   Segment 2: 0.38 m
[WARN] [1782989318.442] [/exploration_node]: [EV] [1782989318.442][    +21.3s][PLAN_TRAJ_RTH] LOCAL RTH FAIL | why: escape: gcopter setup failed | t=33.5ms (x41)
[INFO] [1782989318.465] [/exploration_node]: [33m[Path Simplification] Reduced path from 4 to 3 nodes, 2 collision checks, 0.05 ms[0m
[INFO] [1782989318.465] [/exploration_node]:   Segment 1: 3.12 m
[INFO] [1782989318.465] [/exploration_node]:   Segment 2: 0.38 m
[INFO] [1782989318.507] [/exploration_node]: [33m[Path Simplification] Reduced path from 4 to 3 nodes, 2 collision checks, 0.03 ms[0m
[INFO] [1782989318.507] [/exploration_node]:   Segment 1: 3.12 m
[INFO] [1782989318.507] [/exploration_node]:   Segment 2: 0.38 m
[INFO] [1782989318.554] [/exploration_node]: [33m[Path Simplification] Reduced path from 4 to 3 nodes, 2 collision checks, 0.06 ms[0m
[INFO] [1782989318.554] [/exploration_node]:   Segment 1: 3.12 m
[INFO] [1782989318.554] [/exploration_node]:   Segment 2: 0.38 m
[INFO] [1782989318.604] [/exploration_node]: [33m[Path Simplification] Reduced path from 4 to 3 nodes, 2 collision checks, 0.04 ms[0m
[INFO] [1782989318.604] [/exploration_node]:   Segment 1: 3.12 m
[INFO] [1782989318.604] [/exploration_node]:   Segment 2: 0.38 m
[WARN] [1782989318.606] [/px4_ctrl_bridge]: [px4_bridge] AVOIDANCE ACTIVE -> forwarding /target_avoidance
[INFO] [1782989318.605] [/exploration_node]: [EV] [1782989318.605][    +21.5s][PLAN_TRAJ_RTH] GLOBAL result=RTH_PATH_OK | why: path to goal: 3 nodes / 3.5m (connected via 4) | clusters=0(reach 0) vp=0(reach 0) pipe[tot=0 dorm=0 unreach=0 cons=0 nocand=0 topo=0 novis=0 ok=0] tour=3n/3.5m goal=(0.1, 0.1, 1.4) t=15ms (x4)
[INFO] [1782989318.621] [/exploration_node]: [33m[Path Simplification] Reduced path from 4 to 3 nodes, 2 collision checks, 0.06 ms[0m
[INFO] [1782989318.621] [/exploration_node]:   Segment 1: 3.12 m
[INFO] [1782989318.621] [/exploration_node]:   Segment 2: 0.38 m
[INFO] [1782989318.663] [/exploration_node]: [33m[Path Simplification] Reduced path from 4 to 3 nodes, 2 collision checks, 0.04 ms[0m
[INFO] [1782989318.663] [/exploration_node]:   Segment 1: 3.12 m
[INFO] [1782989318.663] [/exploration_node]:   Segment 2: 0.38 m
[INFO] [1782989318.707] [/exploration_node]: [33m[Path Simplification] Reduced path from 4 to 3 nodes, 2 collision checks, 0.05 ms[0m
[INFO] [1782989318.707] [/exploration_node]:   Segment 1: 3.12 m
[INFO] [1782989318.707] [/exploration_node]:   Segment 2: 0.38 m
[INFO] [1782989318.750] [/exploration_node]: [33m[Path Simplification] Reduced path from 4 to 3 nodes, 2 collision checks, 0.03 ms[0m
[INFO] [1782989318.750] [/exploration_node]:   Segment 1: 3.12 m
[INFO] [1782989318.750] [/exploration_node]:   Segment 2: 0.38 m
[INFO] [1782989318.768] [/local_avoidance]: [local_avoidance] avoiding...  min_dist=0.33 m
[INFO] [1782989318.796] [/exploration_node]: [33m[Path Simplification] Reduced path from 4 to 3 nodes, 2 collision checks, 0.05 ms[0m
[INFO] [1782989318.796] [/exploration_node]:   Segment 1: 3.13 m
[INFO] [1782989318.796] [/exploration_node]:   Segment 2: 0.38 m
[INFO] [1782989318.838] [/exploration_node]: [33m[Path Simplification] Reduced path from 4 to 3 nodes, 2 collision checks, 0.04 ms[0m
[INFO] [1782989318.838] [/exploration_node]:   Segment 1: 3.13 m
[INFO] [1782989318.838] [/exploration_node]:   Segment 2: 0.38 m
[INFO] [1782989318.855] [/exploration_node]: [33m[Path Simplification] Reduced path from 4 to 3 nodes, 2 collision checks, 0.05 ms[0m
[INFO] [1782989318.855] [/exploration_node]:   Segment 1: 3.12 m
[INFO] [1782989318.855] [/exploration_node]:   Segment 2: 0.38 m
[INFO] [1782989318.899] [/exploration_node]: [33m[Path Simplification] Reduced path from 4 to 3 nodes, 2 collision checks, 0.05 ms[0m
[INFO] [1782989318.899] [/exploration_node]:   Segment 1: 3.12 m
[INFO] [1782989318.899] [/exploration_node]:   Segment 2: 0.38 m
[WARN] [1782989318.907] [/exploration_node]: [local-plan] start not in corridor (static start; corridor pieces=6)
[WARN] [1782989318.907] [/exploration_node]: [local-plan] escape: gcopter setup failed
[INFO] [1782989318.928] [/exploration_node]: [EV] [1782989318.928][    +21.8s][PLAN_TRAJ_RTH] RTH d2goal=2.5m | auto-home(xy) dist=2.71m tol=0.20m goal=(0.02, -0.04, 1.10) (x10)
[INFO] [1782989318.942] [/exploration_node]: [33m[Path Simplification] Reduced path from 4 to 3 nodes, 2 collision checks, 0.05 ms[0m
[INFO] [1782989318.942] [/exploration_node]:   Segment 1: 3.12 m
[INFO] [1782989318.942] [/exploration_node]:   Segment 2: 0.38 m
[INFO] [1782989318.972] [/exploration_node]: [EV] [1782989318.972][    +21.9s][PLAN_TRAJ_RTH] RTH d2goal=2.5m | auto-home(xy) dist=2.72m tol=0.20m goal=(0.02, -0.04, 1.10)
[INFO] [1782989318.986] [/exploration_node]: [33m[Path Simplification] Reduced path from 4 to 3 nodes, 2 collision checks, 0.05 ms[0m
[INFO] [1782989318.986] [/exploration_node]:   Segment 1: 3.13 m
[INFO] [1782989318.986] [/exploration_node]:   Segment 2: 0.38 m
[INFO] [1782989319.027] [/exploration_node]: [33m[Path Simplification] Reduced path from 4 to 3 nodes, 2 collision checks, 0.03 ms[0m
[INFO] [1782989319.027] [/exploration_node]:   Segment 1: 3.13 m
[INFO] [1782989319.027] [/exploration_node]:   Segment 2: 0.38 m
[INFO] [1782989319.072] [/exploration_node]: [33m[Path Simplification] Reduced path from 4 to 3 nodes, 2 collision checks, 0.04 ms[0m
[INFO] [1782989319.072] [/exploration_node]:   Segment 1: 3.13 m
[INFO] [1782989319.072] [/exploration_node]:   Segment 2: 0.38 m
[INFO] [1782989319.090] [/exploration_node]: [33m[Path Simplification] Reduced path from 4 to 3 nodes, 2 collision checks, 0.04 ms[0m
[INFO] [1782989319.090] [/exploration_node]:   Segment 1: 3.13 m
[INFO] [1782989319.090] [/exploration_node]:   Segment 2: 0.38 m
[INFO] [1782989319.135] [/exploration_node]: [33m[Path Simplification] Reduced path from 4 to 3 nodes, 2 collision checks, 0.04 ms[0m
[INFO] [1782989319.135] [/exploration_node]:   Segment 1: 3.12 m
[INFO] [1782989319.135] [/exploration_node]:   Segment 2: 0.38 m
[INFO] [1782989319.178] [/exploration_node]: [33m[Path Simplification] Reduced path from 4 to 3 nodes, 2 collision checks, 0.04 ms[0m
[INFO] [1782989319.178] [/exploration_node]:   Segment 1: 3.13 m
[INFO] [1782989319.178] [/exploration_node]:   Segment 2: 0.38 m
[INFO] [1782989319.209] [/exploration_node]: [EV] [1782989319.209][    +22.1s][PLAN_TRAJ_RTH] RTH d2goal=2.5m | auto-home(xy) dist=2.71m tol=0.20m goal=(0.02, -0.04, 1.10) (x4)
[INFO] [1782989319.223] [/exploration_node]: [33m[Path Simplification] Reduced path from 4 to 3 nodes, 2 collision checks, 0.05 ms[0m
[INFO] [1782989319.223] [/exploration_node]:   Segment 1: 3.12 m
[INFO] [1782989319.223] [/exploration_node]:   Segment 2: 0.38 m
[INFO] [1782989319.273] [/exploration_node]: [33m[Path Simplification] Reduced path from 4 to 3 nodes, 2 collision checks, 0.05 ms[0m
[INFO] [1782989319.273] [/exploration_node]:   Segment 1: 3.12 m
[INFO] [1782989319.273] [/exploration_node]:   Segment 2: 0.38 m
[INFO] [1782989319.317] [/exploration_node]: [33m[Path Simplification] Reduced path from 4 to 3 nodes, 2 collision checks, 0.05 ms[0m
[INFO] [1782989319.317] [/exploration_node]:   Segment 1: 3.13 m
[INFO] [1782989319.317] [/exploration_node]:   Segment 2: 0.38 m
[INFO] [1782989319.319] [/exploration_node]: [EV] [1782989319.319][    +22.2s][PLAN_TRAJ_RTH] RTH d2goal=2.5m | auto-home(xy) dist=2.72m tol=0.20m goal=(0.02, -0.04, 1.10) (x1)
[INFO] [1782989319.333] [/exploration_node]: [33m[Path Simplification] Reduced path from 4 to 3 nodes, 2 collision checks, 0.05 ms[0m
[INFO] [1782989319.333] [/exploration_node]:   Segment 1: 3.13 m
[INFO] [1782989319.333] [/exploration_node]:   Segment 2: 0.38 m
[INFO] [1782989319.362] [/exploration_node]: [EV] [1782989319.362][    +22.2s][PLAN_TRAJ_RTH] RTH d2goal=2.5m | auto-home(xy) dist=2.71m tol=0.20m goal=(0.02, -0.04, 1.10)
[INFO] [1782989319.376] [/exploration_node]: [33m[Path Simplification] Reduced path from 4 to 3 nodes, 2 collision checks, 0.05 ms[0m
[INFO] [1782989319.376] [/exploration_node]:   Segment 1: 3.12 m
[INFO] [1782989319.376] [/exploration_node]:   Segment 2: 0.38 m
[INFO] [1782989319.420] [/exploration_node]: [33m[Path Simplification] Reduced path from 4 to 3 nodes, 2 collision checks, 0.04 ms[0m
[INFO] [1782989319.420] [/exploration_node]:   Segment 1: 3.12 m
[INFO] [1782989319.420] [/exploration_node]:   Segment 2: 0.38 m
[INFO] [1782989319.463] [/exploration_node]: [33m[Path Simplification] Reduced path from 4 to 3 nodes, 2 collision checks, 0.05 ms[0m
[INFO] [1782989319.463] [/exploration_node]:   Segment 1: 3.12 m
[INFO] [1782989319.463] [/exploration_node]:   Segment 2: 0.38 m
[INFO] [1782989319.507] [/exploration_node]: [33m[Path Simplification] Reduced path from 4 to 3 nodes, 2 collision checks, 0.04 ms[0m
[INFO] [1782989319.507] [/exploration_node]:   Segment 1: 3.12 m
[INFO] [1782989319.507] [/exploration_node]:   Segment 2: 0.38 m
[INFO] [1782989319.549] [/exploration_node]: [33m[Path Simplification] Reduced path from 4 to 3 nodes, 2 collision checks, 0.04 ms[0m
[INFO] [1782989319.549] [/exploration_node]:   Segment 1: 3.12 m
[INFO] [1782989319.549] [/exploration_node]:   Segment 2: 0.38 m
[INFO] [1782989319.566] [/exploration_node]: [33m[Path Simplification] Reduced path from 4 to 3 nodes, 2 collision checks, 0.05 ms[0m
[INFO] [1782989319.566] [/exploration_node]:   Segment 1: 3.12 m
[INFO] [1782989319.566] [/exploration_node]:   Segment 2: 0.38 m
[WARN] [1782989319.607] [/px4_ctrl_bridge]: [px4_bridge] AVOIDANCE ACTIVE -> forwarding /target_avoidance
[INFO] [1782989319.611] [/exploration_node]: [33m[Path Simplification] Reduced path from 4 to 3 nodes, 2 collision checks, 0.07 ms[0m
[INFO] [1782989319.611] [/exploration_node]:   Segment 1: 3.12 m
[INFO] [1782989319.611] [/exploration_node]:   Segment 2: 0.38 m
[INFO] [1782989319.651] [/exploration_node]: [33m[Path Simplification] Reduced path from 4 to 3 nodes, 2 collision checks, 0.03 ms[0m
[INFO] [1782989319.651] [/exploration_node]:   Segment 1: 3.12 m
[INFO] [1782989319.651] [/exploration_node]:   Segment 2: 0.38 m
[INFO] [1782989319.697] [/exploration_node]: [33m[Path Simplification] Reduced path from 4 to 3 nodes, 2 collision checks, 0.04 ms[0m
[INFO] [1782989319.697] [/exploration_node]:   Segment 1: 3.12 m
[INFO] [1782989319.697] [/exploration_node]:   Segment 2: 0.38 m
[INFO] [1782989319.741] [/exploration_node]: [33m[Path Simplification] Reduced path from 4 to 3 nodes, 2 collision checks, 0.04 ms[0m
[INFO] [1782989319.741] [/exploration_node]:   Segment 1: 3.12 m
[INFO] [1782989319.741] [/exploration_node]:   Segment 2: 0.38 m
[INFO] [1782989319.768] [/local_avoidance]: [local_avoidance] avoiding...  min_dist=0.32 m
[INFO] [1782989319.775] [/exploration_node]: [33m[Path Simplification] Reduced path from 4 to 3 nodes, 2 collision checks, 0.03 ms[0m
[INFO] [1782989319.775] [/exploration_node]:   Segment 1: 3.12 m
[INFO] [1782989319.775] [/exploration_node]:   Segment 2: 0.38 m
[INFO] [1782989319.776] [/exploration_node]: [EV] [1782989319.776][    +22.7s][PLAN_TRAJ_RTH] GLOBAL result=RTH_PATH_OK | why: path to goal: 3 nodes / 3.5m (connected via 4) | clusters=0(reach 0) vp=0(reach 0) pipe[tot=0 dorm=0 unreach=0 cons=0 nocand=0 topo=0 novis=0 ok=0] tour=3n/3.5m goal=(0.1, 0.1, 1.4) t=12ms (x4)
[INFO] [1782989319.793] [/exploration_node]: [33m[Path Simplification] Reduced path from 4 to 3 nodes, 2 collision checks, 0.03 ms[0m
[INFO] [1782989319.793] [/exploration_node]:   Segment 1: 3.12 m
[INFO] [1782989319.793] [/exploration_node]:   Segment 2: 0.38 m
[INFO] [1782989319.833] [/exploration_node]: [33m[Path Simplification] Reduced path from 4 to 3 nodes, 2 collision checks, 0.03 ms[0m
[INFO] [1782989319.833] [/exploration_node]:   Segment 1: 3.12 m
[INFO] [1782989319.833] [/exploration_node]:   Segment 2: 0.38 m
[INFO] [1782989319.877] [/exploration_node]: [33m[Path Simplification] Reduced path from 4 to 3 nodes, 2 collision checks, 0.03 ms[0m
[INFO] [1782989319.877] [/exploration_node]:   Segment 1: 3.12 m
[INFO] [1782989319.877] [/exploration_node]:   Segment 2: 0.38 m
[INFO] [1782989319.920] [/exploration_node]: [33m[Path Simplification] Reduced path from 4 to 3 nodes, 2 collision checks, 0.03 ms[0m
[INFO] [1782989319.920] [/exploration_node]:   Segment 1: 3.12 m
[INFO] [1782989319.920] [/exploration_node]:   Segment 2: 0.38 m
[INFO] [1782989319.966] [/exploration_node]: [33m[Path Simplification] Reduced path from 4 to 3 nodes, 2 collision checks, 0.03 ms[0m
[INFO] [1782989319.966] [/exploration_node]:   Segment 1: 3.12 m
[INFO] [1782989319.966] [/exploration_node]:   Segment 2: 0.38 m
[INFO] [1782989320.013] [/exploration_node]: [33m[Path Simplification] Reduced path from 4 to 3 nodes, 2 collision checks, 0.03 ms[0m
[INFO] [1782989320.013] [/exploration_node]:   Segment 1: 3.12 m
[INFO] [1782989320.013] [/exploration_node]:   Segment 2: 0.38 m
[INFO] [1782989320.025] [/exploration_node]: [33m[Path Simplification] Reduced path from 4 to 3 nodes, 2 collision checks, 0.03 ms[0m
[INFO] [1782989320.025] [/exploration_node]:   Segment 1: 3.12 m
[INFO] [1782989320.025] [/exploration_node]:   Segment 2: 0.38 m
[INFO] [1782989320.070] [/exploration_node]: [33m[Path Simplification] Reduced path from 4 to 3 nodes, 2 collision checks, 0.03 ms[0m
[INFO] [1782989320.070] [/exploration_node]:   Segment 1: 3.12 m
[INFO] [1782989320.070] [/exploration_node]:   Segment 2: 0.38 m
[INFO] [1782989320.114] [/exploration_node]: [33m[Path Simplification] Reduced path from 4 to 3 nodes, 2 collision checks, 0.03 ms[0m
[INFO] [1782989320.114] [/exploration_node]:   Segment 1: 3.12 m
[INFO] [1782989320.114] [/exploration_node]:   Segment 2: 0.38 m
[INFO] [1782989320.157] [/exploration_node]: [33m[Path Simplification] Reduced path from 4 to 3 nodes, 2 collision checks, 0.03 ms[0m
[INFO] [1782989320.157] [/exploration_node]:   Segment 1: 3.12 m
[INFO] [1782989320.157] [/exploration_node]:   Segment 2: 0.38 m
[INFO] [1782989320.207] [/exploration_node]: [33m[Path Simplification] Reduced path from 4 to 3 nodes, 2 collision checks, 0.05 ms[0m
[INFO] [1782989320.207] [/exploration_node]:   Segment 1: 3.12 m
[INFO] [1782989320.207] [/exploration_node]:   Segment 2: 0.38 m
[INFO] [1782989320.249] [/exploration_node]: [33m[Path Simplification] Reduced path from 4 to 3 nodes, 2 collision checks, 0.05 ms[0m
[INFO] [1782989320.249] [/exploration_node]:   Segment 1: 3.12 m
[INFO] [1782989320.249] [/exploration_node]:   Segment 2: 0.38 m
[INFO] [1782989320.250] [/exploration_node]: [EV] [1782989320.250][    +23.1s][PLAN_TRAJ_RTH] RTH d2goal=2.5m | auto-home(xy) dist=2.72m tol=0.20m goal=(0.02, -0.04, 1.10) (x18)
[INFO] [1782989320.264] [/exploration_node]: [33m[Path Simplification] Reduced path from 4 to 3 nodes, 2 collision checks, 0.05 ms[0m
[INFO] [1782989320.264] [/exploration_node]:   Segment 1: 3.12 m
[INFO] [1782989320.264] [/exploration_node]:   Segment 2: 0.38 m
[INFO] [1782989320.308] [/exploration_node]: [33m[Path Simplification] Reduced path from 4 to 3 nodes, 2 collision checks, 0.05 ms[0m
[INFO] [1782989320.308] [/exploration_node]:   Segment 1: 3.12 m
[INFO] [1782989320.308] [/exploration_node]:   Segment 2: 0.38 m
[INFO] [1782989320.352] [/exploration_node]: [33m[Path Simplification] Reduced path from 4 to 3 nodes, 2 collision checks, 0.06 ms[0m
[INFO] [1782989320.352] [/exploration_node]:   Segment 1: 3.12 m
[INFO] [1782989320.352] [/exploration_node]:   Segment 2: 0.38 m
[INFO] [1782989320.395] [/exploration_node]: [33m[Path Simplification] Reduced path from 4 to 3 nodes, 2 collision checks, 0.05 ms[0m
[INFO] [1782989320.395] [/exploration_node]:   Segment 1: 3.12 m
[INFO] [1782989320.395] [/exploration_node]:   Segment 2: 0.38 m
[WARN] [1782989320.403] [/exploration_node]: [RTH] local plan failed: escape: gcopter setup failed
[INFO] [1782989320.442] [/exploration_node]: [33m[Path Simplification] Reduced path from 4 to 3 nodes, 2 collision checks, 0.05 ms[0m
[INFO] [1782989320.442] [/exploration_node]:   Segment 1: 3.12 m
[INFO] [1782989320.442] [/exploration_node]:   Segment 2: 0.38 m
[WARN] [1782989320.461] [/exploration_node]: [EV] [1782989320.461][    +23.3s][PLAN_TRAJ_RTH] LOCAL RTH FAIL | why: escape: gcopter setup failed | t=33.4ms (x42)
[INFO] [1782989320.483] [/exploration_node]: [33m[Path Simplification] Reduced path from 4 to 3 nodes, 2 collision checks, 0.05 ms[0m
[INFO] [1782989320.483] [/exploration_node]:   Segment 1: 3.12 m
[INFO] [1782989320.483] [/exploration_node]:   Segment 2: 0.38 m
[INFO] [1782989320.500] [/exploration_node]: [33m[Path Simplification] Reduced path from 4 to 3 nodes, 2 collision checks, 0.04 ms[0m
[INFO] [1782989320.500] [/exploration_node]:   Segment 1: 3.12 m
[INFO] [1782989320.500] [/exploration_node]:   Segment 2: 0.38 m
[INFO] [1782989320.520] [/exploration_node]: [EV] [1782989320.520][    +23.4s][PLAN_TRAJ_RTH] BATT 23.0V | v=23.47V pct=43%
[INFO] [1782989320.544] [/exploration_node]: [33m[Path Simplification] Reduced path from 4 to 3 nodes, 2 collision checks, 0.08 ms[0m
[INFO] [1782989320.544] [/exploration_node]:   Segment 1: 3.12 m
[INFO] [1782989320.544] [/exploration_node]:   Segment 2: 0.38 m
[INFO] [1782989320.587] [/exploration_node]: [33m[Path Simplification] Reduced path from 4 to 3 nodes, 2 collision checks, 0.06 ms[0m
[INFO] [1782989320.587] [/exploration_node]:   Segment 1: 3.12 m
[INFO] [1782989320.587] [/exploration_node]:   Segment 2: 0.38 m
[WARN] [1782989320.616] [/px4_ctrl_bridge]: [px4_bridge] AVOIDANCE ACTIVE -> forwarding /target_avoidance
[INFO] [1782989320.631] [/exploration_node]: [33m[Path Simplification] Reduced path from 4 to 3 nodes, 2 collision checks, 0.05 ms[0m
[INFO] [1782989320.631] [/exploration_node]:   Segment 1: 3.12 m
[INFO] [1782989320.631] [/exploration_node]:   Segment 2: 0.38 m
[INFO] [1782989320.674] [/exploration_node]: [33m[Path Simplification] Reduced path from 4 to 3 nodes, 2 collision checks, 0.04 ms[0m
[INFO] [1782989320.674] [/exploration_node]:   Segment 1: 3.12 m
[INFO] [1782989320.674] [/exploration_node]:   Segment 2: 0.38 m
[INFO] [1782989320.718] [/exploration_node]: [33m[Path Simplification] Reduced path from 4 to 3 nodes, 2 collision checks, 0.05 ms[0m
[INFO] [1782989320.718] [/exploration_node]:   Segment 1: 3.12 m
[INFO] [1782989320.718] [/exploration_node]:   Segment 2: 0.38 m
[INFO] [1782989320.730] [/exploration_node]: [33m[Path Simplification] Reduced path from 4 to 3 nodes, 2 collision checks, 0.03 ms[0m
[INFO] [1782989320.730] [/exploration_node]:   Segment 1: 3.12 m
[INFO] [1782989320.730] [/exploration_node]:   Segment 2: 0.38 m
[INFO] [1782989320.774] [/exploration_node]: [33m[Path Simplification] Reduced path from 4 to 3 nodes, 2 collision checks, 0.03 ms[0m
[INFO] [1782989320.774] [/exploration_node]:   Segment 1: 3.12 m
[INFO] [1782989320.774] [/exploration_node]:   Segment 2: 0.38 m
[INFO] [1782989320.818] [/local_avoidance]: [local_avoidance] avoiding...  min_dist=0.33 m
[INFO] [1782989320.823] [/exploration_node]: [33m[Path Simplification] Reduced path from 4 to 3 nodes, 2 collision checks, 0.03 ms[0m
[INFO] [1782989320.823] [/exploration_node]:   Segment 1: 3.13 m
[INFO] [1782989320.823] [/exploration_node]:   Segment 2: 0.38 m
[INFO] [1782989320.867] [/exploration_node]: [33m[Path Simplification] Reduced path from 4 to 3 nodes, 2 collision checks, 0.05 ms[0m
[INFO] [1782989320.867] [/exploration_node]:   Segment 1: 3.13 m
[INFO] [1782989320.867] [/exploration_node]:   Segment 2: 0.38 m
[INFO] [1782989320.909] [/exploration_node]: [33m[Path Simplification] Reduced path from 4 to 3 nodes, 2 collision checks, 0.03 ms[0m
[INFO] [1782989320.909] [/exploration_node]:   Segment 1: 3.12 m
[INFO] [1782989320.909] [/exploration_node]:   Segment 2: 0.38 m
[WARN] [1782989320.916] [/exploration_node]: [local-plan] start not in corridor (static start; corridor pieces=6)
[WARN] [1782989320.916] [/exploration_node]: [local-plan] escape: gcopter setup failed
[INFO] [1782989320.956] [/exploration_node]: [33m[Path Simplification] Reduced path from 4 to 3 nodes, 2 collision checks, 0.05 ms[0m
[INFO] [1782989320.956] [/exploration_node]:   Segment 1: 3.13 m
[INFO] [1782989320.956] [/exploration_node]:   Segment 2: 0.38 m
[INFO] [1782989320.957] [/exploration_node]: [EV] [1782989320.957][    +23.8s][PLAN_TRAJ_RTH] GLOBAL result=RTH_PATH_OK | why: path to goal: 3 nodes / 3.5m (connected via 4) | clusters=0(reach 0) vp=0(reach 0) pipe[tot=0 dorm=0 unreach=0 cons=0 nocand=0 topo=0 novis=0 ok=0] tour=3n/3.5m goal=(0.1, 0.1, 1.4) t=15ms (x4)
[INFO] [1782989320.971] [/exploration_node]: [33m[Path Simplification] Reduced path from 4 to 3 nodes, 2 collision checks, 0.05 ms[0m
[INFO] [1782989320.971] [/exploration_node]:   Segment 1: 3.13 m
[INFO] [1782989320.971] [/exploration_node]:   Segment 2: 0.38 m
[INFO] [1782989321.015] [/exploration_node]: [33m[Path Simplification] Reduced path from 4 to 3 nodes, 2 collision checks, 0.05 ms[0m
[INFO] [1782989321.015] [/exploration_node]:   Segment 1: 3.12 m
[INFO] [1782989321.015] [/exploration_node]:   Segment 2: 0.38 m
[INFO] [1782989321.063] [/exploration_node]: [33m[Path Simplification] Reduced path from 4 to 3 nodes, 2 collision checks, 0.05 ms[0m
[INFO] [1782989321.063] [/exploration_node]:   Segment 1: 3.12 m
[INFO] [1782989321.063] [/exploration_node]:   Segment 2: 0.38 m
[INFO] [1782989321.094] [/exploration_node]: [EV] [1782989321.093][    +24.0s][PLAN_TRAJ_RTH] RTH d2goal=2.5m | auto-home(xy) dist=2.71m tol=0.20m goal=(0.02, -0.04, 1.10) (x17)
[INFO] [1782989321.107] [/exploration_node]: [33m[Path Simplification] Reduced path from 4 to 3 nodes, 2 collision checks, 0.05 ms[0m
[INFO] [1782989321.107] [/exploration_node]:   Segment 1: 3.12 m
[INFO] [1782989321.107] [/exploration_node]:   Segment 2: 0.38 m
[INFO] [1782989321.137] [/exploration_node]: [EV] [1782989321.137][    +24.0s][PLAN_TRAJ_RTH] RTH d2goal=2.5m | auto-home(xy) dist=2.72m tol=0.20m goal=(0.02, -0.04, 1.10)
[INFO] [1782989321.151] [/exploration_node]: [33m[Path Simplification] Reduced path from 4 to 3 nodes, 2 collision checks, 0.05 ms[0m
[INFO] [1782989321.151] [/exploration_node]:   Segment 1: 3.12 m
[INFO] [1782989321.151] [/exploration_node]:   Segment 2: 0.38 m
[INFO] [1782989321.194] [/exploration_node]: [33m[Path Simplification] Reduced path from 4 to 3 nodes, 2 collision checks, 0.05 ms[0m
[INFO] [1782989321.194] [/exploration_node]:   Segment 1: 3.12 m
[INFO] [1782989321.194] [/exploration_node]:   Segment 2: 0.38 m
[INFO] [1782989321.209] [/exploration_node]: [33m[Path Simplification] Reduced path from 4 to 3 nodes, 2 collision checks, 0.05 ms[0m
[INFO] [1782989321.209] [/exploration_node]:   Segment 1: 3.12 m
[INFO] [1782989321.209] [/exploration_node]:   Segment 2: 0.38 m
[INFO] [1782989321.252] [/exploration_node]: [33m[Path Simplification] Reduced path from 4 to 3 nodes, 2 collision checks, 0.05 ms[0m
[INFO] [1782989321.253] [/exploration_node]:   Segment 1: 3.12 m
[INFO] [1782989321.253] [/exploration_node]:   Segment 2: 0.38 m
[INFO] [1782989321.298] [/exploration_node]: [33m[Path Simplification] Reduced path from 4 to 3 nodes, 2 collision checks, 0.06 ms[0m
[INFO] [1782989321.298] [/exploration_node]:   Segment 1: 3.12 m
[INFO] [1782989321.298] [/exploration_node]:   Segment 2: 0.38 m
[INFO] [1782989321.341] [/exploration_node]: [33m[Path Simplification] Reduced path from 4 to 3 nodes, 2 collision checks, 0.04 ms[0m
[INFO] [1782989321.341] [/exploration_node]:   Segment 1: 3.12 m
[INFO] [1782989321.341] [/exploration_node]:   Segment 2: 0.38 m
[INFO] [1782989321.385] [/exploration_node]: [33m[Path Simplification] Reduced path from 4 to 3 nodes, 2 collision checks, 0.05 ms[0m
[INFO] [1782989321.385] [/exploration_node]:   Segment 1: 3.12 m
[INFO] [1782989321.385] [/exploration_node]:   Segment 2: 0.38 m
[INFO] [1782989321.426] [/exploration_node]: [33m[Path Simplification] Reduced path from 4 to 3 nodes, 2 collision checks, 0.06 ms[0m
[INFO] [1782989321.426] [/exploration_node]:   Segment 1: 3.12 m
[INFO] [1782989321.426] [/exploration_node]:   Segment 2: 0.38 m
[INFO] [1782989321.441] [/exploration_node]: [33m[Path Simplification] Reduced path from 4 to 3 nodes, 2 collision checks, 0.05 ms[0m
[INFO] [1782989321.441] [/exploration_node]:   Segment 1: 3.12 m
[INFO] [1782989321.441] [/exploration_node]:   Segment 2: 0.38 m
[INFO] [1782989321.471] [/exploration_node]: [EV] [1782989321.471][    +24.4s][PLAN_TRAJ_RTH] RTH d2goal=2.5m | auto-home(xy) dist=2.71m tol=0.20m goal=(0.02, -0.04, 1.10) (x6)
[INFO] [1782989321.482] [/exploration_node]: [33m[Path Simplification] Reduced path from 4 to 3 nodes, 2 collision checks, 0.03 ms[0m
[INFO] [1782989321.482] [/exploration_node]:   Segment 1: 3.12 m
[INFO] [1782989321.482] [/exploration_node]:   Segment 2: 0.38 m
[INFO] [1782989321.526] [/exploration_node]: [33m[Path Simplification] Reduced path from 4 to 3 nodes, 2 collision checks, 0.03 ms[0m
[INFO] [1782989321.526] [/exploration_node]:   Segment 1: 3.12 m
[INFO] [1782989321.526] [/exploration_node]:   Segment 2: 0.38 m
[INFO] [1782989321.573] [/exploration_node]: [33m[Path Simplification] Reduced path from 4 to 3 nodes, 2 collision checks, 0.05 ms[0m
[INFO] [1782989321.573] [/exploration_node]:   Segment 1: 3.12 m
[INFO] [1782989321.573] [/exploration_node]:   Segment 2: 0.38 m
[INFO] [1782989321.616] [/exploration_node]: [33m[Path Simplification] Reduced path from 4 to 3 nodes, 2 collision checks, 0.04 ms[0m
[INFO] [1782989321.616] [/exploration_node]:   Segment 1: 3.12 m
[INFO] [1782989321.616] [/exploration_node]:   Segment 2: 0.38 m
[WARN] [1782989321.616] [/px4_ctrl_bridge]: [px4_bridge] AVOIDANCE ACTIVE -> forwarding /target_avoidance
[INFO] [1782989321.658] [/exploration_node]: [33m[Path Simplification] Reduced path from 4 to 3 nodes, 2 collision checks, 0.05 ms[0m
[INFO] [1782989321.658] [/exploration_node]:   Segment 1: 3.12 m
[INFO] [1782989321.658] [/exploration_node]:   Segment 2: 0.38 m
[INFO] [1782989321.674] [/exploration_node]: [33m[Path Simplification] Reduced path from 4 to 3 nodes, 2 collision checks, 0.05 ms[0m
[INFO] [1782989321.674] [/exploration_node]:   Segment 1: 3.12 m
[INFO] [1782989321.674] [/exploration_node]:   Segment 2: 0.38 m
[INFO] [1782989321.716] [/exploration_node]: [33m[Path Simplification] Reduced path from 4 to 3 nodes, 2 collision checks, 0.05 ms[0m
[INFO] [1782989321.716] [/exploration_node]:   Segment 1: 3.12 m
[INFO] [1782989321.716] [/exploration_node]:   Segment 2: 0.38 m
[INFO] [1782989321.760] [/exploration_node]: [33m[Path Simplification] Reduced path from 4 to 3 nodes, 2 collision checks, 0.04 ms[0m
[INFO] [1782989321.760] [/exploration_node]:   Segment 1: 3.12 m
[INFO] [1782989321.760] [/exploration_node]:   Segment 2: 0.38 m
[INFO] [1782989321.804] [/exploration_node]: [33m[Path Simplification] Reduced path from 4 to 3 nodes, 2 collision checks, 0.05 ms[0m
[INFO] [1782989321.804] [/exploration_node]:   Segment 1: 3.12 m
[INFO] [1782989321.804] [/exploration_node]:   Segment 2: 0.38 m
[INFO] [1782989321.847] [/exploration_node]: [33m[Path Simplification] Reduced path from 4 to 3 nodes, 2 collision checks, 0.05 ms[0m
[INFO] [1782989321.847] [/exploration_node]:   Segment 1: 3.12 m
[INFO] [1782989321.848] [/exploration_node]:   Segment 2: 0.38 m
[INFO] [1782989321.869] [/local_avoidance]: [local_avoidance] avoiding...  min_dist=0.32 m
[INFO] [1782989321.889] [/exploration_node]: [33m[Path Simplification] Reduced path from 4 to 3 nodes, 2 collision checks, 0.03 ms[0m
[INFO] [1782989321.889] [/exploration_node]:   Segment 1: 3.12 m
[INFO] [1782989321.889] [/exploration_node]:   Segment 2: 0.38 m
[INFO] [1782989321.901] [/exploration_node]: [33m[Path Simplification] Reduced path from 4 to 3 nodes, 2 collision checks, 0.03 ms[0m
[INFO] [1782989321.901] [/exploration_node]:   Segment 1: 3.12 m
[INFO] [1782989321.901] [/exploration_node]:   Segment 2: 0.38 m
[INFO] [1782989321.945] [/exploration_node]: [33m[Path Simplification] Reduced path from 4 to 3 nodes, 2 collision checks, 0.03 ms[0m
[INFO] [1782989321.945] [/exploration_node]:   Segment 1: 3.12 m
[INFO] [1782989321.945] [/exploration_node]:   Segment 2: 0.38 m
[INFO] [1782989321.989] [/exploration_node]: [33m[Path Simplification] Reduced path from 4 to 3 nodes, 2 collision checks, 0.03 ms[0m
[INFO] [1782989321.989] [/exploration_node]:   Segment 1: 3.12 m
[INFO] [1782989321.989] [/exploration_node]:   Segment 2: 0.38 m
[INFO] [1782989322.035] [/exploration_node]: [33m[Path Simplification] Reduced path from 4 to 3 nodes, 2 collision checks, 0.05 ms[0m
[INFO] [1782989322.035] [/exploration_node]:   Segment 1: 3.12 m
[INFO] [1782989322.035] [/exploration_node]:   Segment 2: 0.38 m
[INFO] [1782989322.079] [/exploration_node]: [33m[Path Simplification] Reduced path from 4 to 3 nodes, 2 collision checks, 0.04 ms[0m
[INFO] [1782989322.079] [/exploration_node]:   Segment 1: 3.12 m
[INFO] [1782989322.079] [/exploration_node]:   Segment 2: 0.38 m
[INFO] [1782989322.119] [/exploration_node]: [33m[Path Simplification] Reduced path from 4 to 3 nodes, 2 collision checks, 0.07 ms[0m
[INFO] [1782989322.119] [/exploration_node]:   Segment 1: 3.12 m
[INFO] [1782989322.119] [/exploration_node]:   Segment 2: 0.38 m
[INFO] [1782989322.120] [/exploration_node]: [EV] [1782989322.120][    +25.0s][PLAN_TRAJ_RTH] GLOBAL result=RTH_PATH_OK | why: path to goal: 3 nodes / 3.5m (connected via 4) | clusters=0(reach 0) vp=0(reach 0) pipe[tot=0 dorm=0 unreach=0 cons=0 nocand=0 topo=0 novis=0 ok=0] tour=3n/3.5m goal=(0.1, 0.1, 1.4) t=16ms (x4)
[INFO] [1782989322.134] [/exploration_node]: [33m[Path Simplification] Reduced path from 4 to 3 nodes, 2 collision checks, 0.05 ms[0m
[INFO] [1782989322.135] [/exploration_node]:   Segment 1: 3.12 m
[INFO] [1782989322.135] [/exploration_node]:   Segment 2: 0.38 m
[INFO] [1782989322.178] [/exploration_node]: [33m[Path Simplification] Reduced path from 4 to 3 nodes, 2 collision checks, 0.05 ms[0m
[INFO] [1782989322.178] [/exploration_node]:   Segment 1: 3.12 m
[INFO] [1782989322.178] [/exploration_node]:   Segment 2: 0.38 m
[INFO] [1782989322.209] [/exploration_node]: [EV] [1782989322.209][    +25.1s][PLAN_TRAJ_RTH] RTH d2goal=2.5m | auto-home(xy) dist=2.72m tol=0.20m goal=(0.02, -0.04, 1.10) (x15)
[INFO] [1782989322.224] [/exploration_node]: [33m[Path Simplification] Reduced path from 4 to 3 nodes, 2 collision checks, 0.07 ms[0m
[INFO] [1782989322.224] [/exploration_node]:   Segment 1: 3.12 m
[INFO] [1782989322.224] [/exploration_node]:   Segment 2: 0.38 m
[INFO] [1782989322.267] [/exploration_node]: [33m[Path Simplification] Reduced path from 4 to 3 nodes, 2 collision checks, 0.05 ms[0m
[INFO] [1782989322.268] [/exploration_node]:   Segment 1: 3.12 m
[INFO] [1782989322.268] [/exploration_node]:   Segment 2: 0.38 m
[INFO] [1782989322.299] [/exploration_node]: [EV] [1782989322.299][    +25.2s][PLAN_TRAJ_RTH] RTH d2goal=2.5m | auto-home(xy) dist=2.71m tol=0.20m goal=(0.02, -0.04, 1.10) (x1)
[INFO] [1782989322.312] [/exploration_node]: [33m[Path Simplification] Reduced path from 4 to 3 nodes, 2 collision checks, 0.03 ms[0m
[INFO] [1782989322.312] [/exploration_node]:   Segment 1: 3.12 m
[INFO] [1782989322.312] [/exploration_node]:   Segment 2: 0.38 m
[INFO] [1782989322.354] [/exploration_node]: [33m[Path Simplification] Reduced path from 4 to 3 nodes, 2 collision checks, 0.03 ms[0m
[INFO] [1782989322.354] [/exploration_node]:   Segment 1: 3.12 m
[INFO] [1782989322.354] [/exploration_node]:   Segment 2: 0.38 m
[INFO] [1782989322.355] [/exploration_node]: [EV] [1782989322.355][    +25.2s][PLAN_TRAJ_RTH] RTH d2goal=2.5m | auto-home(xy) dist=2.72m tol=0.20m goal=(0.02, -0.04, 1.10)
[INFO] [1782989322.367] [/exploration_node]: [33m[Path Simplification] Reduced path from 4 to 3 nodes, 2 collision checks, 0.03 ms[0m
[INFO] [1782989322.367] [/exploration_node]:   Segment 1: 3.12 m
[INFO] [1782989322.367] [/exploration_node]:   Segment 2: 0.38 m
[INFO] [1782989322.399] [/exploration_node]: [EV] [1782989322.399][    +25.3s][PLAN_TRAJ_RTH] RTH d2goal=2.5m | auto-home(xy) dist=2.71m tol=0.20m goal=(0.02, -0.04, 1.10)
[INFO] [1782989322.411] [/exploration_node]: [33m[Path Simplification] Reduced path from 4 to 3 nodes, 2 collision checks, 0.03 ms[0m
[INFO] [1782989322.411] [/exploration_node]:   Segment 1: 3.12 m
[INFO] [1782989322.411] [/exploration_node]:   Segment 2: 0.38 m
[WARN] [1782989322.419] [/exploration_node]: [RTH] local plan failed: escape: gcopter setup failed
[INFO] [1782989322.443] [/exploration_node]: [EV] [1782989322.443][    +25.3s][PLAN_TRAJ_RTH] RTH d2goal=2.5m | auto-home(xy) dist=2.72m tol=0.20m goal=(0.02, -0.04, 1.10)
[INFO] [1782989322.457] [/exploration_node]: [33m[Path Simplification] Reduced path from 4 to 3 nodes, 2 collision checks, 0.05 ms[0m
[INFO] [1782989322.457] [/exploration_node]:   Segment 1: 3.13 m
[INFO] [1782989322.457] [/exploration_node]:   Segment 2: 0.38 m
[INFO] [1782989322.487] [/exploration_node]: [EV] [1782989322.486][    +25.4s][PLAN_TRAJ_RTH] RTH d2goal=2.5m | auto-home(xy) dist=2.71m tol=0.20m goal=(0.02, -0.04, 1.10)
[INFO] [1782989322.499] [/exploration_node]: [33m[Path Simplification] Reduced path from 4 to 3 nodes, 2 collision checks, 0.03 ms[0m
[INFO] [1782989322.499] [/exploration_node]:   Segment 1: 3.12 m
[INFO] [1782989322.499] [/exploration_node]:   Segment 2: 0.38 m
[INFO] [1782989322.520] [/exploration_node]: [EV] [1782989322.520][    +25.4s][PLAN_TRAJ_RTH] BATT 23.5V | v=23.56V pct=46% (prev cycle x1/16.0s)
[INFO] [1782989322.530] [/exploration_node]: [EV] [1782989322.530][    +25.4s][PLAN_TRAJ_RTH] RTH d2goal=2.5m | auto-home(xy) dist=2.72m tol=0.20m goal=(0.02, -0.04, 1.10)
[INFO] [1782989322.545] [/exploration_node]: [33m[Path Simplification] Reduced path from 4 to 3 nodes, 2 collision checks, 0.05 ms[0m
[INFO] [1782989322.545] [/exploration_node]:   Segment 1: 3.13 m
[INFO] [1782989322.545] [/exploration_node]:   Segment 2: 0.38 m
[WARN] [1782989322.564] [/exploration_node]: [EV] [1782989322.564][    +25.4s][PLAN_TRAJ_RTH] LOCAL RTH FAIL | why: escape: gcopter setup failed | t=33.5ms (x44)
[INFO] [1782989322.587] [/exploration_node]: [33m[Path Simplification] Reduced path from 4 to 3 nodes, 2 collision checks, 0.06 ms[0m
[INFO] [1782989322.587] [/exploration_node]:   Segment 1: 3.13 m
[INFO] [1782989322.587] [/exploration_node]:   Segment 2: 0.38 m
[INFO] [1782989322.604] [/exploration_node]: [33m[Path Simplification] Reduced path from 4 to 3 nodes, 2 collision checks, 0.06 ms[0m
[INFO] [1782989322.604] [/exploration_node]:   Segment 1: 3.12 m
[INFO] [1782989322.604] [/exploration_node]:   Segment 2: 0.38 m
[WARN] [1782989322.619] [/px4_ctrl_bridge]: [px4_bridge] AVOIDANCE ACTIVE -> forwarding /target_avoidance
[INFO] [1782989322.648] [/exploration_node]: [33m[Path Simplification] Reduced path from 4 to 3 nodes, 2 collision checks, 0.05 ms[0m
[INFO] [1782989322.648] [/exploration_node]:   Segment 1: 3.13 m
[INFO] [1782989322.648] [/exploration_node]:   Segment 2: 0.38 m
[INFO] [1782989322.677] [/exploration_node]: [EV] [1782989322.677][    +25.6s][PLAN_TRAJ_RTH] RTH d2goal=2.5m | auto-home(xy) dist=2.71m tol=0.20m goal=(0.02, -0.04, 1.10) (x2)
[INFO] [1782989322.691] [/exploration_node]: [33m[Path Simplification] Reduced path from 4 to 3 nodes, 2 collision checks, 0.05 ms[0m
[INFO] [1782989322.691] [/exploration_node]:   Segment 1: 3.12 m
[INFO] [1782989322.691] [/exploration_node]:   Segment 2: 0.38 m
[INFO] [1782989322.722] [/exploration_node]: [EV] [1782989322.722][    +25.6s][PLAN_TRAJ_RTH] RTH d2goal=2.5m | auto-home(xy) dist=2.72m tol=0.20m goal=(0.02, -0.04, 1.10)
[INFO] [1782989322.734] [/exploration_node]: [33m[Path Simplification] Reduced path from 4 to 3 nodes, 2 collision checks, 0.03 ms[0m
[INFO] [1782989322.734] [/exploration_node]:   Segment 1: 3.12 m
[INFO] [1782989322.734] [/exploration_node]:   Segment 2: 0.38 m
[INFO] [1782989322.766] [/exploration_node]: [EV] [1782989322.766][    +25.7s][PLAN_TRAJ_RTH] RTH d2goal=2.5m | auto-home(xy) dist=2.71m tol=0.20m goal=(0.02, -0.04, 1.10)
[INFO] [1782989322.777] [/exploration_node]: [33m[Path Simplification] Reduced path from 4 to 3 nodes, 2 collision checks, 0.03 ms[0m
[INFO] [1782989322.777] [/exploration_node]:   Segment 1: 3.12 m
[INFO] [1782989322.777] [/exploration_node]:   Segment 2: 0.38 m
[INFO] [1782989322.827] [/exploration_node]: [33m[Path Simplification] Reduced path from 4 to 3 nodes, 2 collision checks, 0.05 ms[0m
[INFO] [1782989322.827] [/exploration_node]:   Segment 1: 3.12 m
[INFO] [1782989322.827] [/exploration_node]:   Segment 2: 0.38 m
[INFO] [1782989322.845] [/exploration_node]: [33m[Path Simplification] Reduced path from 4 to 3 nodes, 2 collision checks, 0.05 ms[0m
[INFO] [1782989322.845] [/exploration_node]:   Segment 1: 3.12 m
[INFO] [1782989322.845] [/exploration_node]:   Segment 2: 0.38 m
[INFO] [1782989322.889] [/exploration_node]: [33m[Path Simplification] Reduced path from 4 to 3 nodes, 2 collision checks, 0.05 ms[0m
[INFO] [1782989322.889] [/exploration_node]:   Segment 1: 3.12 m
[INFO] [1782989322.889] [/exploration_node]:   Segment 2: 0.38 m
[INFO] [1782989322.918] [/local_avoidance]: [local_avoidance] avoiding...  min_dist=0.33 m
[INFO] [1782989322.932] [/exploration_node]: [33m[Path Simplification] Reduced path from 4 to 3 nodes, 2 collision checks, 0.05 ms[0m
[INFO] [1782989322.932] [/exploration_node]:   Segment 1: 3.12 m
[INFO] [1782989322.932] [/exploration_node]:   Segment 2: 0.38 m
[WARN] [1782989322.940] [/exploration_node]: [local-plan] start not in corridor (static start; corridor pieces=6)
[WARN] [1782989322.940] [/exploration_node]: [local-plan] escape: gcopter setup failed
[INFO] [1782989322.978] [/exploration_node]: [33m[Path Simplification] Reduced path from 4 to 3 nodes, 2 collision checks, 0.06 ms[0m
[INFO] [1782989322.978] [/exploration_node]:   Segment 1: 3.12 m
[INFO] [1782989322.978] [/exploration_node]:   Segment 2: 0.38 m
[INFO] [1782989323.008] [/exploration_node]: [EV] [1782989323.008][    +25.9s][PLAN_TRAJ_RTH] RTH d2goal=2.5m | auto-home(xy) dist=2.72m tol=0.20m goal=(0.02, -0.04, 1.10) (x4)
[INFO] [1782989323.020] [/exploration_node]: [33m[Path Simplification] Reduced path from 4 to 3 nodes, 2 collision checks, 0.03 ms[0m
[INFO] [1782989323.020] [/exploration_node]:   Segment 1: 3.12 m
[INFO] [1782989323.020] [/exploration_node]:   Segment 2: 0.38 m
[INFO] [1782989323.060] [/exploration_node]: [33m[Path Simplification] Reduced path from 4 to 3 nodes, 2 collision checks, 0.03 ms[0m
[INFO] [1782989323.060] [/exploration_node]:   Segment 1: 3.12 m
[INFO] [1782989323.060] [/exploration_node]:   Segment 2: 0.38 m
[INFO] [1782989323.072] [/exploration_node]: [33m[Path Simplification] Reduced path from 4 to 3 nodes, 2 collision checks, 0.03 ms[0m
[INFO] [1782989323.072] [/exploration_node]:   Segment 1: 3.12 m
[INFO] [1782989323.072] [/exploration_node]:   Segment 2: 0.38 m
[INFO] [1782989323.117] [/exploration_node]: [33m[Path Simplification] Reduced path from 4 to 3 nodes, 2 collision checks, 0.03 ms[0m
[INFO] [1782989323.117] [/exploration_node]:   Segment 1: 3.12 m
[INFO] [1782989323.117] [/exploration_node]:   Segment 2: 0.38 m
[INFO] [1782989323.160] [/exploration_node]: [33m[Path Simplification] Reduced path from 4 to 3 nodes, 2 collision checks, 0.03 ms[0m
[INFO] [1782989323.160] [/exploration_node]:   Segment 1: 3.12 m
[INFO] [1782989323.160] [/exploration_node]:   Segment 2: 0.38 m
[INFO] [1782989323.192] [/exploration_node]: [EV] [1782989323.192][    +26.1s][PLAN_TRAJ_RTH] RTH d2goal=2.5m | auto-home(xy) dist=2.71m tol=0.20m goal=(0.02, -0.04, 1.10) (x3)
[INFO] [1782989323.206] [/exploration_node]: [33m[Path Simplification] Reduced path from 4 to 3 nodes, 2 collision checks, 0.05 ms[0m
[INFO] [1782989323.206] [/exploration_node]:   Segment 1: 3.12 m
[INFO] [1782989323.206] [/exploration_node]:   Segment 2: 0.38 m
[INFO] [1782989323.236] [/exploration_node]: [EV] [1782989323.236][    +26.1s][PLAN_TRAJ_RTH] RTH d2goal=2.5m | auto-home(xy) dist=2.72m tol=0.20m goal=(0.02, -0.04, 1.10)
[INFO] [1782989323.250] [/exploration_node]: [33m[Path Simplification] Reduced path from 4 to 3 nodes, 2 collision checks, 0.05 ms[0m
[INFO] [1782989323.250] [/exploration_node]:   Segment 1: 3.12 m
[INFO] [1782989323.250] [/exploration_node]:   Segment 2: 0.38 m
[INFO] [1782989323.292] [/exploration_node]: [33m[Path Simplification] Reduced path from 4 to 3 nodes, 2 collision checks, 0.04 ms[0m
[INFO] [1782989323.292] [/exploration_node]:   Segment 1: 3.12 m
[INFO] [1782989323.292] [/exploration_node]:   Segment 2: 0.38 m
[INFO] [1782989323.293] [/exploration_node]: [EV] [1782989323.293][    +26.2s][PLAN_TRAJ_RTH] GLOBAL result=RTH_PATH_OK | why: path to goal: 3 nodes / 3.5m (connected via 4) | clusters=0(reach 0) vp=0(reach 0) pipe[tot=0 dorm=0 unreach=0 cons=0 nocand=0 topo=0 novis=0 ok=0] tour=3n/3.5m goal=(0.1, 0.1, 1.4) t=15ms (x4)
[INFO] [1782989323.306] [/exploration_node]: [33m[Path Simplification] Reduced path from 4 to 3 nodes, 2 collision checks, 0.06 ms[0m
[INFO] [1782989323.306] [/exploration_node]:   Segment 1: 3.12 m
[INFO] [1782989323.307] [/exploration_node]:   Segment 2: 0.38 m
[INFO] [1782989323.337] [/exploration_node]: [EV] [1782989323.337][    +26.2s][PLAN_TRAJ_RTH] RTH d2goal=2.5m | auto-home(xy) dist=2.71m tol=0.20m goal=(0.02, -0.04, 1.10) (x1)
[INFO] [1782989323.348] [/exploration_node]: [33m[Path Simplification] Reduced path from 4 to 3 nodes, 2 collision checks, 0.03 ms[0m
[INFO] [1782989323.348] [/exploration_node]:   Segment 1: 3.12 m
[INFO] [1782989323.348] [/exploration_node]:   Segment 2: 0.38 m
[INFO] [1782989323.392] [/exploration_node]: [33m[Path Simplification] Reduced path from 4 to 3 nodes, 2 collision checks, 0.03 ms[0m
[INFO] [1782989323.392] [/exploration_node]:   Segment 1: 3.12 m
[INFO] [1782989323.392] [/exploration_node]:   Segment 2: 0.38 m
[INFO] [1782989323.435] [/exploration_node]: [33m[Path Simplification] Reduced path from 4 to 3 nodes, 2 collision checks, 0.03 ms[0m
[INFO] [1782989323.435] [/exploration_node]:   Segment 1: 3.12 m
[INFO] [1782989323.435] [/exploration_node]:   Segment 2: 0.38 m
[INFO] [1782989323.482] [/exploration_node]: [33m[Path Simplification] Reduced path from 4 to 3 nodes, 2 collision checks, 0.05 ms[0m
[INFO] [1782989323.482] [/exploration_node]:   Segment 1: 3.12 m
[INFO] [1782989323.482] [/exploration_node]:   Segment 2: 0.38 m
[INFO] [1782989323.523] [/exploration_node]: [33m[Path Simplification] Reduced path from 4 to 3 nodes, 2 collision checks, 0.07 ms[0m
[INFO] [1782989323.523] [/exploration_node]:   Segment 1: 3.12 m
[INFO] [1782989323.523] [/exploration_node]:   Segment 2: 0.38 m
[INFO] [1782989323.538] [/exploration_node]: [33m[Path Simplification] Reduced path from 4 to 3 nodes, 2 collision checks, 0.05 ms[0m
[INFO] [1782989323.538] [/exploration_node]:   Segment 1: 3.12 m
[INFO] [1782989323.538] [/exploration_node]:   Segment 2: 0.38 m
[INFO] [1782989323.582] [/exploration_node]: [33m[Path Simplification] Reduced path from 4 to 3 nodes, 2 collision checks, 0.05 ms[0m
[INFO] [1782989323.582] [/exploration_node]:   Segment 1: 3.12 m
[INFO] [1782989323.582] [/exploration_node]:   Segment 2: 0.38 m
[WARN] [1782989323.626] [/px4_ctrl_bridge]: [px4_bridge] AVOIDANCE ACTIVE -> forwarding /target_avoidance
[INFO] [1782989323.627] [/exploration_node]: [33m[Path Simplification] Reduced path from 4 to 3 nodes, 2 collision checks, 0.06 ms[0m
[INFO] [1782989323.627] [/exploration_node]:   Segment 1: 3.12 m
[INFO] [1782989323.627] [/exploration_node]:   Segment 2: 0.38 m
[INFO] [1782989323.669] [/exploration_node]: [33m[Path Simplification] Reduced path from 4 to 3 nodes, 2 collision checks, 0.05 ms[0m
[INFO] [1782989323.669] [/exploration_node]:   Segment 1: 3.12 m
[INFO] [1782989323.669] [/exploration_node]:   Segment 2: 0.38 m
[INFO] [1782989323.713] [/exploration_node]: [33m[Path Simplification] Reduced path from 4 to 3 nodes, 2 collision checks, 0.04 ms[0m
[INFO] [1782989323.713] [/exploration_node]:   Segment 1: 3.12 m
[INFO] [1782989323.713] [/exploration_node]:   Segment 2: 0.38 m
[INFO] [1782989323.758] [/exploration_node]: [33m[Path Simplification] Reduced path from 4 to 3 nodes, 2 collision checks, 0.05 ms[0m
[INFO] [1782989323.758] [/exploration_node]:   Segment 1: 3.12 m
[INFO] [1782989323.758] [/exploration_node]:   Segment 2: 0.38 m
[INFO] [1782989323.774] [/exploration_node]: [33m[Path Simplification] Reduced path from 4 to 3 nodes, 2 collision checks, 0.07 ms[0m
[INFO] [1782989323.774] [/exploration_node]:   Segment 1: 3.12 m
[INFO] [1782989323.774] [/exploration_node]:   Segment 2: 0.38 m
[INFO] [1782989323.823] [/exploration_node]: [33m[Path Simplification] Reduced path from 4 to 3 nodes, 2 collision checks, 0.05 ms[0m
[INFO] [1782989323.823] [/exploration_node]:   Segment 1: 3.12 m
[INFO] [1782989323.823] [/exploration_node]:   Segment 2: 0.38 m
[INFO] [1782989323.869] [/exploration_node]: [33m[Path Simplification] Reduced path from 4 to 3 nodes, 2 collision checks, 0.05 ms[0m
[INFO] [1782989323.869] [/exploration_node]:   Segment 1: 3.12 m
[INFO] [1782989323.869] [/exploration_node]:   Segment 2: 0.38 m
[INFO] [1782989323.913] [/exploration_node]: [33m[Path Simplification] Reduced path from 4 to 3 nodes, 2 collision checks, 0.04 ms[0m
[INFO] [1782989323.913] [/exploration_node]:   Segment 1: 3.12 m
[INFO] [1782989323.913] [/exploration_node]:   Segment 2: 0.38 m
[INFO] [1782989323.920] [/local_avoidance]: [local_avoidance] avoiding...  min_dist=0.34 m
[INFO] [1782989323.956] [/exploration_node]: [33m[Path Simplification] Reduced path from 4 to 3 nodes, 2 collision checks, 0.06 ms[0m
[INFO] [1782989323.956] [/exploration_node]:   Segment 1: 3.12 m
[INFO] [1782989323.956] [/exploration_node]:   Segment 2: 0.38 m
[INFO] [1782989323.996] [/exploration_node]: [33m[Path Simplification] Reduced path from 4 to 3 nodes, 2 collision checks, 0.06 ms[0m
[INFO] [1782989323.996] [/exploration_node]:   Segment 1: 3.12 m
[INFO] [1782989323.996] [/exploration_node]:   Segment 2: 0.38 m
[INFO] [1782989324.012] [/exploration_node]: [33m[Path Simplification] Reduced path from 4 to 3 nodes, 2 collision checks, 0.05 ms[0m
[INFO] [1782989324.012] [/exploration_node]:   Segment 1: 3.12 m
[INFO] [1782989324.012] [/exploration_node]:   Segment 2: 0.38 m
[INFO] [1782989324.055] [/exploration_node]: [33m[Path Simplification] Reduced path from 4 to 3 nodes, 2 collision checks, 0.05 ms[0m
[INFO] [1782989324.055] [/exploration_node]:   Segment 1: 3.12 m
[INFO] [1782989324.055] [/exploration_node]:   Segment 2: 0.38 m
[INFO] [1782989324.098] [/exploration_node]: [33m[Path Simplification] Reduced path from 4 to 3 nodes, 2 collision checks, 0.05 ms[0m
[INFO] [1782989324.098] [/exploration_node]:   Segment 1: 3.12 m
[INFO] [1782989324.098] [/exploration_node]:   Segment 2: 0.38 m
[INFO] [1782989324.142] [/exploration_node]: [33m[Path Simplification] Reduced path from 4 to 3 nodes, 2 collision checks, 0.05 ms[0m
[INFO] [1782989324.142] [/exploration_node]:   Segment 1: 3.12 m
[INFO] [1782989324.142] [/exploration_node]:   Segment 2: 0.38 m
[INFO] [1782989324.183] [/exploration_node]: [33m[Path Simplification] Reduced path from 4 to 3 nodes, 2 collision checks, 0.03 ms[0m
[INFO] [1782989324.183] [/exploration_node]:   Segment 1: 3.12 m
[INFO] [1782989324.183] [/exploration_node]:   Segment 2: 0.38 m
[INFO] [1782989324.235] [/exploration_node]: [33m[Path Simplification] Reduced path from 4 to 3 nodes, 2 collision checks, 0.06 ms[0m
[INFO] [1782989324.235] [/exploration_node]:   Segment 1: 3.12 m
[INFO] [1782989324.235] [/exploration_node]:   Segment 2: 0.38 m
[INFO] [1782989324.252] [/exploration_node]: [33m[Path Simplification] Reduced path from 4 to 3 nodes, 2 collision checks, 0.05 ms[0m
[INFO] [1782989324.252] [/exploration_node]:   Segment 1: 3.12 m
[INFO] [1782989324.252] [/exploration_node]:   Segment 2: 0.38 m
[INFO] [1782989324.294] [/exploration_node]: [33m[Path Simplification] Reduced path from 4 to 3 nodes, 2 collision checks, 0.03 ms[0m
[INFO] [1782989324.294] [/exploration_node]:   Segment 1: 3.12 m
[INFO] [1782989324.294] [/exploration_node]:   Segment 2: 0.38 m
[INFO] [1782989324.340] [/exploration_node]: [33m[Path Simplification] Reduced path from 4 to 3 nodes, 2 collision checks, 0.05 ms[0m
[INFO] [1782989324.340] [/exploration_node]:   Segment 1: 3.12 m
[INFO] [1782989324.340] [/exploration_node]:   Segment 2: 0.38 m
[INFO] [1782989324.385] [/exploration_node]: [33m[Path Simplification] Reduced path from 4 to 3 nodes, 2 collision checks, 0.06 ms[0m
[INFO] [1782989324.385] [/exploration_node]:   Segment 1: 3.12 m
[INFO] [1782989324.385] [/exploration_node]:   Segment 2: 0.38 m
[INFO] [1782989324.429] [/exploration_node]: [33m[Path Simplification] Reduced path from 4 to 3 nodes, 2 collision checks, 0.04 ms[0m
[INFO] [1782989324.429] [/exploration_node]:   Segment 1: 3.12 m
[INFO] [1782989324.429] [/exploration_node]:   Segment 2: 0.38 m
[WARN] [1782989324.437] [/exploration_node]: [RTH] local plan failed: escape: gcopter setup failed
[INFO] [1782989324.469] [/exploration_node]: [33m[Path Simplification] Reduced path from 4 to 3 nodes, 2 collision checks, 0.05 ms[0m
[INFO] [1782989324.469] [/exploration_node]:   Segment 1: 3.12 m
[INFO] [1782989324.469] [/exploration_node]:   Segment 2: 0.38 m
[ERROR] [1782989324.473] [/exploration_node]: [EV] [1782989324.473][    +27.4s][PLAN_TRAJ_RTH] STUCK no motion >8s in PLAN_TRAJ_RTH | last-local: escape: gcopter setup failed | pos=(2.58, -0.94, -0.23) still=8s
[INFO] [1782989324.487] [/exploration_node]: [33m[Path Simplification] Reduced path from 4 to 3 nodes, 2 collision checks, 0.06 ms[0m
[INFO] [1782989324.487] [/exploration_node]:   Segment 1: 3.12 m
[INFO] [1782989324.487] [/exploration_node]:   Segment 2: 0.38 m
[WARN] [1782989324.506] [/exploration_node]: [EV] [1782989324.506][    +27.4s][PLAN_TRAJ_RTH] PX4 mode=OFFBOARD armed=0 | prev=OFFBOARD (prev cycle x1/10.0s)
[INFO] [1782989324.506] [/exploration_node]: [EV] [1782989324.506][    +27.4s][PLAN_TRAJ_RTH] BATT 23.5V | v=23.61V pct=47%
[INFO] [1782989324.532] [/exploration_node]: [33m[Path Simplification] Reduced path from 4 to 3 nodes, 2 collision checks, 0.05 ms[0m
[INFO] [1782989324.532] [/exploration_node]:   Segment 1: 3.12 m
[INFO] [1782989324.532] [/exploration_node]:   Segment 2: 0.38 m
[INFO] [1782989324.575] [/exploration_node]: [33m[Path Simplification] Reduced path from 4 to 3 nodes, 2 collision checks, 0.05 ms[0m
[INFO] [1782989324.575] [/exploration_node]:   Segment 1: 3.12 m
[INFO] [1782989324.575] [/exploration_node]:   Segment 2: 0.38 m
[WARN] [1782989324.594] [/exploration_node]: [EV] [1782989324.594][    +27.5s][PLAN_TRAJ_RTH] LOCAL RTH FAIL | why: escape: gcopter setup failed | t=33.4ms (x42)
[INFO] [1782989324.619] [/exploration_node]: [33m[Path Simplification] Reduced path from 4 to 3 nodes, 2 collision checks, 0.05 ms[0m
[INFO] [1782989324.619] [/exploration_node]:   Segment 1: 3.12 m
[INFO] [1782989324.619] [/exploration_node]:   Segment 2: 0.38 m
[WARN] [1782989324.630] [/px4_ctrl_bridge]: [px4_bridge] AVOIDANCE ACTIVE -> forwarding /target_avoidance
[INFO] [1782989324.662] [/exploration_node]: [33m[Path Simplification] Reduced path from 4 to 3 nodes, 2 collision checks, 0.05 ms[0m
[INFO] [1782989324.662] [/exploration_node]:   Segment 1: 3.12 m
[INFO] [1782989324.662] [/exploration_node]:   Segment 2: 0.38 m
[INFO] [1782989324.702] [/exploration_node]: [33m[Path Simplification] Reduced path from 4 to 3 nodes, 2 collision checks, 0.03 ms[0m
[INFO] [1782989324.703] [/exploration_node]:   Segment 1: 3.12 m
[INFO] [1782989324.703] [/exploration_node]:   Segment 2: 0.38 m
[INFO] [1782989324.704] [/exploration_node]: [EV] [1782989324.704][    +27.6s][PLAN_TRAJ_RTH] GLOBAL result=RTH_PATH_OK | why: path to goal: 3 nodes / 3.5m (connected via 4) | clusters=0(reach 0) vp=0(reach 0) pipe[tot=0 dorm=0 unreach=0 cons=0 nocand=0 topo=0 novis=0 ok=0] tour=3n/3.5m goal=(0.1, 0.1, 1.4) t=13ms (x5)
[INFO] [1782989324.718] [/exploration_node]: [33m[Path Simplification] Reduced path from 4 to 3 nodes, 2 collision checks, 0.05 ms[0m
[INFO] [1782989324.718] [/exploration_node]:   Segment 1: 3.12 m
[INFO] [1782989324.718] [/exploration_node]:   Segment 2: 0.38 m
[INFO] [1782989324.760] [/exploration_node]: [33m[Path Simplification] Reduced path from 4 to 3 nodes, 2 collision checks, 0.03 ms[0m
[INFO] [1782989324.760] [/exploration_node]:   Segment 1: 3.12 m
[INFO] [1782989324.760] [/exploration_node]:   Segment 2: 0.38 m
[INFO] [1782989324.812] [/exploration_node]: [33m[Path Simplification] Reduced path from 4 to 3 nodes, 2 collision checks, 0.06 ms[0m
[INFO] [1782989324.812] [/exploration_node]:   Segment 1: 3.12 m
[INFO] [1782989324.812] [/exploration_node]:   Segment 2: 0.38 m
[INFO] [1782989324.851] [/exploration_node]: [33m[Path Simplification] Reduced path from 4 to 3 nodes, 2 collision checks, 0.04 ms[0m
[INFO] [1782989324.851] [/exploration_node]:   Segment 1: 3.12 m
[INFO] [1782989324.851] [/exploration_node]:   Segment 2: 0.38 m
[INFO] [1782989324.882] [/exploration_node]: [EV] [1782989324.882][    +27.8s][PLAN_TRAJ_RTH] RTH d2goal=2.5m | auto-home(xy) dist=2.72m tol=0.20m goal=(0.02, -0.04, 1.10) (x32)
[INFO] [1782989324.897] [/exploration_node]: [33m[Path Simplification] Reduced path from 4 to 3 nodes, 2 collision checks, 0.05 ms[0m
[INFO] [1782989324.897] [/exploration_node]:   Segment 1: 3.12 m
[INFO] [1782989324.898] [/exploration_node]:   Segment 2: 0.38 m
[INFO] [1782989324.920] [/local_avoidance]: [local_avoidance] avoiding...  min_dist=0.33 m
[INFO] [1782989324.940] [/exploration_node]: [33m[Path Simplification] Reduced path from 4 to 3 nodes, 2 collision checks, 0.05 ms[0m
[INFO] [1782989324.940] [/exploration_node]:   Segment 1: 3.12 m
[INFO] [1782989324.940] [/exploration_node]:   Segment 2: 0.38 m
[INFO] [1782989324.944] [/exploration_node]: [EV] [1782989324.944][    +27.8s][PLAN_TRAJ_RTH] RTH d2goal=2.5m | auto-home(xy) dist=2.71m tol=0.20m goal=(0.02, -0.04, 1.10)
[INFO] [1782989324.958] [/exploration_node]: [33m[Path Simplification] Reduced path from 4 to 3 nodes, 2 collision checks, 0.05 ms[0m
[INFO] [1782989324.958] [/exploration_node]:   Segment 1: 3.13 m
[INFO] [1782989324.958] [/exploration_node]:   Segment 2: 0.38 m
[WARN] [1782989324.965] [/exploration_node]: [local-plan] start not in corridor (static start; corridor pieces=6)
[WARN] [1782989324.965] [/exploration_node]: [local-plan] escape: gcopter setup failed
[INFO] [1782989324.988] [/exploration_node]: [EV] [1782989324.988][    +27.9s][PLAN_TRAJ_RTH] RTH d2goal=2.5m | auto-home(xy) dist=2.72m tol=0.20m goal=(0.02, -0.04, 1.10)
[INFO] [1782989324.999] [/exploration_node]: [33m[Path Simplification] Reduced path from 4 to 3 nodes, 2 collision checks, 0.03 ms[0m
[INFO] [1782989324.999] [/exploration_node]:   Segment 1: 3.13 m
[INFO] [1782989324.999] [/exploration_node]:   Segment 2: 0.38 m
[INFO] [1782989325.044] [/exploration_node]: [33m[Path Simplification] Reduced path from 4 to 3 nodes, 2 collision checks, 0.03 ms[0m
[INFO] [1782989325.044] [/exploration_node]:   Segment 1: 3.13 m
[INFO] [1782989325.044] [/exploration_node]:   Segment 2: 0.38 m
[INFO] [1782989325.088] [/exploration_node]: [33m[Path Simplification] Reduced path from 4 to 3 nodes, 2 collision checks, 0.03 ms[0m
[INFO] [1782989325.089] [/exploration_node]:   Segment 1: 3.13 m
[INFO] [1782989325.089] [/exploration_node]:   Segment 2: 0.38 m
[INFO] [1782989325.120] [/exploration_node]: [EV] [1782989325.120][    +28.0s][PLAN_TRAJ_RTH] RTH d2goal=2.5m | auto-home(xy) dist=2.71m tol=0.20m goal=(0.02, -0.04, 1.10) (x2)
[INFO] [1782989325.134] [/exploration_node]: [33m[Path Simplification] Reduced path from 4 to 3 nodes, 2 collision checks, 0.04 ms[0m
[INFO] [1782989325.134] [/exploration_node]:   Segment 1: 3.12 m
[INFO] [1782989325.134] [/exploration_node]:   Segment 2: 0.38 m
[INFO] [1782989325.174] [/exploration_node]: [33m[Path Simplification] Reduced path from 4 to 3 nodes, 2 collision checks, 0.05 ms[0m
[INFO] [1782989325.174] [/exploration_node]:   Segment 1: 3.12 m
[INFO] [1782989325.174] [/exploration_node]:   Segment 2: 0.38 m
[INFO] [1782989325.189] [/exploration_node]: [33m[Path Simplification] Reduced path from 4 to 3 nodes, 2 collision checks, 0.05 ms[0m
[INFO] [1782989325.189] [/exploration_node]:   Segment 1: 3.12 m
[INFO] [1782989325.189] [/exploration_node]:   Segment 2: 0.38 m
[INFO] [1782989325.219] [/exploration_node]: [EV] [1782989325.219][    +28.1s][PLAN_TRAJ_RTH] RTH d2goal=2.5m | auto-home(xy) dist=2.72m tol=0.20m goal=(0.02, -0.04, 1.10) (x1)
[INFO] [1782989325.233] [/exploration_node]: [33m[Path Simplification] Reduced path from 4 to 3 nodes, 2 collision checks, 0.05 ms[0m
[INFO] [1782989325.233] [/exploration_node]:   Segment 1: 3.12 m
[INFO] [1782989325.233] [/exploration_node]:   Segment 2: 0.38 m
[INFO] [1782989325.262] [/exploration_node]: [EV] [1782989325.262][    +28.1s][PLAN_TRAJ_RTH] RTH d2goal=2.5m | auto-home(xy) dist=2.71m tol=0.20m goal=(0.02, -0.04, 1.10)
[INFO] [1782989325.276] [/exploration_node]: [33m[Path Simplification] Reduced path from 4 to 3 nodes, 2 collision checks, 0.06 ms[0m
[INFO] [1782989325.276] [/exploration_node]:   Segment 1: 3.12 m
[INFO] [1782989325.276] [/exploration_node]:   Segment 2: 0.38 m
[INFO] [1782989325.320] [/exploration_node]: [33m[Path Simplification] Reduced path from 4 to 3 nodes, 2 collision checks, 0.04 ms[0m
[INFO] [1782989325.320] [/exploration_node]:   Segment 1: 3.12 m
[INFO] [1782989325.320] [/exploration_node]:   Segment 2: 0.38 m
[INFO] [1782989325.366] [/exploration_node]: [33m[Path Simplification] Reduced path from 4 to 3 nodes, 2 collision checks, 0.05 ms[0m
[INFO] [1782989325.366] [/exploration_node]:   Segment 1: 3.12 m
[INFO] [1782989325.366] [/exploration_node]:   Segment 2: 0.38 m
[INFO] [1782989325.414] [/exploration_node]: [33m[Path Simplification] Reduced path from 4 to 3 nodes, 2 collision checks, 0.05 ms[0m
[INFO] [1782989325.414] [/exploration_node]:   Segment 1: 3.12 m
[INFO] [1782989325.414] [/exploration_node]:   Segment 2: 0.38 m
[INFO] [1782989325.429] [/exploration_node]: [33m[Path Simplification] Reduced path from 4 to 3 nodes, 2 collision checks, 0.05 ms[0m
[INFO] [1782989325.429] [/exploration_node]:   Segment 1: 3.12 m
[INFO] [1782989325.429] [/exploration_node]:   Segment 2: 0.38 m
[INFO] [1782989325.460] [/exploration_node]: [EV] [1782989325.460][    +28.3s][PLAN_TRAJ_RTH] RTH d2goal=2.5m | auto-home(xy) dist=2.72m tol=0.20m goal=(0.02, -0.04, 1.10) (x3)
[INFO] [1782989325.474] [/exploration_node]: [33m[Path Simplification] Reduced path from 4 to 3 nodes, 2 collision checks, 0.05 ms[0m
[INFO] [1782989325.474] [/exploration_node]:   Segment 1: 3.12 m
[INFO] [1782989325.474] [/exploration_node]:   Segment 2: 0.38 m
[INFO] [1782989325.517] [/exploration_node]: [33m[Path Simplification] Reduced path from 4 to 3 nodes, 2 collision checks, 0.05 ms[0m
[INFO] [1782989325.517] [/exploration_node]:   Segment 1: 3.12 m
[INFO] [1782989325.517] [/exploration_node]:   Segment 2: 0.38 m
[INFO] [1782989325.561] [/exploration_node]: [33m[Path Simplification] Reduced path from 4 to 3 nodes, 2 collision checks, 0.05 ms[0m
[INFO] [1782989325.561] [/exploration_node]:   Segment 1: 3.12 m
[INFO] [1782989325.561] [/exploration_node]:   Segment 2: 0.38 m
[INFO] [1782989325.602] [/exploration_node]: [33m[Path Simplification] Reduced path from 4 to 3 nodes, 2 collision checks, 0.03 ms[0m
[INFO] [1782989325.602] [/exploration_node]:   Segment 1: 3.12 m
[INFO] [1782989325.602] [/exploration_node]:   Segment 2: 0.38 m
[WARN] [1782989325.636] [/px4_ctrl_bridge]: [px4_bridge] AVOIDANCE ACTIVE -> forwarding /target_avoidance
[INFO] [1782989325.648] [/exploration_node]: [33m[Path Simplification] Reduced path from 4 to 3 nodes, 2 collision checks, 0.03 ms[0m
[INFO] [1782989325.648] [/exploration_node]:   Segment 1: 3.12 m
[INFO] [1782989325.648] [/exploration_node]:   Segment 2: 0.38 m
[INFO] [1782989325.661] [/exploration_node]: [33m[Path Simplification] Reduced path from 4 to 3 nodes, 2 collision checks, 0.03 ms[0m
[INFO] [1782989325.661] [/exploration_node]:   Segment 1: 3.12 m
[INFO] [1782989325.661] [/exploration_node]:   Segment 2: 0.38 m
[INFO] [1782989325.707] [/exploration_node]: [33m[Path Simplification] Reduced path from 4 to 3 nodes, 2 collision checks, 0.03 ms[0m
[INFO] [1782989325.707] [/exploration_node]:   Segment 1: 3.12 m
[INFO] [1782989325.707] [/exploration_node]:   Segment 2: 0.38 m
[INFO] [1782989325.752] [/exploration_node]: [33m[Path Simplification] Reduced path from 4 to 3 nodes, 2 collision checks, 0.03 ms[0m
[INFO] [1782989325.752] [/exploration_node]:   Segment 1: 3.13 m
[INFO] [1782989325.752] [/exploration_node]:   Segment 2: 0.38 m
[INFO] [1782989325.795] [/exploration_node]: [33m[Path Simplification] Reduced path from 4 to 3 nodes, 2 collision checks, 0.03 ms[0m
[INFO] [1782989325.795] [/exploration_node]:   Segment 1: 3.12 m
[INFO] [1782989325.795] [/exploration_node]:   Segment 2: 0.38 m
[INFO] [1782989325.838] [/exploration_node]: [33m[Path Simplification] Reduced path from 4 to 3 nodes, 2 collision checks, 0.03 ms[0m
[INFO] [1782989325.838] [/exploration_node]:   Segment 1: 3.13 m
[INFO] [1782989325.838] [/exploration_node]:   Segment 2: 0.38 m
[INFO] [1782989325.881] [/exploration_node]: [33m[Path Simplification] Reduced path from 4 to 3 nodes, 2 collision checks, 0.03 ms[0m
[INFO] [1782989325.881] [/exploration_node]:   Segment 1: 3.13 m
[INFO] [1782989325.881] [/exploration_node]:   Segment 2: 0.38 m
[INFO] [1782989325.896] [/exploration_node]: [33m[Path Simplification] Reduced path from 4 to 3 nodes, 2 collision checks, 0.03 ms[0m
[INFO] [1782989325.896] [/exploration_node]:   Segment 1: 3.13 m
[INFO] [1782989325.896] [/exploration_node]:   Segment 2: 0.38 m
[INFO] [1782989325.942] [/exploration_node]: [33m[Path Simplification] Reduced path from 4 to 3 nodes, 2 collision checks, 0.03 ms[0m
[INFO] [1782989325.942] [/exploration_node]:   Segment 1: 3.13 m
[INFO] [1782989325.942] [/exploration_node]:   Segment 2: 0.38 m
[INFO] [1782989325.969] [/local_avoidance]: [local_avoidance] avoiding...  min_dist=0.32 m
[INFO] [1782989325.985] [/exploration_node]: [33m[Path Simplification] Reduced path from 4 to 3 nodes, 2 collision checks, 0.03 ms[0m
[INFO] [1782989325.985] [/exploration_node]:   Segment 1: 3.13 m
[INFO] [1782989325.985] [/exploration_node]:   Segment 2: 0.38 m
[INFO] [1782989326.029] [/exploration_node]: [33m[Path Simplification] Reduced path from 4 to 3 nodes, 2 collision checks, 0.03 ms[0m
[INFO] [1782989326.029] [/exploration_node]:   Segment 1: 3.12 m
[INFO] [1782989326.029] [/exploration_node]:   Segment 2: 0.38 m
[INFO] [1782989326.075] [/exploration_node]: [33m[Path Simplification] Reduced path from 4 to 3 nodes, 2 collision checks, 0.04 ms[0m
[INFO] [1782989326.075] [/exploration_node]:   Segment 1: 3.12 m
[INFO] [1782989326.075] [/exploration_node]:   Segment 2: 0.38 m
[INFO] [1782989326.128] [/exploration_node]: [33m[Path Simplification] Reduced path from 4 to 3 nodes, 2 collision checks, 0.05 ms[0m
[INFO] [1782989326.128] [/exploration_node]:   Segment 1: 3.12 m
[INFO] [1782989326.128] [/exploration_node]:   Segment 2: 0.38 m
[INFO] [1782989326.129] [/exploration_node]: [EV] [1782989326.129][    +29.0s][PLAN_TRAJ_RTH] GLOBAL result=RTH_PATH_OK | why: path to goal: 3 nodes / 3.5m (connected via 4) | clusters=0(reach 0) vp=0(reach 0) pipe[tot=0 dorm=0 unreach=0 cons=0 nocand=0 topo=0 novis=0 ok=0] tour=3n/3.5m goal=(0.1, 0.1, 1.4) t=15ms (x5)
[INFO] [1782989326.141] [/exploration_node]: [33m[Path Simplification] Reduced path from 4 to 3 nodes, 2 collision checks, 0.03 ms[0m
[INFO] [1782989326.141] [/exploration_node]:   Segment 1: 3.12 m
[INFO] [1782989326.141] [/exploration_node]:   Segment 2: 0.38 m
[INFO] [1782989326.184] [/exploration_node]: [33m[Path Simplification] Reduced path from 4 to 3 nodes, 2 collision checks, 0.03 ms[0m
[INFO] [1782989326.184] [/exploration_node]:   Segment 1: 3.12 m
[INFO] [1782989326.184] [/exploration_node]:   Segment 2: 0.38 m
[INFO] [1782989326.231] [/exploration_node]: [33m[Path Simplification] Reduced path from 4 to 3 nodes, 2 collision checks, 0.05 ms[0m
[INFO] [1782989326.231] [/exploration_node]:   Segment 1: 3.12 m
[INFO] [1782989326.231] [/exploration_node]:   Segment 2: 0.38 m
[INFO] [1782989326.274] [/exploration_node]: [33m[Path Simplification] Reduced path from 4 to 3 nodes, 2 collision checks, 0.05 ms[0m
[INFO] [1782989326.274] [/exploration_node]:   Segment 1: 3.12 m
[INFO] [1782989326.274] [/exploration_node]:   Segment 2: 0.38 m
[INFO] [1782989326.317] [/exploration_node]: [33m[Path Simplification] Reduced path from 4 to 3 nodes, 2 collision checks, 0.06 ms[0m
[INFO] [1782989326.317] [/exploration_node]:   Segment 1: 3.12 m
[INFO] [1782989326.317] [/exploration_node]:   Segment 2: 0.38 m
[INFO] [1782989326.372] [/exploration_node]: [33m[Path Simplification] Reduced path from 4 to 3 nodes, 2 collision checks, 0.05 ms[0m
[INFO] [1782989326.372] [/exploration_node]:   Segment 1: 3.12 m
[INFO] [1782989326.372] [/exploration_node]:   Segment 2: 0.38 m
[INFO] [1782989326.373] [/exploration_node]: [EV] [1782989326.373][    +29.3s][PLAN_TRAJ_RTH] RTH d2goal=2.5m | auto-home(xy) dist=2.71m tol=0.20m goal=(0.02, -0.04, 1.10) (x18)
[INFO] [1782989326.388] [/exploration_node]: [33m[Path Simplification] Reduced path from 4 to 3 nodes, 2 collision checks, 0.07 ms[0m
[INFO] [1782989326.388] [/exploration_node]:   Segment 1: 3.12 m
[INFO] [1782989326.388] [/exploration_node]:   Segment 2: 0.38 m
[INFO] [1782989326.431] [/exploration_node]: [33m[Path Simplification] Reduced path from 4 to 3 nodes, 2 collision checks, 0.05 ms[0m
[INFO] [1782989326.431] [/exploration_node]:   Segment 1: 3.12 m
[INFO] [1782989326.431] [/exploration_node]:   Segment 2: 0.38 m
[WARN] [1782989326.439] [/exploration_node]: [RTH] local plan failed: escape: gcopter setup failed
[INFO] [1782989326.462] [/exploration_node]: [EV] [1782989326.461][    +29.3s][PLAN_TRAJ_RTH] RTH d2goal=2.5m | auto-home(xy) dist=2.72m tol=0.20m goal=(0.02, -0.04, 1.10) (x1)
[INFO] [1782989326.476] [/exploration_node]: [33m[Path Simplification] Reduced path from 4 to 3 nodes, 2 collision checks, 0.05 ms[0m
[INFO] [1782989326.476] [/exploration_node]:   Segment 1: 3.12 m
[INFO] [1782989326.476] [/exploration_node]:   Segment 2: 0.38 m
[INFO] [1782989326.503] [/exploration_node]: [EV] [1782989326.503][    +29.4s][PLAN_TRAJ_RTH] BATT 23.5V | v=23.64V pct=48%
[INFO] [1782989326.519] [/exploration_node]: [33m[Path Simplification] Reduced path from 4 to 3 nodes, 2 collision checks, 0.05 ms[0m
[INFO] [1782989326.519] [/exploration_node]:   Segment 1: 3.12 m
[INFO] [1782989326.519] [/exploration_node]:   Segment 2: 0.38 m
[INFO] [1782989326.549] [/exploration_node]: [EV] [1782989326.549][    +29.4s][PLAN_TRAJ_RTH] RTH d2goal=2.5m | auto-home(xy) dist=2.71m tol=0.20m goal=(0.02, -0.04, 1.10) (x1)
[INFO] [1782989326.563] [/exploration_node]: [33m[Path Simplification] Reduced path from 4 to 3 nodes, 2 collision checks, 0.07 ms[0m
[INFO] [1782989326.563] [/exploration_node]:   Segment 1: 3.12 m
[INFO] [1782989326.563] [/exploration_node]:   Segment 2: 0.38 m
[INFO] [1782989326.625] [/exploration_node]: [33m[Path Simplification] Reduced path from 4 to 3 nodes, 2 collision checks, 0.03 ms[0m
[INFO] [1782989326.625] [/exploration_node]:   Segment 1: 3.12 m
[INFO] [1782989326.625] [/exploration_node]:   Segment 2: 0.38 m
[INFO] [1782989326.638] [/exploration_node]: [33m[Path Simplification] Reduced path from 4 to 3 nodes, 2 collision checks, 0.04 ms[0m
[INFO] [1782989326.639] [/exploration_node]:   Segment 1: 3.12 m
[INFO] [1782989326.639] [/exploration_node]:   Segment 2: 0.38 m
[WARN] [1782989326.646] [/px4_ctrl_bridge]: [px4_bridge] AVOIDANCE ACTIVE -> forwarding /target_avoidance
[INFO] [1782989326.682] [/exploration_node]: [33m[Path Simplification] Reduced path from 4 to 3 nodes, 2 collision checks, 0.03 ms[0m
[INFO] [1782989326.682] [/exploration_node]:   Segment 1: 3.12 m
[INFO] [1782989326.682] [/exploration_node]:   Segment 2: 0.38 m
[INFO] [1782989326.727] [/exploration_node]: [33m[Path Simplification] Reduced path from 4 to 3 nodes, 2 collision checks, 0.04 ms[0m
[INFO] [1782989326.727] [/exploration_node]:   Segment 1: 3.12 m
[INFO] [1782989326.727] [/exploration_node]:   Segment 2: 0.38 m
[INFO] [1782989326.760] [/exploration_node]: [EV] [1782989326.760][    +29.6s][PLAN_TRAJ_RTH] RTH d2goal=2.5m | auto-home(xy) dist=2.72m tol=0.20m goal=(0.02, -0.04, 1.10) (x3)
[INFO] [1782989326.772] [/exploration_node]: [33m[Path Simplification] Reduced path from 4 to 3 nodes, 2 collision checks, 0.03 ms[0m
[INFO] [1782989326.772] [/exploration_node]:   Segment 1: 3.13 m
[INFO] [1782989326.772] [/exploration_node]:   Segment 2: 0.38 m
[INFO] [1782989326.819] [/exploration_node]: [33m[Path Simplification] Reduced path from 4 to 3 nodes, 2 collision checks, 0.06 ms[0m
[INFO] [1782989326.819] [/exploration_node]:   Segment 1: 3.13 m
[INFO] [1782989326.819] [/exploration_node]:   Segment 2: 0.38 m
[INFO] [1782989326.869] [/exploration_node]: [33m[Path Simplification] Reduced path from 4 to 3 nodes, 2 collision checks, 0.05 ms[0m
[INFO] [1782989326.869] [/exploration_node]:   Segment 1: 3.13 m
[INFO] [1782989326.869] [/exploration_node]:   Segment 2: 0.38 m
[INFO] [1782989326.871] [/exploration_node]: [EV] [1782989326.870][    +29.8s][PLAN_TRAJ_RTH] RTH d2goal=2.5m | auto-home(xy) dist=2.71m tol=0.20m goal=(0.02, -0.04, 1.10) (x1)
[INFO] [1782989326.883] [/exploration_node]: [33m[Path Simplification] Reduced path from 4 to 3 nodes, 2 collision checks, 0.03 ms[0m
[INFO] [1782989326.883] [/exploration_node]:   Segment 1: 3.13 m
[INFO] [1782989326.883] [/exploration_node]:   Segment 2: 0.38 m
[INFO] [1782989326.925] [/exploration_node]: [33m[Path Simplification] Reduced path from 4 to 3 nodes, 2 collision checks, 0.03 ms[0m
[INFO] [1782989326.925] [/exploration_node]:   Segment 1: 3.12 m
[INFO] [1782989326.926] [/exploration_node]:   Segment 2: 0.38 m
[INFO] [1782989326.959] [/exploration_node]: [EV] [1782989326.959][    +29.8s][PLAN_TRAJ_RTH] RTH d2goal=2.5m | auto-home(xy) dist=2.72m tol=0.20m goal=(0.02, -0.04, 1.10) (x1)
[INFO] [1782989326.970] [/local_avoidance]: [local_avoidance] avoiding...  min_dist=0.33 m
[INFO] [1782989326.973] [/exploration_node]: [33m[Path Simplification] Reduced path from 4 to 3 nodes, 2 collision checks, 0.05 ms[0m
[INFO] [1782989326.973] [/exploration_node]:   Segment 1: 3.13 m
[INFO] [1782989326.973] [/exploration_node]:   Segment 2: 0.38 m
[WARN] [1782989326.982] [/exploration_node]: [local-plan] start not in corridor (static start; corridor pieces=6)
[WARN] [1782989326.982] [/exploration_node]: [local-plan] escape: gcopter setup failed
[WARN] [1782989326.993] [/exploration_node]: [EV] [1782989326.993][    +29.9s][PLAN_TRAJ_RTH] LOCAL RTH FAIL | why: escape: gcopter setup failed | t=34.1ms (x49)
[INFO] [1782989327.018] [/exploration_node]: [33m[Path Simplification] Reduced path from 4 to 3 nodes, 2 collision checks, 0.06 ms[0m
[INFO] [1782989327.018] [/exploration_node]:   Segment 1: 3.13 m
[INFO] [1782989327.018] [/exploration_node]:   Segment 2: 0.38 m
[INFO] [1782989327.047] [/exploration_node]: [EV] [1782989327.047][    +29.9s][PLAN_TRAJ_RTH] RTH d2goal=2.5m | auto-home(xy) dist=2.71m tol=0.20m goal=(0.02, -0.04, 1.10) (x1)
[INFO] [1782989327.062] [/exploration_node]: [33m[Path Simplification] Reduced path from 4 to 3 nodes, 2 collision checks, 0.05 ms[0m
[INFO] [1782989327.062] [/exploration_node]:   Segment 1: 3.13 m
[INFO] [1782989327.062] [/exploration_node]:   Segment 2: 0.38 m
[INFO] [1782989327.111] [/exploration_node]: [33m[Path Simplification] Reduced path from 4 to 3 nodes, 2 collision checks, 0.05 ms[0m
[INFO] [1782989327.111] [/exploration_node]:   Segment 1: 3.13 m
[INFO] [1782989327.111] [/exploration_node]:   Segment 2: 0.38 m
[INFO] [1782989327.124] [/exploration_node]: [33m[Path Simplification] Reduced path from 4 to 3 nodes, 2 collision checks, 0.03 ms[0m
[INFO] [1782989327.124] [/exploration_node]:   Segment 1: 3.13 m
[INFO] [1782989327.124] [/exploration_node]:   Segment 2: 0.38 m
[INFO] [1782989327.168] [/exploration_node]: [33m[Path Simplification] Reduced path from 4 to 3 nodes, 2 collision checks, 0.03 ms[0m
[INFO] [1782989327.168] [/exploration_node]:   Segment 1: 3.12 m
[INFO] [1782989327.168] [/exploration_node]:   Segment 2: 0.38 m
[INFO] [1782989327.211] [/mavros]: HP: requesting home position
[INFO] [1782989327.213] [/exploration_node]: [33m[Path Simplification] Reduced path from 4 to 3 nodes, 2 collision checks, 0.05 ms[0m
[INFO] [1782989327.213] [/exploration_node]:   Segment 1: 3.12 m
[INFO] [1782989327.213] [/exploration_node]:   Segment 2: 0.38 m
[INFO] [1782989327.257] [/exploration_node]: [33m[Path Simplification] Reduced path from 4 to 3 nodes, 2 collision checks, 0.05 ms[0m
[INFO] [1782989327.257] [/exploration_node]:   Segment 1: 3.12 m
[INFO] [1782989327.257] [/exploration_node]:   Segment 2: 0.38 m
[INFO] [1782989327.300] [/exploration_node]: [33m[Path Simplification] Reduced path from 4 to 3 nodes, 2 collision checks, 0.05 ms[0m
[INFO] [1782989327.300] [/exploration_node]:   Segment 1: 3.12 m
[INFO] [1782989327.300] [/exploration_node]:   Segment 2: 0.38 m
[INFO] [1782989327.354] [/exploration_node]: [33m[Path Simplification] Reduced path from 4 to 3 nodes, 2 collision checks, 0.07 ms[0m
[INFO] [1782989327.354] [/exploration_node]:   Segment 1: 3.12 m
[INFO] [1782989327.354] [/exploration_node]:   Segment 2: 0.38 m
[INFO] [1782989327.355] [/exploration_node]: [EV] [1782989327.355][    +30.2s][PLAN_TRAJ_RTH] GLOBAL result=RTH_PATH_OK | why: path to goal: 3 nodes / 3.5m (connected via 4) | clusters=0(reach 0) vp=0(reach 0) pipe[tot=0 dorm=0 unreach=0 cons=0 nocand=0 topo=0 novis=0 ok=0] tour=3n/3.5m goal=(0.1, 0.1, 1.4) t=16ms (x4)
[INFO] [1782989327.370] [/exploration_node]: [33m[Path Simplification] Reduced path from 4 to 3 nodes, 2 collision checks, 0.05 ms[0m
[INFO] [1782989327.370] [/exploration_node]:   Segment 1: 3.12 m
[INFO] [1782989327.370] [/exploration_node]:   Segment 2: 0.38 m
[INFO] [1782989327.414] [/exploration_node]: [33m[Path Simplification] Reduced path from 4 to 3 nodes, 2 collision checks, 0.05 ms[0m
[INFO] [1782989327.414] [/exploration_node]:   Segment 1: 3.12 m
[INFO] [1782989327.414] [/exploration_node]:   Segment 2: 0.38 m
[INFO] [1782989327.454] [/exploration_node]: [33m[Path Simplification] Reduced path from 4 to 3 nodes, 2 collision checks, 0.03 ms[0m
[INFO] [1782989327.454] [/exploration_node]:   Segment 1: 3.12 m
[INFO] [1782989327.454] [/exploration_node]:   Segment 2: 0.38 m
[INFO] [1782989327.501] [/exploration_node]: [33m[Path Simplification] Reduced path from 4 to 3 nodes, 2 collision checks, 0.05 ms[0m
[INFO] [1782989327.501] [/exploration_node]:   Segment 1: 3.12 m
[INFO] [1782989327.501] [/exploration_node]:   Segment 2: 0.38 m
[INFO] [1782989327.545] [/exploration_node]: [33m[Path Simplification] Reduced path from 4 to 3 nodes, 2 collision checks, 0.06 ms[0m
[INFO] [1782989327.545] [/exploration_node]:   Segment 1: 3.12 m
[INFO] [1782989327.546] [/exploration_node]:   Segment 2: 0.38 m
[INFO] [1782989327.584] [/exploration_node]: [33m[Path Simplification] Reduced path from 4 to 3 nodes, 2 collision checks, 0.05 ms[0m
[INFO] [1782989327.584] [/exploration_node]:   Segment 1: 3.12 m
[INFO] [1782989327.584] [/exploration_node]:   Segment 2: 0.38 m
[INFO] [1782989327.601] [/exploration_node]: [33m[Path Simplification] Reduced path from 4 to 3 nodes, 2 collision checks, 0.07 ms[0m
[INFO] [1782989327.601] [/exploration_node]:   Segment 1: 3.12 m
[INFO] [1782989327.601] [/exploration_node]:   Segment 2: 0.38 m
[WARN] [1782989327.646] [/px4_ctrl_bridge]: [px4_bridge] AVOIDANCE ACTIVE -> forwarding /target_avoidance
[INFO] [1782989327.646] [/exploration_node]: [33m[Path Simplification] Reduced path from 4 to 3 nodes, 2 collision checks, 0.07 ms[0m
[INFO] [1782989327.646] [/exploration_node]:   Segment 1: 3.12 m
[INFO] [1782989327.646] [/exploration_node]:   Segment 2: 0.38 m
[INFO] [1782989327.690] [/exploration_node]: [33m[Path Simplification] Reduced path from 4 to 3 nodes, 2 collision checks, 0.05 ms[0m
[INFO] [1782989327.690] [/exploration_node]:   Segment 1: 3.12 m
[INFO] [1782989327.690] [/exploration_node]:   Segment 2: 0.38 m
[INFO] [1782989327.734] [/exploration_node]: [33m[Path Simplification] Reduced path from 4 to 3 nodes, 2 collision checks, 0.05 ms[0m
[INFO] [1782989327.734] [/exploration_node]:   Segment 1: 3.12 m
[INFO] [1782989327.734] [/exploration_node]:   Segment 2: 0.38 m
[INFO] [1782989327.763] [/exploration_node]: [EV] [1782989327.763][    +30.6s][PLAN_TRAJ_RTH] RTH d2goal=2.5m | auto-home(xy) dist=2.72m tol=0.20m goal=(0.02, -0.04, 1.10) (x14)
[INFO] [1782989327.778] [/exploration_node]: [33m[Path Simplification] Reduced path from 4 to 3 nodes, 2 collision checks, 0.05 ms[0m
[INFO] [1782989327.778] [/exploration_node]:   Segment 1: 3.12 m
[INFO] [1782989327.778] [/exploration_node]:   Segment 2: 0.38 m
[INFO] [1782989327.818] [/exploration_node]: [33m[Path Simplification] Reduced path from 4 to 3 nodes, 2 collision checks, 0.05 ms[0m
[INFO] [1782989327.818] [/exploration_node]:   Segment 1: 3.12 m
[INFO] [1782989327.818] [/exploration_node]:   Segment 2: 0.38 m
[INFO] [1782989327.822] [/exploration_node]: [EV] [1782989327.822][    +30.7s][PLAN_TRAJ_RTH] RTH d2goal=2.5m | auto-home(xy) dist=2.71m tol=0.20m goal=(0.02, -0.04, 1.10)
[INFO] [1782989327.836] [/exploration_node]: [33m[Path Simplification] Reduced path from 4 to 3 nodes, 2 collision checks, 0.05 ms[0m
[INFO] [1782989327.836] [/exploration_node]:   Segment 1: 3.12 m
[INFO] [1782989327.836] [/exploration_node]:   Segment 2: 0.38 m
[INFO] [1782989327.880] [/exploration_node]: [33m[Path Simplification] Reduced path from 4 to 3 nodes, 2 collision checks, 0.05 ms[0m
[INFO] [1782989327.880] [/exploration_node]:   Segment 1: 3.12 m
[INFO] [1782989327.880] [/exploration_node]:   Segment 2: 0.38 m
[INFO] [1782989327.924] [/exploration_node]: [33m[Path Simplification] Reduced path from 4 to 3 nodes, 2 collision checks, 0.05 ms[0m
[INFO] [1782989327.924] [/exploration_node]:   Segment 1: 3.12 m
[INFO] [1782989327.924] [/exploration_node]:   Segment 2: 0.38 m
[INFO] [1782989327.966] [/exploration_node]: [33m[Path Simplification] Reduced path from 4 to 3 nodes, 2 collision checks, 0.03 ms[0m
[INFO] [1782989327.966] [/exploration_node]:   Segment 1: 3.12 m
[INFO] [1782989327.966] [/exploration_node]:   Segment 2: 0.38 m
[INFO] [1782989328.000] [/exploration_node]: [EV] [1782989327.999][    +30.9s][PLAN_TRAJ_RTH] RTH d2goal=2.5m | auto-home(xy) dist=2.72m tol=0.20m goal=(0.02, -0.04, 1.10) (x3)
[INFO] [1782989328.011] [/exploration_node]: [33m[Path Simplification] Reduced path from 4 to 3 nodes, 2 collision checks, 0.03 ms[0m
[INFO] [1782989328.011] [/exploration_node]:   Segment 1: 3.12 m
[INFO] [1782989328.011] [/exploration_node]:   Segment 2: 0.38 m
[INFO] [1782989328.018] [/local_avoidance]: [local_avoidance] avoiding...  min_dist=0.32 m
[INFO] [1782989328.058] [/exploration_node]: [33m[Path Simplification] Reduced path from 4 to 3 nodes, 2 collision checks, 0.06 ms[0m
[INFO] [1782989328.058] [/exploration_node]:   Segment 1: 3.12 m
[INFO] [1782989328.058] [/exploration_node]:   Segment 2: 0.38 m
[INFO] [1782989328.059] [/exploration_node]: [EV] [1782989328.059][    +30.9s][PLAN_TRAJ_RTH] RTH d2goal=2.5m | auto-home(xy) dist=2.71m tol=0.20m goal=(0.02, -0.04, 1.10)
[INFO] [1782989328.072] [/exploration_node]: [33m[Path Simplification] Reduced path from 4 to 3 nodes, 2 collision checks, 0.05 ms[0m
[INFO] [1782989328.072] [/exploration_node]:   Segment 1: 3.12 m
[INFO] [1782989328.072] [/exploration_node]:   Segment 2: 0.38 m
[INFO] [1782989328.103] [/exploration_node]: [EV] [1782989328.103][    +31.0s][PLAN_TRAJ_RTH] RTH d2goal=2.5m | auto-home(xy) dist=2.72m tol=0.20m goal=(0.02, -0.04, 1.10)
[INFO] [1782989328.116] [/exploration_node]: [33m[Path Simplification] Reduced path from 4 to 3 nodes, 2 collision checks, 0.05 ms[0m
[INFO] [1782989328.116] [/exploration_node]:   Segment 1: 3.12 m
[INFO] [1782989328.116] [/exploration_node]:   Segment 2: 0.38 m
[INFO] [1782989328.160] [/exploration_node]: [33m[Path Simplification] Reduced path from 4 to 3 nodes, 2 collision checks, 0.09 ms[0m
[INFO] [1782989328.161] [/exploration_node]:   Segment 1: 3.12 m
[INFO] [1782989328.161] [/exploration_node]:   Segment 2: 0.38 m
[INFO] [1782989328.203] [/exploration_node]: [33m[Path Simplification] Reduced path from 4 to 3 nodes, 2 collision checks, 0.05 ms[0m
[INFO] [1782989328.203] [/exploration_node]:   Segment 1: 3.12 m
[INFO] [1782989328.203] [/exploration_node]:   Segment 2: 0.38 m
[INFO] [1782989328.247] [/exploration_node]: [33m[Path Simplification] Reduced path from 4 to 3 nodes, 2 collision checks, 0.06 ms[0m
[INFO] [1782989328.247] [/exploration_node]:   Segment 1: 3.12 m
[INFO] [1782989328.247] [/exploration_node]:   Segment 2: 0.38 m
[INFO] [1782989328.298] [/exploration_node]: [33m[Path Simplification] Reduced path from 4 to 3 nodes, 2 collision checks, 0.05 ms[0m
[INFO] [1782989328.298] [/exploration_node]:   Segment 1: 3.12 m
[INFO] [1782989328.298] [/exploration_node]:   Segment 2: 0.38 m
[INFO] [1782989328.313] [/exploration_node]: [33m[Path Simplification] Reduced path from 4 to 3 nodes, 2 collision checks, 0.05 ms[0m
[INFO] [1782989328.313] [/exploration_node]:   Segment 1: 3.12 m
[INFO] [1782989328.313] [/exploration_node]:   Segment 2: 0.38 m
[INFO] [1782989328.343] [/exploration_node]: [EV] [1782989328.343][    +31.2s][PLAN_TRAJ_RTH] RTH d2goal=2.5m | auto-home(xy) dist=2.71m tol=0.20m goal=(0.02, -0.04, 1.10) (x4)
[INFO] [1782989328.357] [/exploration_node]: [33m[Path Simplification] Reduced path from 4 to 3 nodes, 2 collision checks, 0.06 ms[0m
[INFO] [1782989328.357] [/exploration_node]:   Segment 1: 3.12 m
[INFO] [1782989328.357] [/exploration_node]:   Segment 2: 0.38 m
[INFO] [1782989328.387] [/exploration_node]: [EV] [1782989328.387][    +31.3s][PLAN_TRAJ_RTH] RTH d2goal=2.5m | auto-home(xy) dist=2.72m tol=0.20m goal=(0.02, -0.04, 1.10)
[INFO] [1782989328.403] [/exploration_node]: [33m[Path Simplification] Reduced path from 4 to 3 nodes, 2 collision checks, 0.16 ms[0m
[INFO] [1782989328.403] [/exploration_node]:   Segment 1: 3.12 m
[INFO] [1782989328.403] [/exploration_node]:   Segment 2: 0.38 m
[INFO] [1782989328.432] [/exploration_node]: [EV] [1782989328.432][    +31.3s][PLAN_TRAJ_RTH] RTH d2goal=2.5m | auto-home(xy) dist=2.71m tol=0.20m goal=(0.02, -0.04, 1.10)
[INFO] [1782989328.445] [/exploration_node]: [33m[Path Simplification] Reduced path from 4 to 3 nodes, 2 collision checks, 0.08 ms[0m
[INFO] [1782989328.445] [/exploration_node]:   Segment 1: 3.12 m
[INFO] [1782989328.445] [/exploration_node]:   Segment 2: 0.38 m
[WARN] [1782989328.453] [/exploration_node]: [RTH] local plan failed: escape: gcopter setup failed
[INFO] [1782989328.475] [/exploration_node]: [EV] [1782989328.475][    +31.4s][PLAN_TRAJ_RTH] RTH d2goal=2.5m | auto-home(xy) dist=2.72m tol=0.20m goal=(0.02, -0.04, 1.10)
[INFO] [1782989328.488] [/exploration_node]: [33m[Path Simplification] Reduced path from 4 to 3 nodes, 2 collision checks, 0.08 ms[0m
[INFO] [1782989328.488] [/exploration_node]:   Segment 1: 3.12 m
[INFO] [1782989328.488] [/exploration_node]:   Segment 2: 0.38 m
[INFO] [1782989328.553] [/exploration_node]: [33m[Path Simplification] Reduced path from 4 to 3 nodes, 2 collision checks, 0.08 ms[0m
[INFO] [1782989328.553] [/exploration_node]:   Segment 1: 3.12 m
[INFO] [1782989328.553] [/exploration_node]:   Segment 2: 0.38 m
[INFO] [1782989328.554] [/exploration_node]: [EV] [1782989328.554][    +31.4s][PLAN_TRAJ_RTH] GLOBAL result=RTH_PATH_OK | why: path to goal: 3 nodes / 3.5m (connected via 2) | clusters=0(reach 0) vp=0(reach 0) pipe[tot=0 dorm=0 unreach=0 cons=0 nocand=0 topo=0 novis=0 ok=0] tour=3n/3.5m goal=(0.1, 0.1, 1.4) t=14ms (prev x4/1.0s)
[INFO] [1782989328.555] [/exploration_node]: [EV] [1782989328.555][    +31.4s][PLAN_TRAJ_RTH] BATT 23.5V | v=23.66V pct=49%
[INFO] [1782989328.569] [/exploration_node]: [33m[Path Simplification] Reduced path from 4 to 3 nodes, 2 collision checks, 0.05 ms[0m
[INFO] [1782989328.569] [/exploration_node]:   Segment 1: 3.13 m
[INFO] [1782989328.569] [/exploration_node]:   Segment 2: 0.38 m
[INFO] [1782989328.615] [/exploration_node]: [33m[Path Simplification] Reduced path from 4 to 3 nodes, 2 collision checks, 0.06 ms[0m
[INFO] [1782989328.615] [/exploration_node]:   Segment 1: 3.12 m
[INFO] [1782989328.615] [/exploration_node]:   Segment 2: 0.38 m
[WARN] [1782989328.646] [/px4_ctrl_bridge]: [px4_bridge] AVOIDANCE ACTIVE -> forwarding /target_avoidance
[INFO] [1782989328.656] [/exploration_node]: [33m[Path Simplification] Reduced path from 4 to 3 nodes, 2 collision checks, 0.03 ms[0m
[INFO] [1782989328.656] [/exploration_node]:   Segment 1: 3.12 m
[INFO] [1782989328.656] [/exploration_node]:   Segment 2: 0.38 m
[INFO] [1782989328.699] [/exploration_node]: [33m[Path Simplification] Reduced path from 4 to 3 nodes, 2 collision checks, 0.04 ms[0m
[INFO] [1782989328.699] [/exploration_node]:   Segment 1: 3.13 m
[INFO] [1782989328.699] [/exploration_node]:   Segment 2: 0.38 m
[INFO] [1782989328.745] [/exploration_node]: [33m[Path Simplification] Reduced path from 4 to 3 nodes, 2 collision checks, 0.09 ms[0m
[INFO] [1782989328.745] [/exploration_node]:   Segment 1: 3.13 m
[INFO] [1782989328.745] [/exploration_node]:   Segment 2: 0.38 m
[INFO] [1782989328.797] [/exploration_node]: [33m[Path Simplification] Reduced path from 4 to 3 nodes, 2 collision checks, 0.06 ms[0m
[INFO] [1782989328.797] [/exploration_node]:   Segment 1: 3.13 m
[INFO] [1782989328.797] [/exploration_node]:   Segment 2: 0.38 m
[INFO] [1782989328.814] [/exploration_node]: [33m[Path Simplification] Reduced path from 4 to 3 nodes, 2 collision checks, 0.06 ms[0m
[INFO] [1782989328.814] [/exploration_node]:   Segment 1: 3.13 m
[INFO] [1782989328.814] [/exploration_node]:   Segment 2: 0.38 m
[INFO] [1782989328.858] [/exploration_node]: [33m[Path Simplification] Reduced path from 4 to 3 nodes, 2 collision checks, 0.06 ms[0m
[INFO] [1782989328.858] [/exploration_node]:   Segment 1: 3.12 m
[INFO] [1782989328.858] [/exploration_node]:   Segment 2: 0.38 m
[INFO] [1782989328.900] [/exploration_node]: [33m[Path Simplification] Reduced path from 4 to 3 nodes, 2 collision checks, 0.08 ms[0m
[INFO] [1782989328.900] [/exploration_node]:   Segment 1: 3.12 m
[INFO] [1782989328.900] [/exploration_node]:   Segment 2: 0.38 m
[INFO] [1782989328.933] [/exploration_node]: [EV] [1782989328.933][    +31.8s][PLAN_TRAJ_RTH] RTH d2goal=2.5m | auto-home(xy) dist=2.71m tol=0.20m goal=(0.02, -0.04, 1.10) (x8)
[INFO] [1782989328.946] [/exploration_node]: [33m[Path Simplification] Reduced path from 4 to 3 nodes, 2 collision checks, 0.06 ms[0m
[INFO] [1782989328.946] [/exploration_node]:   Segment 1: 3.12 m
[INFO] [1782989328.946] [/exploration_node]:   Segment 2: 0.38 m
[INFO] [1782989328.989] [/exploration_node]: [33m[Path Simplification] Reduced path from 4 to 3 nodes, 2 collision checks, 0.06 ms[0m
[INFO] [1782989328.989] [/exploration_node]:   Segment 1: 3.12 m
[INFO] [1782989328.989] [/exploration_node]:   Segment 2: 0.38 m
[WARN] [1782989328.997] [/exploration_node]: [local-plan] start not in corridor (static start; corridor pieces=6)
[WARN] [1782989328.997] [/exploration_node]: [local-plan] escape: gcopter setup failed
[WARN] [1782989329.010] [/exploration_node]: [EV] [1782989329.010][    +31.9s][PLAN_TRAJ_RTH] LOCAL RTH FAIL | why: escape: gcopter setup failed | t=33.7ms (x41)
[INFO] [1782989329.018] [/local_avoidance]: [local_avoidance] avoiding...  min_dist=0.33 m
[INFO] [1782989329.045] [/exploration_node]: [33m[Path Simplification] Reduced path from 4 to 3 nodes, 2 collision checks, 0.07 ms[0m
[INFO] [1782989329.045] [/exploration_node]:   Segment 1: 3.12 m
[INFO] [1782989329.045] [/exploration_node]:   Segment 2: 0.38 m
[INFO] [1782989329.061] [/exploration_node]: [33m[Path Simplification] Reduced path from 4 to 3 nodes, 2 collision checks, 0.07 ms[0m
[INFO] [1782989329.061] [/exploration_node]:   Segment 1: 3.12 m
[INFO] [1782989329.061] [/exploration_node]:   Segment 2: 0.38 m
[INFO] [1782989329.105] [/exploration_node]: [33m[Path Simplification] Reduced path from 4 to 3 nodes, 2 collision checks, 0.08 ms[0m
[INFO] [1782989329.105] [/exploration_node]:   Segment 1: 3.12 m
[INFO] [1782989329.105] [/exploration_node]:   Segment 2: 0.38 m
[INFO] [1782989329.148] [/exploration_node]: [33m[Path Simplification] Reduced path from 4 to 3 nodes, 2 collision checks, 0.05 ms[0m
[INFO] [1782989329.148] [/exploration_node]:   Segment 1: 3.12 m
[INFO] [1782989329.148] [/exploration_node]:   Segment 2: 0.38 m
[INFO] [1782989329.191] [/exploration_node]: [33m[Path Simplification] Reduced path from 4 to 3 nodes, 2 collision checks, 0.08 ms[0m
[INFO] [1782989329.191] [/exploration_node]:   Segment 1: 3.12 m
[INFO] [1782989329.191] [/exploration_node]:   Segment 2: 0.38 m
[INFO] [1782989329.237] [/exploration_node]: [33m[Path Simplification] Reduced path from 4 to 3 nodes, 2 collision checks, 0.05 ms[0m
[INFO] [1782989329.237] [/exploration_node]:   Segment 1: 3.12 m
[INFO] [1782989329.237] [/exploration_node]:   Segment 2: 0.38 m
[INFO] [1782989329.297] [/exploration_node]: [33m[Path Simplification] Reduced path from 4 to 3 nodes, 2 collision checks, 0.07 ms[0m
[INFO] [1782989329.297] [/exploration_node]:   Segment 1: 3.12 m
[INFO] [1782989329.297] [/exploration_node]:   Segment 2: 0.38 m
[INFO] [1782989329.312] [/exploration_node]: [33m[Path Simplification] Reduced path from 4 to 3 nodes, 2 collision checks, 0.05 ms[0m
[INFO] [1782989329.312] [/exploration_node]:   Segment 1: 3.12 m
[INFO] [1782989329.312] [/exploration_node]:   Segment 2: 0.38 m
[INFO] [1782989329.356] [/exploration_node]: [33m[Path Simplification] Reduced path from 4 to 3 nodes, 2 collision checks, 0.07 ms[0m
[INFO] [1782989329.356] [/exploration_node]:   Segment 1: 3.12 m
[INFO] [1782989329.356] [/exploration_node]:   Segment 2: 0.38 m
[INFO] [1782989329.399] [/exploration_node]: [33m[Path Simplification] Reduced path from 4 to 3 nodes, 2 collision checks, 0.05 ms[0m
[INFO] [1782989329.399] [/exploration_node]:   Segment 1: 3.12 m
[INFO] [1782989329.399] [/exploration_node]:   Segment 2: 0.38 m
[INFO] [1782989329.443] [/exploration_node]: [33m[Path Simplification] Reduced path from 4 to 3 nodes, 2 collision checks, 0.05 ms[0m
[INFO] [1782989329.443] [/exploration_node]:   Segment 1: 3.12 m
[INFO] [1782989329.443] [/exploration_node]:   Segment 2: 0.38 m
[WARN] [1782989329.471] [/exploration_node]: [EV] [1782989329.470][    +32.4s][PLAN_TRAJ_RTH] PX4 mode=POSCTL armed=0 (LEFT OFFBOARD: pilot takeover or failsafe) | prev=OFFBOARD
[ERROR] [1782989329.475] [/exploration_node]: [EV] [1782989329.475][    +32.4s][PLAN_TRAJ_RTH] STUCK no motion >8s in PLAN_TRAJ_RTH | last-local: escape: gcopter setup failed | pos=(2.59, -0.94, -0.23) still=13s (x103)
[INFO] [1782989329.475] [/exploration_node]: [EV] [1782989329.475][    +32.4s][PLAN_TRAJ_RTH] RTH d2goal=2.5m | auto-home(xy) dist=2.72m tol=0.20m goal=(0.02, -0.04, 1.10) (x10)
[INFO] [1782989329.484] [/exploration_node]: [33m[Path Simplification] Reduced path from 4 to 3 nodes, 2 collision checks, 0.03 ms[0m
[INFO] [1782989329.484] [/exploration_node]:   Segment 1: 3.12 m
[INFO] [1782989329.484] [/exploration_node]:   Segment 2: 0.38 m
[INFO] [1782989329.524] [/exploration_node]: [33m[Path Simplification] Reduced path from 4 to 3 nodes, 2 collision checks, 0.04 ms[0m
[INFO] [1782989329.524] [/exploration_node]:   Segment 1: 3.12 m
[INFO] [1782989329.524] [/exploration_node]:   Segment 2: 0.38 m
[INFO] [1782989329.536] [/exploration_node]: [33m[Path Simplification] Reduced path from 4 to 3 nodes, 2 collision checks, 0.03 ms[0m
[INFO] [1782989329.536] [/exploration_node]:   Segment 1: 3.12 m
[INFO] [1782989329.536] [/exploration_node]:   Segment 2: 0.38 m
[INFO] [1782989329.582] [/exploration_node]: [33m[Path Simplification] Reduced path from 4 to 3 nodes, 2 collision checks, 0.06 ms[0m
[INFO] [1782989329.582] [/exploration_node]:   Segment 1: 3.13 m
[INFO] [1782989329.582] [/exploration_node]:   Segment 2: 0.38 m
[INFO] [1782989329.626] [/exploration_node]: [33m[Path Simplification] Reduced path from 4 to 3 nodes, 2 collision checks, 0.05 ms[0m
[INFO] [1782989329.626] [/exploration_node]:   Segment 1: 3.13 m
[INFO] [1782989329.626] [/exploration_node]:   Segment 2: 0.38 m
[WARN] [1782989329.656] [/px4_ctrl_bridge]: [px4_bridge] AVOIDANCE ACTIVE -> forwarding /target_avoidance
[INFO] [1782989329.670] [/exploration_node]: [33m[Path Simplification] Reduced path from 4 to 3 nodes, 2 collision checks, 0.07 ms[0m
[INFO] [1782989329.670] [/exploration_node]:   Segment 1: 3.13 m
[INFO] [1782989329.670] [/exploration_node]:   Segment 2: 0.38 m
[INFO] [1782989329.715] [/exploration_node]: [33m[Path Simplification] Reduced path from 4 to 3 nodes, 2 collision checks, 0.06 ms[0m
[INFO] [1782989329.715] [/exploration_node]:   Segment 1: 3.13 m
[INFO] [1782989329.715] [/exploration_node]:   Segment 2: 0.38 m
[INFO] [1782989329.756] [/exploration_node]: [33m[Path Simplification] Reduced path from 4 to 3 nodes, 2 collision checks, 0.07 ms[0m
[INFO] [1782989329.756] [/exploration_node]:   Segment 1: 3.13 m
[INFO] [1782989329.756] [/exploration_node]:   Segment 2: 0.38 m
[INFO] [1782989329.757] [/exploration_node]: [EV] [1782989329.757][    +32.6s][PLAN_TRAJ_RTH] GLOBAL result=RTH_PATH_OK | why: path to goal: 3 nodes / 3.5m (connected via 2) | clusters=0(reach 0) vp=0(reach 0) pipe[tot=0 dorm=0 unreach=0 cons=0 nocand=0 topo=0 novis=0 ok=0] tour=3n/3.5m goal=(0.1, 0.1, 1.4) t=12ms (x4)
[INFO] [1782989329.768] [/exploration_node]: [33m[Path Simplification] Reduced path from 4 to 3 nodes, 2 collision checks, 0.07 ms[0m
[INFO] [1782989329.768] [/exploration_node]:   Segment 1: 3.13 m
[INFO] [1782989329.768] [/exploration_node]:   Segment 2: 0.38 m
[INFO] [1782989329.812] [/exploration_node]: [33m[Path Simplification] Reduced path from 4 to 3 nodes, 2 collision checks, 0.06 ms[0m
[INFO] [1782989329.812] [/exploration_node]:   Segment 1: 3.13 m
[INFO] [1782989329.812] [/exploration_node]:   Segment 2: 0.38 m
[INFO] [1782989329.856] [/exploration_node]: [33m[Path Simplification] Reduced path from 4 to 3 nodes, 2 collision checks, 0.05 ms[0m
[INFO] [1782989329.856] [/exploration_node]:   Segment 1: 3.13 m
[INFO] [1782989329.856] [/exploration_node]:   Segment 2: 0.38 m
[INFO] [1782989329.899] [/exploration_node]: [33m[Path Simplification] Reduced path from 4 to 3 nodes, 2 collision checks, 0.06 ms[0m
[INFO] [1782989329.899] [/exploration_node]:   Segment 1: 3.13 m
[INFO] [1782989329.899] [/exploration_node]:   Segment 2: 0.38 m
[INFO] [1782989329.942] [/exploration_node]: [33m[Path Simplification] Reduced path from 4 to 3 nodes, 2 collision checks, 0.11 ms[0m
[INFO] [1782989329.942] [/exploration_node]:   Segment 1: 3.13 m
[INFO] [1782989329.942] [/exploration_node]:   Segment 2: 0.38 m
[INFO] [1782989329.986] [/exploration_node]: [33m[Path Simplification] Reduced path from 4 to 3 nodes, 2 collision checks, 0.06 ms[0m
[INFO] [1782989329.986] [/exploration_node]:   Segment 1: 3.13 m
[INFO] [1782989329.986] [/exploration_node]:   Segment 2: 0.38 m
[INFO] [1782989330.019] [/local_avoidance]: [local_avoidance] avoiding...  min_dist=0.33 m
[INFO] [1782989329.988] [/exploration_node]: [EV] [1782989329.988][    +32.9s][PLAN_TRAJ_RTH] GLOBAL result=RTH_PATH_OK | why: path to goal: 3 nodes / 3.5m (connected via 3) | clusters=0(reach 0) vp=0(reach 0) pipe[tot=0 dorm=0 unreach=0 cons=0 nocand=0 topo=0 novis=0 ok=0] tour=3n/3.5m goal=(0.1, 0.1, 1.4) t=11ms
[INFO] [1782989329.998] [/exploration_node]: [33m[Path Simplification] Reduced path from 4 to 3 nodes, 2 collision checks, 0.05 ms[0m
[INFO] [1782989329.998] [/exploration_node]:   Segment 1: 3.13 m
[INFO] [1782989329.998] [/exploration_node]:   Segment 2: 0.38 m
[INFO] [1782989330.042] [/exploration_node]: [33m[Path Simplification] Reduced path from 4 to 3 nodes, 2 collision checks, 0.06 ms[0m
[INFO] [1782989330.042] [/exploration_node]:   Segment 1: 3.13 m
[INFO] [1782989330.042] [/exploration_node]:   Segment 2: 0.38 m
[INFO] [1782989330.085] [/exploration_node]: [33m[Path Simplification] Reduced path from 4 to 3 nodes, 2 collision checks, 0.10 ms[0m
[INFO] [1782989330.085] [/exploration_node]:   Segment 1: 3.13 m
[INFO] [1782989330.085] [/exploration_node]:   Segment 2: 0.38 m
[INFO] [1782989330.129] [/exploration_node]: [33m[Path Simplification] Reduced path from 4 to 3 nodes, 2 collision checks, 0.04 ms[0m
[INFO] [1782989330.129] [/exploration_node]:   Segment 1: 3.13 m
[INFO] [1782989330.129] [/exploration_node]:   Segment 2: 0.38 m
[INFO] [1782989330.173] [/exploration_node]: [33m[Path Simplification] Reduced path from 4 to 3 nodes, 2 collision checks, 0.07 ms[0m
[INFO] [1782989330.173] [/exploration_node]:   Segment 1: 3.13 m
[INFO] [1782989330.173] [/exploration_node]:   Segment 2: 0.38 m
[INFO] [1782989330.231] [/exploration_node]: [33m[Path Simplification] Reduced path from 4 to 3 nodes, 2 collision checks, 0.05 ms[0m
[INFO] [1782989330.232] [/exploration_node]:   Segment 1: 3.13 m
[INFO] [1782989330.232] [/exploration_node]:   Segment 2: 0.38 m
[INFO] [1782989330.245] [/exploration_node]: [33m[Path Simplification] Reduced path from 4 to 3 nodes, 2 collision checks, 0.06 ms[0m
[INFO] [1782989330.245] [/exploration_node]:   Segment 1: 3.13 m
[INFO] [1782989330.245] [/exploration_node]:   Segment 2: 0.38 m
[INFO] [1782989330.290] [/exploration_node]: [33m[Path Simplification] Reduced path from 4 to 3 nodes, 2 collision checks, 0.05 ms[0m
[INFO] [1782989330.290] [/exploration_node]:   Segment 1: 3.13 m
[INFO] [1782989330.290] [/exploration_node]:   Segment 2: 0.38 m
[INFO] [1782989330.334] [/exploration_node]: [33m[Path Simplification] Reduced path from 4 to 3 nodes, 2 collision checks, 0.07 ms[0m
[INFO] [1782989330.334] [/exploration_node]:   Segment 1: 3.13 m
[INFO] [1782989330.334] [/exploration_node]:   Segment 2: 0.38 m
[INFO] [1782989330.377] [/exploration_node]: [33m[Path Simplification] Reduced path from 4 to 3 nodes, 2 collision checks, 0.05 ms[0m
[INFO] [1782989330.377] [/exploration_node]:   Segment 1: 3.13 m
[INFO] [1782989330.377] [/exploration_node]:   Segment 2: 0.38 m
[INFO] [1782989330.421] [/exploration_node]: [33m[Path Simplification] Reduced path from 4 to 3 nodes, 2 collision checks, 0.05 ms[0m
[INFO] [1782989330.421] [/exploration_node]:   Segment 1: 3.13 m
[INFO] [1782989330.421] [/exploration_node]:   Segment 2: 0.38 m
[INFO] [1782989330.469] [/exploration_node]: [33m[Path Simplification] Reduced path from 4 to 3 nodes, 2 collision checks, 0.06 ms[0m
[INFO] [1782989330.469] [/exploration_node]:   Segment 1: 3.13 m
[INFO] [1782989330.469] [/exploration_node]:   Segment 2: 0.38 m
[INFO] [1782989330.478] [/exploration_node]: [33m[Path Simplification] Reduced path from 4 to 3 nodes, 2 collision checks, 0.04 ms[0m
[INFO] [1782989330.478] [/exploration_node]:   Segment 1: 3.13 m
[INFO] [1782989330.478] [/exploration_node]:   Segment 2: 0.38 m
[WARN] [1782989330.487] [/exploration_node]: [RTH] local plan failed: escape: gcopter setup failed
[INFO] [1782989330.508] [/exploration_node]: [EV] [1782989330.508][    +33.4s][PLAN_TRAJ_RTH] BATT 23.5V | v=23.68V pct=50%
[INFO] [1782989330.523] [/exploration_node]: [33m[Path Simplification] Reduced path from 4 to 3 nodes, 2 collision checks, 0.04 ms[0m
[INFO] [1782989330.523] [/exploration_node]:   Segment 1: 3.13 m
[INFO] [1782989330.523] [/exploration_node]:   Segment 2: 0.38 m
[INFO] [1782989330.566] [/exploration_node]: [33m[Path Simplification] Reduced path from 4 to 3 nodes, 2 collision checks, 0.02 ms[0m
[INFO] [1782989330.566] [/exploration_node]:   Segment 1: 3.13 m
[INFO] [1782989330.566] [/exploration_node]:   Segment 2: 0.38 m
[INFO] [1782989330.612] [/exploration_node]: [33m[Path Simplification] Reduced path from 4 to 3 nodes, 2 collision checks, 0.07 ms[0m
[INFO] [1782989330.612] [/exploration_node]:   Segment 1: 3.13 m
[INFO] [1782989330.612] [/exploration_node]:   Segment 2: 0.38 m
[INFO] [1782989330.656] [/exploration_node]: [33m[Path Simplification] Reduced path from 4 to 3 nodes, 2 collision checks, 0.07 ms[0m
[INFO] [1782989330.656] [/exploration_node]:   Segment 1: 3.13 m
[INFO] [1782989330.656] [/exploration_node]:   Segment 2: 0.38 m
[WARN] [1782989330.657] [/px4_ctrl_bridge]: [px4_bridge] AVOIDANCE ACTIVE -> forwarding /target_avoidance
[INFO] [1782989330.723] [/exploration_node]: [33m[Path Simplification] Reduced path from 4 to 3 nodes, 2 collision checks, 0.03 ms[0m
[INFO] [1782989330.723] [/exploration_node]:   Segment 1: 3.13 m
[INFO] [1782989330.723] [/exploration_node]:   Segment 2: 0.38 m
[INFO] [1782989330.732] [/exploration_node]: [33m[Path Simplification] Reduced path from 4 to 3 nodes, 2 collision checks, 0.03 ms[0m
[INFO] [1782989330.732] [/exploration_node]:   Segment 1: 3.13 m
[INFO] [1782989330.732] [/exploration_node]:   Segment 2: 0.38 m
[INFO] [1782989330.776] [/exploration_node]: [33m[Path Simplification] Reduced path from 4 to 3 nodes, 2 collision checks, 0.04 ms[0m
[INFO] [1782989330.776] [/exploration_node]:   Segment 1: 3.12 m
[INFO] [1782989330.776] [/exploration_node]:   Segment 2: 0.38 m
[INFO] [1782989330.819] [/exploration_node]: [33m[Path Simplification] Reduced path from 4 to 3 nodes, 2 collision checks, 0.03 ms[0m
[INFO] [1782989330.819] [/exploration_node]:   Segment 1: 3.12 m
[INFO] [1782989330.819] [/exploration_node]:   Segment 2: 0.38 m
[INFO] [1782989330.864] [/exploration_node]: [33m[Path Simplification] Reduced path from 4 to 3 nodes, 2 collision checks, 0.05 ms[0m
[INFO] [1782989330.864] [/exploration_node]:   Segment 1: 3.12 m
[INFO] [1782989330.864] [/exploration_node]:   Segment 2: 0.38 m
[INFO] [1782989330.899] [/exploration_node]: [EV] [1782989330.899][    +33.8s][PLAN_TRAJ_RTH] RTH d2goal=2.5m | auto-home(xy) dist=2.71m tol=0.20m goal=(0.02, -0.04, 1.10) (x29)
[INFO] [1782989330.907] [/exploration_node]: [33m[Path Simplification] Reduced path from 4 to 3 nodes, 2 collision checks, 0.04 ms[0m
[INFO] [1782989330.907] [/exploration_node]:   Segment 1: 3.12 m
[INFO] [1782989330.907] [/exploration_node]:   Segment 2: 0.38 m
[INFO] [1782989330.947] [/exploration_node]: [33m[Path Simplification] Reduced path from 4 to 3 nodes, 2 collision checks, 0.03 ms[0m
[INFO] [1782989330.947] [/exploration_node]:   Segment 1: 3.12 m
[INFO] [1782989330.947] [/exploration_node]:   Segment 2: 0.38 m
[INFO] [1782989330.949] [/exploration_node]: [EV] [1782989330.949][    +33.8s][PLAN_TRAJ_RTH] RTH d2goal=2.5m | auto-home(xy) dist=2.72m tol=0.20m goal=(0.02, -0.04, 1.10)
[INFO] [1782989330.956] [/exploration_node]: [33m[Path Simplification] Reduced path from 4 to 3 nodes, 2 collision checks, 0.03 ms[0m
[INFO] [1782989330.956] [/exploration_node]:   Segment 1: 3.12 m
[INFO] [1782989330.956] [/exploration_node]:   Segment 2: 0.38 m
[INFO] [1782989331.001] [/exploration_node]: [33m[Path Simplification] Reduced path from 4 to 3 nodes, 2 collision checks, 0.05 ms[0m
[INFO] [1782989331.001] [/exploration_node]:   Segment 1: 3.12 m
[INFO] [1782989331.001] [/exploration_node]:   Segment 2: 0.38 m
[WARN] [1782989331.009] [/exploration_node]: [local-plan] start not in corridor (static start; corridor pieces=6)
[WARN] [1782989331.009] [/exploration_node]: [local-plan] escape: gcopter setup failed
[WARN] [1782989331.026] [/exploration_node]: [EV] [1782989331.026][    +33.9s][PLAN_TRAJ_RTH] LOCAL RTH FAIL | why: escape: gcopter setup failed | t=33.4ms (x41)
[INFO] [1782989331.044] [/exploration_node]: [33m[Path Simplification] Reduced path from 4 to 3 nodes, 2 collision checks, 0.04 ms[0m
[INFO] [1782989331.044] [/exploration_node]:   Segment 1: 3.12 m
[INFO] [1782989331.045] [/exploration_node]:   Segment 2: 0.38 m
[INFO] [1782989331.068] [/local_avoidance]: [local_avoidance] avoiding...  min_dist=0.33 m
[INFO] [1782989331.081] [/exploration_node]: [EV] [1782989331.080][    +34.0s][PLAN_TRAJ_RTH] RTH d2goal=2.5m | auto-home(xy) dist=2.71m tol=0.20m goal=(0.02, -0.04, 1.10) (x2)
[INFO] [1782989331.088] [/exploration_node]: [33m[Path Simplification] Reduced path from 4 to 3 nodes, 2 collision checks, 0.03 ms[0m
[INFO] [1782989331.088] [/exploration_node]:   Segment 1: 3.12 m
[INFO] [1782989331.088] [/exploration_node]:   Segment 2: 0.38 m
[INFO] [1782989331.133] [/exploration_node]: [33m[Path Simplification] Reduced path from 4 to 3 nodes, 2 collision checks, 0.05 ms[0m
[INFO] [1782989331.133] [/exploration_node]:   Segment 1: 3.12 m
[INFO] [1782989331.133] [/exploration_node]:   Segment 2: 0.38 m
[INFO] [1782989331.169] [/exploration_node]: [33m[Path Simplification] Reduced path from 4 to 3 nodes, 2 collision checks, 0.04 ms[0m
[INFO] [1782989331.169] [/exploration_node]:   Segment 1: 3.12 m
[INFO] [1782989331.169] [/exploration_node]:   Segment 2: 0.38 m
[INFO] [1782989331.170] [/exploration_node]: [EV] [1782989331.170][    +34.1s][PLAN_TRAJ_RTH] GLOBAL result=RTH_PATH_OK | why: path to goal: 3 nodes / 3.5m (connected via 2) | clusters=0(reach 0) vp=0(reach 0) pipe[tot=0 dorm=0 unreach=0 cons=0 nocand=0 topo=0 novis=0 ok=0] tour=3n/3.5m goal=(0.1, 0.1, 1.4) t=9ms (x3)
[INFO] [1782989331.174] [/exploration_node]: [EV] [1782989331.174][    +34.1s][PLAN_TRAJ_RTH] RTH d2goal=2.5m | auto-home(xy) dist=2.72m tol=0.20m goal=(0.02, -0.04, 1.10) (x1)
[INFO] [1782989331.181] [/exploration_node]: [33m[Path Simplification] Reduced path from 4 to 3 nodes, 2 collision checks, 0.03 ms[0m
[INFO] [1782989331.181] [/exploration_node]:   Segment 1: 3.12 m
[INFO] [1782989331.181] [/exploration_node]:   Segment 2: 0.38 m
[INFO] [1782989331.226] [/exploration_node]: [33m[Path Simplification] Reduced path from 4 to 3 nodes, 2 collision checks, 0.06 ms[0m
[INFO] [1782989331.227] [/exploration_node]:   Segment 1: 3.12 m
[INFO] [1782989331.227] [/exploration_node]:   Segment 2: 0.38 m
[INFO] [1782989331.265] [/exploration_node]: [EV] [1782989331.263][    +34.1s][PLAN_TRAJ_RTH] RTH d2goal=2.5m | auto-home(xy) dist=2.71m tol=0.20m goal=(0.02, -0.04, 1.10) (x1)
[INFO] [1782989331.272] [/exploration_node]: [33m[Path Simplification] Reduced path from 4 to 3 nodes, 2 collision checks, 0.03 ms[0m
[INFO] [1782989331.272] [/exploration_node]:   Segment 1: 3.12 m
[INFO] [1782989331.272] [/exploration_node]:   Segment 2: 0.38 m
[INFO] [1782989331.309] [/exploration_node]: [EV] [1782989331.309][    +34.2s][PLAN_TRAJ_RTH] RTH d2goal=2.5m | auto-home(xy) dist=2.72m tol=0.20m goal=(0.02, -0.04, 1.10)
[INFO] [1782989331.315] [/exploration_node]: [33m[Path Simplification] Reduced path from 4 to 3 nodes, 2 collision checks, 0.03 ms[0m
[INFO] [1782989331.315] [/exploration_node]:   Segment 1: 3.12 m
[INFO] [1782989331.315] [/exploration_node]:   Segment 2: 0.38 m
[INFO] [1782989331.361] [/exploration_node]: [33m[Path Simplification] Reduced path from 4 to 3 nodes, 2 collision checks, 0.02 ms[0m
[INFO] [1782989331.361] [/exploration_node]:   Segment 1: 3.12 m
[INFO] [1782989331.361] [/exploration_node]:   Segment 2: 0.38 m
[INFO] [1782989331.401] [/exploration_node]: [33m[Path Simplification] Reduced path from 4 to 3 nodes, 2 collision checks, 0.03 ms[0m
[INFO] [1782989331.401] [/exploration_node]:   Segment 1: 3.12 m
[INFO] [1782989331.401] [/exploration_node]:   Segment 2: 0.38 m
[INFO] [1782989331.403] [/exploration_node]: [EV] [1782989331.403][    +34.3s][PLAN_TRAJ_RTH] RTH d2goal=2.5m | auto-home(xy) dist=2.71m tol=0.20m goal=(0.02, -0.04, 1.10) (x1)
[INFO] [1782989331.410] [/exploration_node]: [33m[Path Simplification] Reduced path from 4 to 3 nodes, 2 collision checks, 0.02 ms[0m
[INFO] [1782989331.410] [/exploration_node]:   Segment 1: 3.12 m
[INFO] [1782989331.410] [/exploration_node]:   Segment 2: 0.38 m
[INFO] [1782989331.446] [/exploration_node]: [EV] [1782989331.446][    +34.3s][PLAN_TRAJ_RTH] RTH d2goal=2.5m | auto-home(xy) dist=2.72m tol=0.20m goal=(0.02, -0.04, 1.10)
[INFO] [1782989331.454] [/exploration_node]: [33m[Path Simplification] Reduced path from 4 to 3 nodes, 2 collision checks, 0.04 ms[0m
[INFO] [1782989331.454] [/exploration_node]:   Segment 1: 3.12 m
[INFO] [1782989331.454] [/exploration_node]:   Segment 2: 0.38 m
[INFO] [1782989331.492] [/exploration_node]: [EV] [1782989331.492][    +34.4s][PLAN_TRAJ_RTH] RTH d2goal=2.5m | auto-home(xy) dist=2.71m tol=0.20m goal=(0.02, -0.04, 1.10)
[INFO] [1782989331.500] [/exploration_node]: [33m[Path Simplification] Reduced path from 4 to 3 nodes, 2 collision checks, 0.03 ms[0m
[INFO] [1782989331.500] [/exploration_node]:   Segment 1: 3.12 m
[INFO] [1782989331.500] [/exploration_node]:   Segment 2: 0.38 m
[INFO] [1782989331.536] [/exploration_node]: [EV] [1782989331.536][    +34.4s][PLAN_TRAJ_RTH] RTH d2goal=2.5m | auto-home(xy) dist=2.72m tol=0.20m goal=(0.02, -0.04, 1.10)
[INFO] [1782989331.543] [/exploration_node]: [33m[Path Simplification] Reduced path from 4 to 3 nodes, 2 collision checks, 0.05 ms[0m
[INFO] [1782989331.543] [/exploration_node]:   Segment 1: 3.12 m
[INFO] [1782989331.543] [/exploration_node]:   Segment 2: 0.38 m
[INFO] [1782989331.580] [/exploration_node]: [EV] [1782989331.580][    +34.5s][PLAN_TRAJ_RTH] RTH d2goal=2.5m | auto-home(xy) dist=2.71m tol=0.20m goal=(0.02, -0.04, 1.10)
[INFO] [1782989331.587] [/exploration_node]: [33m[Path Simplification] Reduced path from 4 to 3 nodes, 2 collision checks, 0.05 ms[0m
[INFO] [1782989331.587] [/exploration_node]:   Segment 1: 3.12 m
[INFO] [1782989331.587] [/exploration_node]:   Segment 2: 0.38 m
[INFO] [1782989331.636] [/exploration_node]: [33m[Path Simplification] Reduced path from 4 to 3 nodes, 2 collision checks, 0.03 ms[0m
[INFO] [1782989331.636] [/exploration_node]:   Segment 1: 3.12 m
[INFO] [1782989331.636] [/exploration_node]:   Segment 2: 0.38 m
[INFO] [1782989331.638] [/exploration_node]: [EV] [1782989331.638][    +34.5s][PLAN_TRAJ_RTH] GLOBAL result=RTH_PATH_OK | why: path to goal: 3 nodes / 3.5m (connected via 1) | clusters=0(reach 0) vp=0(reach 0) pipe[tot=0 dorm=0 unreach=0 cons=0 nocand=0 topo=0 novis=0 ok=0] tour=3n/3.5m goal=(0.1, 0.1, 1.4) t=7ms (prev cycle x1/1.6s)
[INFO] [1782989331.640] [/exploration_node]: [EV] [1782989331.640][    +34.5s][PLAN_TRAJ_RTH] RTH d2goal=2.5m | auto-home(xy) dist=2.72m tol=0.20m goal=(0.02, -0.04, 1.10)
[INFO] [1782989331.645] [/exploration_node]: [33m[Path Simplification] Reduced path from 4 to 3 nodes, 2 collision checks, 0.02 ms[0m
[INFO] [1782989331.645] [/exploration_node]:   Segment 1: 3.12 m
[INFO] [1782989331.645] [/exploration_node]:   Segment 2: 0.38 m
[WARN] [1782989331.666] [/px4_ctrl_bridge]: [px4_bridge] AVOIDANCE ACTIVE -> forwarding /target_avoidance
[INFO] [1782989331.690] [/exploration_node]: [33m[Path Simplification] Reduced path from 4 to 3 nodes, 2 collision checks, 0.03 ms[0m
[INFO] [1782989331.690] [/exploration_node]:   Segment 1: 3.12 m
[INFO] [1782989331.690] [/exploration_node]:   Segment 2: 0.38 m
[INFO] [1782989331.734] [/exploration_node]: [33m[Path Simplification] Reduced path from 4 to 3 nodes, 2 collision checks, 0.04 ms[0m
[INFO] [1782989331.734] [/exploration_node]:   Segment 1: 3.13 m
[INFO] [1782989331.734] [/exploration_node]:   Segment 2: 0.38 m
[INFO] [1782989331.777] [/exploration_node]: [33m[Path Simplification] Reduced path from 4 to 3 nodes, 2 collision checks, 0.05 ms[0m
[INFO] [1782989331.777] [/exploration_node]:   Segment 1: 3.13 m
[INFO] [1782989331.777] [/exploration_node]:   Segment 2: 0.38 m
[INFO] [1782989331.821] [/exploration_node]: [33m[Path Simplification] Reduced path from 4 to 3 nodes, 2 collision checks, 0.05 ms[0m
[INFO] [1782989331.821] [/exploration_node]:   Segment 1: 3.13 m
[INFO] [1782989331.821] [/exploration_node]:   Segment 2: 0.38 m
[INFO] [1782989331.857] [/exploration_node]: [33m[Path Simplification] Reduced path from 4 to 3 nodes, 2 collision checks, 0.02 ms[0m
[INFO] [1782989331.857] [/exploration_node]:   Segment 1: 3.13 m
[INFO] [1782989331.857] [/exploration_node]:   Segment 2: 0.38 m
[INFO] [1782989331.868] [/exploration_node]: [33m[Path Simplification] Reduced path from 4 to 3 nodes, 2 collision checks, 0.02 ms[0m
[INFO] [1782989331.868] [/exploration_node]:   Segment 1: 3.13 m
[INFO] [1782989331.868] [/exploration_node]:   Segment 2: 0.38 m
[INFO] [1782989331.905] [/exploration_node]: [EV] [1782989331.905][    +34.8s][PLAN_TRAJ_RTH] RTH d2goal=2.5m | auto-home(xy) dist=2.71m tol=0.20m goal=(0.02, -0.04, 1.10) (x5)
[INFO] [1782989331.912] [/exploration_node]: [33m[Path Simplification] Reduced path from 4 to 3 nodes, 2 collision checks, 0.02 ms[0m
[INFO] [1782989331.912] [/exploration_node]:   Segment 1: 3.12 m
[INFO] [1782989331.912] [/exploration_node]:   Segment 2: 0.38 m
[INFO] [1782989331.955] [/exploration_node]: [33m[Path Simplification] Reduced path from 4 to 3 nodes, 2 collision checks, 0.03 ms[0m
[INFO] [1782989331.955] [/exploration_node]:   Segment 1: 3.13 m
[INFO] [1782989331.955] [/exploration_node]:   Segment 2: 0.38 m
[INFO] [1782989332.004] [/exploration_node]: [33m[Path Simplification] Reduced path from 4 to 3 nodes, 2 collision checks, 0.03 ms[0m
[INFO] [1782989332.004] [/exploration_node]:   Segment 1: 3.12 m
[INFO] [1782989332.004] [/exploration_node]:   Segment 2: 0.38 m
[INFO] [1782989332.041] [/exploration_node]: [33m[Path Simplification] Reduced path from 4 to 3 nodes, 2 collision checks, 0.02 ms[0m
[INFO] [1782989332.041] [/exploration_node]:   Segment 1: 3.13 m
[INFO] [1782989332.041] [/exploration_node]:   Segment 2: 0.38 m
[INFO] [1782989332.068] [/local_avoidance]: [local_avoidance] avoiding...  min_dist=0.32 m
[INFO] [1782989332.090] [/exploration_node]: [33m[Path Simplification] Reduced path from 4 to 3 nodes, 2 collision checks, 0.03 ms[0m
[INFO] [1782989332.090] [/exploration_node]:   Segment 1: 3.12 m
[INFO] [1782989332.090] [/exploration_node]:   Segment 2: 0.38 m
[INFO] [1782989332.097] [/exploration_node]: [33m[Path Simplification] Reduced path from 4 to 3 nodes, 2 collision checks, 0.02 ms[0m
[INFO] [1782989332.097] [/exploration_node]:   Segment 1: 3.12 m
[INFO] [1782989332.097] [/exploration_node]:   Segment 2: 0.38 m
[INFO] [1782989332.142] [/exploration_node]: [33m[Path Simplification] Reduced path from 4 to 3 nodes, 2 collision checks, 0.05 ms[0m
[INFO] [1782989332.142] [/exploration_node]:   Segment 1: 3.13 m
[INFO] [1782989332.142] [/exploration_node]:   Segment 2: 0.38 m
[INFO] [1782989332.168] [/exploration_node]: [EV] [1782989332.168][    +35.1s][PLAN_TRAJ_RTH] LOCAL RTH OK | t=33.4ms (prev x24/1.1s)
[INFO] [1782989332.168] [/exploration_node]: [EV] [1782989332.168][    +35.1s][EXEC_TRAJ] STATE PLAN_TRAJ_RTH -> EXEC_TRAJ [PLAN_TRAJ_RTH: plan success] |  (prev cycle x133/15.7s)
[WARN] [1782989332.170] [/exploration_node]: [EV] [1782989332.170][    +35.1s][PLAN_TRAJ_RTH] STATE EXEC_TRAJ -> PLAN_TRAJ_RTH [safetyCallback: not safe, time:0.019888]
[ERROR] [1782989332.178] [/exploration_node]: [EV] [1782989332.178][    +35.1s][PLAN_TRAJ_RTH] STUCK no motion >8s in PLAN_TRAJ_RTH | last-local: OK | pos=(2.58, -0.93, -0.24) still=16s (prev x57/2.7s)
[INFO] [1782989332.184] [/exploration_node]: [33m[Path Simplification] Reduced path from 4 to 3 nodes, 2 collision checks, 0.03 ms[0m
[INFO] [1782989332.184] [/exploration_node]:   Segment 1: 3.12 m
[INFO] [1782989332.184] [/exploration_node]:   Segment 2: 0.38 m
[WARN] [1782989332.202] [/exploration_node]: [local-plan] post-check: new traj collides within 1s
[WARN] [1782989332.212] [/exploration_node]: [EV] [1782989332.212][    +35.1s][PLAN_TRAJ_RTH] LOCAL RTH FAIL | why: post-check: new traj collides within 1s | t=33.4ms
[WARN] [1782989332.212] [/exploration_node]: [EV] [1782989332.212][    +35.1s][PLAN_TRAJ_RTH] STATE PLAN_TRAJ_RTH -> PLAN_TRAJ_RTH [PLAN_TRAJ_RTH: plan failed]
[WARN] [1782989332.214] [/exploration_node]: [EV] [1782989332.214][    +35.1s][PLAN_TRAJ_RTH] STATE PLAN_TRAJ_RTH -> PLAN_TRAJ_RTH [safetyCallback: not safe, time:0.063721]
[ERROR] [1782989332.222] [/exploration_node]: [EV] [1782989332.222][    +35.1s][PLAN_TRAJ_RTH] STUCK no motion >8s in PLAN_TRAJ_RTH | last-local: post-check: new traj collides within 1s | pos=(2.58, -0.93, -0.24) still=16s
[INFO] [1782989332.228] [/exploration_node]: [33m[Path Simplification] Reduced path from 4 to 3 nodes, 2 collision checks, 0.02 ms[0m
[INFO] [1782989332.228] [/exploration_node]:   Segment 1: 3.12 m
[INFO] [1782989332.228] [/exploration_node]:   Segment 2: 0.38 m
[WARN] [1782989332.261] [/exploration_node]: [EV] [1782989332.261][    +35.1s][PLAN_TRAJ_RTH] STATE PLAN_TRAJ_RTH -> PLAN_TRAJ_RTH [safetyCallback: not safe, time:0.110868] |  (prev cycle x1/0.0s)
[INFO] [1782989332.271] [/exploration_node]: [33m[Path Simplification] Reduced path from 4 to 3 nodes, 2 collision checks, 0.02 ms[0m
[INFO] [1782989332.271] [/exploration_node]:   Segment 1: 3.12 m
[INFO] [1782989332.271] [/exploration_node]:   Segment 2: 0.38 m
[INFO] [1782989332.323] [/exploration_node]: [33m[Path Simplification] Reduced path from 4 to 3 nodes, 2 collision checks, 0.04 ms[0m
[INFO] [1782989332.323] [/exploration_node]:   Segment 1: 3.12 m
[INFO] [1782989332.323] [/exploration_node]:   Segment 2: 0.38 m
[INFO] [1782989332.324] [/exploration_node]: [EV] [1782989332.324][    +35.2s][PLAN_TRAJ_RTH] STATE PLAN_TRAJ_RTH -> PLAN_TRAJ_RTH [planGoalPath: succeed] |  (prev cycle x1/0.1s)
[INFO] [1782989332.330] [/exploration_node]: [33m[Path Simplification] Reduced path from 4 to 3 nodes, 2 collision checks, 0.03 ms[0m
[INFO] [1782989332.331] [/exploration_node]:   Segment 1: 3.12 m
[INFO] [1782989332.331] [/exploration_node]:   Segment 2: 0.38 m
[WARN] [1782989332.359] [/exploration_node]: [EV] [1782989332.359][    +35.2s][PLAN_TRAJ_RTH] STATE PLAN_TRAJ_RTH -> PLAN_TRAJ_RTH [safetyCallback: not safe, time:0.208854] |  (prev cycle x1/0.0s)
[INFO] [1782989332.376] [/exploration_node]: [33m[Path Simplification] Reduced path from 4 to 3 nodes, 2 collision checks, 0.05 ms[0m
[INFO] [1782989332.376] [/exploration_node]:   Segment 1: 3.12 m
[INFO] [1782989332.376] [/exploration_node]:   Segment 2: 0.38 m
[INFO] [1782989332.419] [/exploration_node]: [33m[Path Simplification] Reduced path from 4 to 3 nodes, 2 collision checks, 0.02 ms[0m
[INFO] [1782989332.419] [/exploration_node]:   Segment 1: 3.12 m
[INFO] [1782989332.419] [/exploration_node]:   Segment 2: 0.38 m
[INFO] [1782989332.463] [/exploration_node]: [33m[Path Simplification] Reduced path from 4 to 3 nodes, 2 collision checks, 0.02 ms[0m
[INFO] [1782989332.463] [/exploration_node]:   Segment 1: 3.12 m
[INFO] [1782989332.463] [/exploration_node]:   Segment 2: 0.38 m
[WARN] [1782989332.491] [/exploration_node]: [EV] [1782989332.491][    +35.4s][PLAN_TRAJ_RTH] LOCAL RTH FAIL | why: escape: gcopter setup failed | t=33.4ms (prev x5/0.2s)
[INFO] [1782989332.501] [/exploration_node]: [EV] [1782989332.501][    +35.4s][PLAN_TRAJ_RTH] BATT 23.5V | v=23.69V pct=50%
[ERROR] [1782989332.501] [/exploration_node]: [EV] [1782989332.501][    +35.4s][PLAN_TRAJ_RTH] STUCK no motion >8s in PLAN_TRAJ_RTH | last-local: escape: gcopter setup failed | pos=(2.58, -0.93, -0.23) still=16s (prev x5/0.2s)
[INFO] [1782989332.507] [/exploration_node]: [33m[Path Simplification] Reduced path from 4 to 3 nodes, 2 collision checks, 0.02 ms[0m
[INFO] [1782989332.507] [/exploration_node]:   Segment 1: 3.12 m
[INFO] [1782989332.507] [/exploration_node]:   Segment 2: 0.38 m
[WARN] [1782989332.515] [/exploration_node]: [RTH] local plan failed: escape: gcopter setup failed
[INFO] [1782989332.546] [/exploration_node]: [33m[Path Simplification] Reduced path from 4 to 3 nodes, 2 collision checks, 0.02 ms[0m
[INFO] [1782989332.546] [/exploration_node]:   Segment 1: 3.13 m
[INFO] [1782989332.546] [/exploration_node]:   Segment 2: 0.38 m
[INFO] [1782989332.547] [/exploration_node]: [EV] [1782989332.547][    +35.4s][PLAN_TRAJ_RTH] STATE PLAN_TRAJ_RTH -> PLAN_TRAJ_RTH [planGoalPath: succeed] |  (prev cycle x1/0.2s)
[INFO] [1782989332.554] [/exploration_node]: [33m[Path Simplification] Reduced path from 4 to 3 nodes, 2 collision checks, 0.03 ms[0m
[INFO] [1782989332.554] [/exploration_node]:   Segment 1: 3.13 m
[INFO] [1782989332.554] [/exploration_node]:   Segment 2: 0.38 m
[INFO] [1782989332.596] [/exploration_node]: [33m[Path Simplification] Reduced path from 4 to 3 nodes, 2 collision checks, 0.02 ms[0m
[INFO] [1782989332.596] [/exploration_node]:   Segment 1: 3.13 m
[INFO] [1782989332.596] [/exploration_node]:   Segment 2: 0.38 m
[INFO] [1782989332.644] [/exploration_node]: [33m[Path Simplification] Reduced path from 4 to 3 nodes, 2 collision checks, 0.02 ms[0m
[INFO] [1782989332.644] [/exploration_node]:   Segment 1: 3.13 m
[INFO] [1782989332.644] [/exploration_node]:   Segment 2: 0.38 m
[WARN] [1782989332.666] [/px4_ctrl_bridge]: [px4_bridge] AVOIDANCE ACTIVE -> forwarding /target_avoidance
[INFO] [1782989332.687] [/exploration_node]: [33m[Path Simplification] Reduced path from 4 to 3 nodes, 2 collision checks, 0.02 ms[0m
[INFO] [1782989332.687] [/exploration_node]:   Segment 1: 3.12 m
[INFO] [1782989332.687] [/exploration_node]:   Segment 2: 0.38 m
[INFO] [1782989332.740] [/exploration_node]: [33m[Path Simplification] Reduced path from 4 to 3 nodes, 2 collision checks, 0.02 ms[0m
[INFO] [1782989332.740] [/exploration_node]:   Segment 1: 3.13 m
[INFO] [1782989332.740] [/exploration_node]:   Segment 2: 0.38 m
[INFO] [1782989332.777] [/exploration_node]: [33m[Path Simplification] Reduced path from 4 to 3 nodes, 2 collision checks, 0.02 ms[0m
[INFO] [1782989332.777] [/exploration_node]:   Segment 1: 3.13 m
[INFO] [1782989332.777] [/exploration_node]:   Segment 2: 0.38 m
[INFO] [1782989332.787] [/exploration_node]: [33m[Path Simplification] Reduced path from 4 to 3 nodes, 2 collision checks, 0.02 ms[0m
[INFO] [1782989332.787] [/exploration_node]:   Segment 1: 3.12 m
[INFO] [1782989332.787] [/exploration_node]:   Segment 2: 0.38 m
[INFO] [1782989332.831] [/exploration_node]: [33m[Path Simplification] Reduced path from 4 to 3 nodes, 2 collision checks, 0.04 ms[0m
[INFO] [1782989332.831] [/exploration_node]:   Segment 1: 3.13 m
[INFO] [1782989332.831] [/exploration_node]:   Segment 2: 0.38 m
[INFO] [1782989332.875] [/exploration_node]: [33m[Path Simplification] Reduced path from 4 to 3 nodes, 2 collision checks, 0.03 ms[0m
[INFO] [1782989332.875] [/exploration_node]:   Segment 1: 3.12 m
[INFO] [1782989332.875] [/exploration_node]:   Segment 2: 0.38 m
[INFO] [1782989332.919] [/exploration_node]: [33m[Path Simplification] Reduced path from 4 to 3 nodes, 2 collision checks, 0.04 ms[0m
[INFO] [1782989332.919] [/exploration_node]:   Segment 1: 3.12 m
[INFO] [1782989332.919] [/exploration_node]:   Segment 2: 0.38 m
[INFO] [1782989332.966] [/exploration_node]: [33m[Path Simplification] Reduced path from 4 to 3 nodes, 2 collision checks, 0.04 ms[0m
[INFO] [1782989332.966] [/exploration_node]:   Segment 1: 3.12 m
[INFO] [1782989332.966] [/exploration_node]:   Segment 2: 0.38 m
[INFO] [1782989333.011] [/exploration_node]: [33m[Path Simplification] Reduced path from 4 to 3 nodes, 2 collision checks, 0.04 ms[0m
[INFO] [1782989333.011] [/exploration_node]:   Segment 1: 3.12 m
[INFO] [1782989333.011] [/exploration_node]:   Segment 2: 0.38 m
[INFO] [1782989333.012] [/exploration_node]: [EV] [1782989333.012][    +35.9s][PLAN_TRAJ_RTH] GLOBAL result=RTH_PATH_OK | why: path to goal: 3 nodes / 3.5m (connected via 1) | clusters=0(reach 0) vp=0(reach 0) pipe[tot=0 dorm=0 unreach=0 cons=0 nocand=0 topo=0 novis=0 ok=0] tour=3n/3.5m goal=(0.1, 0.1, 1.4) t=8ms (x5)
[INFO] [1782989333.018] [/exploration_node]: [33m[Path Simplification] Reduced path from 4 to 3 nodes, 2 collision checks, 0.02 ms[0m
[INFO] [1782989333.018] [/exploration_node]:   Segment 1: 3.12 m
[INFO] [1782989333.018] [/exploration_node]:   Segment 2: 0.38 m
[WARN] [1782989333.026] [/exploration_node]: [local-plan] start not in corridor (static start; corridor pieces=10)
[WARN] [1782989333.026] [/exploration_node]: [local-plan] escape: gcopter setup failed
[INFO] [1782989333.064] [/exploration_node]: [33m[Path Simplification] Reduced path from 4 to 3 nodes, 2 collision checks, 0.05 ms[0m
[INFO] [1782989333.064] [/exploration_node]:   Segment 1: 3.12 m
[INFO] [1782989333.064] [/exploration_node]:   Segment 2: 0.38 m
[INFO] [1782989333.070] [/local_avoidance]: [local_avoidance] avoiding...  min_dist=0.31 m
[INFO] [1782989333.109] [/exploration_node]: [33m[Path Simplification] Reduced path from 4 to 3 nodes, 2 collision checks, 0.04 ms[0m
[INFO] [1782989333.109] [/exploration_node]:   Segment 1: 3.12 m
[INFO] [1782989333.109] [/exploration_node]:   Segment 2: 0.38 m
[INFO] [1782989333.152] [/exploration_node]: [33m[Path Simplification] Reduced path from 4 to 3 nodes, 2 collision checks, 0.05 ms[0m
[INFO] [1782989333.152] [/exploration_node]:   Segment 1: 3.12 m
[INFO] [1782989333.152] [/exploration_node]:   Segment 2: 0.38 m
[INFO] [1782989333.198] [/exploration_node]: [33m[Path Simplification] Reduced path from 4 to 3 nodes, 2 collision checks, 0.05 ms[0m
[INFO] [1782989333.198] [/exploration_node]:   Segment 1: 3.12 m
[INFO] [1782989333.198] [/exploration_node]:   Segment 2: 0.38 m
[INFO] [1782989333.250] [/exploration_node]: [33m[Path Simplification] Reduced path from 4 to 3 nodes, 2 collision checks, 0.06 ms[0m
[INFO] [1782989333.250] [/exploration_node]:   Segment 1: 3.12 m
[INFO] [1782989333.250] [/exploration_node]:   Segment 2: 0.38 m
[INFO] [1782989333.259] [/exploration_node]: [33m[Path Simplification] Reduced path from 4 to 3 nodes, 2 collision checks, 0.03 ms[0m
[INFO] [1782989333.259] [/exploration_node]:   Segment 1: 3.12 m
[INFO] [1782989333.259] [/exploration_node]:   Segment 2: 0.38 m
[INFO] [1782989333.302] [/exploration_node]: [33m[Path Simplification] Reduced path from 4 to 3 nodes, 2 collision checks, 0.05 ms[0m
[INFO] [1782989333.302] [/exploration_node]:   Segment 1: 3.12 m
[INFO] [1782989333.302] [/exploration_node]:   Segment 2: 0.38 m
[INFO] [1782989333.345] [/exploration_node]: [33m[Path Simplification] Reduced path from 4 to 3 nodes, 2 collision checks, 0.03 ms[0m
[INFO] [1782989333.345] [/exploration_node]:   Segment 1: 3.12 m
[INFO] [1782989333.345] [/exploration_node]:   Segment 2: 0.38 m
[INFO] [1782989333.389] [/exploration_node]: [33m[Path Simplification] Reduced path from 4 to 3 nodes, 2 collision checks, 0.05 ms[0m
[INFO] [1782989333.389] [/exploration_node]:   Segment 1: 3.12 m
[INFO] [1782989333.389] [/exploration_node]:   Segment 2: 0.38 m
[INFO] [1782989333.431] [/exploration_node]: [33m[Path Simplification] Reduced path from 4 to 3 nodes, 2 collision checks, 0.02 ms[0m
[INFO] [1782989333.431] [/exploration_node]:   Segment 1: 3.12 m
[INFO] [1782989333.431] [/exploration_node]:   Segment 2: 0.38 m
[INFO] [1782989333.482] [/exploration_node]: [33m[Path Simplification] Reduced path from 4 to 3 nodes, 2 collision checks, 0.02 ms[0m
[INFO] [1782989333.482] [/exploration_node]:   Segment 1: 3.12 m
[INFO] [1782989333.482] [/exploration_node]:   Segment 2: 0.38 m
[INFO] [1782989333.490] [/exploration_node]: [33m[Path Simplification] Reduced path from 4 to 3 nodes, 2 collision checks, 0.02 ms[0m
[INFO] [1782989333.490] [/exploration_node]:   Segment 1: 3.12 m
[INFO] [1782989333.490] [/exploration_node]:   Segment 2: 0.38 m
[INFO] [1782989333.534] [/exploration_node]: [33m[Path Simplification] Reduced path from 4 to 3 nodes, 2 collision checks, 0.02 ms[0m
[INFO] [1782989333.534] [/exploration_node]:   Segment 1: 3.12 m
[INFO] [1782989333.534] [/exploration_node]:   Segment 2: 0.38 m
[INFO] [1782989333.581] [/exploration_node]: [33m[Path Simplification] Reduced path from 4 to 3 nodes, 2 collision checks, 0.04 ms[0m
[INFO] [1782989333.581] [/exploration_node]:   Segment 1: 3.12 m
[INFO] [1782989333.581] [/exploration_node]:   Segment 2: 0.38 m
[INFO] [1782989333.624] [/exploration_node]: [33m[Path Simplification] Reduced path from 4 to 3 nodes, 2 collision checks, 0.04 ms[0m
[INFO] [1782989333.624] [/exploration_node]:   Segment 1: 3.12 m
[INFO] [1782989333.624] [/exploration_node]:   Segment 2: 0.38 m
[INFO] [1782989333.661] [/exploration_node]: [EV] [1782989333.661][    +36.5s][PLAN_TRAJ_RTH] RTH d2goal=2.5m | auto-home(xy) dist=2.70m tol=0.20m goal=(0.02, -0.04, 1.10) (x37)
[WARN] [1782989333.667] [/px4_ctrl_bridge]: [px4_bridge] AVOIDANCE ACTIVE -> forwarding /target_avoidance
[INFO] [1782989333.668] [/exploration_node]: [33m[Path Simplification] Reduced path from 4 to 3 nodes, 2 collision checks, 0.04 ms[0m
[INFO] [1782989333.668] [/exploration_node]:   Segment 1: 3.11 m
[INFO] [1782989333.668] [/exploration_node]:   Segment 2: 0.38 m
[INFO] [1782989333.705] [/exploration_node]: [33m[Path Simplification] Reduced path from 4 to 3 nodes, 2 collision checks, 0.04 ms[0m
[INFO] [1782989333.705] [/exploration_node]:   Segment 1: 3.11 m
[INFO] [1782989333.705] [/exploration_node]:   Segment 2: 0.38 m
[INFO] [1782989333.713] [/exploration_node]: [33m[Path Simplification] Reduced path from 4 to 3 nodes, 2 collision checks, 0.04 ms[0m
[INFO] [1782989333.713] [/exploration_node]:   Segment 1: 3.11 m
[INFO] [1782989333.713] [/exploration_node]:   Segment 2: 0.38 m
[INFO] [1782989333.756] [/exploration_node]: [33m[Path Simplification] Reduced path from 4 to 3 nodes, 2 collision checks, 0.04 ms[0m
[INFO] [1782989333.756] [/exploration_node]:   Segment 1: 3.11 m
[INFO] [1782989333.756] [/exploration_node]:   Segment 2: 0.38 m
[INFO] [1782989333.793] [/exploration_node]: [EV] [1782989333.793][    +36.7s][PLAN_TRAJ_RTH] RTH d2goal=2.5m | auto-home(xy) dist=2.69m tol=0.20m goal=(0.02, -0.04, 1.10) (x2)
[INFO] [1782989333.800] [/exploration_node]: [33m[Path Simplification] Reduced path from 4 to 3 nodes, 2 collision checks, 0.03 ms[0m
[INFO] [1782989333.800] [/exploration_node]:   Segment 1: 3.10 m
[INFO] [1782989333.800] [/exploration_node]:   Segment 2: 0.38 m
[INFO] [1782989333.827] [/exploration_node]: [EV] [1782989333.827][    +36.7s][PLAN_TRAJ_RTH] LOCAL RTH OK | t=33.4ms (prev cycle x4/1.3s)
[INFO] [1782989333.827] [/exploration_node]: [EV] [1782989333.827][    +36.7s][EXEC_TRAJ] STATE PLAN_TRAJ_RTH -> EXEC_TRAJ [PLAN_TRAJ_RTH: plan success] |  (prev cycle x11/1.3s)
[WARN] [1782989333.828] [/exploration_node]: [EV] [1782989333.828][    +36.7s][PLAN_TRAJ_RTH] STATE EXEC_TRAJ -> PLAN_TRAJ_RTH [safetyCallback: not safe, time:0.020209]
[ERROR] [1782989333.837] [/exploration_node]: [EV] [1782989333.837][    +36.7s][PLAN_TRAJ_RTH] STUCK no motion >8s in PLAN_TRAJ_RTH | last-local: OK | pos=(2.57, -0.90, -0.23) still=17s (prev cycle x4/1.3s)
[INFO] [1782989333.842] [/exploration_node]: [33m[Path Simplification] Reduced path from 4 to 3 nodes, 2 collision checks, 0.02 ms[0m
[INFO] [1782989333.842] [/exploration_node]:   Segment 1: 3.09 m
[INFO] [1782989333.842] [/exploration_node]:   Segment 2: 0.38 m
[WARN] [1782989333.870] [/exploration_node]: [EV] [1782989333.870][    +36.8s][PLAN_TRAJ_RTH] LOCAL RTH FAIL | why: post-check: new traj collides within 1s | t=33.4ms
[WARN] [1782989333.870] [/exploration_node]: [EV] [1782989333.870][    +36.8s][PLAN_TRAJ_RTH] STATE PLAN_TRAJ_RTH -> PLAN_TRAJ_RTH [PLAN_TRAJ_RTH: plan failed]
[WARN] [1782989333.871] [/exploration_node]: [EV] [1782989333.871][    +36.8s][PLAN_TRAJ_RTH] STATE PLAN_TRAJ_RTH -> PLAN_TRAJ_RTH [safetyCallback: not safe, time:0.063638]
[ERROR] [1782989333.880] [/exploration_node]: [EV] [1782989333.880][    +36.8s][PLAN_TRAJ_RTH] STUCK no motion >8s in PLAN_TRAJ_RTH | last-local: post-check: new traj collides within 1s | pos=(2.56, -0.89, -0.23) still=17s
[INFO] [1782989333.881] [/exploration_node]: [EV] [1782989333.881][    +36.8s][PLAN_TRAJ_RTH] RTH d2goal=2.5m | auto-home(xy) dist=2.67m tol=0.20m goal=(0.02, -0.04, 1.10) (x1)
[INFO] [1782989333.886] [/exploration_node]: [33m[Path Simplification] Reduced path from 4 to 3 nodes, 2 collision checks, 0.02 ms[0m
[INFO] [1782989333.886] [/exploration_node]:   Segment 1: 3.09 m
[INFO] [1782989333.886] [/exploration_node]:   Segment 2: 0.38 m
[INFO] [1782989333.923] [/exploration_node]: [33m[Path Simplification] Reduced path from 4 to 3 nodes, 2 collision checks, 0.02 ms[0m
[INFO] [1782989333.923] [/exploration_node]:   Segment 1: 3.09 m
[INFO] [1782989333.923] [/exploration_node]:   Segment 2: 0.38 m
[INFO] [1782989333.925] [/exploration_node]: [EV] [1782989333.924][    +36.8s][PLAN_TRAJ_RTH] STATE PLAN_TRAJ_RTH -> PLAN_TRAJ_RTH [planGoalPath: succeed] |  (prev cycle x1/0.1s)
[WARN] [1782989333.926] [/exploration_node]: [EV] [1782989333.926][    +36.8s][PLAN_TRAJ_RTH] STATE PLAN_TRAJ_RTH -> PLAN_TRAJ_RTH [safetyCallback: not safe, time:0.118078]
[INFO] [1782989333.932] [/exploration_node]: [33m[Path Simplification] Reduced path from 4 to 3 nodes, 2 collision checks, 0.02 ms[0m
[INFO] [1782989333.932] [/exploration_node]:   Segment 1: 3.08 m
[INFO] [1782989333.932] [/exploration_node]:   Segment 2: 0.38 m
[WARN] [1782989333.960] [/exploration_node]: [EV] [1782989333.960][    +36.8s][PLAN_TRAJ_RTH] STATE PLAN_TRAJ_RTH -> PLAN_TRAJ_RTH [PLAN_TRAJ_RTH: plan failed]
[WARN] [1782989333.961] [/exploration_node]: [EV] [1782989333.961][    +36.8s][PLAN_TRAJ_RTH] STATE PLAN_TRAJ_RTH -> PLAN_TRAJ_RTH [safetyCallback: not safe, time:0.153414]
[INFO] [1782989333.970] [/exploration_node]: [EV] [1782989333.970][    +36.9s][PLAN_TRAJ_RTH] RTH d2goal=2.5m | auto-home(xy) dist=2.65m tol=0.20m goal=(0.02, -0.04, 1.10) (x1)
[INFO] [1782989333.975] [/exploration_node]: [33m[Path Simplification] Reduced path from 4 to 3 nodes, 2 collision checks, 0.02 ms[0m
[INFO] [1782989333.975] [/exploration_node]:   Segment 1: 3.06 m
[INFO] [1782989333.975] [/exploration_node]:   Segment 2: 0.38 m
[WARN] [1782989334.009] [/exploration_node]: [EV] [1782989334.009][    +36.9s][PLAN_TRAJ_RTH] STATE PLAN_TRAJ_RTH -> PLAN_TRAJ_RTH [safetyCallback: not safe, time:0.201559] |  (prev cycle x1/0.0s)
[INFO] [1782989334.013] [/exploration_node]: [EV] [1782989334.013][    +36.9s][PLAN_TRAJ_RTH] RTH d2goal=2.5m | auto-home(xy) dist=2.63m tol=0.20m goal=(0.02, -0.04, 1.10)
[INFO] [1782989334.019] [/exploration_node]: [33m[Path Simplification] Reduced path from 4 to 3 nodes, 2 collision checks, 0.02 ms[0m
[INFO] [1782989334.019] [/exploration_node]:   Segment 1: 3.05 m
[INFO] [1782989334.019] [/exploration_node]:   Segment 2: 0.38 m
[INFO] [1782989334.058] [/exploration_node]: [EV] [1782989334.058][    +36.9s][PLAN_TRAJ_RTH] RTH d2goal=2.5m | auto-home(xy) dist=2.62m tol=0.20m goal=(0.02, -0.04, 1.10)
[INFO] [1782989334.064] [/exploration_node]: [33m[Path Simplification] Reduced path from 4 to 3 nodes, 2 collision checks, 0.03 ms[0m
[INFO] [1782989334.064] [/exploration_node]:   Segment 1: 3.03 m
[INFO] [1782989334.064] [/exploration_node]:   Segment 2: 0.38 m
[INFO] [1782989334.071] [/local_avoidance]: [local_avoidance] avoiding...  min_dist=0.36 m
[INFO] [1782989334.108] [/exploration_node]: [33m[Path Simplification] Reduced path from 4 to 3 nodes, 2 collision checks, 0.02 ms[0m
[INFO] [1782989334.108] [/exploration_node]:   Segment 1: 3.03 m
[INFO] [1782989334.108] [/exploration_node]:   Segment 2: 0.38 m
[INFO] [1782989334.148] [/exploration_node]: [33m[Path Simplification] Reduced path from 4 to 3 nodes, 2 collision checks, 0.03 ms[0m
[INFO] [1782989334.148] [/exploration_node]:   Segment 1: 3.02 m
[INFO] [1782989334.148] [/exploration_node]:   Segment 2: 0.38 m
[INFO] [1782989334.149] [/exploration_node]: [EV] [1782989334.149][    +37.0s][PLAN_TRAJ_RTH] GLOBAL result=RTH_PATH_OK | why: path to goal: 3 nodes / 3.4m (connected via 1) | clusters=0(reach 0) vp=0(reach 0) pipe[tot=0 dorm=0 unreach=0 cons=0 nocand=0 topo=0 novis=0 ok=0] tour=3n/3.4m goal=(0.1, 0.1, 1.4) t=7ms (prev x4/0.9s)
[INFO] [1782989334.149] [/exploration_node]: [EV] [1782989334.149][    +37.0s][PLAN_TRAJ_RTH] STATE PLAN_TRAJ_RTH -> PLAN_TRAJ_RTH [planGoalPath: succeed] |  (prev cycle x1/0.1s)
[INFO] [1782989334.149] [/exploration_node]: [EV] [1782989334.149][    +37.0s][PLAN_TRAJ_RTH] RTH d2goal=2.5m | auto-home(xy) dist=2.60m tol=0.20m goal=(0.02, -0.04, 1.10) (x1)
[INFO] [1782989334.154] [/exploration_node]: [33m[Path Simplification] Reduced path from 4 to 3 nodes, 2 collision checks, 0.03 ms[0m
[INFO] [1782989334.154] [/exploration_node]:   Segment 1: 3.02 m
[INFO] [1782989334.154] [/exploration_node]:   Segment 2: 0.38 m
[INFO] [1782989334.192] [/exploration_node]: [EV] [1782989334.192][    +37.1s][PLAN_TRAJ_RTH] RTH d2goal=2.5m | auto-home(xy) dist=2.59m tol=0.20m goal=(0.02, -0.04, 1.10)
[INFO] [1782989334.200] [/exploration_node]: [33m[Path Simplification] Reduced path from 4 to 3 nodes, 2 collision checks, 0.04 ms[0m
[INFO] [1782989334.200] [/exploration_node]:   Segment 1: 3.01 m
[INFO] [1782989334.200] [/exploration_node]:   Segment 2: 0.38 m
[WARN] [1782989334.219] [/exploration_node]: [local-plan] post-check: new traj collides within 1s
[INFO] [1782989334.236] [/exploration_node]: [EV] [1782989334.236][    +37.1s][PLAN_TRAJ_RTH] RTH d2goal=2.5m | auto-home(xy) dist=2.58m tol=0.20m goal=(0.02, -0.04, 1.10)
[INFO] [1782989334.243] [/exploration_node]: [33m[Path Simplification] Reduced path from 4 to 3 nodes, 2 collision checks, 0.03 ms[0m
[INFO] [1782989334.243] [/exploration_node]:   Segment 1: 3.00 m
[INFO] [1782989334.243] [/exploration_node]:   Segment 2: 0.38 m
[INFO] [1782989334.285] [/exploration_node]: [33m[Path Simplification] Reduced path from 4 to 3 nodes, 2 collision checks, 0.02 ms[0m
[INFO] [1782989334.285] [/exploration_node]:   Segment 1: 3.00 m
[INFO] [1782989334.285] [/exploration_node]:   Segment 2: 0.38 m
[INFO] [1782989334.331] [/exploration_node]: [33m[Path Simplification] Reduced path from 4 to 3 nodes, 2 collision checks, 0.02 ms[0m
[INFO] [1782989334.331] [/exploration_node]:   Segment 1: 3.00 m
[INFO] [1782989334.331] [/exploration_node]:   Segment 2: 0.38 m
[INFO] [1782989334.370] [/exploration_node]: [33m[Path Simplification] Reduced path from 4 to 3 nodes, 2 collision checks, 0.02 ms[0m
[INFO] [1782989334.370] [/exploration_node]:   Segment 1: 3.00 m
[INFO] [1782989334.370] [/exploration_node]:   Segment 2: 0.38 m
[INFO] [1782989334.378] [/exploration_node]: [33m[Path Simplification] Reduced path from 4 to 3 nodes, 2 collision checks, 0.02 ms[0m
[INFO] [1782989334.378] [/exploration_node]:   Segment 1: 3.00 m
[INFO] [1782989334.378] [/exploration_node]:   Segment 2: 0.38 m
[INFO] [1782989334.422] [/exploration_node]: [33m[Path Simplification] Reduced path from 4 to 3 nodes, 2 collision checks, 0.02 ms[0m
[INFO] [1782989334.422] [/exploration_node]:   Segment 1: 3.01 m
[INFO] [1782989334.422] [/exploration_node]:   Segment 2: 0.38 m
[INFO] [1782989334.465] [/exploration_node]: [33m[Path Simplification] Reduced path from 4 to 3 nodes, 2 collision checks, 0.03 ms[0m
[INFO] [1782989334.465] [/exploration_node]:   Segment 1: 3.01 m
[INFO] [1782989334.465] [/exploration_node]:   Segment 2: 0.38 m
[INFO] [1782989334.500] [/exploration_node]: [EV] [1782989334.500][    +37.4s][PLAN_TRAJ_RTH] BATT 23.5V | v=23.71V pct=51%
[INFO] [1782989334.509] [/exploration_node]: [33m[Path Simplification] Reduced path from 4 to 3 nodes, 2 collision checks, 0.03 ms[0m
[INFO] [1782989334.509] [/exploration_node]:   Segment 1: 3.01 m
[INFO] [1782989334.509] [/exploration_node]:   Segment 2: 0.38 m
[WARN] [1782989334.529] [/exploration_node]: [RTH] local plan failed: post-check: new traj collides within 1s
[INFO] [1782989334.552] [/exploration_node]: [33m[Path Simplification] Reduced path from 4 to 3 nodes, 2 collision checks, 0.02 ms[0m
[INFO] [1782989334.553] [/exploration_node]:   Segment 1: 3.00 m
[INFO] [1782989334.553] [/exploration_node]:   Segment 2: 0.38 m
[INFO] [1782989334.592] [/exploration_node]: [33m[Path Simplification] Reduced path from 4 to 3 nodes, 2 collision checks, 0.02 ms[0m
[INFO] [1782989334.592] [/exploration_node]:   Segment 1: 3.00 m
[INFO] [1782989334.592] [/exploration_node]:   Segment 2: 0.38 m
[INFO] [1782989334.599] [/exploration_node]: [33m[Path Simplification] Reduced path from 4 to 3 nodes, 2 collision checks, 0.02 ms[0m
[INFO] [1782989334.599] [/exploration_node]:   Segment 1: 3.00 m
[INFO] [1782989334.599] [/exploration_node]:   Segment 2: 0.38 m
[INFO] [1782989334.642] [/exploration_node]: [33m[Path Simplification] Reduced path from 4 to 3 nodes, 2 collision checks, 0.02 ms[0m
[INFO] [1782989334.643] [/exploration_node]:   Segment 1: 3.01 m
[INFO] [1782989334.643] [/exploration_node]:   Segment 2: 0.38 m
[WARN] [1782989334.676] [/px4_ctrl_bridge]: [px4_bridge] AVOIDANCE ACTIVE -> forwarding /target_avoidance
[INFO] [1782989334.686] [/exploration_node]: [33m[Path Simplification] Reduced path from 4 to 3 nodes, 2 collision checks, 0.02 ms[0m
[INFO] [1782989334.686] [/exploration_node]:   Segment 1: 3.01 m
[INFO] [1782989334.686] [/exploration_node]:   Segment 2: 0.38 m
[WARN] [1782989334.714] [/exploration_node]: [EV] [1782989334.714][    +37.6s][PLAN_TRAJ_RTH] LOCAL RTH FAIL | why: escape: gcopter setup failed | t=33.4ms (prev x18/0.8s)
[ERROR] [1782989334.724] [/exploration_node]: [EV] [1782989334.724][    +37.6s][PLAN_TRAJ_RTH] STUCK no motion >8s in PLAN_TRAJ_RTH | last-local: escape: gcopter setup failed | pos=(2.50, -0.79, -0.23) still=18s (prev x18/0.8s)
[INFO] [1782989334.724] [/exploration_node]: [EV] [1782989334.724][    +37.6s][PLAN_TRAJ_RTH] RTH d2goal=2.5m | auto-home(xy) dist=2.59m tol=0.20m goal=(0.02, -0.04, 1.10) (x10)
[INFO] [1782989334.730] [/exploration_node]: [33m[Path Simplification] Reduced path from 4 to 3 nodes, 2 collision checks, 0.03 ms[0m
[INFO] [1782989334.730] [/exploration_node]:   Segment 1: 3.01 m
[INFO] [1782989334.730] [/exploration_node]:   Segment 2: 0.38 m
[INFO] [1782989334.768] [/exploration_node]: [EV] [1782989334.768][    +37.7s][PLAN_TRAJ_RTH] RTH d2goal=2.5m | auto-home(xy) dist=2.58m tol=0.20m goal=(0.02, -0.04, 1.10)
[INFO] [1782989334.774] [/exploration_node]: [33m[Path Simplification] Reduced path from 4 to 3 nodes, 2 collision checks, 0.04 ms[0m
[INFO] [1782989334.774] [/exploration_node]:   Segment 1: 3.00 m
[INFO] [1782989334.774] [/exploration_node]:   Segment 2: 0.38 m
[INFO] [1782989334.817] [/exploration_node]: [33m[Path Simplification] Reduced path from 4 to 3 nodes, 2 collision checks, 0.04 ms[0m
[INFO] [1782989334.818] [/exploration_node]:   Segment 1: 3.00 m
[INFO] [1782989334.818] [/exploration_node]:   Segment 2: 0.38 m
[INFO] [1782989334.827] [/exploration_node]: [33m[Path Simplification] Reduced path from 4 to 3 nodes, 2 collision checks, 0.04 ms[0m
[INFO] [1782989334.827] [/exploration_node]:   Segment 1: 3.00 m
[INFO] [1782989334.827] [/exploration_node]:   Segment 2: 0.38 m
[INFO] [1782989334.873] [/exploration_node]: [33m[Path Simplification] Reduced path from 4 to 3 nodes, 2 collision checks, 0.02 ms[0m
[INFO] [1782989334.873] [/exploration_node]:   Segment 1: 3.00 m
[INFO] [1782989334.873] [/exploration_node]:   Segment 2: 0.38 m
[INFO] [1782989334.918] [/exploration_node]: [33m[Path Simplification] Reduced path from 4 to 3 nodes, 2 collision checks, 0.04 ms[0m
[INFO] [1782989334.918] [/exploration_node]:   Segment 1: 3.00 m
[INFO] [1782989334.918] [/exploration_node]:   Segment 2: 0.38 m
[INFO] [1782989334.960] [/exploration_node]: [33m[Path Simplification] Reduced path from 4 to 3 nodes, 2 collision checks, 0.02 ms[0m
[INFO] [1782989334.960] [/exploration_node]:   Segment 1: 3.00 m
[INFO] [1782989334.960] [/exploration_node]:   Segment 2: 0.38 m
[INFO] [1782989335.005] [/exploration_node]: [33m[Path Simplification] Reduced path from 4 to 3 nodes, 2 collision checks, 0.05 ms[0m
[INFO] [1782989335.005] [/exploration_node]:   Segment 1: 3.00 m
[INFO] [1782989335.005] [/exploration_node]:   Segment 2: 0.38 m
[INFO] [1782989335.062] [/exploration_node]: [33m[Path Simplification] Reduced path from 4 to 3 nodes, 2 collision checks, 0.04 ms[0m
[INFO] [1782989335.062] [/exploration_node]:   Segment 1: 3.00 m
[INFO] [1782989335.062] [/exploration_node]:   Segment 2: 0.38 m
[INFO] [1782989335.070] [/exploration_node]: [33m[Path Simplification] Reduced path from 4 to 3 nodes, 2 collision checks, 0.05 ms[0m
[INFO] [1782989335.070] [/exploration_node]:   Segment 1: 3.00 m
[INFO] [1782989335.070] [/exploration_node]:   Segment 2: 0.38 m
[WARN] [1782989335.078] [/exploration_node]: [local-plan] start not in corridor (static start; corridor pieces=12)
[WARN] [1782989335.079] [/exploration_node]: [local-plan] escape: gcopter setup failed
[INFO] [1782989335.115] [/exploration_node]: [33m[Path Simplification] Reduced path from 4 to 3 nodes, 2 collision checks, 0.04 ms[0m
[INFO] [1782989335.115] [/exploration_node]:   Segment 1: 3.00 m
[INFO] [1782989335.115] [/exploration_node]:   Segment 2: 0.38 m
[INFO] [1782989335.118] [/local_avoidance]: [local_avoidance] avoiding...  min_dist=0.35 m
[INFO] [1782989335.159] [/exploration_node]: [33m[Path Simplification] Reduced path from 4 to 3 nodes, 2 collision checks, 0.03 ms[0m
[INFO] [1782989335.159] [/exploration_node]:   Segment 1: 3.00 m
[INFO] [1782989335.159] [/exploration_node]:   Segment 2: 0.38 m
[INFO] [1782989335.204] [/exploration_node]: [33m[Path Simplification] Reduced path from 4 to 3 nodes, 2 collision checks, 0.05 ms[0m
[INFO] [1782989335.204] [/exploration_node]:   Segment 1: 3.00 m
[INFO] [1782989335.204] [/exploration_node]:   Segment 2: 0.38 m
[INFO] [1782989335.248] [/exploration_node]: [33m[Path Simplification] Reduced path from 4 to 3 nodes, 2 collision checks, 0.05 ms[0m
[INFO] [1782989335.248] [/exploration_node]:   Segment 1: 3.00 m
[INFO] [1782989335.248] [/exploration_node]:   Segment 2: 0.38 m
[INFO] [1782989335.290] [/exploration_node]: [33m[Path Simplification] Reduced path from 4 to 3 nodes, 2 collision checks, 0.04 ms[0m
[INFO] [1782989335.290] [/exploration_node]:   Segment 1: 3.00 m
[INFO] [1782989335.290] [/exploration_node]:   Segment 2: 0.38 m
[INFO] [1782989335.291] [/exploration_node]: [EV] [1782989335.291][    +38.2s][PLAN_TRAJ_RTH] GLOBAL result=RTH_PATH_OK | why: path to goal: 3 nodes / 3.4m (connected via 1) | clusters=0(reach 0) vp=0(reach 0) pipe[tot=0 dorm=0 unreach=0 cons=0 nocand=0 topo=0 novis=0 ok=0] tour=3n/3.4m goal=(0.1, 0.1, 1.4) t=8ms (x4)
[INFO] [1782989335.298] [/exploration_node]: [33m[Path Simplification] Reduced path from 4 to 3 nodes, 2 collision checks, 0.03 ms[0m
[INFO] [1782989335.298] [/exploration_node]:   Segment 1: 3.00 m
[INFO] [1782989335.298] [/exploration_node]:   Segment 2: 0.38 m
[INFO] [1782989335.342] [/exploration_node]: [33m[Path Simplification] Reduced path from 4 to 3 nodes, 2 collision checks, 0.04 ms[0m
[INFO] [1782989335.342] [/exploration_node]:   Segment 1: 3.01 m
[INFO] [1782989335.342] [/exploration_node]:   Segment 2: 0.38 m
[INFO] [1782989335.379] [/exploration_node]: [EV] [1782989335.379][    +38.3s][PLAN_TRAJ_RTH] RTH d2goal=2.5m | auto-home(xy) dist=2.59m tol=0.20m goal=(0.02, -0.04, 1.10) (x12)
[INFO] [1782989335.386] [/exploration_node]: [33m[Path Simplification] Reduced path from 4 to 3 nodes, 2 collision checks, 0.03 ms[0m
[INFO] [1782989335.386] [/exploration_node]:   Segment 1: 3.01 m
[INFO] [1782989335.386] [/exploration_node]:   Segment 2: 0.38 m
[INFO] [1782989335.429] [/exploration_node]: [33m[Path Simplification] Reduced path from 4 to 3 nodes, 2 collision checks, 0.03 ms[0m
[INFO] [1782989335.429] [/exploration_node]:   Segment 1: 3.01 m
[INFO] [1782989335.429] [/exploration_node]:   Segment 2: 0.38 m
[INFO] [1782989335.473] [/exploration_node]: [33m[Path Simplification] Reduced path from 4 to 3 nodes, 2 collision checks, 0.03 ms[0m
[INFO] [1782989335.473] [/exploration_node]:   Segment 1: 3.01 m
[INFO] [1782989335.473] [/exploration_node]:   Segment 2: 0.38 m
[INFO] [1782989335.521] [/exploration_node]: [33m[Path Simplification] Reduced path from 4 to 3 nodes, 2 collision checks, 0.04 ms[0m
[INFO] [1782989335.521] [/exploration_node]:   Segment 1: 3.01 m
[INFO] [1782989335.521] [/exploration_node]:   Segment 2: 0.38 m
[INFO] [1782989335.529] [/exploration_node]: [33m[Path Simplification] Reduced path from 4 to 3 nodes, 2 collision checks, 0.04 ms[0m
[INFO] [1782989335.529] [/exploration_node]:   Segment 1: 3.01 m
[INFO] [1782989335.529] [/exploration_node]:   Segment 2: 0.38 m
[INFO] [1782989335.573] [/exploration_node]: [33m[Path Simplification] Reduced path from 4 to 3 nodes, 2 collision checks, 0.04 ms[0m
[INFO] [1782989335.573] [/exploration_node]:   Segment 1: 3.01 m
[INFO] [1782989335.573] [/exploration_node]:   Segment 2: 0.38 m
[INFO] [1782989335.619] [/exploration_node]: [33m[Path Simplification] Reduced path from 4 to 3 nodes, 2 collision checks, 0.04 ms[0m
[INFO] [1782989335.619] [/exploration_node]:   Segment 1: 3.00 m
[INFO] [1782989335.619] [/exploration_node]:   Segment 2: 0.38 m
[INFO] [1782989335.662] [/exploration_node]: [33m[Path Simplification] Reduced path from 4 to 3 nodes, 2 collision checks, 0.04 ms[0m
[INFO] [1782989335.662] [/exploration_node]:   Segment 1: 3.00 m
[INFO] [1782989335.662] [/exploration_node]:   Segment 2: 0.38 m
[WARN] [1782989335.676] [/px4_ctrl_bridge]: [px4_bridge] AVOIDANCE ACTIVE -> forwarding /target_avoidance
[INFO] [1782989335.706] [/exploration_node]: [33m[Path Simplification] Reduced path from 4 to 3 nodes, 2 collision checks, 0.04 ms[0m
[INFO] [1782989335.706] [/exploration_node]:   Segment 1: 3.00 m
[INFO] [1782989335.706] [/exploration_node]:   Segment 2: 0.38 m
[INFO] [1782989335.745] [/exploration_node]: [33m[Path Simplification] Reduced path from 4 to 3 nodes, 2 collision checks, 0.03 ms[0m
[INFO] [1782989335.745] [/exploration_node]:   Segment 1: 3.00 m
[INFO] [1782989335.745] [/exploration_node]:   Segment 2: 0.38 m
[INFO] [1782989335.753] [/exploration_node]: [33m[Path Simplification] Reduced path from 4 to 3 nodes, 2 collision checks, 0.03 ms[0m
[INFO] [1782989335.753] [/exploration_node]:   Segment 1: 3.00 m
[INFO] [1782989335.753] [/exploration_node]:   Segment 2: 0.38 m
[INFO] [1782989335.796] [/exploration_node]: [33m[Path Simplification] Reduced path from 4 to 3 nodes, 2 collision checks, 0.06 ms[0m
[INFO] [1782989335.796] [/exploration_node]:   Segment 1: 3.01 m
[INFO] [1782989335.796] [/exploration_node]:   Segment 2: 0.38 m
[INFO] [1782989335.839] [/exploration_node]: [33m[Path Simplification] Reduced path from 4 to 3 nodes, 2 collision checks, 0.02 ms[0m
[INFO] [1782989335.839] [/exploration_node]:   Segment 1: 3.00 m
[INFO] [1782989335.839] [/exploration_node]:   Segment 2: 0.38 m
[INFO] [1782989335.885] [/exploration_node]: [33m[Path Simplification] Reduced path from 4 to 3 nodes, 2 collision checks, 0.03 ms[0m
[INFO] [1782989335.885] [/exploration_node]:   Segment 1: 3.00 m
[INFO] [1782989335.885] [/exploration_node]:   Segment 2: 0.38 m
[INFO] [1782989335.929] [/exploration_node]: [33m[Path Simplification] Reduced path from 4 to 3 nodes, 2 collision checks, 0.05 ms[0m
[INFO] [1782989335.929] [/exploration_node]:   Segment 1: 3.00 m
[INFO] [1782989335.929] [/exploration_node]:   Segment 2: 0.38 m
[INFO] [1782989335.973] [/exploration_node]: [33m[Path Simplification] Reduced path from 4 to 3 nodes, 2 collision checks, 0.04 ms[0m
[INFO] [1782989335.973] [/exploration_node]:   Segment 1: 3.00 m
[INFO] [1782989335.973] [/exploration_node]:   Segment 2: 0.38 m
[INFO] [1782989335.984] [/exploration_node]: [33m[Path Simplification] Reduced path from 4 to 3 nodes, 2 collision checks, 0.05 ms[0m
[INFO] [1782989335.984] [/exploration_node]:   Segment 1: 3.01 m
[INFO] [1782989335.984] [/exploration_node]:   Segment 2: 0.38 m
[INFO] [1782989336.027] [/exploration_node]: [33m[Path Simplification] Reduced path from 4 to 3 nodes, 2 collision checks, 0.03 ms[0m
[INFO] [1782989336.027] [/exploration_node]:   Segment 1: 3.00 m
[INFO] [1782989336.027] [/exploration_node]:   Segment 2: 0.38 m
[INFO] [1782989336.072] [/exploration_node]: [33m[Path Simplification] Reduced path from 4 to 3 nodes, 2 collision checks, 0.03 ms[0m
[INFO] [1782989336.072] [/exploration_node]:   Segment 1: 3.00 m
[INFO] [1782989336.072] [/exploration_node]:   Segment 2: 0.38 m
[INFO] [1782989336.115] [/exploration_node]: [33m[Path Simplification] Reduced path from 4 to 3 nodes, 2 collision checks, 0.02 ms[0m
[INFO] [1782989336.115] [/exploration_node]:   Segment 1: 3.00 m
[INFO] [1782989336.115] [/exploration_node]:   Segment 2: 0.38 m
[INFO] [1782989336.161] [/exploration_node]: [33m[Path Simplification] Reduced path from 4 to 3 nodes, 2 collision checks, 0.04 ms[0m
[INFO] [1782989336.161] [/exploration_node]:   Segment 1: 3.00 m
[INFO] [1782989336.161] [/exploration_node]:   Segment 2: 0.38 m
[INFO] [1782989336.170] [/local_avoidance]: [local_avoidance] avoiding...  min_dist=0.22 m
[INFO] [1782989336.206] [/exploration_node]: [33m[Path Simplification] Reduced path from 4 to 3 nodes, 2 collision checks, 0.04 ms[0m
[INFO] [1782989336.206] [/exploration_node]:   Segment 1: 3.01 m
[INFO] [1782989336.206] [/exploration_node]:   Segment 2: 0.38 m
[INFO] [1782989336.213] [/exploration_node]: [33m[Path Simplification] Reduced path from 4 to 3 nodes, 2 collision checks, 0.03 ms[0m
[INFO] [1782989336.213] [/exploration_node]:   Segment 1: 3.01 m
[INFO] [1782989336.213] [/exploration_node]:   Segment 2: 0.38 m
[INFO] [1782989336.256] [/exploration_node]: [33m[Path Simplification] Reduced path from 4 to 3 nodes, 2 collision checks, 0.02 ms[0m
[INFO] [1782989336.256] [/exploration_node]:   Segment 1: 3.00 m
[INFO] [1782989336.256] [/exploration_node]:   Segment 2: 0.38 m
[INFO] [1782989336.303] [/exploration_node]: [33m[Path Simplification] Reduced path from 4 to 3 nodes, 2 collision checks, 0.04 ms[0m
[INFO] [1782989336.303] [/exploration_node]:   Segment 1: 3.01 m
[INFO] [1782989336.303] [/exploration_node]:   Segment 2: 0.38 m
[INFO] [1782989336.347] [/exploration_node]: [33m[Path Simplification] Reduced path from 4 to 3 nodes, 2 collision checks, 0.06 ms[0m
[INFO] [1782989336.347] [/exploration_node]:   Segment 1: 3.01 m
[INFO] [1782989336.347] [/exploration_node]:   Segment 2: 0.38 m
[INFO] [1782989336.390] [/exploration_node]: [33m[Path Simplification] Reduced path from 4 to 3 nodes, 2 collision checks, 0.03 ms[0m
[INFO] [1782989336.390] [/exploration_node]:   Segment 1: 3.01 m
[INFO] [1782989336.390] [/exploration_node]:   Segment 2: 0.38 m
[INFO] [1782989336.433] [/exploration_node]: [33m[Path Simplification] Reduced path from 4 to 3 nodes, 2 collision checks, 0.04 ms[0m
[INFO] [1782989336.433] [/exploration_node]:   Segment 1: 3.01 m
[INFO] [1782989336.433] [/exploration_node]:   Segment 2: 0.38 m
[INFO] [1782989336.434] [/exploration_node]: [EV] [1782989336.434][    +39.3s][PLAN_TRAJ_RTH] GLOBAL result=RTH_PATH_OK | why: path to goal: 3 nodes / 3.4m (connected via 1) | clusters=0(reach 0) vp=0(reach 0) pipe[tot=0 dorm=0 unreach=0 cons=0 nocand=0 topo=0 novis=0 ok=0] tour=3n/3.4m goal=(0.1, 0.1, 1.4) t=11ms (x4)
[INFO] [1782989336.441] [/exploration_node]: [33m[Path Simplification] Reduced path from 4 to 3 nodes, 2 collision checks, 0.04 ms[0m
[INFO] [1782989336.441] [/exploration_node]:   Segment 1: 3.01 m
[INFO] [1782989336.441] [/exploration_node]:   Segment 2: 0.38 m
[INFO] [1782989336.485] [/exploration_node]: [33m[Path Simplification] Reduced path from 4 to 3 nodes, 2 collision checks, 0.03 ms[0m
[INFO] [1782989336.485] [/exploration_node]:   Segment 1: 3.01 m
[INFO] [1782989336.485] [/exploration_node]:   Segment 2: 0.38 m
[INFO] [1782989336.512] [/exploration_node]: [EV] [1782989336.511][    +39.4s][PLAN_TRAJ_RTH] BATT 23.5V | v=23.72V pct=51%
[INFO] [1782989336.528] [/exploration_node]: [33m[Path Simplification] Reduced path from 4 to 3 nodes, 2 collision checks, 0.04 ms[0m
[INFO] [1782989336.528] [/exploration_node]:   Segment 1: 3.01 m
[INFO] [1782989336.528] [/exploration_node]:   Segment 2: 0.38 m
[WARN] [1782989336.537] [/exploration_node]: [RTH] local plan failed: escape: gcopter setup failed
[INFO] [1782989336.573] [/exploration_node]: [33m[Path Simplification] Reduced path from 4 to 3 nodes, 2 collision checks, 0.04 ms[0m
[INFO] [1782989336.573] [/exploration_node]:   Segment 1: 3.01 m
[INFO] [1782989336.573] [/exploration_node]:   Segment 2: 0.38 m
[INFO] [1782989336.617] [/exploration_node]: [33m[Path Simplification] Reduced path from 4 to 3 nodes, 2 collision checks, 0.04 ms[0m
[INFO] [1782989336.617] [/exploration_node]:   Segment 1: 3.01 m
[INFO] [1782989336.617] [/exploration_node]:   Segment 2: 0.38 m
[INFO] [1782989336.658] [/exploration_node]: [33m[Path Simplification] Reduced path from 4 to 3 nodes, 2 collision checks, 0.04 ms[0m
[INFO] [1782989336.658] [/exploration_node]:   Segment 1: 3.01 m
[INFO] [1782989336.658] [/exploration_node]:   Segment 2: 0.38 m
[INFO] [1782989336.666] [/exploration_node]: [33m[Path Simplification] Reduced path from 4 to 3 nodes, 2 collision checks, 0.04 ms[0m
[INFO] [1782989336.666] [/exploration_node]:   Segment 1: 3.01 m
[INFO] [1782989336.666] [/exploration_node]:   Segment 2: 0.38 m
[WARN] [1782989336.686] [/px4_ctrl_bridge]: [px4_bridge] AVOIDANCE ACTIVE -> forwarding /target_avoidance
[INFO] [1782989336.710] [/exploration_node]: [33m[Path Simplification] Reduced path from 4 to 3 nodes, 2 collision checks, 0.04 ms[0m
[INFO] [1782989336.710] [/exploration_node]:   Segment 1: 3.01 m
[INFO] [1782989336.710] [/exploration_node]:   Segment 2: 0.38 m
[INFO] [1782989336.753] [/exploration_node]: [33m[Path Simplification] Reduced path from 4 to 3 nodes, 2 collision checks, 0.03 ms[0m
[INFO] [1782989336.753] [/exploration_node]:   Segment 1: 3.01 m
[INFO] [1782989336.753] [/exploration_node]:   Segment 2: 0.38 m
[WARN] [1782989336.780] [/exploration_node]: [EV] [1782989336.780][    +39.7s][PLAN_TRAJ_RTH] LOCAL RTH FAIL | why: escape: gcopter setup failed | t=33.5ms (x44)
[INFO] [1782989336.797] [/exploration_node]: [33m[Path Simplification] Reduced path from 4 to 3 nodes, 2 collision checks, 0.04 ms[0m
[INFO] [1782989336.797] [/exploration_node]:   Segment 1: 3.01 m
[INFO] [1782989336.797] [/exploration_node]:   Segment 2: 0.38 m
[INFO] [1782989336.842] [/exploration_node]: [33m[Path Simplification] Reduced path from 4 to 3 nodes, 2 collision checks, 0.04 ms[0m
[INFO] [1782989336.842] [/exploration_node]:   Segment 1: 3.01 m
[INFO] [1782989336.842] [/exploration_node]:   Segment 2: 0.38 m
[INFO] [1782989336.882] [/exploration_node]: [33m[Path Simplification] Reduced path from 4 to 3 nodes, 2 collision checks, 0.04 ms[0m
[INFO] [1782989336.882] [/exploration_node]:   Segment 1: 3.01 m
[INFO] [1782989336.882] [/exploration_node]:   Segment 2: 0.38 m
[INFO] [1782989336.890] [/exploration_node]: [33m[Path Simplification] Reduced path from 4 to 3 nodes, 2 collision checks, 0.04 ms[0m
[INFO] [1782989336.890] [/exploration_node]:   Segment 1: 3.01 m
[INFO] [1782989336.890] [/exploration_node]:   Segment 2: 0.38 m
[INFO] [1782989336.934] [/exploration_node]: [33m[Path Simplification] Reduced path from 4 to 3 nodes, 2 collision checks, 0.04 ms[0m
[INFO] [1782989336.934] [/exploration_node]:   Segment 1: 3.01 m
[INFO] [1782989336.934] [/exploration_node]:   Segment 2: 0.38 m
[INFO] [1782989336.977] [/exploration_node]: [33m[Path Simplification] Reduced path from 4 to 3 nodes, 2 collision checks, 0.04 ms[0m
[INFO] [1782989336.977] [/exploration_node]:   Segment 1: 3.01 m
[INFO] [1782989336.977] [/exploration_node]:   Segment 2: 0.38 m
[INFO] [1782989337.014] [/exploration_node]: [EV] [1782989337.014][    +39.9s][PLAN_TRAJ_RTH] RTH d2goal=2.5m | auto-home(xy) dist=2.58m tol=0.20m goal=(0.02, -0.04, 1.10) (x35)
[INFO] [1782989337.021] [/exploration_node]: [33m[Path Simplification] Reduced path from 4 to 3 nodes, 2 collision checks, 0.04 ms[0m
[INFO] [1782989337.021] [/exploration_node]:   Segment 1: 3.00 m
[INFO] [1782989337.021] [/exploration_node]:   Segment 2: 0.38 m
[INFO] [1782989337.059] [/exploration_node]: [EV] [1782989337.059][    +39.9s][PLAN_TRAJ_RTH] RTH d2goal=2.5m | auto-home(xy) dist=2.59m tol=0.20m goal=(0.02, -0.04, 1.10)
[INFO] [1782989337.066] [/exploration_node]: [33m[Path Simplification] Reduced path from 4 to 3 nodes, 2 collision checks, 0.03 ms[0m
[INFO] [1782989337.066] [/exploration_node]:   Segment 1: 3.01 m
[INFO] [1782989337.066] [/exploration_node]:   Segment 2: 0.38 m
[INFO] [1782989337.103] [/exploration_node]: [33m[Path Simplification] Reduced path from 4 to 3 nodes, 2 collision checks, 0.03 ms[0m
[INFO] [1782989337.103] [/exploration_node]:   Segment 1: 3.01 m
[INFO] [1782989337.103] [/exploration_node]:   Segment 2: 0.38 m
[INFO] [1782989337.111] [/exploration_node]: [33m[Path Simplification] Reduced path from 4 to 3 nodes, 2 collision checks, 0.04 ms[0m
[INFO] [1782989337.111] [/exploration_node]:   Segment 1: 3.01 m
[INFO] [1782989337.111] [/exploration_node]:   Segment 2: 0.38 m
[WARN] [1782989337.119] [/exploration_node]: [local-plan] start not in corridor (static start; corridor pieces=12)
[WARN] [1782989337.120] [/exploration_node]: [local-plan] escape: gcopter setup failed
[INFO] [1782989337.155] [/exploration_node]: [33m[Path Simplification] Reduced path from 4 to 3 nodes, 2 collision checks, 0.03 ms[0m
[INFO] [1782989337.155] [/exploration_node]:   Segment 1: 3.01 m
[INFO] [1782989337.155] [/exploration_node]:   Segment 2: 0.38 m
[INFO] [1782989337.198] [/exploration_node]: [33m[Path Simplification] Reduced path from 4 to 3 nodes, 2 collision checks, 0.04 ms[0m
[INFO] [1782989337.198] [/exploration_node]:   Segment 1: 3.01 m
[INFO] [1782989337.198] [/exploration_node]:   Segment 2: 0.38 m
[INFO] [1782989337.213] [/mavros]: HP: requesting home position
[INFO] [1782989337.219] [/local_avoidance]: [local_avoidance] avoiding...  min_dist=0.39 m
[INFO] [1782989337.243] [/exploration_node]: [33m[Path Simplification] Reduced path from 4 to 3 nodes, 2 collision checks, 0.04 ms[0m
[INFO] [1782989337.243] [/exploration_node]:   Segment 1: 3.01 m
[INFO] [1782989337.243] [/exploration_node]:   Segment 2: 0.38 m
[INFO] [1782989337.286] [/exploration_node]: [33m[Path Simplification] Reduced path from 4 to 3 nodes, 2 collision checks, 0.03 ms[0m
[INFO] [1782989337.286] [/exploration_node]:   Segment 1: 3.01 m
[INFO] [1782989337.286] [/exploration_node]:   Segment 2: 0.38 m
[INFO] [1782989337.325] [/exploration_node]: [33m[Path Simplification] Reduced path from 4 to 3 nodes, 2 collision checks, 0.03 ms[0m
[INFO] [1782989337.325] [/exploration_node]:   Segment 1: 3.01 m
[INFO] [1782989337.325] [/exploration_node]:   Segment 2: 0.38 m
[INFO] [1782989337.329] [/exploration_node]: [EV] [1782989337.329][    +40.2s][PLAN_TRAJ_RTH] RTH d2goal=2.5m | auto-home(xy) dist=2.58m tol=0.20m goal=(0.02, -0.04, 1.10) (x5)
[INFO] [1782989337.335] [/exploration_node]: [33m[Path Simplification] Reduced path from 4 to 3 nodes, 2 collision checks, 0.02 ms[0m
[INFO] [1782989337.335] [/exploration_node]:   Segment 1: 3.00 m
[INFO] [1782989337.335] [/exploration_node]:   Segment 2: 0.38 m
[INFO] [1782989337.379] [/exploration_node]: [33m[Path Simplification] Reduced path from 4 to 3 nodes, 2 collision checks, 0.04 ms[0m
[INFO] [1782989337.379] [/exploration_node]:   Segment 1: 3.01 m
[INFO] [1782989337.379] [/exploration_node]:   Segment 2: 0.38 m
[INFO] [1782989337.423] [/exploration_node]: [33m[Path Simplification] Reduced path from 4 to 3 nodes, 2 collision checks, 0.05 ms[0m
[INFO] [1782989337.423] [/exploration_node]:   Segment 1: 3.00 m
[INFO] [1782989337.423] [/exploration_node]:   Segment 2: 0.38 m
[INFO] [1782989337.466] [/exploration_node]: [33m[Path Simplification] Reduced path from 4 to 3 nodes, 2 collision checks, 0.05 ms[0m
[INFO] [1782989337.467] [/exploration_node]:   Segment 1: 3.01 m
[INFO] [1782989337.467] [/exploration_node]:   Segment 2: 0.38 m
[INFO] [1782989337.511] [/exploration_node]: [33m[Path Simplification] Reduced path from 4 to 3 nodes, 2 collision checks, 0.04 ms[0m
[INFO] [1782989337.511] [/exploration_node]:   Segment 1: 3.01 m
[INFO] [1782989337.511] [/exploration_node]:   Segment 2: 0.38 m
[INFO] [1782989337.553] [/exploration_node]: [33m[Path Simplification] Reduced path from 4 to 3 nodes, 2 collision checks, 0.04 ms[0m
[INFO] [1782989337.553] [/exploration_node]:   Segment 1: 3.00 m
[INFO] [1782989337.553] [/exploration_node]:   Segment 2: 0.38 m
[INFO] [1782989337.554] [/exploration_node]: [EV] [1782989337.554][    +40.4s][PLAN_TRAJ_RTH] GLOBAL result=RTH_PATH_OK | why: path to goal: 3 nodes / 3.4m (connected via 1) | clusters=0(reach 0) vp=0(reach 0) pipe[tot=0 dorm=0 unreach=0 cons=0 nocand=0 topo=0 novis=0 ok=0] tour=3n/3.4m goal=(0.1, 0.1, 1.4) t=8ms (x4)
[INFO] [1782989337.561] [/exploration_node]: [33m[Path Simplification] Reduced path from 4 to 3 nodes, 2 collision checks, 0.03 ms[0m
[INFO] [1782989337.561] [/exploration_node]:   Segment 1: 3.00 m
[INFO] [1782989337.561] [/exploration_node]:   Segment 2: 0.38 m
[INFO] [1782989337.598] [/exploration_node]: [EV] [1782989337.598][    +40.5s][PLAN_TRAJ_RTH] RTH d2goal=2.5m | auto-home(xy) dist=2.59m tol=0.20m goal=(0.02, -0.04, 1.10) (x5)
[INFO] [1782989337.605] [/exploration_node]: [33m[Path Simplification] Reduced path from 4 to 3 nodes, 2 collision checks, 0.04 ms[0m
[INFO] [1782989337.605] [/exploration_node]:   Segment 1: 3.01 m
[INFO] [1782989337.605] [/exploration_node]:   Segment 2: 0.38 m
[INFO] [1782989337.642] [/exploration_node]: [EV] [1782989337.642][    +40.5s][PLAN_TRAJ_RTH] RTH d2goal=2.5m | auto-home(xy) dist=2.58m tol=0.20m goal=(0.02, -0.04, 1.10)
[INFO] [1782989337.649] [/exploration_node]: [33m[Path Simplification] Reduced path from 4 to 3 nodes, 2 collision checks, 0.05 ms[0m
[INFO] [1782989337.649] [/exploration_node]:   Segment 1: 3.00 m
[INFO] [1782989337.649] [/exploration_node]:   Segment 2: 0.38 m
[INFO] [1782989337.685] [/exploration_node]: [EV] [1782989337.685][    +40.6s][PLAN_TRAJ_RTH] RTH d2goal=2.5m | auto-home(xy) dist=2.59m tol=0.20m goal=(0.02, -0.04, 1.10)
[WARN] [1782989337.687] [/px4_ctrl_bridge]: [px4_bridge] AVOIDANCE ACTIVE -> forwarding /target_avoidance
[INFO] [1782989337.692] [/exploration_node]: [33m[Path Simplification] Reduced path from 4 to 3 nodes, 2 collision checks, 0.03 ms[0m
[INFO] [1782989337.692] [/exploration_node]:   Segment 1: 3.01 m
[INFO] [1782989337.692] [/exploration_node]:   Segment 2: 0.38 m
[INFO] [1782989337.736] [/exploration_node]: [33m[Path Simplification] Reduced path from 4 to 3 nodes, 2 collision checks, 0.04 ms[0m
[INFO] [1782989337.736] [/exploration_node]:   Segment 1: 3.00 m
[INFO] [1782989337.736] [/exploration_node]:   Segment 2: 0.38 m
[INFO] [1782989337.774] [/exploration_node]: [33m[Path Simplification] Reduced path from 4 to 3 nodes, 2 collision checks, 0.03 ms[0m
[INFO] [1782989337.774] [/exploration_node]:   Segment 1: 3.00 m
[INFO] [1782989337.774] [/exploration_node]:   Segment 2: 0.38 m
[INFO] [1782989337.784] [/exploration_node]: [33m[Path Simplification] Reduced path from 4 to 3 nodes, 2 collision checks, 0.03 ms[0m
[INFO] [1782989337.784] [/exploration_node]:   Segment 1: 3.01 m
[INFO] [1782989337.784] [/exploration_node]:   Segment 2: 0.38 m
[INFO] [1782989337.827] [/exploration_node]: [33m[Path Simplification] Reduced path from 4 to 3 nodes, 2 collision checks, 0.02 ms[0m
[INFO] [1782989337.827] [/exploration_node]:   Segment 1: 3.01 m
[INFO] [1782989337.827] [/exploration_node]:   Segment 2: 0.38 m
[INFO] [1782989337.872] [/exploration_node]: [33m[Path Simplification] Reduced path from 4 to 3 nodes, 2 collision checks, 0.04 ms[0m
[INFO] [1782989337.872] [/exploration_node]:   Segment 1: 3.01 m
[INFO] [1782989337.872] [/exploration_node]:   Segment 2: 0.38 m
[INFO] [1782989337.915] [/exploration_node]: [33m[Path Simplification] Reduced path from 4 to 3 nodes, 2 collision checks, 0.02 ms[0m
[INFO] [1782989337.915] [/exploration_node]:   Segment 1: 3.01 m
[INFO] [1782989337.915] [/exploration_node]:   Segment 2: 0.38 m
[INFO] [1782989337.960] [/exploration_node]: [33m[Path Simplification] Reduced path from 4 to 3 nodes, 2 collision checks, 0.02 ms[0m
[INFO] [1782989337.960] [/exploration_node]:   Segment 1: 3.01 m
[INFO] [1782989337.960] [/exploration_node]:   Segment 2: 0.38 m
[INFO] [1782989338.003] [/exploration_node]: [33m[Path Simplification] Reduced path from 4 to 3 nodes, 2 collision checks, 0.03 ms[0m
[INFO] [1782989338.003] [/exploration_node]:   Segment 1: 3.01 m
[INFO] [1782989338.003] [/exploration_node]:   Segment 2: 0.38 m
[INFO] [1782989338.012] [/exploration_node]: [33m[Path Simplification] Reduced path from 4 to 3 nodes, 2 collision checks, 0.03 ms[0m
[INFO] [1782989338.012] [/exploration_node]:   Segment 1: 3.01 m
[INFO] [1782989338.012] [/exploration_node]:   Segment 2: 0.38 m
[INFO] [1782989338.055] [/exploration_node]: [33m[Path Simplification] Reduced path from 4 to 3 nodes, 2 collision checks, 0.03 ms[0m
[INFO] [1782989338.055] [/exploration_node]:   Segment 1: 3.01 m
[INFO] [1782989338.055] [/exploration_node]:   Segment 2: 0.38 m
[INFO] [1782989338.099] [/exploration_node]: [33m[Path Simplification] Reduced path from 4 to 3 nodes, 2 collision checks, 0.03 ms[0m
[INFO] [1782989338.099] [/exploration_node]:   Segment 1: 3.00 m
[INFO] [1782989338.099] [/exploration_node]:   Segment 2: 0.38 m
[INFO] [1782989338.136] [/exploration_node]: [EV] [1782989338.135][    +41.0s][PLAN_TRAJ_RTH] RTH d2goal=2.5m | auto-home(xy) dist=2.58m tol=0.20m goal=(0.02, -0.04, 1.10) (x9)
[INFO] [1782989338.143] [/exploration_node]: [33m[Path Simplification] Reduced path from 4 to 3 nodes, 2 collision checks, 0.03 ms[0m
[INFO] [1782989338.143] [/exploration_node]:   Segment 1: 3.00 m
[INFO] [1782989338.143] [/exploration_node]:   Segment 2: 0.38 m
[INFO] [1782989338.179] [/exploration_node]: [EV] [1782989338.179][    +41.1s][PLAN_TRAJ_RTH] RTH d2goal=2.5m | auto-home(xy) dist=2.59m tol=0.20m goal=(0.02, -0.04, 1.10)
[INFO] [1782989338.187] [/exploration_node]: [33m[Path Simplification] Reduced path from 4 to 3 nodes, 2 collision checks, 0.03 ms[0m
[INFO] [1782989338.187] [/exploration_node]:   Segment 1: 3.01 m
[INFO] [1782989338.187] [/exploration_node]:   Segment 2: 0.38 m
[INFO] [1782989338.225] [/exploration_node]: [33m[Path Simplification] Reduced path from 4 to 3 nodes, 2 collision checks, 0.04 ms[0m
[INFO] [1782989338.225] [/exploration_node]:   Segment 1: 3.01 m
[INFO] [1782989338.225] [/exploration_node]:   Segment 2: 0.38 m
[INFO] [1782989338.229] [/exploration_node]: [EV] [1782989338.229][    +41.1s][PLAN_TRAJ_RTH] RTH d2goal=2.5m | auto-home(xy) dist=2.58m tol=0.20m goal=(0.02, -0.04, 1.10)
[INFO] [1782989338.234] [/exploration_node]: [33m[Path Simplification] Reduced path from 4 to 3 nodes, 2 collision checks, 0.02 ms[0m
[INFO] [1782989338.234] [/exploration_node]:   Segment 1: 3.00 m
[INFO] [1782989338.234] [/exploration_node]:   Segment 2: 0.38 m
[INFO] [1782989338.269] [/local_avoidance]: [local_avoidance] avoiding...  min_dist=0.37 m
[INFO] [1782989338.272] [/exploration_node]: [EV] [1782989338.272][    +41.2s][PLAN_TRAJ_RTH] RTH d2goal=2.5m | auto-home(xy) dist=2.59m tol=0.20m goal=(0.02, -0.04, 1.10)
[INFO] [1782989338.278] [/exploration_node]: [33m[Path Simplification] Reduced path from 4 to 3 nodes, 2 collision checks, 0.02 ms[0m
[INFO] [1782989338.278] [/exploration_node]:   Segment 1: 3.01 m
[INFO] [1782989338.278] [/exploration_node]:   Segment 2: 0.38 m
[INFO] [1782989338.322] [/exploration_node]: [33m[Path Simplification] Reduced path from 4 to 3 nodes, 2 collision checks, 0.02 ms[0m
[INFO] [1782989338.322] [/exploration_node]:   Segment 1: 3.01 m
[INFO] [1782989338.322] [/exploration_node]:   Segment 2: 0.38 m
[INFO] [1782989338.368] [/exploration_node]: [33m[Path Simplification] Reduced path from 4 to 3 nodes, 2 collision checks, 0.06 ms[0m
[INFO] [1782989338.368] [/exploration_node]:   Segment 1: 3.01 m
[INFO] [1782989338.368] [/exploration_node]:   Segment 2: 0.38 m
[INFO] [1782989338.412] [/exploration_node]: [33m[Path Simplification] Reduced path from 4 to 3 nodes, 2 collision checks, 0.05 ms[0m
[INFO] [1782989338.412] [/exploration_node]:   Segment 1: 3.01 m
[INFO] [1782989338.412] [/exploration_node]:   Segment 2: 0.38 m
[INFO] [1782989338.450] [/exploration_node]: [33m[Path Simplification] Reduced path from 4 to 3 nodes, 2 collision checks, 0.04 ms[0m
[INFO] [1782989338.450] [/exploration_node]:   Segment 1: 3.00 m
[INFO] [1782989338.450] [/exploration_node]:   Segment 2: 0.38 m
[INFO] [1782989338.458] [/exploration_node]: [33m[Path Simplification] Reduced path from 4 to 3 nodes, 2 collision checks, 0.04 ms[0m
[INFO] [1782989338.458] [/exploration_node]:   Segment 1: 3.00 m
[INFO] [1782989338.458] [/exploration_node]:   Segment 2: 0.38 m
[INFO] [1782989338.501] [/exploration_node]: [33m[Path Simplification] Reduced path from 4 to 3 nodes, 2 collision checks, 0.04 ms[0m
[INFO] [1782989338.501] [/exploration_node]:   Segment 1: 3.01 m
[INFO] [1782989338.502] [/exploration_node]:   Segment 2: 0.38 m
[INFO] [1782989338.528] [/exploration_node]: [EV] [1782989338.528][    +41.4s][PLAN_TRAJ_RTH] BATT 23.5V | v=23.73V pct=52%
[INFO] [1782989338.545] [/exploration_node]: [33m[Path Simplification] Reduced path from 4 to 3 nodes, 2 collision checks, 0.03 ms[0m
[INFO] [1782989338.545] [/exploration_node]:   Segment 1: 3.01 m
[INFO] [1782989338.545] [/exploration_node]:   Segment 2: 0.38 m
[WARN] [1782989338.554] [/exploration_node]: [RTH] local plan failed: escape: gcopter setup failed
[INFO] [1782989338.589] [/exploration_node]: [33m[Path Simplification] Reduced path from 4 to 3 nodes, 2 collision checks, 0.04 ms[0m
[INFO] [1782989338.589] [/exploration_node]:   Segment 1: 3.01 m
[INFO] [1782989338.589] [/exploration_node]:   Segment 2: 0.38 m
[INFO] [1782989338.615] [/exploration_node]: [EV] [1782989338.615][    +41.5s][PLAN_TRAJ_RTH] LOCAL RTH OK | t=33.4ms (prev x40/1.8s)
[INFO] [1782989338.615] [/exploration_node]: [EV] [1782989338.615][    +41.5s][EXEC_TRAJ] STATE PLAN_TRAJ_RTH -> EXEC_TRAJ [PLAN_TRAJ_RTH: plan success] |  (prev cycle x39/4.5s)
[WARN] [1782989338.617] [/exploration_node]: [EV] [1782989338.617][    +41.5s][PLAN_TRAJ_RTH] STATE EXEC_TRAJ -> PLAN_TRAJ_RTH [safetyCallback: not safe, time:0.019375]
[ERROR] [1782989338.625] [/exploration_node]: [EV] [1782989338.625][    +41.5s][PLAN_TRAJ_RTH] STUCK no motion >8s in PLAN_TRAJ_RTH | last-local: OK | pos=(2.50, -0.78, -0.22) still=22s (prev x85/3.9s)
[INFO] [1782989338.632] [/exploration_node]: [33m[Path Simplification] Reduced path from 4 to 3 nodes, 2 collision checks, 0.04 ms[0m
[INFO] [1782989338.633] [/exploration_node]:   Segment 1: 3.00 m
[INFO] [1782989338.633] [/exploration_node]:   Segment 2: 0.38 m
[WARN] [1782989338.653] [/exploration_node]: [local-plan] post-check: new traj collides within 1s
[WARN] [1782989338.659] [/exploration_node]: [EV] [1782989338.659][    +41.5s][PLAN_TRAJ_RTH] LOCAL RTH FAIL | why: post-check: new traj collides within 1s | t=33.4ms
[WARN] [1782989338.659] [/exploration_node]: [EV] [1782989338.659][    +41.5s][PLAN_TRAJ_RTH] STATE PLAN_TRAJ_RTH -> PLAN_TRAJ_RTH [PLAN_TRAJ_RTH: plan failed]
[INFO] [1782989338.677] [/exploration_node]: [33m[Path Simplification] Reduced path from 4 to 3 nodes, 2 collision checks, 0.05 ms[0m
[INFO] [1782989338.677] [/exploration_node]:   Segment 1: 3.00 m
[INFO] [1782989338.677] [/exploration_node]:   Segment 2: 0.38 m
[INFO] [1782989338.678] [/exploration_node]: [EV] [1782989338.678][    +41.6s][PLAN_TRAJ_RTH] STATE PLAN_TRAJ_RTH -> PLAN_TRAJ_RTH [planGoalPath: succeed]
[WARN] [1782989338.679] [/exploration_node]: [EV] [1782989338.679][    +41.6s][PLAN_TRAJ_RTH] STATE PLAN_TRAJ_RTH -> PLAN_TRAJ_RTH [safetyCallback: not safe, time:0.081825]
[ERROR] [1782989338.680] [/exploration_node]: [EV] [1782989338.680][    +41.6s][PLAN_TRAJ_RTH] STUCK no motion >8s in PLAN_TRAJ_RTH | last-local: post-check: new traj collides within 1s | pos=(2.50, -0.78, -0.22) still=22s
[INFO] [1782989338.685] [/exploration_node]: [33m[Path Simplification] Reduced path from 4 to 3 nodes, 2 collision checks, 0.02 ms[0m
[INFO] [1782989338.685] [/exploration_node]:   Segment 1: 3.00 m
[INFO] [1782989338.685] [/exploration_node]:   Segment 2: 0.38 m
[WARN] [1782989338.696] [/px4_ctrl_bridge]: [px4_bridge] AVOIDANCE ACTIVE -> forwarding /target_avoidance
[WARN] [1782989338.713] [/exploration_node]: [EV] [1782989338.713][    +41.6s][PLAN_TRAJ_RTH] STATE PLAN_TRAJ_RTH -> PLAN_TRAJ_RTH [PLAN_TRAJ_RTH: plan failed]
[WARN] [1782989338.714] [/exploration_node]: [EV] [1782989338.714][    +41.6s][PLAN_TRAJ_RTH] STATE PLAN_TRAJ_RTH -> PLAN_TRAJ_RTH [safetyCallback: not safe, time:0.116696]
[INFO] [1782989338.729] [/exploration_node]: [33m[Path Simplification] Reduced path from 4 to 3 nodes, 2 collision checks, 0.02 ms[0m
[INFO] [1782989338.729] [/exploration_node]:   Segment 1: 3.00 m
[INFO] [1782989338.729] [/exploration_node]:   Segment 2: 0.38 m
[WARN] [1782989338.758] [/exploration_node]: [EV] [1782989338.758][    +41.6s][PLAN_TRAJ_RTH] STATE PLAN_TRAJ_RTH -> PLAN_TRAJ_RTH [safetyCallback: not safe, time:0.160694] |  (prev cycle x1/0.0s)
[INFO] [1782989338.776] [/exploration_node]: [33m[Path Simplification] Reduced path from 4 to 3 nodes, 2 collision checks, 0.02 ms[0m
[INFO] [1782989338.776] [/exploration_node]:   Segment 1: 3.00 m
[INFO] [1782989338.776] [/exploration_node]:   Segment 2: 0.38 m
[WARN] [1782989338.807] [/exploration_node]: [EV] [1782989338.807][    +41.7s][PLAN_TRAJ_RTH] STATE PLAN_TRAJ_RTH -> PLAN_TRAJ_RTH [safetyCallback: not safe, time:0.210012] |  (prev cycle x1/0.0s)
[INFO] [1782989338.819] [/exploration_node]: [33m[Path Simplification] Reduced path from 4 to 3 nodes, 2 collision checks, 0.02 ms[0m
[INFO] [1782989338.819] [/exploration_node]:   Segment 1: 3.00 m
[INFO] [1782989338.819] [/exploration_node]:   Segment 2: 0.38 m
[WARN] [1782989338.848] [/exploration_node]: [EV] [1782989338.848][    +41.7s][PLAN_TRAJ_RTH] LOCAL RTH FAIL | why: escape: gcopter setup failed | t=34.7ms (prev x3/0.1s)
[ERROR] [1782989338.859] [/exploration_node]: [EV] [1782989338.859][    +41.7s][PLAN_TRAJ_RTH] STUCK no motion >8s in PLAN_TRAJ_RTH | last-local: escape: gcopter setup failed | pos=(2.50, -0.79, -0.22) still=22s (prev x3/0.1s)
[INFO] [1782989338.864] [/exploration_node]: [33m[Path Simplification] Reduced path from 4 to 3 nodes, 2 collision checks, 0.02 ms[0m
[INFO] [1782989338.864] [/exploration_node]:   Segment 1: 3.00 m
[INFO] [1782989338.864] [/exploration_node]:   Segment 2: 0.38 m
[INFO] [1782989338.906] [/exploration_node]: [33m[Path Simplification] Reduced path from 4 to 3 nodes, 2 collision checks, 0.02 ms[0m
[INFO] [1782989338.906] [/exploration_node]:   Segment 1: 3.00 m
[INFO] [1782989338.906] [/exploration_node]:   Segment 2: 0.38 m
[INFO] [1782989338.907] [/exploration_node]: [EV] [1782989338.907][    +41.8s][PLAN_TRAJ_RTH] GLOBAL result=RTH_PATH_OK | why: path to goal: 3 nodes / 3.4m (connected via 1) | clusters=0(reach 0) vp=0(reach 0) pipe[tot=0 dorm=0 unreach=0 cons=0 nocand=0 topo=0 novis=0 ok=0] tour=3n/3.4m goal=(0.1, 0.1, 1.4) t=10ms (x5)
[INFO] [1782989338.907] [/exploration_node]: [EV] [1782989338.907][    +41.8s][PLAN_TRAJ_RTH] STATE PLAN_TRAJ_RTH -> PLAN_TRAJ_RTH [planGoalPath: succeed] |  (prev cycle x1/0.1s)
[INFO] [1782989338.912] [/exploration_node]: [33m[Path Simplification] Reduced path from 4 to 3 nodes, 2 collision checks, 0.02 ms[0m
[INFO] [1782989338.912] [/exploration_node]:   Segment 1: 3.00 m
[INFO] [1782989338.912] [/exploration_node]:   Segment 2: 0.38 m
[INFO] [1782989338.957] [/exploration_node]: [33m[Path Simplification] Reduced path from 4 to 3 nodes, 2 collision checks, 0.05 ms[0m
[INFO] [1782989338.957] [/exploration_node]:   Segment 1: 3.00 m
[INFO] [1782989338.957] [/exploration_node]:   Segment 2: 0.38 m
[INFO] [1782989339.001] [/exploration_node]: [33m[Path Simplification] Reduced path from 4 to 3 nodes, 2 collision checks, 0.04 ms[0m
[INFO] [1782989339.001] [/exploration_node]:   Segment 1: 3.01 m
[INFO] [1782989339.001] [/exploration_node]:   Segment 2: 0.38 m
[INFO] [1782989339.045] [/exploration_node]: [33m[Path Simplification] Reduced path from 4 to 3 nodes, 2 collision checks, 0.04 ms[0m
[INFO] [1782989339.045] [/exploration_node]:   Segment 1: 3.01 m
[INFO] [1782989339.045] [/exploration_node]:   Segment 2: 0.38 m
[INFO] [1782989339.090] [/exploration_node]: [33m[Path Simplification] Reduced path from 4 to 3 nodes, 2 collision checks, 0.03 ms[0m
[INFO] [1782989339.090] [/exploration_node]:   Segment 1: 3.01 m
[INFO] [1782989339.090] [/exploration_node]:   Segment 2: 0.38 m
[INFO] [1782989339.127] [/exploration_node]: [33m[Path Simplification] Reduced path from 4 to 3 nodes, 2 collision checks, 0.03 ms[0m
[INFO] [1782989339.127] [/exploration_node]:   Segment 1: 3.01 m
[INFO] [1782989339.127] [/exploration_node]:   Segment 2: 0.38 m
[INFO] [1782989339.136] [/exploration_node]: [33m[Path Simplification] Reduced path from 4 to 3 nodes, 2 collision checks, 0.02 ms[0m
[INFO] [1782989339.136] [/exploration_node]:   Segment 1: 3.00 m
[INFO] [1782989339.136] [/exploration_node]:   Segment 2: 0.38 m
[INFO] [1782989339.179] [/exploration_node]: [33m[Path Simplification] Reduced path from 4 to 3 nodes, 2 collision checks, 0.02 ms[0m
[INFO] [1782989339.179] [/exploration_node]:   Segment 1: 3.01 m
[INFO] [1782989339.179] [/exploration_node]:   Segment 2: 0.38 m
[INFO] [1782989339.223] [/exploration_node]: [33m[Path Simplification] Reduced path from 4 to 3 nodes, 2 collision checks, 0.02 ms[0m
[INFO] [1782989339.223] [/exploration_node]:   Segment 1: 3.01 m
[INFO] [1782989339.223] [/exploration_node]:   Segment 2: 0.38 m
[INFO] [1782989339.266] [/exploration_node]: [33m[Path Simplification] Reduced path from 4 to 3 nodes, 2 collision checks, 0.02 ms[0m
[INFO] [1782989339.266] [/exploration_node]:   Segment 1: 3.01 m
[INFO] [1782989339.266] [/exploration_node]:   Segment 2: 0.38 m
[INFO] [1782989339.310] [/exploration_node]: [33m[Path Simplification] Reduced path from 4 to 3 nodes, 2 collision checks, 0.03 ms[0m
[INFO] [1782989339.310] [/exploration_node]:   Segment 1: 3.01 m
[INFO] [1782989339.310] [/exploration_node]:   Segment 2: 0.38 m
[INFO] [1782989339.319] [/local_avoidance]: [local_avoidance] avoiding...  min_dist=0.18 m
[INFO] [1782989339.357] [/exploration_node]: [33m[Path Simplification] Reduced path from 4 to 3 nodes, 2 collision checks, 0.03 ms[0m
[INFO] [1782989339.357] [/exploration_node]:   Segment 1: 3.01 m
[INFO] [1782989339.357] [/exploration_node]:   Segment 2: 0.38 m
[INFO] [1782989339.364] [/exploration_node]: [33m[Path Simplification] Reduced path from 4 to 3 nodes, 2 collision checks, 0.02 ms[0m
[INFO] [1782989339.364] [/exploration_node]:   Segment 1: 3.01 m
[INFO] [1782989339.364] [/exploration_node]:   Segment 2: 0.38 m
[INFO] [1782989339.407] [/exploration_node]: [33m[Path Simplification] Reduced path from 4 to 3 nodes, 2 collision checks, 0.02 ms[0m
[INFO] [1782989339.407] [/exploration_node]:   Segment 1: 3.01 m
[INFO] [1782989339.407] [/exploration_node]:   Segment 2: 0.38 m
[INFO] [1782989339.454] [/exploration_node]: [33m[Path Simplification] Reduced path from 4 to 3 nodes, 2 collision checks, 0.03 ms[0m
[INFO] [1782989339.454] [/exploration_node]:   Segment 1: 3.01 m
[INFO] [1782989339.454] [/exploration_node]:   Segment 2: 0.38 m
[INFO] [1782989339.497] [/exploration_node]: [33m[Path Simplification] Reduced path from 4 to 3 nodes, 2 collision checks, 0.02 ms[0m
[INFO] [1782989339.497] [/exploration_node]:   Segment 1: 3.01 m
[INFO] [1782989339.497] [/exploration_node]:   Segment 2: 0.38 m
[INFO] [1782989339.540] [/exploration_node]: [33m[Path Simplification] Reduced path from 4 to 3 nodes, 2 collision checks, 0.02 ms[0m
[INFO] [1782989339.540] [/exploration_node]:   Segment 1: 3.01 m
[INFO] [1782989339.540] [/exploration_node]:   Segment 2: 0.38 m
[INFO] [1782989339.580] [/exploration_node]: [33m[Path Simplification] Reduced path from 4 to 3 nodes, 2 collision checks, 0.02 ms[0m
[INFO] [1782989339.580] [/exploration_node]:   Segment 1: 3.01 m
[INFO] [1782989339.580] [/exploration_node]:   Segment 2: 0.38 m
[INFO] [1782989339.581] [/exploration_node]: [EV] [1782989339.581][    +42.5s][PLAN_TRAJ_RTH] RTH d2goal=2.5m | auto-home(xy) dist=2.60m tol=0.20m goal=(0.02, -0.04, 1.10) (x28)
[INFO] [1782989339.587] [/exploration_node]: [33m[Path Simplification] Reduced path from 4 to 3 nodes, 2 collision checks, 0.02 ms[0m
[INFO] [1782989339.587] [/exploration_node]:   Segment 1: 3.01 m
[INFO] [1782989339.587] [/exploration_node]:   Segment 2: 0.38 m
[INFO] [1782989339.614] [/exploration_node]: [EV] [1782989339.614][    +42.5s][PLAN_TRAJ_RTH] LOCAL RTH OK | t=33.4ms (prev cycle x1/0.8s)
[INFO] [1782989339.614] [/exploration_node]: [EV] [1782989339.614][    +42.5s][EXEC_TRAJ] STATE PLAN_TRAJ_RTH -> EXEC_TRAJ [PLAN_TRAJ_RTH: plan success] |  (prev cycle x6/0.7s)
[WARN] [1782989339.615] [/exploration_node]: [EV] [1782989339.615][    +42.5s][PLAN_TRAJ_RTH] STATE EXEC_TRAJ -> PLAN_TRAJ_RTH [safetyCallback: not safe, time:0.020807]
[ERROR] [1782989339.624] [/exploration_node]: [EV] [1782989339.624][    +42.5s][PLAN_TRAJ_RTH] STUCK no motion >8s in PLAN_TRAJ_RTH | last-local: OK | pos=(2.50, -0.79, -0.22) still=23s (prev cycle x1/0.8s)
[INFO] [1782989339.625] [/exploration_node]: [EV] [1782989339.625][    +42.5s][PLAN_TRAJ_RTH] RTH d2goal=2.5m | auto-home(xy) dist=2.59m tol=0.20m goal=(0.02, -0.04, 1.10)
[INFO] [1782989339.630] [/exploration_node]: [33m[Path Simplification] Reduced path from 4 to 3 nodes, 2 collision checks, 0.02 ms[0m
[INFO] [1782989339.630] [/exploration_node]:   Segment 1: 3.01 m
[INFO] [1782989339.630] [/exploration_node]:   Segment 2: 0.38 m
[WARN] [1782989339.658] [/exploration_node]: [EV] [1782989339.658][    +42.5s][PLAN_TRAJ_RTH] STATE PLAN_TRAJ_RTH -> PLAN_TRAJ_RTH [PLAN_TRAJ_RTH: plan failed]
[WARN] [1782989339.660] [/exploration_node]: [EV] [1782989339.659][    +42.5s][PLAN_TRAJ_RTH] STATE PLAN_TRAJ_RTH -> PLAN_TRAJ_RTH [safetyCallback: not safe, time:0.065154]
[INFO] [1782989339.674] [/exploration_node]: [33m[Path Simplification] Reduced path from 4 to 3 nodes, 2 collision checks, 0.02 ms[0m
[INFO] [1782989339.674] [/exploration_node]:   Segment 1: 3.01 m
[INFO] [1782989339.674] [/exploration_node]:   Segment 2: 0.38 m
[WARN] [1782989339.706] [/px4_ctrl_bridge]: [px4_bridge] AVOIDANCE ACTIVE -> forwarding /target_avoidance
[WARN] [1782989339.707] [/exploration_node]: [EV] [1782989339.707][    +42.6s][PLAN_TRAJ_RTH] STATE PLAN_TRAJ_RTH -> PLAN_TRAJ_RTH [safetyCallback: not safe, time:0.112853] |  (prev cycle x1/0.0s)
[INFO] [1782989339.717] [/exploration_node]: [33m[Path Simplification] Reduced path from 4 to 3 nodes, 2 collision checks, 0.03 ms[0m
[INFO] [1782989339.717] [/exploration_node]:   Segment 1: 3.01 m
[INFO] [1782989339.717] [/exploration_node]:   Segment 2: 0.38 m
[INFO] [1782989339.761] [/exploration_node]: [33m[Path Simplification] Reduced path from 4 to 3 nodes, 2 collision checks, 0.02 ms[0m
[INFO] [1782989339.761] [/exploration_node]:   Segment 1: 3.01 m
[INFO] [1782989339.761] [/exploration_node]:   Segment 2: 0.38 m
[WARN] [1782989339.790] [/exploration_node]: [EV] [1782989339.790][    +42.7s][PLAN_TRAJ_RTH] STATE PLAN_TRAJ_RTH -> PLAN_TRAJ_RTH [safetyCallback: not safe, time:0.195258] |  (prev cycle x1/0.1s)
[INFO] [1782989339.808] [/exploration_node]: [33m[Path Simplification] Reduced path from 4 to 3 nodes, 2 collision checks, 0.02 ms[0m
[INFO] [1782989339.808] [/exploration_node]:   Segment 1: 3.01 m
[INFO] [1782989339.808] [/exploration_node]:   Segment 2: 0.38 m
[INFO] [1782989339.809] [/exploration_node]: [EV] [1782989339.809][    +42.7s][PLAN_TRAJ_RTH] STATE PLAN_TRAJ_RTH -> PLAN_TRAJ_RTH [planGoalPath: succeed]
[INFO] [1782989339.814] [/exploration_node]: [33m[Path Simplification] Reduced path from 4 to 3 nodes, 2 collision checks, 0.02 ms[0m
[INFO] [1782989339.814] [/exploration_node]:   Segment 1: 3.01 m
[INFO] [1782989339.814] [/exploration_node]:   Segment 2: 0.38 m
[WARN] [1782989339.842] [/exploration_node]: [EV] [1782989339.842][    +42.7s][PLAN_TRAJ_RTH] STATE PLAN_TRAJ_RTH -> PLAN_TRAJ_RTH [PLAN_TRAJ_RTH: plan failed]
[INFO] [1782989339.853] [/exploration_node]: [EV] [1782989339.853][    +42.7s][PLAN_TRAJ_RTH] RTH d2goal=2.5m | auto-home(xy) dist=2.60m tol=0.20m goal=(0.02, -0.04, 1.10) (x4)
[INFO] [1782989339.858] [/exploration_node]: [33m[Path Simplification] Reduced path from 4 to 3 nodes, 2 collision checks, 0.02 ms[0m
[INFO] [1782989339.858] [/exploration_node]:   Segment 1: 3.01 m
[INFO] [1782989339.858] [/exploration_node]:   Segment 2: 0.38 m
[INFO] [1782989339.902] [/exploration_node]: [33m[Path Simplification] Reduced path from 4 to 3 nodes, 2 collision checks, 0.02 ms[0m
[INFO] [1782989339.902] [/exploration_node]:   Segment 1: 3.01 m
[INFO] [1782989339.902] [/exploration_node]:   Segment 2: 0.38 m
[INFO] [1782989339.945] [/exploration_node]: [33m[Path Simplification] Reduced path from 4 to 3 nodes, 2 collision checks, 0.02 ms[0m
[INFO] [1782989339.945] [/exploration_node]:   Segment 1: 3.01 m
[INFO] [1782989339.945] [/exploration_node]:   Segment 2: 0.38 m
[INFO] [1782989339.989] [/exploration_node]: [33m[Path Simplification] Reduced path from 4 to 3 nodes, 2 collision checks, 0.02 ms[0m
[INFO] [1782989339.989] [/exploration_node]:   Segment 1: 3.01 m
[INFO] [1782989339.989] [/exploration_node]:   Segment 2: 0.38 m
[INFO] [1782989340.034] [/exploration_node]: [33m[Path Simplification] Reduced path from 4 to 3 nodes, 2 collision checks, 0.02 ms[0m
[INFO] [1782989340.034] [/exploration_node]:   Segment 1: 3.01 m
[INFO] [1782989340.034] [/exploration_node]:   Segment 2: 0.38 m
[INFO] [1782989340.035] [/exploration_node]: [EV] [1782989340.035][    +42.9s][PLAN_TRAJ_RTH] GLOBAL result=RTH_PATH_OK | why: path to goal: 3 nodes / 3.4m (connected via 1) | clusters=0(reach 0) vp=0(reach 0) pipe[tot=0 dorm=0 unreach=0 cons=0 nocand=0 topo=0 novis=0 ok=0] tour=3n/3.4m goal=(0.1, 0.1, 1.4) t=7ms (x4)
[INFO] [1782989340.041] [/exploration_node]: [33m[Path Simplification] Reduced path from 4 to 3 nodes, 2 collision checks, 0.02 ms[0m
[INFO] [1782989340.041] [/exploration_node]:   Segment 1: 3.01 m
[INFO] [1782989340.041] [/exploration_node]:   Segment 2: 0.38 m
[INFO] [1782989340.087] [/exploration_node]: [33m[Path Simplification] Reduced path from 4 to 3 nodes, 2 collision checks, 0.02 ms[0m
[INFO] [1782989340.087] [/exploration_node]:   Segment 1: 3.01 m
[INFO] [1782989340.087] [/exploration_node]:   Segment 2: 0.38 m
[INFO] [1782989340.133] [/exploration_node]: [33m[Path Simplification] Reduced path from 4 to 3 nodes, 2 collision checks, 0.02 ms[0m
[INFO] [1782989340.133] [/exploration_node]:   Segment 1: 3.01 m
[INFO] [1782989340.133] [/exploration_node]:   Segment 2: 0.38 m
[INFO] [1782989340.175] [/exploration_node]: [33m[Path Simplification] Reduced path from 4 to 3 nodes, 2 collision checks, 0.02 ms[0m
[INFO] [1782989340.175] [/exploration_node]:   Segment 1: 3.01 m
[INFO] [1782989340.175] [/exploration_node]:   Segment 2: 0.38 m
[INFO] [1782989340.219] [/exploration_node]: [33m[Path Simplification] Reduced path from 4 to 3 nodes, 2 collision checks, 0.02 ms[0m
[INFO] [1782989340.219] [/exploration_node]:   Segment 1: 3.01 m
[INFO] [1782989340.219] [/exploration_node]:   Segment 2: 0.38 m
[INFO] [1782989340.257] [/exploration_node]: [33m[Path Simplification] Reduced path from 4 to 3 nodes, 2 collision checks, 0.02 ms[0m
[INFO] [1782989340.257] [/exploration_node]:   Segment 1: 3.01 m
[INFO] [1782989340.257] [/exploration_node]:   Segment 2: 0.38 m
[INFO] [1782989340.264] [/exploration_node]: [33m[Path Simplification] Reduced path from 4 to 3 nodes, 2 collision checks, 0.02 ms[0m
[INFO] [1782989340.264] [/exploration_node]:   Segment 1: 3.01 m
[INFO] [1782989340.264] [/exploration_node]:   Segment 2: 0.38 m
[INFO] [1782989340.302] [/exploration_node]: [EV] [1782989340.302][    +43.2s][PLAN_TRAJ_RTH] RTH d2goal=2.5m | auto-home(xy) dist=2.59m tol=0.20m goal=(0.02, -0.04, 1.10) (x9)
[INFO] [1782989340.307] [/exploration_node]: [33m[Path Simplification] Reduced path from 4 to 3 nodes, 2 collision checks, 0.02 ms[0m
[INFO] [1782989340.307] [/exploration_node]:   Segment 1: 3.01 m
[INFO] [1782989340.308] [/exploration_node]:   Segment 2: 0.38 m
[INFO] [1782989340.320] [/local_avoidance]: [local_avoidance] avoiding...  min_dist=0.19 m
[INFO] [1782989340.351] [/exploration_node]: [33m[Path Simplification] Reduced path from 4 to 3 nodes, 2 collision checks, 0.02 ms[0m
[INFO] [1782989340.351] [/exploration_node]:   Segment 1: 3.01 m
[INFO] [1782989340.351] [/exploration_node]:   Segment 2: 0.38 m
[INFO] [1782989340.395] [/exploration_node]: [33m[Path Simplification] Reduced path from 4 to 3 nodes, 2 collision checks, 0.02 ms[0m
[INFO] [1782989340.395] [/exploration_node]:   Segment 1: 3.01 m
[INFO] [1782989340.395] [/exploration_node]:   Segment 2: 0.38 m
[INFO] [1782989340.438] [/exploration_node]: [33m[Path Simplification] Reduced path from 4 to 3 nodes, 2 collision checks, 0.02 ms[0m
[INFO] [1782989340.438] [/exploration_node]:   Segment 1: 3.01 m
[INFO] [1782989340.438] [/exploration_node]:   Segment 2: 0.38 m
[INFO] [1782989340.476] [/exploration_node]: [33m[Path Simplification] Reduced path from 4 to 3 nodes, 2 collision checks, 0.02 ms[0m
[INFO] [1782989340.476] [/exploration_node]:   Segment 1: 3.01 m
[INFO] [1782989340.476] [/exploration_node]:   Segment 2: 0.38 m
[INFO] [1782989340.485] [/exploration_node]: [33m[Path Simplification] Reduced path from 4 to 3 nodes, 2 collision checks, 0.02 ms[0m
[INFO] [1782989340.485] [/exploration_node]:   Segment 1: 3.01 m
[INFO] [1782989340.485] [/exploration_node]:   Segment 2: 0.38 m
[INFO] [1782989340.513] [/exploration_node]: [EV] [1782989340.512][    +43.4s][PLAN_TRAJ_RTH] BATT 23.5V | v=23.74V pct=52%
[INFO] [1782989340.529] [/exploration_node]: [33m[Path Simplification] Reduced path from 4 to 3 nodes, 2 collision checks, 0.02 ms[0m
[INFO] [1782989340.529] [/exploration_node]:   Segment 1: 3.01 m
[INFO] [1782989340.529] [/exploration_node]:   Segment 2: 0.38 m
[INFO] [1782989340.573] [/exploration_node]: [33m[Path Simplification] Reduced path from 4 to 3 nodes, 2 collision checks, 0.02 ms[0m
[INFO] [1782989340.573] [/exploration_node]:   Segment 1: 3.00 m
[INFO] [1782989340.573] [/exploration_node]:   Segment 2: 0.38 m
[WARN] [1782989340.591] [/exploration_node]: [RTH] local plan failed: post-check: new traj collides within 1s
[INFO] [1782989340.617] [/exploration_node]: [33m[Path Simplification] Reduced path from 4 to 3 nodes, 2 collision checks, 0.03 ms[0m
[INFO] [1782989340.617] [/exploration_node]:   Segment 1: 3.01 m
[INFO] [1782989340.617] [/exploration_node]:   Segment 2: 0.38 m
[INFO] [1782989340.644] [/exploration_node]: [EV] [1782989340.644][    +43.5s][EXEC_TRAJ] STATE PLAN_TRAJ_RTH -> EXEC_TRAJ [PLAN_TRAJ_RTH: plan success] |  (prev cycle x6/0.8s)
[ERROR] [1782989340.654] [/exploration_node]: [EV] [1782989340.654][    +43.5s][EXEC_TRAJ] STUCK no motion >8s in EXEC_TRAJ | last-local: OK | pos=(2.50, -0.79, -0.22) still=24s (prev cycle x1/1.0s)
[WARN] [1782989340.654] [/exploration_node]: [EV] [1782989340.654][    +43.5s][PLAN_TRAJ_RTH] STATE EXEC_TRAJ -> PLAN_TRAJ_RTH [safetyCallback: not safe, time:0.029843]
[WARN] [1782989340.657] [/exploration_node]: [EV] [1782989340.657][    +43.5s][PLAN_TRAJ_RTH] STATE PLAN_TRAJ_RTH -> PLAN_TRAJ_RTH [safetyCallback: not safe, time:0.032471]
[ERROR] [1782989340.665] [/exploration_node]: [EV] [1782989340.665][    +43.6s][PLAN_TRAJ_RTH] STUCK no motion >8s in PLAN_TRAJ_RTH | last-local: OK | pos=(2.50, -0.79, -0.22) still=24s
[INFO] [1782989340.671] [/exploration_node]: [33m[Path Simplification] Reduced path from 4 to 3 nodes, 2 collision checks, 0.02 ms[0m
[INFO] [1782989340.671] [/exploration_node]:   Segment 1: 3.01 m
[INFO] [1782989340.671] [/exploration_node]:   Segment 2: 0.38 m
[WARN] [1782989340.707] [/px4_ctrl_bridge]: [px4_bridge] AVOIDANCE ACTIVE -> forwarding /target_avoidance
[WARN] [1782989340.690] [/exploration_node]: [local-plan] post-check: new traj collides within 1s
[WARN] [1782989340.699] [/exploration_node]: [EV] [1782989340.699][    +43.6s][PLAN_TRAJ_RTH] STATE PLAN_TRAJ_RTH -> PLAN_TRAJ_RTH [PLAN_TRAJ_RTH: plan failed]
[INFO] [1782989340.710] [/exploration_node]: [33m[Path Simplification] Reduced path from 4 to 3 nodes, 2 collision checks, 0.03 ms[0m
[INFO] [1782989340.710] [/exploration_node]:   Segment 1: 3.01 m
[INFO] [1782989340.710] [/exploration_node]:   Segment 2: 0.38 m
[INFO] [1782989340.711] [/exploration_node]: [EV] [1782989340.711][    +43.6s][PLAN_TRAJ_RTH] STATE PLAN_TRAJ_RTH -> PLAN_TRAJ_RTH [planGoalPath: succeed]
[ERROR] [1782989340.711] [/exploration_node]: [EV] [1782989340.711][    +43.6s][PLAN_TRAJ_RTH] STUCK no motion >8s in PLAN_TRAJ_RTH | last-local: post-check: new traj collides within 1s | pos=(2.50, -0.79, -0.22) still=24s
[INFO] [1782989340.718] [/exploration_node]: [33m[Path Simplification] Reduced path from 4 to 3 nodes, 2 collision checks, 0.03 ms[0m
[INFO] [1782989340.718] [/exploration_node]:   Segment 1: 3.01 m
[INFO] [1782989340.718] [/exploration_node]:   Segment 2: 0.38 m
[WARN] [1782989340.746] [/exploration_node]: [EV] [1782989340.746][    +43.6s][PLAN_TRAJ_RTH] STATE PLAN_TRAJ_RTH -> PLAN_TRAJ_RTH [safetyCallback: not safe, time:0.121120] |  (prev cycle x1/0.0s)
[INFO] [1782989340.761] [/exploration_node]: [33m[Path Simplification] Reduced path from 4 to 3 nodes, 2 collision checks, 0.03 ms[0m
[INFO] [1782989340.761] [/exploration_node]:   Segment 1: 3.01 m
[INFO] [1782989340.761] [/exploration_node]:   Segment 2: 0.38 m
[WARN] [1782989340.789] [/exploration_node]: [EV] [1782989340.789][    +43.7s][PLAN_TRAJ_RTH] STATE PLAN_TRAJ_RTH -> PLAN_TRAJ_RTH [safetyCallback: not safe, time:0.164680] |  (prev cycle x1/0.0s)
[INFO] [1782989340.804] [/exploration_node]: [33m[Path Simplification] Reduced path from 4 to 3 nodes, 2 collision checks, 0.02 ms[0m
[INFO] [1782989340.804] [/exploration_node]:   Segment 1: 3.01 m
[INFO] [1782989340.804] [/exploration_node]:   Segment 2: 0.38 m
[WARN] [1782989340.834] [/exploration_node]: [EV] [1782989340.834][    +43.7s][PLAN_TRAJ_RTH] STATE PLAN_TRAJ_RTH -> PLAN_TRAJ_RTH [safetyCallback: not safe, time:0.209051] |  (prev cycle x1/0.0s)
[INFO] [1782989340.851] [/exploration_node]: [33m[Path Simplification] Reduced path from 4 to 3 nodes, 2 collision checks, 0.02 ms[0m
[INFO] [1782989340.851] [/exploration_node]:   Segment 1: 3.01 m
[INFO] [1782989340.851] [/exploration_node]:   Segment 2: 0.38 m
[INFO] [1782989340.895] [/exploration_node]: [33m[Path Simplification] Reduced path from 4 to 3 nodes, 2 collision checks, 0.02 ms[0m
[INFO] [1782989340.895] [/exploration_node]:   Segment 1: 3.01 m
[INFO] [1782989340.895] [/exploration_node]:   Segment 2: 0.38 m
[INFO] [1782989340.933] [/exploration_node]: [33m[Path Simplification] Reduced path from 4 to 3 nodes, 2 collision checks, 0.02 ms[0m
[INFO] [1782989340.933] [/exploration_node]:   Segment 1: 3.01 m
[INFO] [1782989340.933] [/exploration_node]:   Segment 2: 0.38 m
[INFO] [1782989340.934] [/exploration_node]: [EV] [1782989340.934][    +43.8s][PLAN_TRAJ_RTH] STATE PLAN_TRAJ_RTH -> PLAN_TRAJ_RTH [planGoalPath: succeed] |  (prev cycle x1/0.1s)
[INFO] [1782989340.940] [/exploration_node]: [33m[Path Simplification] Reduced path from 4 to 3 nodes, 2 collision checks, 0.02 ms[0m
[INFO] [1782989340.940] [/exploration_node]:   Segment 1: 3.01 m
[INFO] [1782989340.940] [/exploration_node]:   Segment 2: 0.38 m
[INFO] [1782989340.984] [/exploration_node]: [33m[Path Simplification] Reduced path from 4 to 3 nodes, 2 collision checks, 0.02 ms[0m
[INFO] [1782989340.984] [/exploration_node]:   Segment 1: 3.01 m
[INFO] [1782989340.984] [/exploration_node]:   Segment 2: 0.38 m
[INFO] [1782989341.029] [/exploration_node]: [33m[Path Simplification] Reduced path from 4 to 3 nodes, 2 collision checks, 0.03 ms[0m
[INFO] [1782989341.029] [/exploration_node]:   Segment 1: 3.01 m
[INFO] [1782989341.029] [/exploration_node]:   Segment 2: 0.38 m
[INFO] [1782989341.065] [/exploration_node]: [EV] [1782989341.065][    +44.0s][PLAN_TRAJ_RTH] RTH d2goal=2.5m | auto-home(xy) dist=2.60m tol=0.20m goal=(0.02, -0.04, 1.10) (x16)
[INFO] [1782989341.071] [/exploration_node]: [33m[Path Simplification] Reduced path from 4 to 3 nodes, 2 collision checks, 0.02 ms[0m
[INFO] [1782989341.071] [/exploration_node]:   Segment 1: 3.01 m
[INFO] [1782989341.071] [/exploration_node]:   Segment 2: 0.38 m
[INFO] [1782989341.115] [/exploration_node]: [33m[Path Simplification] Reduced path from 4 to 3 nodes, 2 collision checks, 0.02 ms[0m
[INFO] [1782989341.115] [/exploration_node]:   Segment 1: 3.01 m
[INFO] [1782989341.115] [/exploration_node]:   Segment 2: 0.38 m
[INFO] [1782989341.156] [/exploration_node]: [33m[Path Simplification] Reduced path from 4 to 3 nodes, 2 collision checks, 0.02 ms[0m
[INFO] [1782989341.156] [/exploration_node]:   Segment 1: 3.01 m
[INFO] [1782989341.156] [/exploration_node]:   Segment 2: 0.38 m
[INFO] [1782989341.163] [/exploration_node]: [33m[Path Simplification] Reduced path from 4 to 3 nodes, 2 collision checks, 0.02 ms[0m
[INFO] [1782989341.163] [/exploration_node]:   Segment 1: 3.01 m
[INFO] [1782989341.163] [/exploration_node]:   Segment 2: 0.38 m
[INFO] [1782989341.207] [/exploration_node]: [33m[Path Simplification] Reduced path from 4 to 3 nodes, 2 collision checks, 0.02 ms[0m
[INFO] [1782989341.207] [/exploration_node]:   Segment 1: 3.01 m
[INFO] [1782989341.207] [/exploration_node]:   Segment 2: 0.38 m
[INFO] [1782989341.245] [/exploration_node]: [EV] [1782989341.245][    +44.1s][PLAN_TRAJ_RTH] RTH d2goal=2.5m | auto-home(xy) dist=2.59m tol=0.20m goal=(0.02, -0.04, 1.10) (x3)
[INFO] [1782989341.251] [/exploration_node]: [33m[Path Simplification] Reduced path from 4 to 3 nodes, 2 collision checks, 0.03 ms[0m
[INFO] [1782989341.251] [/exploration_node]:   Segment 1: 3.01 m
[INFO] [1782989341.251] [/exploration_node]:   Segment 2: 0.38 m
[INFO] [1782989341.294] [/exploration_node]: [33m[Path Simplification] Reduced path from 4 to 3 nodes, 2 collision checks, 0.02 ms[0m
[INFO] [1782989341.294] [/exploration_node]:   Segment 1: 3.01 m
[INFO] [1782989341.294] [/exploration_node]:   Segment 2: 0.38 m
[INFO] [1782989341.334] [/exploration_node]: [EV] [1782989341.334][    +44.2s][PLAN_TRAJ_RTH] RTH d2goal=2.5m | auto-home(xy) dist=2.60m tol=0.20m goal=(0.02, -0.04, 1.10) (x1)
[INFO] [1782989341.340] [/exploration_node]: [33m[Path Simplification] Reduced path from 4 to 3 nodes, 2 collision checks, 0.02 ms[0m
[INFO] [1782989341.340] [/exploration_node]:   Segment 1: 3.01 m
[INFO] [1782989341.340] [/exploration_node]:   Segment 2: 0.38 m
[INFO] [1782989341.368] [/local_avoidance]: [local_avoidance] avoiding...  min_dist=0.24 m
[INFO] [1782989341.382] [/exploration_node]: [33m[Path Simplification] Reduced path from 4 to 3 nodes, 2 collision checks, 0.03 ms[0m
[INFO] [1782989341.382] [/exploration_node]:   Segment 1: 3.01 m
[INFO] [1782989341.382] [/exploration_node]:   Segment 2: 0.38 m
[INFO] [1782989341.383] [/exploration_node]: [EV] [1782989341.383][    +44.3s][PLAN_TRAJ_RTH] GLOBAL result=RTH_PATH_OK | why: path to goal: 3 nodes / 3.4m (connected via 1) | clusters=0(reach 0) vp=0(reach 0) pipe[tot=0 dorm=0 unreach=0 cons=0 nocand=0 topo=0 novis=0 ok=0] tour=3n/3.4m goal=(0.1, 0.1, 1.4) t=9ms (x5)
[INFO] [1782989341.383] [/exploration_node]: [EV] [1782989341.383][    +44.3s][PLAN_TRAJ_RTH] RTH d2goal=2.5m | auto-home(xy) dist=2.59m tol=0.20m goal=(0.02, -0.04, 1.10)
[INFO] [1782989341.389] [/exploration_node]: [33m[Path Simplification] Reduced path from 4 to 3 nodes, 2 collision checks, 0.02 ms[0m
[INFO] [1782989341.389] [/exploration_node]:   Segment 1: 3.01 m
[INFO] [1782989341.389] [/exploration_node]:   Segment 2: 0.38 m
[INFO] [1782989341.426] [/exploration_node]: [EV] [1782989341.426][    +44.3s][PLAN_TRAJ_RTH] RTH d2goal=2.5m | auto-home(xy) dist=2.60m tol=0.20m goal=(0.02, -0.04, 1.10)
[INFO] [1782989341.433] [/exploration_node]: [33m[Path Simplification] Reduced path from 4 to 3 nodes, 2 collision checks, 0.03 ms[0m
[INFO] [1782989341.433] [/exploration_node]:   Segment 1: 3.01 m
[INFO] [1782989341.433] [/exploration_node]:   Segment 2: 0.38 m
[INFO] [1782989341.476] [/exploration_node]: [33m[Path Simplification] Reduced path from 4 to 3 nodes, 2 collision checks, 0.02 ms[0m
[INFO] [1782989341.476] [/exploration_node]:   Segment 1: 3.01 m
[INFO] [1782989341.476] [/exploration_node]:   Segment 2: 0.38 m
[INFO] [1782989341.520] [/exploration_node]: [33m[Path Simplification] Reduced path from 4 to 3 nodes, 2 collision checks, 0.03 ms[0m
[INFO] [1782989341.520] [/exploration_node]:   Segment 1: 3.01 m
[INFO] [1782989341.520] [/exploration_node]:   Segment 2: 0.38 m
[INFO] [1782989341.558] [/exploration_node]: [EV] [1782989341.558][    +44.4s][PLAN_TRAJ_RTH] RTH d2goal=2.5m | auto-home(xy) dist=2.59m tol=0.20m goal=(0.02, -0.04, 1.10) (x2)
[INFO] [1782989341.564] [/exploration_node]: [33m[Path Simplification] Reduced path from 4 to 3 nodes, 2 collision checks, 0.03 ms[0m
[INFO] [1782989341.564] [/exploration_node]:   Segment 1: 3.01 m
[INFO] [1782989341.564] [/exploration_node]:   Segment 2: 0.38 m
[INFO] [1782989341.620] [/exploration_node]: [33m[Path Simplification] Reduced path from 4 to 3 nodes, 2 collision checks, 0.02 ms[0m
[INFO] [1782989341.620] [/exploration_node]:   Segment 1: 3.01 m
[INFO] [1782989341.620] [/exploration_node]:   Segment 2: 0.38 m
[INFO] [1782989341.627] [/exploration_node]: [33m[Path Simplification] Reduced path from 4 to 3 nodes, 2 collision checks, 0.02 ms[0m
[INFO] [1782989341.627] [/exploration_node]:   Segment 1: 3.01 m
[INFO] [1782989341.627] [/exploration_node]:   Segment 2: 0.38 m
[INFO] [1782989341.655] [/exploration_node]: [EV] [1782989341.655][    +44.5s][EXEC_TRAJ] STATE PLAN_TRAJ_RTH -> EXEC_TRAJ [PLAN_TRAJ_RTH: plan success] |  (prev cycle x6/0.7s)
[WARN] [1782989341.656] [/exploration_node]: [EV] [1782989341.656][    +44.5s][PLAN_TRAJ_RTH] STATE EXEC_TRAJ -> PLAN_TRAJ_RTH [safetyCallback: not safe, time:0.020856]
[WARN] [1782989341.658] [/exploration_node]: [EV] [1782989341.658][    +44.5s][PLAN_TRAJ_RTH] STATE PLAN_TRAJ_RTH -> PLAN_TRAJ_RTH [safetyCallback: not safe, time:0.022840]
[INFO] [1782989341.672] [/exploration_node]: [33m[Path Simplification] Reduced path from 4 to 3 nodes, 2 collision checks, 0.04 ms[0m
[INFO] [1782989341.672] [/exploration_node]:   Segment 1: 3.01 m
[INFO] [1782989341.672] [/exploration_node]:   Segment 2: 0.38 m
[WARN] [1782989341.698] [/exploration_node]: [EV] [1782989341.698][    +44.6s][PLAN_TRAJ_RTH] STATE PLAN_TRAJ_RTH -> PLAN_TRAJ_RTH [PLAN_TRAJ_RTH: plan failed]
[WARN] [1782989341.708] [/exploration_node]: [EV] [1782989341.708][    +44.6s][PLAN_TRAJ_RTH] STATE PLAN_TRAJ_RTH -> PLAN_TRAJ_RTH [safetyCallback: not safe, time:0.072929]
[INFO] [1782989341.716] [/exploration_node]: [33m[Path Simplification] Reduced path from 4 to 3 nodes, 2 collision checks, 0.04 ms[0m
[INFO] [1782989341.716] [/exploration_node]:   Segment 1: 3.01 m
[INFO] [1782989341.716] [/exploration_node]:   Segment 2: 0.38 m
[WARN] [1782989341.716] [/px4_ctrl_bridge]: [px4_bridge] AVOIDANCE ACTIVE -> forwarding /target_avoidance
[INFO] [1782989341.758] [/exploration_node]: [33m[Path Simplification] Reduced path from 4 to 3 nodes, 2 collision checks, 0.03 ms[0m
[INFO] [1782989341.758] [/exploration_node]:   Segment 1: 3.01 m
[INFO] [1782989341.758] [/exploration_node]:   Segment 2: 0.38 m
[WARN] [1782989341.787] [/exploration_node]: [EV] [1782989341.787][    +44.7s][PLAN_TRAJ_RTH] STATE PLAN_TRAJ_RTH -> PLAN_TRAJ_RTH [safetyCallback: not safe, time:0.151869] |  (prev cycle x1/0.1s)
[INFO] [1782989341.805] [/exploration_node]: [33m[Path Simplification] Reduced path from 4 to 3 nodes, 2 collision checks, 0.02 ms[0m
[INFO] [1782989341.805] [/exploration_node]:   Segment 1: 3.01 m
[INFO] [1782989341.805] [/exploration_node]:   Segment 2: 0.38 m
[WARN] [1782989341.833] [/exploration_node]: [EV] [1782989341.833][    +44.7s][PLAN_TRAJ_RTH] STATE PLAN_TRAJ_RTH -> PLAN_TRAJ_RTH [safetyCallback: not safe, time:0.197875] |  (prev cycle x1/0.0s)
[INFO] [1782989341.858] [/exploration_node]: [33m[Path Simplification] Reduced path from 4 to 3 nodes, 2 collision checks, 0.05 ms[0m
[INFO] [1782989341.858] [/exploration_node]:   Segment 1: 3.01 m
[INFO] [1782989341.858] [/exploration_node]:   Segment 2: 0.38 m
[INFO] [1782989341.859] [/exploration_node]: [EV] [1782989341.859][    +44.7s][PLAN_TRAJ_RTH] STATE PLAN_TRAJ_RTH -> PLAN_TRAJ_RTH [planGoalPath: succeed]
[INFO] [1782989341.867] [/exploration_node]: [33m[Path Simplification] Reduced path from 4 to 3 nodes, 2 collision checks, 0.03 ms[0m
[INFO] [1782989341.867] [/exploration_node]:   Segment 1: 3.01 m
[INFO] [1782989341.867] [/exploration_node]:   Segment 2: 0.38 m
[WARN] [1782989341.893] [/exploration_node]: [EV] [1782989341.893][    +44.8s][PLAN_TRAJ_RTH] STATE PLAN_TRAJ_RTH -> PLAN_TRAJ_RTH [PLAN_TRAJ_RTH: plan failed]
[INFO] [1782989341.909] [/exploration_node]: [33m[Path Simplification] Reduced path from 4 to 3 nodes, 2 collision checks, 0.02 ms[0m
[INFO] [1782989341.909] [/exploration_node]:   Segment 1: 3.01 m
[INFO] [1782989341.909] [/exploration_node]:   Segment 2: 0.38 m
[INFO] [1782989341.953] [/exploration_node]: [33m[Path Simplification] Reduced path from 4 to 3 nodes, 2 collision checks, 0.02 ms[0m
[INFO] [1782989341.953] [/exploration_node]:   Segment 1: 3.01 m
[INFO] [1782989341.953] [/exploration_node]:   Segment 2: 0.38 m
[WARN] [1782989341.981] [/exploration_node]: [EV] [1782989341.981][    +44.9s][PLAN_TRAJ_RTH] LOCAL RTH FAIL | why: post-check: new traj collides within 1s | t=33.7ms (x46)
[INFO] [1782989341.997] [/exploration_node]: [33m[Path Simplification] Reduced path from 4 to 3 nodes, 2 collision checks, 0.02 ms[0m
[INFO] [1782989341.997] [/exploration_node]:   Segment 1: 3.01 m
[INFO] [1782989341.997] [/exploration_node]:   Segment 2: 0.38 m
[INFO] [1782989342.040] [/exploration_node]: [33m[Path Simplification] Reduced path from 4 to 3 nodes, 2 collision checks, 0.02 ms[0m
[INFO] [1782989342.040] [/exploration_node]:   Segment 1: 3.01 m
[INFO] [1782989342.040] [/exploration_node]:   Segment 2: 0.38 m
[INFO] [1782989342.091] [/exploration_node]: [33m[Path Simplification] Reduced path from 4 to 3 nodes, 2 collision checks, 0.02 ms[0m
[INFO] [1782989342.091] [/exploration_node]:   Segment 1: 3.01 m
[INFO] [1782989342.091] [/exploration_node]:   Segment 2: 0.38 m
[INFO] [1782989342.099] [/exploration_node]: [33m[Path Simplification] Reduced path from 4 to 3 nodes, 2 collision checks, 0.02 ms[0m
[INFO] [1782989342.099] [/exploration_node]:   Segment 1: 3.01 m
[INFO] [1782989342.099] [/exploration_node]:   Segment 2: 0.38 m
[INFO] [1782989342.143] [/exploration_node]: [33m[Path Simplification] Reduced path from 4 to 3 nodes, 2 collision checks, 0.02 ms[0m
[INFO] [1782989342.143] [/exploration_node]:   Segment 1: 3.01 m
[INFO] [1782989342.143] [/exploration_node]:   Segment 2: 0.38 m
[INFO] [1782989342.186] [/exploration_node]: [33m[Path Simplification] Reduced path from 4 to 3 nodes, 2 collision checks, 0.02 ms[0m
[INFO] [1782989342.186] [/exploration_node]:   Segment 1: 3.01 m
[INFO] [1782989342.186] [/exploration_node]:   Segment 2: 0.38 m
[INFO] [1782989342.231] [/exploration_node]: [33m[Path Simplification] Reduced path from 4 to 3 nodes, 2 collision checks, 0.04 ms[0m
[INFO] [1782989342.231] [/exploration_node]:   Segment 1: 3.01 m
[INFO] [1782989342.231] [/exploration_node]:   Segment 2: 0.38 m
[INFO] [1782989342.275] [/exploration_node]: [33m[Path Simplification] Reduced path from 4 to 3 nodes, 2 collision checks, 0.03 ms[0m
[INFO] [1782989342.275] [/exploration_node]:   Segment 1: 3.00 m
[INFO] [1782989342.275] [/exploration_node]:   Segment 2: 0.38 m
[INFO] [1782989342.318] [/exploration_node]: [33m[Path Simplification] Reduced path from 4 to 3 nodes, 2 collision checks, 0.03 ms[0m
[INFO] [1782989342.318] [/exploration_node]:   Segment 1: 3.00 m
[INFO] [1782989342.318] [/exploration_node]:   Segment 2: 0.38 m
[INFO] [1782989342.324] [/exploration_node]: [33m[Path Simplification] Reduced path from 4 to 3 nodes, 2 collision checks, 0.02 ms[0m
[INFO] [1782989342.324] [/exploration_node]:   Segment 1: 3.00 m
[INFO] [1782989342.324] [/exploration_node]:   Segment 2: 0.38 m
[INFO] [1782989342.368] [/local_avoidance]: [local_avoidance] avoiding...  min_dist=0.24 m
[INFO] [1782989342.369] [/exploration_node]: [33m[Path Simplification] Reduced path from 4 to 3 nodes, 2 collision checks, 0.02 ms[0m
[INFO] [1782989342.369] [/exploration_node]:   Segment 1: 3.00 m
[INFO] [1782989342.369] [/exploration_node]:   Segment 2: 0.38 m
[INFO] [1782989342.413] [/exploration_node]: [33m[Path Simplification] Reduced path from 4 to 3 nodes, 2 collision checks, 0.02 ms[0m
[INFO] [1782989342.413] [/exploration_node]:   Segment 1: 3.00 m
[INFO] [1782989342.413] [/exploration_node]:   Segment 2: 0.38 m
[INFO] [1782989342.457] [/exploration_node]: [33m[Path Simplification] Reduced path from 4 to 3 nodes, 2 collision checks, 0.02 ms[0m
[INFO] [1782989342.457] [/exploration_node]:   Segment 1: 3.01 m
[INFO] [1782989342.457] [/exploration_node]:   Segment 2: 0.38 m
[INFO] [1782989342.500] [/exploration_node]: [33m[Path Simplification] Reduced path from 4 to 3 nodes, 2 collision checks, 0.02 ms[0m
[INFO] [1782989342.500] [/exploration_node]:   Segment 1: 3.00 m
[INFO] [1782989342.500] [/exploration_node]:   Segment 2: 0.38 m
[INFO] [1782989342.528] [/exploration_node]: [EV] [1782989342.528][    +45.4s][PLAN_TRAJ_RTH] BATT 23.5V | v=23.75V pct=52%
[INFO] [1782989342.542] [/exploration_node]: [33m[Path Simplification] Reduced path from 4 to 3 nodes, 2 collision checks, 0.03 ms[0m
[INFO] [1782989342.542] [/exploration_node]:   Segment 1: 3.00 m
[INFO] [1782989342.542] [/exploration_node]:   Segment 2: 0.38 m
[INFO] [1782989342.543] [/exploration_node]: [EV] [1782989342.543][    +45.4s][PLAN_TRAJ_RTH] GLOBAL result=RTH_PATH_OK | why: path to goal: 3 nodes / 3.4m (connected via 1) | clusters=0(reach 0) vp=0(reach 0) pipe[tot=0 dorm=0 unreach=0 cons=0 nocand=0 topo=0 novis=0 ok=0] tour=3n/3.4m goal=(0.1, 0.1, 1.4) t=7ms (x4)
[INFO] [1782989342.549] [/exploration_node]: [33m[Path Simplification] Reduced path from 4 to 3 nodes, 2 collision checks, 0.02 ms[0m
[INFO] [1782989342.549] [/exploration_node]:   Segment 1: 3.00 m
[INFO] [1782989342.549] [/exploration_node]:   Segment 2: 0.38 m
[INFO] [1782989342.592] [/exploration_node]: [33m[Path Simplification] Reduced path from 4 to 3 nodes, 2 collision checks, 0.03 ms[0m
[INFO] [1782989342.592] [/exploration_node]:   Segment 1: 3.00 m
[INFO] [1782989342.592] [/exploration_node]:   Segment 2: 0.38 m
[WARN] [1782989342.612] [/exploration_node]: [RTH] local plan failed: post-check: new traj collides within 1s
[INFO] [1782989342.636] [/exploration_node]: [33m[Path Simplification] Reduced path from 4 to 3 nodes, 2 collision checks, 0.02 ms[0m
[INFO] [1782989342.636] [/exploration_node]:   Segment 1: 3.01 m
[INFO] [1782989342.636] [/exploration_node]:   Segment 2: 0.38 m
[INFO] [1782989342.664] [/exploration_node]: [EV] [1782989342.664][    +45.5s][EXEC_TRAJ] STATE PLAN_TRAJ_RTH -> EXEC_TRAJ [PLAN_TRAJ_RTH: plan success] |  (prev cycle x6/0.8s)
[WARN] [1782989342.665] [/exploration_node]: [EV] [1782989342.665][    +45.6s][PLAN_TRAJ_RTH] STATE EXEC_TRAJ -> PLAN_TRAJ_RTH [safetyCallback: not safe, time:0.020794]
[INFO] [1782989342.679] [/exploration_node]: [33m[Path Simplification] Reduced path from 4 to 3 nodes, 2 collision checks, 0.02 ms[0m
[INFO] [1782989342.679] [/exploration_node]:   Segment 1: 3.00 m
[INFO] [1782989342.679] [/exploration_node]:   Segment 2: 0.38 m
[WARN] [1782989342.702] [/exploration_node]: [local-plan] post-check: new traj collides within 1s
[WARN] [1782989342.707] [/exploration_node]: [EV] [1782989342.707][    +45.6s][PLAN_TRAJ_RTH] STATE PLAN_TRAJ_RTH -> PLAN_TRAJ_RTH [PLAN_TRAJ_RTH: plan failed]
[WARN] [1782989342.708] [/exploration_node]: [EV] [1782989342.708][    +45.6s][PLAN_TRAJ_RTH] STATE PLAN_TRAJ_RTH -> PLAN_TRAJ_RTH [safetyCallback: not safe, time:0.064652]
[INFO] [1782989342.723] [/exploration_node]: [33m[Path Simplification] Reduced path from 4 to 3 nodes, 2 collision checks, 0.02 ms[0m
[INFO] [1782989342.723] [/exploration_node]:   Segment 1: 3.00 m
[INFO] [1782989342.723] [/exploration_node]:   Segment 2: 0.38 m
[WARN] [1782989342.726] [/px4_ctrl_bridge]: [px4_bridge] AVOIDANCE ACTIVE -> forwarding /target_avoidance
[INFO] [1782989342.762] [/exploration_node]: [33m[Path Simplification] Reduced path from 4 to 3 nodes, 2 collision checks, 0.07 ms[0m
[INFO] [1782989342.762] [/exploration_node]:   Segment 1: 3.00 m
[INFO] [1782989342.762] [/exploration_node]:   Segment 2: 0.38 m
[INFO] [1782989342.763] [/exploration_node]: [EV] [1782989342.763][    +45.6s][PLAN_TRAJ_RTH] STATE PLAN_TRAJ_RTH -> PLAN_TRAJ_RTH [planGoalPath: succeed] |  (prev cycle x1/0.1s)
[WARN] [1782989342.764] [/exploration_node]: [EV] [1782989342.764][    +45.6s][PLAN_TRAJ_RTH] STATE PLAN_TRAJ_RTH -> PLAN_TRAJ_RTH [safetyCallback: not safe, time:0.120029]
[INFO] [1782989342.770] [/exploration_node]: [33m[Path Simplification] Reduced path from 4 to 3 nodes, 2 collision checks, 0.02 ms[0m
[INFO] [1782989342.770] [/exploration_node]:   Segment 1: 3.00 m
[INFO] [1782989342.770] [/exploration_node]:   Segment 2: 0.38 m
[WARN] [1782989342.798] [/exploration_node]: [EV] [1782989342.798][    +45.7s][PLAN_TRAJ_RTH] STATE PLAN_TRAJ_RTH -> PLAN_TRAJ_RTH [PLAN_TRAJ_RTH: plan failed]
[WARN] [1782989342.808] [/exploration_node]: [EV] [1782989342.808][    +45.7s][PLAN_TRAJ_RTH] STATE PLAN_TRAJ_RTH -> PLAN_TRAJ_RTH [safetyCallback: not safe, time:0.164108]
[INFO] [1782989342.815] [/exploration_node]: [33m[Path Simplification] Reduced path from 4 to 3 nodes, 2 collision checks, 0.02 ms[0m
[INFO] [1782989342.815] [/exploration_node]:   Segment 1: 3.01 m
[INFO] [1782989342.815] [/exploration_node]:   Segment 2: 0.38 m
[INFO] [1782989342.860] [/exploration_node]: [33m[Path Simplification] Reduced path from 4 to 3 nodes, 2 collision checks, 0.05 ms[0m
[INFO] [1782989342.860] [/exploration_node]:   Segment 1: 3.01 m
[INFO] [1782989342.860] [/exploration_node]:   Segment 2: 0.38 m
[INFO] [1782989342.901] [/exploration_node]: [33m[Path Simplification] Reduced path from 4 to 3 nodes, 2 collision checks, 0.02 ms[0m
[INFO] [1782989342.901] [/exploration_node]:   Segment 1: 3.00 m
[INFO] [1782989342.901] [/exploration_node]:   Segment 2: 0.38 m
[INFO] [1782989342.946] [/exploration_node]: [33m[Path Simplification] Reduced path from 4 to 3 nodes, 2 collision checks, 0.10 ms[0m
[INFO] [1782989342.947] [/exploration_node]:   Segment 1: 3.01 m
[INFO] [1782989342.947] [/exploration_node]:   Segment 2: 0.38 m
[INFO] [1782989342.985] [/exploration_node]: [33m[Path Simplification] Reduced path from 4 to 3 nodes, 2 collision checks, 0.04 ms[0m
[INFO] [1782989342.985] [/exploration_node]:   Segment 1: 3.01 m
[INFO] [1782989342.985] [/exploration_node]:   Segment 2: 0.38 m
[INFO] [1782989342.986] [/exploration_node]: [EV] [1782989342.986][    +45.9s][PLAN_TRAJ_RTH] STATE PLAN_TRAJ_RTH -> PLAN_TRAJ_RTH [planGoalPath: succeed] |  (prev cycle x1/0.2s)
[INFO] [1782989342.993] [/exploration_node]: [33m[Path Simplification] Reduced path from 4 to 3 nodes, 2 collision checks, 0.03 ms[0m
[INFO] [1782989342.993] [/exploration_node]:   Segment 1: 3.01 m
[INFO] [1782989342.993] [/exploration_node]:   Segment 2: 0.38 m
[INFO] [1782989343.036] [/exploration_node]: [33m[Path Simplification] Reduced path from 4 to 3 nodes, 2 collision checks, 0.02 ms[0m
[INFO] [1782989343.036] [/exploration_node]:   Segment 1: 3.01 m
[INFO] [1782989343.036] [/exploration_node]:   Segment 2: 0.38 m
[INFO] [1782989343.081] [/exploration_node]: [33m[Path Simplification] Reduced path from 4 to 3 nodes, 2 collision checks, 0.02 ms[0m
[INFO] [1782989343.081] [/exploration_node]:   Segment 1: 3.01 m
[INFO] [1782989343.081] [/exploration_node]:   Segment 2: 0.38 m
[INFO] [1782989343.126] [/exploration_node]: [33m[Path Simplification] Reduced path from 4 to 3 nodes, 2 collision checks, 0.04 ms[0m
[INFO] [1782989343.126] [/exploration_node]:   Segment 1: 3.00 m
[INFO] [1782989343.126] [/exploration_node]:   Segment 2: 0.38 m
[INFO] [1782989343.169] [/exploration_node]: [33m[Path Simplification] Reduced path from 4 to 3 nodes, 2 collision checks, 0.05 ms[0m
[INFO] [1782989343.169] [/exploration_node]:   Segment 1: 3.01 m
[INFO] [1782989343.169] [/exploration_node]:   Segment 2: 0.38 m
[INFO] [1782989343.208] [/exploration_node]: [33m[Path Simplification] Reduced path from 4 to 3 nodes, 2 collision checks, 0.05 ms[0m
[INFO] [1782989343.208] [/exploration_node]:   Segment 1: 3.01 m
[INFO] [1782989343.208] [/exploration_node]:   Segment 2: 0.38 m
[INFO] [1782989343.216] [/exploration_node]: [33m[Path Simplification] Reduced path from 4 to 3 nodes, 2 collision checks, 0.04 ms[0m
[INFO] [1782989343.216] [/exploration_node]:   Segment 1: 3.01 m
[INFO] [1782989343.216] [/exploration_node]:   Segment 2: 0.38 m
[INFO] [1782989343.260] [/exploration_node]: [33m[Path Simplification] Reduced path from 4 to 3 nodes, 2 collision checks, 0.04 ms[0m
[INFO] [1782989343.260] [/exploration_node]:   Segment 1: 3.01 m
[INFO] [1782989343.260] [/exploration_node]:   Segment 2: 0.38 m
[INFO] [1782989343.303] [/exploration_node]: [33m[Path Simplification] Reduced path from 4 to 3 nodes, 2 collision checks, 0.02 ms[0m
[INFO] [1782989343.303] [/exploration_node]:   Segment 1: 3.01 m
[INFO] [1782989343.303] [/exploration_node]:   Segment 2: 0.38 m
[INFO] [1782989343.346] [/exploration_node]: [33m[Path Simplification] Reduced path from 4 to 3 nodes, 2 collision checks, 0.02 ms[0m
[INFO] [1782989343.346] [/exploration_node]:   Segment 1: 3.00 m
[INFO] [1782989343.346] [/exploration_node]:   Segment 2: 0.38 m
[INFO] [1782989343.384] [/exploration_node]: [EV] [1782989343.384][    +46.3s][PLAN_TRAJ_RTH] RTH d2goal=2.5m | auto-home(xy) dist=2.58m tol=0.20m goal=(0.02, -0.04, 1.10) (x39)
[INFO] [1782989343.390] [/exploration_node]: [33m[Path Simplification] Reduced path from 4 to 3 nodes, 2 collision checks, 0.02 ms[0m
[INFO] [1782989343.390] [/exploration_node]:   Segment 1: 3.00 m
[INFO] [1782989343.390] [/exploration_node]:   Segment 2: 0.38 m
[INFO] [1782989343.418] [/local_avoidance]: [local_avoidance] avoiding...  min_dist=0.40 m
[INFO] [1782989343.438] [/exploration_node]: [33m[Path Simplification] Reduced path from 4 to 3 nodes, 2 collision checks, 0.03 ms[0m
[INFO] [1782989343.438] [/exploration_node]:   Segment 1: 3.00 m
[INFO] [1782989343.438] [/exploration_node]:   Segment 2: 0.38 m
[INFO] [1782989343.444] [/exploration_node]: [33m[Path Simplification] Reduced path from 4 to 3 nodes, 2 collision checks, 0.03 ms[0m
[INFO] [1782989343.444] [/exploration_node]:   Segment 1: 3.00 m
[INFO] [1782989343.444] [/exploration_node]:   Segment 2: 0.38 m
[INFO] [1782989343.488] [/exploration_node]: [33m[Path Simplification] Reduced path from 4 to 3 nodes, 2 collision checks, 0.02 ms[0m
[INFO] [1782989343.488] [/exploration_node]:   Segment 1: 3.00 m
[INFO] [1782989343.488] [/exploration_node]:   Segment 2: 0.38 m
[INFO] [1782989343.531] [/exploration_node]: [33m[Path Simplification] Reduced path from 4 to 3 nodes, 2 collision checks, 0.02 ms[0m
[INFO] [1782989343.531] [/exploration_node]:   Segment 1: 3.00 m
[INFO] [1782989343.531] [/exploration_node]:   Segment 2: 0.38 m
[INFO] [1782989343.576] [/exploration_node]: [33m[Path Simplification] Reduced path from 4 to 3 nodes, 2 collision checks, 0.02 ms[0m
[INFO] [1782989343.576] [/exploration_node]:   Segment 1: 3.00 m
[INFO] [1782989343.576] [/exploration_node]:   Segment 2: 0.38 m
[INFO] [1782989343.619] [/exploration_node]: [33m[Path Simplification] Reduced path from 4 to 3 nodes, 2 collision checks, 0.02 ms[0m
[INFO] [1782989343.619] [/exploration_node]:   Segment 1: 3.00 m
[INFO] [1782989343.619] [/exploration_node]:   Segment 2: 0.38 m
[INFO] [1782989343.657] [/exploration_node]: [33m[Path Simplification] Reduced path from 4 to 3 nodes, 2 collision checks, 0.03 ms[0m
[INFO] [1782989343.657] [/exploration_node]:   Segment 1: 3.00 m
[INFO] [1782989343.657] [/exploration_node]:   Segment 2: 0.38 m
[INFO] [1782989343.664] [/exploration_node]: [33m[Path Simplification] Reduced path from 4 to 3 nodes, 2 collision checks, 0.02 ms[0m
[INFO] [1782989343.664] [/exploration_node]:   Segment 1: 3.00 m
[INFO] [1782989343.664] [/exploration_node]:   Segment 2: 0.38 m
[INFO] [1782989343.692] [/exploration_node]: [EV] [1782989343.692][    +46.6s][EXEC_TRAJ] STATE PLAN_TRAJ_RTH -> EXEC_TRAJ [PLAN_TRAJ_RTH: plan success] |  (prev cycle x6/0.7s)
[WARN] [1782989343.692] [/exploration_node]: [EV] [1782989343.692][    +46.6s][PLAN_TRAJ_RTH] STATE EXEC_TRAJ -> PLAN_TRAJ_RTH [safetyCallback: not safe, time:0.020379]
[INFO] [1782989343.707] [/exploration_node]: [33m[Path Simplification] Reduced path from 4 to 3 nodes, 2 collision checks, 0.02 ms[0m
[INFO] [1782989343.707] [/exploration_node]:   Segment 1: 3.00 m
[INFO] [1782989343.707] [/exploration_node]:   Segment 2: 0.38 m
[WARN] [1782989343.726] [/px4_ctrl_bridge]: [px4_bridge] AVOIDANCE ACTIVE -> forwarding /target_avoidance
[WARN] [1782989343.735] [/exploration_node]: [EV] [1782989343.735][    +46.6s][PLAN_TRAJ_RTH] STATE PLAN_TRAJ_RTH -> PLAN_TRAJ_RTH [PLAN_TRAJ_RTH: plan failed]
[WARN] [1782989343.736] [/exploration_node]: [EV] [1782989343.736][    +46.6s][PLAN_TRAJ_RTH] STATE PLAN_TRAJ_RTH -> PLAN_TRAJ_RTH [safetyCallback: not safe, time:0.063925]
[INFO] [1782989343.752] [/exploration_node]: [33m[Path Simplification] Reduced path from 4 to 3 nodes, 2 collision checks, 0.04 ms[0m
[INFO] [1782989343.752] [/exploration_node]:   Segment 1: 3.00 m
[INFO] [1782989343.752] [/exploration_node]:   Segment 2: 0.38 m
[WARN] [1782989343.780] [/exploration_node]: [EV] [1782989343.779][    +46.7s][PLAN_TRAJ_RTH] STATE PLAN_TRAJ_RTH -> PLAN_TRAJ_RTH [safetyCallback: not safe, time:0.107428] |  (prev cycle x1/0.0s)
[INFO] [1782989343.797] [/exploration_node]: [33m[Path Simplification] Reduced path from 4 to 3 nodes, 2 collision checks, 0.02 ms[0m
[INFO] [1782989343.797] [/exploration_node]:   Segment 1: 3.00 m
[INFO] [1782989343.797] [/exploration_node]:   Segment 2: 0.38 m
[WARN] [1782989343.825] [/exploration_node]: [EV] [1782989343.825][    +46.7s][PLAN_TRAJ_RTH] STATE PLAN_TRAJ_RTH -> PLAN_TRAJ_RTH [safetyCallback: not safe, time:0.153329] |  (prev cycle x1/0.0s)
[INFO] [1782989343.835] [/exploration_node]: [EV] [1782989343.835][    +46.7s][PLAN_TRAJ_RTH] RTH d2goal=2.5m | auto-home(xy) dist=2.59m tol=0.20m goal=(0.02, -0.04, 1.10) (x9)
[INFO] [1782989343.842] [/exploration_node]: [33m[Path Simplification] Reduced path from 4 to 3 nodes, 2 collision checks, 0.05 ms[0m
[INFO] [1782989343.842] [/exploration_node]:   Segment 1: 3.00 m
[INFO] [1782989343.842] [/exploration_node]:   Segment 2: 0.38 m
[WARN] [1782989343.869] [/exploration_node]: [EV] [1782989343.869][    +46.8s][PLAN_TRAJ_RTH] STATE PLAN_TRAJ_RTH -> PLAN_TRAJ_RTH [safetyCallback: not safe, time:0.197170] |  (prev cycle x1/0.0s)
[INFO] [1782989343.880] [/exploration_node]: [33m[Path Simplification] Reduced path from 4 to 3 nodes, 2 collision checks, 0.04 ms[0m
[INFO] [1782989343.880] [/exploration_node]:   Segment 1: 3.00 m
[INFO] [1782989343.880] [/exploration_node]:   Segment 2: 0.38 m
[INFO] [1782989343.881] [/exploration_node]: [EV] [1782989343.881][    +46.8s][PLAN_TRAJ_RTH] GLOBAL result=RTH_PATH_OK | why: path to goal: 3 nodes / 3.4m (connected via 1) | clusters=0(reach 0) vp=0(reach 0) pipe[tot=0 dorm=0 unreach=0 cons=0 nocand=0 topo=0 novis=0 ok=0] tour=3n/3.4m goal=(0.1, 0.1, 1.4) t=8ms (x5)
[INFO] [1782989343.881] [/exploration_node]: [EV] [1782989343.881][    +46.8s][PLAN_TRAJ_RTH] STATE PLAN_TRAJ_RTH -> PLAN_TRAJ_RTH [planGoalPath: succeed]
[INFO] [1782989343.888] [/exploration_node]: [33m[Path Simplification] Reduced path from 4 to 3 nodes, 2 collision checks, 0.04 ms[0m
[INFO] [1782989343.888] [/exploration_node]:   Segment 1: 3.00 m
[INFO] [1782989343.888] [/exploration_node]:   Segment 2: 0.38 m
[WARN] [1782989343.915] [/exploration_node]: [EV] [1782989343.915][    +46.8s][PLAN_TRAJ_RTH] STATE PLAN_TRAJ_RTH -> PLAN_TRAJ_RTH [PLAN_TRAJ_RTH: plan failed]
[INFO] [1782989343.931] [/exploration_node]: [33m[Path Simplification] Reduced path from 4 to 3 nodes, 2 collision checks, 0.02 ms[0m
[INFO] [1782989343.931] [/exploration_node]:   Segment 1: 3.00 m
[INFO] [1782989343.931] [/exploration_node]:   Segment 2: 0.38 m
[INFO] [1782989343.974] [/exploration_node]: [33m[Path Simplification] Reduced path from 4 to 3 nodes, 2 collision checks, 0.02 ms[0m
[INFO] [1782989343.974] [/exploration_node]:   Segment 1: 3.00 m
[INFO] [1782989343.974] [/exploration_node]:   Segment 2: 0.38 m
[INFO] [1782989344.018] [/exploration_node]: [33m[Path Simplification] Reduced path from 4 to 3 nodes, 2 collision checks, 0.03 ms[0m
[INFO] [1782989344.018] [/exploration_node]:   Segment 1: 3.01 m
[INFO] [1782989344.018] [/exploration_node]:   Segment 2: 0.38 m
[INFO] [1782989344.061] [/exploration_node]: [33m[Path Simplification] Reduced path from 4 to 3 nodes, 2 collision checks, 0.02 ms[0m
[INFO] [1782989344.061] [/exploration_node]:   Segment 1: 3.01 m
[INFO] [1782989344.061] [/exploration_node]:   Segment 2: 0.38 m
[INFO] [1782989344.099] [/exploration_node]: [33m[Path Simplification] Reduced path from 4 to 3 nodes, 2 collision checks, 0.04 ms[0m
[INFO] [1782989344.100] [/exploration_node]:   Segment 1: 3.01 m
[INFO] [1782989344.100] [/exploration_node]:   Segment 2: 0.38 m
[INFO] [1782989344.106] [/exploration_node]: [33m[Path Simplification] Reduced path from 4 to 3 nodes, 2 collision checks, 0.02 ms[0m
[INFO] [1782989344.106] [/exploration_node]:   Segment 1: 3.01 m
[INFO] [1782989344.106] [/exploration_node]:   Segment 2: 0.38 m
[INFO] [1782989344.150] [/exploration_node]: [33m[Path Simplification] Reduced path from 4 to 3 nodes, 2 collision checks, 0.03 ms[0m
[INFO] [1782989344.150] [/exploration_node]:   Segment 1: 3.01 m
[INFO] [1782989344.150] [/exploration_node]:   Segment 2: 0.38 m
[INFO] [1782989344.198] [/exploration_node]: [33m[Path Simplification] Reduced path from 4 to 3 nodes, 2 collision checks, 0.03 ms[0m
[INFO] [1782989344.198] [/exploration_node]:   Segment 1: 3.00 m
[INFO] [1782989344.198] [/exploration_node]:   Segment 2: 0.38 m
[WARN] [1782989344.225] [/exploration_node]: [EV] [1782989344.225][    +47.1s][PLAN_TRAJ_RTH] LOCAL RTH FAIL | why: post-check: new traj collides within 1s | t=33.6ms (x45)
[INFO] [1782989344.241] [/exploration_node]: [33m[Path Simplification] Reduced path from 4 to 3 nodes, 2 collision checks, 0.02 ms[0m
[INFO] [1782989344.241] [/exploration_node]:   Segment 1: 3.00 m
[INFO] [1782989344.241] [/exploration_node]:   Segment 2: 0.38 m
[INFO] [1782989344.279] [/exploration_node]: [EV] [1782989344.278][    +47.2s][PLAN_TRAJ_RTH] RTH d2goal=2.5m | auto-home(xy) dist=2.58m tol=0.20m goal=(0.02, -0.04, 1.10) (x9)
[INFO] [1782989344.285] [/exploration_node]: [33m[Path Simplification] Reduced path from 4 to 3 nodes, 2 collision checks, 0.02 ms[0m
[INFO] [1782989344.285] [/exploration_node]:   Segment 1: 3.00 m
[INFO] [1782989344.285] [/exploration_node]:   Segment 2: 0.38 m
[INFO] [1782989344.321] [/exploration_node]: [33m[Path Simplification] Reduced path from 4 to 3 nodes, 2 collision checks, 0.03 ms[0m
[INFO] [1782989344.321] [/exploration_node]:   Segment 1: 3.00 m
[INFO] [1782989344.321] [/exploration_node]:   Segment 2: 0.38 m
[INFO] [1782989344.329] [/exploration_node]: [33m[Path Simplification] Reduced path from 4 to 3 nodes, 2 collision checks, 0.02 ms[0m
[INFO] [1782989344.329] [/exploration_node]:   Segment 1: 3.00 m
[INFO] [1782989344.329] [/exploration_node]:   Segment 2: 0.38 m
[INFO] [1782989344.372] [/exploration_node]: [33m[Path Simplification] Reduced path from 4 to 3 nodes, 2 collision checks, 0.02 ms[0m
[INFO] [1782989344.372] [/exploration_node]:   Segment 1: 3.00 m
[INFO] [1782989344.372] [/exploration_node]:   Segment 2: 0.38 m
[INFO] [1782989344.417] [/exploration_node]: [33m[Path Simplification] Reduced path from 4 to 3 nodes, 2 collision checks, 0.02 ms[0m
[INFO] [1782989344.417] [/exploration_node]:   Segment 1: 3.00 m
[INFO] [1782989344.417] [/exploration_node]:   Segment 2: 0.38 m
[INFO] [1782989344.419] [/local_avoidance]: [local_avoidance] avoiding...  min_dist=0.37 m
[INFO] [1782989344.460] [/exploration_node]: [33m[Path Simplification] Reduced path from 4 to 3 nodes, 2 collision checks, 0.02 ms[0m
[INFO] [1782989344.460] [/exploration_node]:   Segment 1: 3.00 m
[INFO] [1782989344.460] [/exploration_node]:   Segment 2: 0.38 m
[INFO] [1782989344.495] [/exploration_node]: [EV] [1782989344.495][    +47.4s][PLAN_TRAJ_RTH] BATT 23.5V | v=23.76V pct=53%
[INFO] [1782989344.498] [/exploration_node]: [EV] [1782989344.498][    +47.4s][PLAN_TRAJ_RTH] RTH d2goal=2.5m | auto-home(xy) dist=2.59m tol=0.20m goal=(0.02, -0.04, 1.10) (x4)
[INFO] [1782989344.504] [/exploration_node]: [33m[Path Simplification] Reduced path from 4 to 3 nodes, 2 collision checks, 0.03 ms[0m
[INFO] [1782989344.504] [/exploration_node]:   Segment 1: 3.00 m
[INFO] [1782989344.504] [/exploration_node]:   Segment 2: 0.38 m
[INFO] [1782989344.546] [/exploration_node]: [33m[Path Simplification] Reduced path from 4 to 3 nodes, 2 collision checks, 0.02 ms[0m
[INFO] [1782989344.546] [/exploration_node]:   Segment 1: 3.00 m
[INFO] [1782989344.546] [/exploration_node]:   Segment 2: 0.38 m
[INFO] [1782989344.553] [/exploration_node]: [33m[Path Simplification] Reduced path from 4 to 3 nodes, 2 collision checks, 0.03 ms[0m
[INFO] [1782989344.553] [/exploration_node]:   Segment 1: 3.00 m
[INFO] [1782989344.553] [/exploration_node]:   Segment 2: 0.38 m
[INFO] [1782989344.596] [/exploration_node]: [33m[Path Simplification] Reduced path from 4 to 3 nodes, 2 collision checks, 0.02 ms[0m
[INFO] [1782989344.596] [/exploration_node]:   Segment 1: 3.00 m
[INFO] [1782989344.596] [/exploration_node]:   Segment 2: 0.38 m
[WARN] [1782989344.612] [/exploration_node]: [RTH] local plan failed: post-check: new traj collides within 1s
[INFO] [1782989344.640] [/exploration_node]: [33m[Path Simplification] Reduced path from 4 to 3 nodes, 2 collision checks, 0.02 ms[0m
[INFO] [1782989344.640] [/exploration_node]:   Segment 1: 3.00 m
[INFO] [1782989344.640] [/exploration_node]:   Segment 2: 0.38 m
[INFO] [1782989344.683] [/exploration_node]: [33m[Path Simplification] Reduced path from 4 to 3 nodes, 2 collision checks, 0.03 ms[0m
[INFO] [1782989344.683] [/exploration_node]:   Segment 1: 3.00 m
[INFO] [1782989344.683] [/exploration_node]:   Segment 2: 0.38 m
[INFO] [1782989344.711] [/exploration_node]: [EV] [1782989344.711][    +47.6s][EXEC_TRAJ] STATE PLAN_TRAJ_RTH -> EXEC_TRAJ [PLAN_TRAJ_RTH: plan success] |  (prev cycle x6/0.8s)
[WARN] [1782989344.712] [/exploration_node]: [EV] [1782989344.712][    +47.6s][PLAN_TRAJ_RTH] STATE EXEC_TRAJ -> PLAN_TRAJ_RTH [safetyCallback: not safe, time:0.021042]
[INFO] [1782989344.729] [/exploration_node]: [33m[Path Simplification] Reduced path from 4 to 3 nodes, 2 collision checks, 0.06 ms[0m
[INFO] [1782989344.729] [/exploration_node]:   Segment 1: 3.00 m
[INFO] [1782989344.729] [/exploration_node]:   Segment 2: 0.38 m
[WARN] [1782989344.736] [/px4_ctrl_bridge]: [px4_bridge] AVOIDANCE ACTIVE -> forwarding /target_avoidance
[WARN] [1782989344.751] [/exploration_node]: [local-plan] post-check: new traj collides within 1s
[WARN] [1782989344.756] [/exploration_node]: [EV] [1782989344.756][    +47.6s][PLAN_TRAJ_RTH] STATE PLAN_TRAJ_RTH -> PLAN_TRAJ_RTH [PLAN_TRAJ_RTH: plan failed]
[INFO] [1782989344.785] [/exploration_node]: [33m[Path Simplification] Reduced path from 4 to 3 nodes, 2 collision checks, 0.03 ms[0m
[INFO] [1782989344.785] [/exploration_node]:   Segment 1: 3.00 m
[INFO] [1782989344.785] [/exploration_node]:   Segment 2: 0.38 m
[INFO] [1782989344.787] [/exploration_node]: [EV] [1782989344.787][    +47.7s][PLAN_TRAJ_RTH] STATE PLAN_TRAJ_RTH -> PLAN_TRAJ_RTH [planGoalPath: succeed]
[WARN] [1782989344.787] [/exploration_node]: [EV] [1782989344.787][    +47.7s][PLAN_TRAJ_RTH] STATE PLAN_TRAJ_RTH -> PLAN_TRAJ_RTH [safetyCallback: not safe, time:0.096389]
[INFO] [1782989344.793] [/exploration_node]: [33m[Path Simplification] Reduced path from 4 to 3 nodes, 2 collision checks, 0.02 ms[0m
[INFO] [1782989344.793] [/exploration_node]:   Segment 1: 3.00 m
[INFO] [1782989344.793] [/exploration_node]:   Segment 2: 0.38 m
[WARN] [1782989344.821] [/exploration_node]: [EV] [1782989344.821][    +47.7s][PLAN_TRAJ_RTH] STATE PLAN_TRAJ_RTH -> PLAN_TRAJ_RTH [PLAN_TRAJ_RTH: plan failed]
[WARN] [1782989344.822] [/exploration_node]: [EV] [1782989344.822][    +47.7s][PLAN_TRAJ_RTH] STATE PLAN_TRAJ_RTH -> PLAN_TRAJ_RTH [safetyCallback: not safe, time:0.131212]
[INFO] [1782989344.837] [/exploration_node]: [33m[Path Simplification] Reduced path from 4 to 3 nodes, 2 collision checks, 0.02 ms[0m
[INFO] [1782989344.837] [/exploration_node]:   Segment 1: 2.99 m
[INFO] [1782989344.837] [/exploration_node]:   Segment 2: 0.38 m
[WARN] [1782989344.866] [/exploration_node]: [EV] [1782989344.866][    +47.8s][PLAN_TRAJ_RTH] STATE PLAN_TRAJ_RTH -> PLAN_TRAJ_RTH [safetyCallback: not safe, time:0.174595] |  (prev cycle x1/0.0s)
[INFO] [1782989344.875] [/exploration_node]: [EV] [1782989344.875][    +47.8s][PLAN_TRAJ_RTH] RTH d2goal=2.5m | auto-home(xy) dist=2.58m tol=0.20m goal=(0.02, -0.04, 1.10) (x7)
[INFO] [1782989344.881] [/exploration_node]: [33m[Path Simplification] Reduced path from 4 to 3 nodes, 2 collision checks, 0.02 ms[0m
[INFO] [1782989344.881] [/exploration_node]:   Segment 1: 2.99 m
[INFO] [1782989344.881] [/exploration_node]:   Segment 2: 0.38 m
[WARN] [1782989344.910] [/exploration_node]: [EV] [1782989344.909][    +47.8s][PLAN_TRAJ_RTH] STATE PLAN_TRAJ_RTH -> PLAN_TRAJ_RTH [safetyCallback: not safe, time:0.218529] |  (prev cycle x1/0.0s)
[INFO] [1782989344.924] [/exploration_node]: [33m[Path Simplification] Reduced path from 4 to 3 nodes, 2 collision checks, 0.02 ms[0m
[INFO] [1782989344.924] [/exploration_node]:   Segment 1: 2.99 m
[INFO] [1782989344.924] [/exploration_node]:   Segment 2: 0.38 m
[WARN] [1782989344.932] [/exploration_node]: [local-plan] start not in corridor (static start; corridor pieces=13)
[WARN] [1782989344.932] [/exploration_node]: [local-plan] escape: gcopter setup failed
[WARN] [1782989344.952] [/exploration_node]: [EV] [1782989344.952][    +47.8s][PLAN_TRAJ_RTH] LOCAL RTH FAIL | why: escape: gcopter setup failed | t=33.4ms (prev cycle x11/5.3s)
[ERROR] [1782989344.962] [/exploration_node]: [EV] [1782989344.962][    +47.8s][PLAN_TRAJ_RTH] STUCK no motion >8s in PLAN_TRAJ_RTH | last-local: escape: gcopter setup failed | pos=(2.49, -0.79, -0.22) still=29s (prev cycle x8/4.3s)
[INFO] [1782989344.969] [/exploration_node]: [33m[Path Simplification] Reduced path from 4 to 3 nodes, 2 collision checks, 0.04 ms[0m
[INFO] [1782989344.969] [/exploration_node]:   Segment 1: 3.00 m
[INFO] [1782989344.969] [/exploration_node]:   Segment 2: 0.38 m
[INFO] [1782989345.007] [/exploration_node]: [33m[Path Simplification] Reduced path from 4 to 3 nodes, 2 collision checks, 0.22 ms[0m
[INFO] [1782989345.007] [/exploration_node]:   Segment 1: 3.00 m
[INFO] [1782989345.007] [/exploration_node]:   Segment 2: 0.38 m
[INFO] [1782989345.009] [/exploration_node]: [EV] [1782989345.009][    +47.9s][PLAN_TRAJ_RTH] STATE PLAN_TRAJ_RTH -> PLAN_TRAJ_RTH [planGoalPath: succeed] |  (prev cycle x1/0.1s)
[INFO] [1782989345.016] [/exploration_node]: [33m[Path Simplification] Reduced path from 4 to 3 nodes, 2 collision checks, 0.04 ms[0m
[INFO] [1782989345.016] [/exploration_node]:   Segment 1: 3.00 m
[INFO] [1782989345.016] [/exploration_node]:   Segment 2: 0.38 m
[INFO] [1782989345.060] [/exploration_node]: [33m[Path Simplification] Reduced path from 4 to 3 nodes, 2 collision checks, 0.04 ms[0m
[INFO] [1782989345.060] [/exploration_node]:   Segment 1: 2.99 m
[INFO] [1782989345.060] [/exploration_node]:   Segment 2: 0.38 m
[INFO] [1782989345.103] [/exploration_node]: [33m[Path Simplification] Reduced path from 4 to 3 nodes, 2 collision checks, 0.04 ms[0m
[INFO] [1782989345.103] [/exploration_node]:   Segment 1: 2.99 m
[INFO] [1782989345.103] [/exploration_node]:   Segment 2: 0.38 m
[INFO] [1782989345.148] [/exploration_node]: [33m[Path Simplification] Reduced path from 4 to 3 nodes, 2 collision checks, 0.05 ms[0m
[INFO] [1782989345.148] [/exploration_node]:   Segment 1: 2.99 m
[INFO] [1782989345.148] [/exploration_node]:   Segment 2: 0.38 m
[INFO] [1782989345.191] [/exploration_node]: [33m[Path Simplification] Reduced path from 4 to 3 nodes, 2 collision checks, 0.03 ms[0m
[INFO] [1782989345.191] [/exploration_node]:   Segment 1: 2.99 m
[INFO] [1782989345.191] [/exploration_node]:   Segment 2: 0.38 m
[INFO] [1782989345.230] [/exploration_node]: [33m[Path Simplification] Reduced path from 4 to 3 nodes, 2 collision checks, 0.05 ms[0m
[INFO] [1782989345.230] [/exploration_node]:   Segment 1: 2.99 m
[INFO] [1782989345.230] [/exploration_node]:   Segment 2: 0.38 m
[INFO] [1782989345.238] [/exploration_node]: [33m[Path Simplification] Reduced path from 4 to 3 nodes, 2 collision checks, 0.04 ms[0m
[INFO] [1782989345.238] [/exploration_node]:   Segment 1: 2.99 m
[INFO] [1782989345.238] [/exploration_node]:   Segment 2: 0.38 m
[INFO] [1782989345.276] [/exploration_node]: [EV] [1782989345.276][    +48.2s][PLAN_TRAJ_RTH] RTH d2goal=2.5m | auto-home(xy) dist=2.57m tol=0.20m goal=(0.02, -0.04, 1.10) (x8)
[INFO] [1782989345.283] [/exploration_node]: [33m[Path Simplification] Reduced path from 4 to 3 nodes, 2 collision checks, 0.04 ms[0m
[INFO] [1782989345.283] [/exploration_node]:   Segment 1: 2.98 m
[INFO] [1782989345.283] [/exploration_node]:   Segment 2: 0.38 m
[INFO] [1782989345.325] [/exploration_node]: [33m[Path Simplification] Reduced path from 4 to 3 nodes, 2 collision checks, 0.02 ms[0m
[INFO] [1782989345.325] [/exploration_node]:   Segment 1: 2.97 m
[INFO] [1782989345.325] [/exploration_node]:   Segment 2: 0.38 m
[INFO] [1782989345.363] [/exploration_node]: [EV] [1782989345.363][    +48.2s][PLAN_TRAJ_RTH] RTH d2goal=2.5m | auto-home(xy) dist=2.56m tol=0.20m goal=(0.02, -0.04, 1.10) (x1)
[INFO] [1782989345.369] [/exploration_node]: [33m[Path Simplification] Reduced path from 4 to 3 nodes, 2 collision checks, 0.02 ms[0m
[INFO] [1782989345.369] [/exploration_node]:   Segment 1: 2.96 m
[INFO] [1782989345.369] [/exploration_node]:   Segment 2: 0.38 m
[INFO] [1782989345.412] [/exploration_node]: [33m[Path Simplification] Reduced path from 4 to 3 nodes, 2 collision checks, 0.02 ms[0m
[INFO] [1782989345.412] [/exploration_node]:   Segment 1: 2.96 m
[INFO] [1782989345.412] [/exploration_node]:   Segment 2: 0.38 m
[INFO] [1782989345.421] [/local_avoidance]: [local_avoidance] avoiding...  min_dist=0.33 m
[INFO] [1782989345.463] [/exploration_node]: [33m[Path Simplification] Reduced path from 4 to 3 nodes, 2 collision checks, 0.03 ms[0m
[INFO] [1782989345.463] [/exploration_node]:   Segment 1: 2.95 m
[INFO] [1782989345.463] [/exploration_node]:   Segment 2: 0.38 m
[INFO] [1782989345.464] [/exploration_node]: [EV] [1782989345.464][    +48.3s][PLAN_TRAJ_RTH] GLOBAL result=RTH_PATH_OK | why: path to goal: 3 nodes / 3.3m (connected via 1) | clusters=0(reach 0) vp=0(reach 0) pipe[tot=0 dorm=0 unreach=0 cons=0 nocand=0 topo=0 novis=0 ok=0] tour=3n/3.3m goal=(0.1, 0.1, 1.4) t=7ms (prev x6/1.4s)
[INFO] [1782989345.469] [/exploration_node]: [33m[Path Simplification] Reduced path from 4 to 3 nodes, 2 collision checks, 0.02 ms[0m
[INFO] [1782989345.469] [/exploration_node]:   Segment 1: 2.95 m
[INFO] [1782989345.469] [/exploration_node]:   Segment 2: 0.38 m
[INFO] [1782989345.507] [/exploration_node]: [EV] [1782989345.507][    +48.4s][PLAN_TRAJ_RTH] RTH d2goal=2.5m | auto-home(xy) dist=2.53m tol=0.20m goal=(0.02, -0.04, 1.10) (x2)
[INFO] [1782989345.513] [/exploration_node]: [33m[Path Simplification] Reduced path from 4 to 3 nodes, 2 collision checks, 0.02 ms[0m
[INFO] [1782989345.513] [/exploration_node]:   Segment 1: 2.92 m
[INFO] [1782989345.513] [/exploration_node]:   Segment 2: 0.38 m
[INFO] [1782989345.560] [/exploration_node]: [33m[Path Simplification] Reduced path from 4 to 3 nodes, 2 collision checks, 0.04 ms[0m
[INFO] [1782989345.560] [/exploration_node]:   Segment 1: 2.92 m
[INFO] [1782989345.560] [/exploration_node]:   Segment 2: 0.38 m
[INFO] [1782989345.599] [/exploration_node]: [EV] [1782989345.598][    +48.5s][PLAN_TRAJ_RTH] RTH d2goal=2.5m | auto-home(xy) dist=2.51m tol=0.20m goal=(0.02, -0.04, 1.10) (x1)
[INFO] [1782989345.605] [/exploration_node]: [33m[Path Simplification] Reduced path from 4 to 3 nodes, 2 collision checks, 0.05 ms[0m
[INFO] [1782989345.605] [/exploration_node]:   Segment 1: 2.90 m
[INFO] [1782989345.605] [/exploration_node]:   Segment 2: 0.38 m
[INFO] [1782989345.642] [/exploration_node]: [EV] [1782989345.642][    +48.5s][PLAN_TRAJ_RTH] RTH d2goal=2.0m | auto-home(xy) dist=2.48m tol=0.20m goal=(0.02, -0.04, 1.10)
[INFO] [1782989345.648] [/exploration_node]: [33m[Path Simplification] Reduced path from 4 to 3 nodes, 2 collision checks, 0.02 ms[0m
[INFO] [1782989345.648] [/exploration_node]:   Segment 1: 2.87 m
[INFO] [1782989345.648] [/exploration_node]:   Segment 2: 0.38 m
[INFO] [1782989345.686] [/exploration_node]: [33m[Path Simplification] Reduced path from 4 to 3 nodes, 2 collision checks, 0.03 ms[0m
[INFO] [1782989345.686] [/exploration_node]:   Segment 1: 2.84 m
[INFO] [1782989345.686] [/exploration_node]:   Segment 2: 0.38 m
[INFO] [1782989345.688] [/exploration_node]: [EV] [1782989345.688][    +48.6s][PLAN_TRAJ_RTH] GLOBAL result=RTH_PATH_OK | why: path to goal: 3 nodes / 3.2m (connected via 1) | clusters=0(reach 0) vp=0(reach 0) pipe[tot=0 dorm=0 unreach=0 cons=0 nocand=0 topo=0 novis=0 ok=0] tour=3n/3.2m goal=(0.1, 0.1, 1.4) t=7ms
[INFO] [1782989345.688] [/exploration_node]: [EV] [1782989345.688][    +48.6s][PLAN_TRAJ_RTH] RTH d2goal=2.0m | auto-home(xy) dist=2.46m tol=0.20m goal=(0.02, -0.04, 1.10)
[INFO] [1782989345.693] [/exploration_node]: [33m[Path Simplification] Reduced path from 4 to 3 nodes, 2 collision checks, 0.02 ms[0m
[INFO] [1782989345.693] [/exploration_node]:   Segment 1: 2.84 m
[INFO] [1782989345.693] [/exploration_node]:   Segment 2: 0.38 m
[INFO] [1782989345.721] [/exploration_node]: [EV] [1782989345.721][    +48.6s][PLAN_TRAJ_RTH] LOCAL RTH OK | t=33.4ms (prev cycle x1/0.8s)
[INFO] [1782989345.721] [/exploration_node]: [EV] [1782989345.721][    +48.6s][EXEC_TRAJ] STATE PLAN_TRAJ_RTH -> EXEC_TRAJ [PLAN_TRAJ_RTH: plan success] |  (prev cycle x6/0.7s)
[WARN] [1782989345.722] [/exploration_node]: [EV] [1782989345.722][    +48.6s][PLAN_TRAJ_RTH] STATE EXEC_TRAJ -> PLAN_TRAJ_RTH [safetyCallback: not safe, time:0.021479]
[INFO] [1782989345.731] [/exploration_node]: [EV] [1782989345.731][    +48.6s][PLAN_TRAJ_RTH] RTH d2goal=2.0m | auto-home(xy) dist=2.42m tol=0.20m goal=(0.02, -0.04, 1.10)
[INFO] [1782989345.737] [/exploration_node]: [33m[Path Simplification] Reduced path from 4 to 3 nodes, 2 collision checks, 0.02 ms[0m
[INFO] [1782989345.737] [/exploration_node]:   Segment 1: 2.80 m
[INFO] [1782989345.737] [/exploration_node]:   Segment 2: 0.38 m
[WARN] [1782989345.746] [/px4_ctrl_bridge]: [px4_bridge] AVOIDANCE ACTIVE -> forwarding /target_avoidance
[WARN] [1782989345.765] [/exploration_node]: [EV] [1782989345.765][    +48.7s][PLAN_TRAJ_RTH] STATE PLAN_TRAJ_RTH -> PLAN_TRAJ_RTH [PLAN_TRAJ_RTH: plan failed]
[WARN] [1782989345.766] [/exploration_node]: [EV] [1782989345.766][    +48.7s][PLAN_TRAJ_RTH] STATE PLAN_TRAJ_RTH -> PLAN_TRAJ_RTH [safetyCallback: not safe, time:0.065081]
[INFO] [1782989345.776] [/exploration_node]: [EV] [1782989345.776][    +48.7s][PLAN_TRAJ_RTH] RTH d2goal=2.0m | auto-home(xy) dist=2.39m tol=0.20m goal=(0.02, -0.04, 1.10)
[INFO] [1782989345.782] [/exploration_node]: [33m[Path Simplification] Reduced path from 4 to 3 nodes, 2 collision checks, 0.02 ms[0m
[INFO] [1782989345.782] [/exploration_node]:   Segment 1: 2.77 m
[INFO] [1782989345.782] [/exploration_node]:   Segment 2: 0.38 m
[WARN] [1782989345.810] [/exploration_node]: [EV] [1782989345.810][    +48.7s][PLAN_TRAJ_RTH] LOCAL RTH FAIL | why: escape: gcopter setup failed | t=33.4ms (prev cycle x1/0.1s)
[WARN] [1782989345.811] [/exploration_node]: [EV] [1782989345.811][    +48.7s][PLAN_TRAJ_RTH] STATE PLAN_TRAJ_RTH -> PLAN_TRAJ_RTH [safetyCallback: not safe, time:0.110284] |  (prev cycle x1/0.0s)
[INFO] [1782989345.820] [/exploration_node]: [EV] [1782989345.820][    +48.7s][PLAN_TRAJ_RTH] RTH d2goal=2.0m | auto-home(xy) dist=2.35m tol=0.20m goal=(0.02, -0.04, 1.10)
[INFO] [1782989345.827] [/exploration_node]: [33m[Path Simplification] Reduced path from 4 to 3 nodes, 2 collision checks, 0.05 ms[0m
[INFO] [1782989345.827] [/exploration_node]:   Segment 1: 2.73 m
[INFO] [1782989345.827] [/exploration_node]:   Segment 2: 0.38 m
[WARN] [1782989345.857] [/exploration_node]: [EV] [1782989345.857][    +48.7s][PLAN_TRAJ_RTH] STATE PLAN_TRAJ_RTH -> PLAN_TRAJ_RTH [safetyCallback: not safe, time:0.156475] |  (prev cycle x1/0.0s)
[INFO] [1782989345.864] [/exploration_node]: [EV] [1782989345.864][    +48.7s][PLAN_TRAJ_RTH] RTH d2goal=2.0m | auto-home(xy) dist=2.31m tol=0.20m goal=(0.02, -0.04, 1.10)
[INFO] [1782989345.869] [/exploration_node]: [33m[Path Simplification] Reduced path from 4 to 3 nodes, 2 collision checks, 0.03 ms[0m
[INFO] [1782989345.869] [/exploration_node]:   Segment 1: 2.69 m
[INFO] [1782989345.869] [/exploration_node]:   Segment 2: 0.38 m
[INFO] [1782989345.907] [/exploration_node]: [33m[Path Simplification] Reduced path from 4 to 3 nodes, 2 collision checks, 0.03 ms[0m
[INFO] [1782989345.907] [/exploration_node]:   Segment 1: 2.69 m
[INFO] [1782989345.907] [/exploration_node]:   Segment 2: 0.38 m
[INFO] [1782989345.908] [/exploration_node]: [EV] [1782989345.908][    +48.8s][PLAN_TRAJ_RTH] GLOBAL result=RTH_PATH_OK | why: path to goal: 3 nodes / 3.1m (connected via 1) | clusters=0(reach 0) vp=0(reach 0) pipe[tot=0 dorm=0 unreach=0 cons=0 nocand=0 topo=0 novis=0 ok=0] tour=3n/3.1m goal=(0.1, 0.1, 1.4) t=7ms
[INFO] [1782989345.908] [/exploration_node]: [EV] [1782989345.908][    +48.8s][PLAN_TRAJ_RTH] STATE PLAN_TRAJ_RTH -> PLAN_TRAJ_RTH [planGoalPath: succeed] |  (prev cycle x1/0.1s)
[INFO] [1782989345.914] [/exploration_node]: [33m[Path Simplification] Reduced path from 4 to 3 nodes, 2 collision checks, 0.02 ms[0m
[INFO] [1782989345.914] [/exploration_node]:   Segment 1: 2.69 m
[INFO] [1782989345.914] [/exploration_node]:   Segment 2: 0.38 m
[INFO] [1782989345.952] [/exploration_node]: [EV] [1782989345.952][    +48.8s][PLAN_TRAJ_RTH] RTH d2goal=2.0m | auto-home(xy) dist=2.28m tol=0.20m goal=(0.02, -0.04, 1.10) (x1)
[INFO] [1782989345.959] [/exploration_node]: [33m[Path Simplification] Reduced path from 4 to 3 nodes, 2 collision checks, 0.06 ms[0m
[INFO] [1782989345.959] [/exploration_node]:   Segment 1: 2.66 m
[INFO] [1782989345.959] [/exploration_node]:   Segment 2: 0.38 m
[INFO] [1782989345.995] [/exploration_node]: [EV] [1782989345.995][    +48.9s][PLAN_TRAJ_RTH] RTH d2goal=2.0m | auto-home(xy) dist=2.24m tol=0.20m goal=(0.02, -0.04, 1.10)
[INFO] [1782989346.002] [/exploration_node]: [33m[Path Simplification] Reduced path from 4 to 3 nodes, 2 collision checks, 0.05 ms[0m
[INFO] [1782989346.002] [/exploration_node]:   Segment 1: 2.62 m
[INFO] [1782989346.002] [/exploration_node]:   Segment 2: 0.38 m
[INFO] [1782989346.039] [/exploration_node]: [EV] [1782989346.039][    +48.9s][PLAN_TRAJ_RTH] RTH d2goal=2.0m | auto-home(xy) dist=2.21m tol=0.20m goal=(0.02, -0.04, 1.10)
[INFO] [1782989346.046] [/exploration_node]: [33m[Path Simplification] Reduced path from 4 to 3 nodes, 2 collision checks, 0.05 ms[0m
[INFO] [1782989346.046] [/exploration_node]:   Segment 1: 2.59 m
[INFO] [1782989346.046] [/exploration_node]:   Segment 2: 0.38 m
[INFO] [1782989346.082] [/exploration_node]: [EV] [1782989346.082][    +49.0s][PLAN_TRAJ_RTH] RTH d2goal=2.0m | auto-home(xy) dist=2.18m tol=0.20m goal=(0.02, -0.04, 1.10)
[INFO] [1782989346.088] [/exploration_node]: [33m[Path Simplification] Reduced path from 4 to 3 nodes, 2 collision checks, 0.03 ms[0m
[INFO] [1782989346.088] [/exploration_node]:   Segment 1: 2.56 m
[INFO] [1782989346.088] [/exploration_node]:   Segment 2: 0.38 m
[INFO] [1782989346.138] [/exploration_node]: [33m[Path Simplification] Reduced path from 4 to 3 nodes, 2 collision checks, 0.02 ms[0m
[INFO] [1782989346.139] [/exploration_node]:   Segment 1: 2.53 m
[INFO] [1782989346.139] [/exploration_node]:   Segment 2: 0.38 m
[INFO] [1782989346.140] [/exploration_node]: [EV] [1782989346.140][    +49.0s][PLAN_TRAJ_RTH] GLOBAL result=RTH_PATH_OK | why: path to goal: 3 nodes / 2.9m (connected via 1) | clusters=0(reach 0) vp=0(reach 0) pipe[tot=0 dorm=0 unreach=0 cons=0 nocand=0 topo=0 novis=0 ok=0] tour=3n/2.9m goal=(0.1, 0.1, 1.4) t=6ms
[INFO] [1782989346.140] [/exploration_node]: [EV] [1782989346.140][    +49.0s][PLAN_TRAJ_RTH] RTH d2goal=2.0m | auto-home(xy) dist=2.14m tol=0.20m goal=(0.02, -0.04, 1.10)
[INFO] [1782989346.145] [/exploration_node]: [33m[Path Simplification] Reduced path from 4 to 3 nodes, 2 collision checks, 0.02 ms[0m
[INFO] [1782989346.145] [/exploration_node]:   Segment 1: 2.53 m
[INFO] [1782989346.145] [/exploration_node]:   Segment 2: 0.38 m
[INFO] [1782989346.183] [/exploration_node]: [EV] [1782989346.183][    +49.1s][PLAN_TRAJ_RTH] RTH d2goal=2.0m | auto-home(xy) dist=2.11m tol=0.20m goal=(0.02, -0.04, 1.10)
[INFO] [1782989346.189] [/exploration_node]: [33m[Path Simplification] Reduced path from 4 to 3 nodes, 2 collision checks, 0.02 ms[0m
[INFO] [1782989346.189] [/exploration_node]:   Segment 1: 2.50 m
[INFO] [1782989346.189] [/exploration_node]:   Segment 2: 0.38 m
[INFO] [1782989346.227] [/exploration_node]: [EV] [1782989346.227][    +49.1s][PLAN_TRAJ_RTH] RTH d2goal=2.0m | auto-home(xy) dist=2.07m tol=0.20m goal=(0.02, -0.04, 1.10)
[INFO] [1782989346.233] [/exploration_node]: [33m[Path Simplification] Reduced path from 4 to 3 nodes, 2 collision checks, 0.02 ms[0m
[INFO] [1782989346.233] [/exploration_node]:   Segment 1: 2.46 m
[INFO] [1782989346.233] [/exploration_node]:   Segment 2: 0.38 m
[INFO] [1782989346.271] [/exploration_node]: [EV] [1782989346.271][    +49.2s][PLAN_TRAJ_RTH] RTH d2goal=2.0m | auto-home(xy) dist=2.04m tol=0.20m goal=(0.02, -0.04, 1.10)
[INFO] [1782989346.276] [/exploration_node]: [33m[Path Simplification] Reduced path from 4 to 3 nodes, 2 collision checks, 0.02 ms[0m
[INFO] [1782989346.276] [/exploration_node]:   Segment 1: 2.43 m
[INFO] [1782989346.276] [/exploration_node]:   Segment 2: 0.38 m
[INFO] [1782989346.316] [/exploration_node]: [EV] [1782989346.316][    +49.2s][PLAN_TRAJ_RTH] RTH d2goal=2.0m | auto-home(xy) dist=2.01m tol=0.20m goal=(0.02, -0.04, 1.10)
[INFO] [1782989346.324] [/exploration_node]: [33m[Path Simplification] Reduced path from 4 to 3 nodes, 2 collision checks, 0.04 ms[0m
[INFO] [1782989346.324] [/exploration_node]:   Segment 1: 2.41 m
[INFO] [1782989346.324] [/exploration_node]:   Segment 2: 0.38 m
[INFO] [1782989346.363] [/exploration_node]: [33m[Path Simplification] Reduced path from 4 to 3 nodes, 2 collision checks, 0.06 ms[0m
[INFO] [1782989346.363] [/exploration_node]:   Segment 1: 2.41 m
[INFO] [1782989346.363] [/exploration_node]:   Segment 2: 0.38 m
[INFO] [1782989346.364] [/exploration_node]: [EV] [1782989346.364][    +49.2s][PLAN_TRAJ_RTH] GLOBAL result=RTH_PATH_OK | why: path to goal: 3 nodes / 2.8m (connected via 1) | clusters=0(reach 0) vp=0(reach 0) pipe[tot=0 dorm=0 unreach=0 cons=0 nocand=0 topo=0 novis=0 ok=0] tour=3n/2.8m goal=(0.1, 0.1, 1.4) t=10ms
[INFO] [1782989346.366] [/exploration_node]: [EV] [1782989346.366][    +49.3s][PLAN_TRAJ_RTH] RTH d2goal=1.5m | auto-home(xy) dist=1.98m tol=0.20m goal=(0.02, -0.04, 1.10)
[INFO] [1782989346.373] [/exploration_node]: [33m[Path Simplification] Reduced path from 4 to 3 nodes, 2 collision checks, 0.05 ms[0m
[INFO] [1782989346.373] [/exploration_node]:   Segment 1: 2.38 m
[INFO] [1782989346.373] [/exploration_node]:   Segment 2: 0.38 m
[INFO] [1782989346.411] [/exploration_node]: [EV] [1782989346.410][    +49.3s][PLAN_TRAJ_RTH] RTH d2goal=1.5m | auto-home(xy) dist=1.95m tol=0.20m goal=(0.02, -0.04, 1.10)
[INFO] [1782989346.418] [/exploration_node]: [33m[Path Simplification] Reduced path from 4 to 3 nodes, 2 collision checks, 0.05 ms[0m
[INFO] [1782989346.418] [/exploration_node]:   Segment 1: 2.35 m
[INFO] [1782989346.418] [/exploration_node]:   Segment 2: 0.38 m
[INFO] [1782989346.461] [/exploration_node]: [33m[Path Simplification] Reduced path from 4 to 3 nodes, 2 collision checks, 0.05 ms[0m
[INFO] [1782989346.461] [/exploration_node]:   Segment 1: 2.35 m
[INFO] [1782989346.461] [/exploration_node]:   Segment 2: 0.38 m
[INFO] [1782989346.469] [/local_avoidance]: [local_avoidance] avoiding...  min_dist=0.23 m
[INFO] [1782989346.495] [/exploration_node]: [EV] [1782989346.495][    +49.4s][PLAN_TRAJ_RTH] BATT 23.5V | v=23.77V pct=53%
[INFO] [1782989346.501] [/exploration_node]: [EV] [1782989346.501][    +49.4s][PLAN_TRAJ_RTH] RTH d2goal=1.5m | auto-home(xy) dist=1.93m tol=0.20m goal=(0.02, -0.04, 1.10) (x1)
[INFO] [1782989346.508] [/exploration_node]: [33m[Path Simplification] Reduced path from 4 to 3 nodes, 2 collision checks, 0.07 ms[0m
[INFO] [1782989346.508] [/exploration_node]:   Segment 1: 2.33 m
[INFO] [1782989346.508] [/exploration_node]:   Segment 2: 0.38 m
[INFO] [1782989346.535] [/exploration_node]: [EV] [1782989346.535][    +49.4s][PLAN_TRAJ_RTH] LOCAL RTH OK | t=33.4ms (prev cycle x1/0.7s)
[INFO] [1782989346.535] [/exploration_node]: [EV] [1782989346.535][    +49.4s][EXEC_TRAJ] STATE PLAN_TRAJ_RTH -> EXEC_TRAJ [PLAN_TRAJ_RTH: plan success] |  (prev cycle x5/0.6s)
[WARN] [1782989346.746] [/px4_ctrl_bridge]: [px4_bridge] AVOIDANCE ACTIVE -> forwarding /target_avoidance
[WARN] [1782989346.758] [/exploration_node]: [EV] [1782989346.758][    +49.6s][PLAN_TRAJ_RTH] STATE EXEC_TRAJ -> PLAN_TRAJ_RTH [safetyCallback: not safe, time:0.241459]
[INFO] [1782989346.765] [/exploration_node]: [EV] [1782989346.765][    +49.7s][PLAN_TRAJ_RTH] RTH d2goal=1.5m | auto-home(xy) dist=1.77m tol=0.20m goal=(0.02, -0.04, 1.10)
[INFO] [1782989346.771] [/exploration_node]: [33m[Path Simplification] Reduced path from 4 to 3 nodes, 2 collision checks, 0.04 ms[0m
[INFO] [1782989346.771] [/exploration_node]:   Segment 1: 2.19 m
[INFO] [1782989346.771] [/exploration_node]:   Segment 2: 0.38 m
[WARN] [1782989346.780] [/exploration_node]: [RTH] local plan failed: escape: gcopter setup failed
[WARN] [1782989346.799] [/exploration_node]: [EV] [1782989346.799][    +49.7s][PLAN_TRAJ_RTH] LOCAL RTH FAIL | why: escape: gcopter setup failed | t=33.5ms
[WARN] [1782989346.799] [/exploration_node]: [EV] [1782989346.799][    +49.7s][PLAN_TRAJ_RTH] STATE PLAN_TRAJ_RTH -> PLAN_TRAJ_RTH [PLAN_TRAJ_RTH: plan failed]
[INFO] [1782989346.839] [/exploration_node]: [33m[Path Simplification] Reduced path from 4 to 3 nodes, 2 collision checks, 0.04 ms[0m
[INFO] [1782989346.839] [/exploration_node]:   Segment 1: 2.19 m
[INFO] [1782989346.839] [/exploration_node]:   Segment 2: 0.38 m
[INFO] [1782989346.841] [/exploration_node]: [EV] [1782989346.841][    +49.7s][PLAN_TRAJ_RTH] GLOBAL result=RTH_PATH_OK | why: path to goal: 3 nodes / 2.6m (connected via 1) | clusters=0(reach 0) vp=0(reach 0) pipe[tot=0 dorm=0 unreach=0 cons=0 nocand=0 topo=0 novis=0 ok=0] tour=3n/2.6m goal=(0.1, 0.1, 1.4) t=8ms
[INFO] [1782989346.841] [/exploration_node]: [EV] [1782989346.841][    +49.7s][PLAN_TRAJ_RTH] STATE PLAN_TRAJ_RTH -> PLAN_TRAJ_RTH [planGoalPath: succeed]
[INFO] [1782989346.847] [/exploration_node]: [33m[Path Simplification] Reduced path from 4 to 3 nodes, 2 collision checks, 0.04 ms[0m
[INFO] [1782989346.847] [/exploration_node]:   Segment 1: 2.19 m
[INFO] [1782989346.847] [/exploration_node]:   Segment 2: 0.38 m
[WARN] [1782989346.876] [/exploration_node]: [EV] [1782989346.876][    +49.8s][PLAN_TRAJ_RTH] STATE PLAN_TRAJ_RTH -> PLAN_TRAJ_RTH [safetyCallback: not safe, time:0.359590] |  (prev cycle x1/0.0s)
[INFO] [1782989346.887] [/exploration_node]: [EV] [1782989346.886][    +49.8s][PLAN_TRAJ_RTH] RTH d2goal=1.5m | auto-home(xy) dist=1.71m tol=0.20m goal=(0.02, -0.04, 1.10) (x1)
[INFO] [1782989346.894] [/exploration_node]: [33m[Path Simplification] Reduced path from 4 to 3 nodes, 2 collision checks, 0.03 ms[0m
[INFO] [1782989346.894] [/exploration_node]:   Segment 1: 2.14 m
[INFO] [1782989346.894] [/exploration_node]:   Segment 2: 0.38 m
[WARN] [1782989346.922] [/exploration_node]: [EV] [1782989346.922][    +49.8s][PLAN_TRAJ_RTH] STATE PLAN_TRAJ_RTH -> PLAN_TRAJ_RTH [safetyCallback: not safe, time:0.405818] |  (prev cycle x1/0.0s)
[INFO] [1782989346.931] [/exploration_node]: [EV] [1782989346.931][    +49.8s][PLAN_TRAJ_RTH] RTH d2goal=1.5m | auto-home(xy) dist=1.69m tol=0.20m goal=(0.02, -0.04, 1.10)
[INFO] [1782989346.939] [/exploration_node]: [33m[Path Simplification] Reduced path from 4 to 3 nodes, 2 collision checks, 0.06 ms[0m
[INFO] [1782989346.939] [/exploration_node]:   Segment 1: 2.12 m
[INFO] [1782989346.939] [/exploration_node]:   Segment 2: 0.38 m
[WARN] [1782989346.947] [/exploration_node]: [local-plan] start not in corridor (static start; corridor pieces=11)
[WARN] [1782989346.947] [/exploration_node]: [local-plan] escape: gcopter setup failed
[INFO] [1782989346.974] [/exploration_node]: [EV] [1782989346.974][    +49.9s][PLAN_TRAJ_RTH] RTH d2goal=1.5m | auto-home(xy) dist=1.67m tol=0.20m goal=(0.02, -0.04, 1.10)
[INFO] [1782989346.980] [/exploration_node]: [33m[Path Simplification] Reduced path from 4 to 3 nodes, 2 collision checks, 0.03 ms[0m
[INFO] [1782989346.980] [/exploration_node]:   Segment 1: 2.10 m
[INFO] [1782989346.980] [/exploration_node]:   Segment 2: 0.38 m
[INFO] [1782989347.020] [/exploration_node]: [EV] [1782989347.020][    +49.9s][PLAN_TRAJ_RTH] RTH d2goal=1.5m | auto-home(xy) dist=1.64m tol=0.20m goal=(0.02, -0.04, 1.10)
[INFO] [1782989347.026] [/exploration_node]: [33m[Path Simplification] Reduced path from 4 to 3 nodes, 2 collision checks, 0.04 ms[0m
[INFO] [1782989347.026] [/exploration_node]:   Segment 1: 2.08 m
[INFO] [1782989347.026] [/exploration_node]:   Segment 2: 0.38 m
[INFO] [1782989347.074] [/exploration_node]: [33m[Path Simplification] Reduced path from 4 to 3 nodes, 2 collision checks, 0.04 ms[0m
[INFO] [1782989347.074] [/exploration_node]:   Segment 1: 2.08 m
[INFO] [1782989347.074] [/exploration_node]:   Segment 2: 0.38 m
[INFO] [1782989347.075] [/exploration_node]: [EV] [1782989347.075][    +50.0s][PLAN_TRAJ_RTH] GLOBAL result=RTH_PATH_OK | why: path to goal: 3 nodes / 2.5m (connected via 1) | clusters=0(reach 0) vp=0(reach 0) pipe[tot=0 dorm=0 unreach=0 cons=0 nocand=0 topo=0 novis=0 ok=0] tour=3n/2.5m goal=(0.1, 0.1, 1.4) t=7ms
[INFO] [1782989347.075] [/exploration_node]: [EV] [1782989347.075][    +50.0s][PLAN_TRAJ_RTH] STATE PLAN_TRAJ_RTH -> PLAN_TRAJ_RTH [planGoalPath: succeed] |  (prev cycle x1/0.2s)
[INFO] [1782989347.077] [/exploration_node]: [EV] [1782989347.077][    +50.0s][PLAN_TRAJ_RTH] RTH d2goal=1.5m | auto-home(xy) dist=1.62m tol=0.20m goal=(0.02, -0.04, 1.10)
[INFO] [1782989347.083] [/exploration_node]: [33m[Path Simplification] Reduced path from 4 to 3 nodes, 2 collision checks, 0.05 ms[0m
[INFO] [1782989347.083] [/exploration_node]:   Segment 1: 2.06 m
[INFO] [1782989347.084] [/exploration_node]:   Segment 2: 0.38 m
[INFO] [1782989347.111] [/exploration_node]: [EV] [1782989347.111][    +50.0s][EXEC_TRAJ] STATE PLAN_TRAJ_RTH -> EXEC_TRAJ [PLAN_TRAJ_RTH: plan success]
[INFO] [1782989347.211] [/mavros]: HP: requesting home position
[WARN] [1782989347.260] [/exploration_node]: [EV] [1782989347.260][    +50.1s][PLAN_TRAJ_RTH] STATE EXEC_TRAJ -> PLAN_TRAJ_RTH [safetyCallback: not safe, time:0.168030]
[INFO] [1782989347.261] [/exploration_node]: [EV] [1782989347.261][    +50.1s][PLAN_TRAJ_RTH] RTH d2goal=1.5m | auto-home(xy) dist=1.52m tol=0.20m goal=(0.02, -0.04, 1.10)
[INFO] [1782989347.267] [/exploration_node]: [33m[Path Simplification] Reduced path from 4 to 3 nodes, 2 collision checks, 0.05 ms[0m
[INFO] [1782989347.267] [/exploration_node]:   Segment 1: 1.97 m
[INFO] [1782989347.267] [/exploration_node]:   Segment 2: 0.38 m
[WARN] [1782989347.295] [/exploration_node]: [EV] [1782989347.295][    +50.2s][PLAN_TRAJ_RTH] STATE PLAN_TRAJ_RTH -> PLAN_TRAJ_RTH [PLAN_TRAJ_RTH: plan failed]
[INFO] [1782989347.304] [/exploration_node]: [33m[Path Simplification] Reduced path from 4 to 3 nodes, 2 collision checks, 0.03 ms[0m
[INFO] [1782989347.304] [/exploration_node]:   Segment 1: 1.97 m
[INFO] [1782989347.304] [/exploration_node]:   Segment 2: 0.38 m
[INFO] [1782989347.305] [/exploration_node]: [EV] [1782989347.305][    +50.2s][PLAN_TRAJ_RTH] GLOBAL result=RTH_PATH_OK | why: path to goal: 3 nodes / 2.3m (connected via 1) | clusters=0(reach 0) vp=0(reach 0) pipe[tot=0 dorm=0 unreach=0 cons=0 nocand=0 topo=0 novis=0 ok=0] tour=3n/2.3m goal=(0.1, 0.1, 1.4) t=7ms
[INFO] [1782989347.305] [/exploration_node]: [EV] [1782989347.305][    +50.2s][PLAN_TRAJ_RTH] STATE PLAN_TRAJ_RTH -> PLAN_TRAJ_RTH [planGoalPath: succeed]
[INFO] [1782989347.312] [/exploration_node]: [33m[Path Simplification] Reduced path from 4 to 3 nodes, 2 collision checks, 0.04 ms[0m
[INFO] [1782989347.312] [/exploration_node]:   Segment 1: 1.97 m
[INFO] [1782989347.312] [/exploration_node]:   Segment 2: 0.38 m
[WARN] [1782989347.340] [/exploration_node]: [EV] [1782989347.340][    +50.2s][PLAN_TRAJ_RTH] STATE PLAN_TRAJ_RTH -> PLAN_TRAJ_RTH [safetyCallback: not safe, time:0.248504] |  (prev cycle x1/0.0s)
[INFO] [1782989347.349] [/exploration_node]: [EV] [1782989347.349][    +50.2s][PLAN_TRAJ_RTH] RTH d2goal=1.0m | auto-home(xy) dist=1.50m tol=0.20m goal=(0.02, -0.04, 1.10) (prev x1/0.0s)
[INFO] [1782989347.355] [/exploration_node]: [33m[Path Simplification] Reduced path from 4 to 3 nodes, 2 collision checks, 0.05 ms[0m
[INFO] [1782989347.355] [/exploration_node]:   Segment 1: 1.95 m
[INFO] [1782989347.355] [/exploration_node]:   Segment 2: 0.38 m
[WARN] [1782989347.384] [/exploration_node]: [EV] [1782989347.384][    +50.3s][PLAN_TRAJ_RTH] STATE PLAN_TRAJ_RTH -> PLAN_TRAJ_RTH [safetyCallback: not safe, time:0.292054] |  (prev cycle x1/0.0s)
[INFO] [1782989347.393] [/exploration_node]: [EV] [1782989347.393][    +50.3s][PLAN_TRAJ_RTH] RTH d2goal=1.0m | auto-home(xy) dist=1.48m tol=0.20m goal=(0.02, -0.04, 1.10)
[INFO] [1782989347.400] [/exploration_node]: [33m[Path Simplification] Reduced path from 4 to 3 nodes, 2 collision checks, 0.05 ms[0m
[INFO] [1782989347.400] [/exploration_node]:   Segment 1: 1.93 m
[INFO] [1782989347.400] [/exploration_node]:   Segment 2: 0.38 m
[INFO] [1782989347.427] [/exploration_node]: [EV] [1782989347.427][    +50.3s][EXEC_TRAJ] STATE PLAN_TRAJ_RTH -> EXEC_TRAJ [PLAN_TRAJ_RTH: plan success]
[INFO] [1782989347.518] [/local_avoidance]: [local_avoidance] avoiding...  min_dist=0.24 m
[WARN] [1782989347.558] [/exploration_node]: [EV] [1782989347.558][    +50.4s][PLAN_TRAJ_RTH] STATE EXEC_TRAJ -> PLAN_TRAJ_RTH [safetyCallback: not safe, time:0.150339]
[INFO] [1782989347.559] [/exploration_node]: [EV] [1782989347.559][    +50.4s][PLAN_TRAJ_RTH] RTH d2goal=1.0m | auto-home(xy) dist=1.40m tol=0.20m goal=(0.02, -0.04, 1.10)
[INFO] [1782989347.565] [/exploration_node]: [33m[Path Simplification] Reduced path from 4 to 3 nodes, 2 collision checks, 0.10 ms[0m
[INFO] [1782989347.565] [/exploration_node]:   Segment 1: 1.87 m
[INFO] [1782989347.565] [/exploration_node]:   Segment 2: 0.38 m
[WARN] [1782989347.593] [/exploration_node]: [EV] [1782989347.593][    +50.5s][PLAN_TRAJ_RTH] STATE PLAN_TRAJ_RTH -> PLAN_TRAJ_RTH [PLAN_TRAJ_RTH: plan failed]
[INFO] [1782989347.609] [/exploration_node]: [33m[Path Simplification] Reduced path from 4 to 3 nodes, 2 collision checks, 0.04 ms[0m
[INFO] [1782989347.609] [/exploration_node]:   Segment 1: 1.87 m
[INFO] [1782989347.609] [/exploration_node]:   Segment 2: 0.38 m
[WARN] [1782989347.637] [/exploration_node]: [EV] [1782989347.637][    +50.5s][PLAN_TRAJ_RTH] STATE PLAN_TRAJ_RTH -> PLAN_TRAJ_RTH [safetyCallback: not safe, time:0.229215] |  (prev x1/0.0s)
[INFO] [1782989347.646] [/exploration_node]: [EV] [1782989347.646][    +50.5s][PLAN_TRAJ_RTH] RTH d2goal=1.0m | auto-home(xy) dist=1.38m tol=0.20m goal=(0.02, -0.04, 1.10) (x1)
[INFO] [1782989347.653] [/exploration_node]: [33m[Path Simplification] Reduced path from 4 to 3 nodes, 2 collision checks, 0.04 ms[0m
[INFO] [1782989347.653] [/exploration_node]:   Segment 1: 1.85 m
[INFO] [1782989347.653] [/exploration_node]:   Segment 2: 0.38 m
[WARN] [1782989347.681] [/exploration_node]: [EV] [1782989347.681][    +50.6s][PLAN_TRAJ_RTH] STATE PLAN_TRAJ_RTH -> PLAN_TRAJ_RTH [safetyCallback: not safe, time:0.272752] |  (prev cycle x1/0.0s)
[INFO] [1782989347.690] [/exploration_node]: [EV] [1782989347.690][    +50.6s][PLAN_TRAJ_RTH] RTH d2goal=1.0m | auto-home(xy) dist=1.36m tol=0.20m goal=(0.02, -0.04, 1.10)
[INFO] [1782989347.696] [/exploration_node]: [33m[Path Simplification] Reduced path from 4 to 3 nodes, 2 collision checks, 0.04 ms[0m
[INFO] [1782989347.696] [/exploration_node]:   Segment 1: 1.84 m
[INFO] [1782989347.696] [/exploration_node]:   Segment 2: 0.38 m
[WARN] [1782989347.724] [/exploration_node]: [EV] [1782989347.724][    +50.6s][PLAN_TRAJ_RTH] STATE PLAN_TRAJ_RTH -> PLAN_TRAJ_RTH [safetyCallback: not safe, time:0.316348] |  (prev cycle x1/0.0s)
[INFO] [1782989347.741] [/exploration_node]: [33m[Path Simplification] Reduced path from 4 to 3 nodes, 2 collision checks, 0.04 ms[0m
[INFO] [1782989347.741] [/exploration_node]:   Segment 1: 1.82 m
[INFO] [1782989347.741] [/exploration_node]:   Segment 2: 0.38 m
[INFO] [1782989347.742] [/exploration_node]: [EV] [1782989347.742][    +50.6s][PLAN_TRAJ_RTH] GLOBAL result=RTH_PATH_OK | why: path to goal: 3 nodes / 2.2m (connected via 1) | clusters=0(reach 0) vp=0(reach 0) pipe[tot=0 dorm=0 unreach=0 cons=0 nocand=0 topo=0 novis=0 ok=0] tour=3n/2.2m goal=(0.1, 0.1, 1.4) t=7ms
[INFO] [1782989347.742] [/exploration_node]: [EV] [1782989347.742][    +50.6s][PLAN_TRAJ_RTH] STATE PLAN_TRAJ_RTH -> PLAN_TRAJ_RTH [planGoalPath: succeed]
[INFO] [1782989347.742] [/exploration_node]: [EV] [1782989347.742][    +50.6s][PLAN_TRAJ_RTH] RTH d2goal=1.0m | auto-home(xy) dist=1.34m tol=0.20m goal=(0.02, -0.04, 1.10)
[INFO] [1782989347.747] [/exploration_node]: [33m[Path Simplification] Reduced path from 4 to 3 nodes, 2 collision checks, 0.03 ms[0m
[INFO] [1782989347.747] [/exploration_node]:   Segment 1: 1.82 m
[INFO] [1782989347.747] [/exploration_node]:   Segment 2: 0.38 m
[WARN] [1782989347.757] [/px4_ctrl_bridge]: [px4_bridge] AVOIDANCE ACTIVE -> forwarding /target_avoidance
[WARN] [1782989347.775] [/exploration_node]: [EV] [1782989347.775][    +50.7s][PLAN_TRAJ_RTH] STATE PLAN_TRAJ_RTH -> PLAN_TRAJ_RTH [PLAN_TRAJ_RTH: plan failed]
[INFO] [1782989347.785] [/exploration_node]: [EV] [1782989347.785][    +50.7s][PLAN_TRAJ_RTH] RTH d2goal=1.0m | auto-home(xy) dist=1.32m tol=0.20m goal=(0.02, -0.04, 1.10)
[INFO] [1782989347.791] [/exploration_node]: [33m[Path Simplification] Reduced path from 4 to 3 nodes, 2 collision checks, 0.04 ms[0m
[INFO] [1782989347.791] [/exploration_node]:   Segment 1: 1.81 m
[INFO] [1782989347.791] [/exploration_node]:   Segment 2: 0.38 m
[INFO] [1782989347.829] [/exploration_node]: [EV] [1782989347.829][    +50.7s][PLAN_TRAJ_RTH] RTH d2goal=1.0m | auto-home(xy) dist=1.31m tol=0.20m goal=(0.02, -0.04, 1.10)
[INFO] [1782989347.834] [/exploration_node]: [33m[Path Simplification] Reduced path from 4 to 3 nodes, 2 collision checks, 0.03 ms[0m
[INFO] [1782989347.834] [/exploration_node]:   Segment 1: 1.80 m
[INFO] [1782989347.834] [/exploration_node]:   Segment 2: 0.38 m
[INFO] [1782989347.875] [/exploration_node]: [EV] [1782989347.874][    +50.8s][PLAN_TRAJ_RTH] RTH d2goal=1.0m | auto-home(xy) dist=1.30m tol=0.20m goal=(0.02, -0.04, 1.10)
[INFO] [1782989347.881] [/exploration_node]: [33m[Path Simplification] Reduced path from 4 to 3 nodes, 2 collision checks, 0.04 ms[0m
[INFO] [1782989347.881] [/exploration_node]:   Segment 1: 1.79 m
[INFO] [1782989347.881] [/exploration_node]:   Segment 2: 0.38 m
[INFO] [1782989347.918] [/exploration_node]: [EV] [1782989347.918][    +50.8s][PLAN_TRAJ_RTH] RTH d2goal=1.0m | auto-home(xy) dist=1.28m tol=0.20m goal=(0.02, -0.04, 1.10)
[INFO] [1782989347.924] [/exploration_node]: [33m[Path Simplification] Reduced path from 4 to 3 nodes, 2 collision checks, 0.04 ms[0m
[INFO] [1782989347.924] [/exploration_node]:   Segment 1: 1.79 m
[INFO] [1782989347.924] [/exploration_node]:   Segment 2: 0.38 m
[INFO] [1782989347.952] [/exploration_node]: [EV] [1782989347.952][    +50.8s][EXEC_TRAJ] STATE PLAN_TRAJ_RTH -> EXEC_TRAJ [PLAN_TRAJ_RTH: plan success] |  (prev x3/0.1s)
[WARN] [1782989348.157] [/exploration_node]: [EV] [1782989348.157][    +51.0s][PLAN_TRAJ_RTH] STATE EXEC_TRAJ -> PLAN_TRAJ_RTH [safetyCallback: not safe, time:0.224599]
[INFO] [1782989348.162] [/exploration_node]: [EV] [1782989348.162][    +51.0s][PLAN_TRAJ_RTH] RTH d2goal=1.0m | auto-home(xy) dist=1.20m tol=0.20m goal=(0.02, -0.04, 1.10)
[INFO] [1782989348.168] [/exploration_node]: [33m[Path Simplification] Reduced path from 4 to 3 nodes, 2 collision checks, 0.04 ms[0m
[INFO] [1782989348.168] [/exploration_node]:   Segment 1: 1.77 m
[INFO] [1782989348.168] [/exploration_node]:   Segment 2: 0.38 m
[WARN] [1782989348.197] [/exploration_node]: [EV] [1782989348.197][    +51.1s][PLAN_TRAJ_RTH] STATE PLAN_TRAJ_RTH -> PLAN_TRAJ_RTH [PLAN_TRAJ_RTH: plan failed]
[INFO] [1782989348.211] [/exploration_node]: [33m[Path Simplification] Reduced path from 4 to 3 nodes, 2 collision checks, 0.05 ms[0m
[INFO] [1782989348.211] [/exploration_node]:   Segment 1: 1.77 m
[INFO] [1782989348.211] [/exploration_node]:   Segment 2: 0.38 m
[INFO] [1782989348.212] [/exploration_node]: [EV] [1782989348.212][    +51.1s][PLAN_TRAJ_RTH] GLOBAL result=RTH_PATH_OK | why: path to goal: 3 nodes / 2.1m (connected via 1) | clusters=0(reach 0) vp=0(reach 0) pipe[tot=0 dorm=0 unreach=0 cons=0 nocand=0 topo=0 novis=0 ok=0] tour=3n/2.1m goal=(0.1, 0.1, 1.4) t=7ms
[INFO] [1782989348.212] [/exploration_node]: [EV] [1782989348.212][    +51.1s][PLAN_TRAJ_RTH] STATE PLAN_TRAJ_RTH -> PLAN_TRAJ_RTH [planGoalPath: succeed]
[INFO] [1782989348.218] [/exploration_node]: [33m[Path Simplification] Reduced path from 4 to 3 nodes, 2 collision checks, 0.04 ms[0m
[INFO] [1782989348.218] [/exploration_node]:   Segment 1: 1.77 m
[INFO] [1782989348.218] [/exploration_node]:   Segment 2: 0.38 m
[WARN] [1782989348.247] [/exploration_node]: [EV] [1782989348.247][    +51.1s][PLAN_TRAJ_RTH] STATE PLAN_TRAJ_RTH -> PLAN_TRAJ_RTH [safetyCallback: not safe, time:0.314421] |  (prev cycle x1/0.0s)
[WARN] [1782989348.257] [/exploration_node]: [EV] [1782989348.257][    +51.1s][PLAN_TRAJ_RTH] STATE PLAN_TRAJ_RTH -> PLAN_TRAJ_RTH [safetyCallback: not safe, time:0.324380]
[INFO] [1782989348.258] [/exploration_node]: [EV] [1782989348.258][    +51.1s][PLAN_TRAJ_RTH] RTH d2goal=1.0m | auto-home(xy) dist=1.18m tol=0.20m goal=(0.02, -0.04, 1.10) (x1)
[INFO] [1782989348.264] [/exploration_node]: [33m[Path Simplification] Reduced path from 4 to 3 nodes, 2 collision checks, 0.04 ms[0m
[INFO] [1782989348.264] [/exploration_node]:   Segment 1: 1.78 m
[INFO] [1782989348.264] [/exploration_node]:   Segment 2: 0.38 m
[WARN] [1782989348.292] [/exploration_node]: [EV] [1782989348.292][    +51.2s][PLAN_TRAJ_RTH] STATE PLAN_TRAJ_RTH -> PLAN_TRAJ_RTH [PLAN_TRAJ_RTH: plan failed]
[INFO] [1782989348.308] [/exploration_node]: [33m[Path Simplification] Reduced path from 4 to 3 nodes, 2 collision checks, 0.04 ms[0m
[INFO] [1782989348.308] [/exploration_node]:   Segment 1: 1.78 m
[INFO] [1782989348.308] [/exploration_node]:   Segment 2: 0.38 m
[WARN] [1782989348.336] [/exploration_node]: [EV] [1782989348.336][    +51.2s][PLAN_TRAJ_RTH] STATE PLAN_TRAJ_RTH -> PLAN_TRAJ_RTH [safetyCallback: not safe, time:0.403746] |  (prev x1/0.0s)
[INFO] [1782989348.346] [/exploration_node]: [EV] [1782989348.346][    +51.2s][PLAN_TRAJ_RTH] RTH d2goal=1.0m | auto-home(xy) dist=1.17m tol=0.20m goal=(0.02, -0.04, 1.10) (x1)
[INFO] [1782989348.352] [/exploration_node]: [33m[Path Simplification] Reduced path from 4 to 3 nodes, 2 collision checks, 0.04 ms[0m
[INFO] [1782989348.352] [/exploration_node]:   Segment 1: 1.78 m
[INFO] [1782989348.352] [/exploration_node]:   Segment 2: 0.38 m
[INFO] [1782989348.391] [/exploration_node]: [EV] [1782989348.389][    +51.3s][PLAN_TRAJ_RTH] RTH d2goal=1.0m | auto-home(xy) dist=1.16m tol=0.20m goal=(0.02, -0.04, 1.10)
[INFO] [1782989348.395] [/exploration_node]: [33m[Path Simplification] Reduced path from 4 to 3 nodes, 2 collision checks, 0.02 ms[0m
[INFO] [1782989348.395] [/exploration_node]:   Segment 1: 1.78 m
[INFO] [1782989348.395] [/exploration_node]:   Segment 2: 0.38 m
[INFO] [1782989348.418] [/local_avoidance]: [local_avoidance] DEACTIVATED
[WARN] [1782989348.446] [/px4_ctrl_bridge]: [px4_bridge] avoidance released -> published /planning/replan
[INFO] [1782989348.448] [/exploration_node]: [33m[Path Simplification] Reduced path from 4 to 3 nodes, 2 collision checks, 0.03 ms[0m
[INFO] [1782989348.448] [/exploration_node]:   Segment 1: 1.79 m
[INFO] [1782989348.448] [/exploration_node]:   Segment 2: 0.38 m
[INFO] [1782989348.449] [/exploration_node]: [EV] [1782989348.449][    +51.3s][PLAN_TRAJ_RTH] STATE PLAN_TRAJ_RTH -> PLAN_TRAJ_RTH [planGoalPath: succeed] |  (prev cycle x1/0.1s)
[INFO] [1782989348.449] [/exploration_node]: [EV] [1782989348.449][    +51.3s][PLAN_TRAJ_RTH] RTH d2goal=1.0m | auto-home(xy) dist=1.15m tol=0.20m goal=(0.02, -0.04, 1.10)
[INFO] [1782989348.456] [/exploration_node]: [33m[Path Simplification] Reduced path from 4 to 3 nodes, 2 collision checks, 0.05 ms[0m
[INFO] [1782989348.456] [/exploration_node]:   Segment 1: 1.79 m
[INFO] [1782989348.456] [/exploration_node]:   Segment 2: 0.38 m
[WARN] [1782989348.469] [/local_avoidance]: [local_avoidance] ACTIVATED  (min_dist=0.37 m, idx=467)
[INFO] [1782989348.499] [/exploration_node]: [33m[Path Simplification] Reduced path from 4 to 3 nodes, 2 collision checks, 0.04 ms[0m
[INFO] [1782989348.499] [/exploration_node]:   Segment 1: 1.80 m
[INFO] [1782989348.499] [/exploration_node]:   Segment 2: 0.38 m
[INFO] [1782989348.518] [/local_avoidance]: [local_avoidance] avoiding...  min_dist=0.40 m
[INFO] [1782989348.541] [/exploration_node]: [33m[Path Simplification] Reduced path from 4 to 3 nodes, 2 collision checks, 0.02 ms[0m
[INFO] [1782989348.541] [/exploration_node]:   Segment 1: 1.81 m
[INFO] [1782989348.541] [/exploration_node]:   Segment 2: 0.38 m
[INFO] [1782989348.585] [/exploration_node]: [33m[Path Simplification] Reduced path from 4 to 3 nodes, 2 collision checks, 0.02 ms[0m
[INFO] [1782989348.585] [/exploration_node]:   Segment 1: 1.82 m
[INFO] [1782989348.585] [/exploration_node]:   Segment 2: 0.38 m
[INFO] [1782989348.628] [/exploration_node]: [33m[Path Simplification] Reduced path from 4 to 3 nodes, 2 collision checks, 0.02 ms[0m
[INFO] [1782989348.628] [/exploration_node]:   Segment 1: 1.83 m
[INFO] [1782989348.628] [/exploration_node]:   Segment 2: 0.38 m
[INFO] [1782989348.680] [/exploration_node]: [33m[Path Simplification] Reduced path from 4 to 3 nodes, 2 collision checks, 0.02 ms[0m
[INFO] [1782989348.680] [/exploration_node]:   Segment 1: 1.83 m
[INFO] [1782989348.680] [/exploration_node]:   Segment 2: 0.38 m
[INFO] [1782989348.687] [/exploration_node]: [EV] [1782989348.687][    +51.6s][PLAN_TRAJ_RTH] RTH d2goal=1.0m | auto-home(xy) dist=1.16m tol=0.20m goal=(0.02, -0.04, 1.10) (x4)
[INFO] [1782989348.692] [/exploration_node]: [33m[Path Simplification] Reduced path from 4 to 3 nodes, 2 collision checks, 0.02 ms[0m
[INFO] [1782989348.692] [/exploration_node]:   Segment 1: 1.83 m
[INFO] [1782989348.692] [/exploration_node]:   Segment 2: 0.38 m
[INFO] [1782989348.739] [/exploration_node]: [33m[Path Simplification] Reduced path from 4 to 3 nodes, 2 collision checks, 0.02 ms[0m
[INFO] [1782989348.739] [/exploration_node]:   Segment 1: 1.84 m
[INFO] [1782989348.739] [/exploration_node]:   Segment 2: 0.38 m
[WARN] [1782989348.766] [/px4_ctrl_bridge]: [px4_bridge] AVOIDANCE ACTIVE -> forwarding /target_avoidance
[INFO] [1782989348.784] [/exploration_node]: [33m[Path Simplification] Reduced path from 4 to 3 nodes, 2 collision checks, 0.05 ms[0m
[INFO] [1782989348.784] [/exploration_node]:   Segment 1: 1.84 m
[INFO] [1782989348.784] [/exploration_node]:   Segment 2: 0.38 m
[WARN] [1782989348.793] [/exploration_node]: [RTH] local plan failed: escape: gcopter setup failed
[WARN] [1782989348.810] [/exploration_node]: [EV] [1782989348.810][    +51.7s][PLAN_TRAJ_RTH] LOCAL RTH FAIL | why: escape: gcopter setup failed | t=33.4ms (x26)
[INFO] [1782989348.826] [/exploration_node]: [33m[Path Simplification] Reduced path from 4 to 3 nodes, 2 collision checks, 0.04 ms[0m
[INFO] [1782989348.826] [/exploration_node]:   Segment 1: 1.84 m
[INFO] [1782989348.826] [/exploration_node]:   Segment 2: 0.38 m
[INFO] [1782989348.865] [/exploration_node]: [EV] [1782989348.865][    +51.8s][PLAN_TRAJ_RTH] RTH d2goal=1.0m | auto-home(xy) dist=1.15m tol=0.20m goal=(0.02, -0.04, 1.10) (x3)
[INFO] [1782989348.869] [/exploration_node]: [33m[Path Simplification] Reduced path from 4 to 3 nodes, 2 collision checks, 0.02 ms[0m
[INFO] [1782989348.869] [/exploration_node]:   Segment 1: 1.84 m
[INFO] [1782989348.869] [/exploration_node]:   Segment 2: 0.38 m
[INFO] [1782989348.908] [/exploration_node]: [33m[Path Simplification] Reduced path from 4 to 3 nodes, 2 collision checks, 0.02 ms[0m
[INFO] [1782989348.908] [/exploration_node]:   Segment 1: 1.84 m
[INFO] [1782989348.908] [/exploration_node]:   Segment 2: 0.38 m
[INFO] [1782989348.915] [/exploration_node]: [33m[Path Simplification] Reduced path from 4 to 3 nodes, 2 collision checks, 0.02 ms[0m
[INFO] [1782989348.915] [/exploration_node]:   Segment 1: 1.84 m
[INFO] [1782989348.915] [/exploration_node]:   Segment 2: 0.38 m
[INFO] [1782989348.960] [/exploration_node]: [33m[Path Simplification] Reduced path from 4 to 3 nodes, 2 collision checks, 0.05 ms[0m
[INFO] [1782989348.960] [/exploration_node]:   Segment 1: 1.84 m
[INFO] [1782989348.960] [/exploration_node]:   Segment 2: 0.38 m
[WARN] [1782989348.968] [/exploration_node]: [local-plan] start not in corridor (static start; corridor pieces=15)
[WARN] [1782989348.968] [/exploration_node]: [local-plan] escape: gcopter setup failed
[INFO] [1782989349.002] [/exploration_node]: [33m[Path Simplification] Reduced path from 4 to 3 nodes, 2 collision checks, 0.02 ms[0m
[INFO] [1782989349.002] [/exploration_node]:   Segment 1: 1.84 m
[INFO] [1782989349.002] [/exploration_node]:   Segment 2: 0.38 m
[INFO] [1782989349.046] [/exploration_node]: [33m[Path Simplification] Reduced path from 4 to 3 nodes, 2 collision checks, 0.02 ms[0m
[INFO] [1782989349.046] [/exploration_node]:   Segment 1: 1.84 m
[INFO] [1782989349.046] [/exploration_node]:   Segment 2: 0.38 m
[INFO] [1782989349.091] [/exploration_node]: [33m[Path Simplification] Reduced path from 4 to 3 nodes, 2 collision checks, 0.05 ms[0m
[INFO] [1782989349.091] [/exploration_node]:   Segment 1: 1.84 m
[INFO] [1782989349.091] [/exploration_node]:   Segment 2: 0.38 m
[INFO] [1782989349.129] [/exploration_node]: [33m[Path Simplification] Reduced path from 4 to 3 nodes, 2 collision checks, 0.04 ms[0m
[INFO] [1782989349.130] [/exploration_node]:   Segment 1: 1.84 m
[INFO] [1782989349.130] [/exploration_node]:   Segment 2: 0.38 m
[INFO] [1782989349.131] [/exploration_node]: [EV] [1782989349.131][    +52.0s][PLAN_TRAJ_RTH] RTH d2goal=1.0m | auto-home(xy) dist=1.14m tol=0.20m goal=(0.02, -0.04, 1.10) (x5)
[INFO] [1782989349.138] [/exploration_node]: [33m[Path Simplification] Reduced path from 4 to 3 nodes, 2 collision checks, 0.05 ms[0m
[INFO] [1782989349.138] [/exploration_node]:   Segment 1: 1.84 m
[INFO] [1782989349.138] [/exploration_node]:   Segment 2: 0.38 m
[INFO] [1782989349.175] [/exploration_node]: [EV] [1782989349.175][    +52.1s][PLAN_TRAJ_RTH] RTH d2goal=1.0m | auto-home(xy) dist=1.15m tol=0.20m goal=(0.02, -0.04, 1.10)
[INFO] [1782989349.181] [/exploration_node]: [33m[Path Simplification] Reduced path from 4 to 3 nodes, 2 collision checks, 0.05 ms[0m
[INFO] [1782989349.181] [/exploration_node]:   Segment 1: 1.84 m
[INFO] [1782989349.181] [/exploration_node]:   Segment 2: 0.38 m
[INFO] [1782989349.219] [/exploration_node]: [EV] [1782989349.218][    +52.1s][PLAN_TRAJ_RTH] RTH d2goal=1.0m | auto-home(xy) dist=1.14m tol=0.20m goal=(0.02, -0.04, 1.10)
[INFO] [1782989349.224] [/exploration_node]: [33m[Path Simplification] Reduced path from 4 to 3 nodes, 2 collision checks, 0.03 ms[0m
[INFO] [1782989349.224] [/exploration_node]:   Segment 1: 1.84 m
[INFO] [1782989349.224] [/exploration_node]:   Segment 2: 0.38 m
[INFO] [1782989349.262] [/exploration_node]: [EV] [1782989349.262][    +52.1s][PLAN_TRAJ_RTH] RTH d2goal=1.0m | auto-home(xy) dist=1.15m tol=0.20m goal=(0.02, -0.04, 1.10)
[INFO] [1782989349.269] [/exploration_node]: [33m[Path Simplification] Reduced path from 4 to 3 nodes, 2 collision checks, 0.06 ms[0m
[INFO] [1782989349.269] [/exploration_node]:   Segment 1: 1.84 m
[INFO] [1782989349.269] [/exploration_node]:   Segment 2: 0.38 m
[INFO] [1782989349.312] [/exploration_node]: [33m[Path Simplification] Reduced path from 4 to 3 nodes, 2 collision checks, 0.03 ms[0m
[INFO] [1782989349.312] [/exploration_node]:   Segment 1: 1.84 m
[INFO] [1782989349.312] [/exploration_node]:   Segment 2: 0.38 m
[INFO] [1782989349.350] [/exploration_node]: [33m[Path Simplification] Reduced path from 4 to 3 nodes, 2 collision checks, 0.03 ms[0m
[INFO] [1782989349.350] [/exploration_node]:   Segment 1: 1.84 m
[INFO] [1782989349.350] [/exploration_node]:   Segment 2: 0.38 m
[INFO] [1782989349.351] [/exploration_node]: [EV] [1782989349.351][    +52.2s][PLAN_TRAJ_RTH] GLOBAL result=RTH_PATH_OK | why: path to goal: 3 nodes / 2.2m (connected via 1) | clusters=0(reach 0) vp=0(reach 0) pipe[tot=0 dorm=0 unreach=0 cons=0 nocand=0 topo=0 novis=0 ok=0] tour=3n/2.2m goal=(0.1, 0.1, 1.4) t=7ms (x3)
[INFO] [1782989349.358] [/exploration_node]: [33m[Path Simplification] Reduced path from 4 to 3 nodes, 2 collision checks, 0.04 ms[0m
[INFO] [1782989349.358] [/exploration_node]:   Segment 1: 1.84 m
[INFO] [1782989349.358] [/exploration_node]:   Segment 2: 0.38 m
[INFO] [1782989349.401] [/exploration_node]: [33m[Path Simplification] Reduced path from 4 to 3 nodes, 2 collision checks, 0.05 ms[0m
[INFO] [1782989349.401] [/exploration_node]:   Segment 1: 1.84 m
[INFO] [1782989349.401] [/exploration_node]:   Segment 2: 0.38 m
[INFO] [1782989349.445] [/exploration_node]: [33m[Path Simplification] Reduced path from 4 to 3 nodes, 2 collision checks, 0.05 ms[0m
[INFO] [1782989349.445] [/exploration_node]:   Segment 1: 1.84 m
[INFO] [1782989349.445] [/exploration_node]:   Segment 2: 0.38 m
[INFO] [1782989349.488] [/exploration_node]: [33m[Path Simplification] Reduced path from 4 to 3 nodes, 2 collision checks, 0.04 ms[0m
[INFO] [1782989349.488] [/exploration_node]:   Segment 1: 1.84 m
[INFO] [1782989349.488] [/exploration_node]:   Segment 2: 0.38 m
[INFO] [1782989349.518] [/local_avoidance]: [local_avoidance] avoiding...  min_dist=0.19 m
[INFO] [1782989349.534] [/exploration_node]: [33m[Path Simplification] Reduced path from 4 to 3 nodes, 2 collision checks, 0.05 ms[0m
[INFO] [1782989349.534] [/exploration_node]:   Segment 1: 1.84 m
[INFO] [1782989349.534] [/exploration_node]:   Segment 2: 0.38 m
[INFO] [1782989349.571] [/exploration_node]: [33m[Path Simplification] Reduced path from 4 to 3 nodes, 2 collision checks, 0.05 ms[0m
[INFO] [1782989349.571] [/exploration_node]:   Segment 1: 1.84 m
[INFO] [1782989349.571] [/exploration_node]:   Segment 2: 0.38 m
[INFO] [1782989349.579] [/exploration_node]: [33m[Path Simplification] Reduced path from 4 to 3 nodes, 2 collision checks, 0.02 ms[0m
[INFO] [1782989349.579] [/exploration_node]:   Segment 1: 1.84 m
[INFO] [1782989349.579] [/exploration_node]:   Segment 2: 0.38 m
[INFO] [1782989349.624] [/exploration_node]: [33m[Path Simplification] Reduced path from 4 to 3 nodes, 2 collision checks, 0.04 ms[0m
[INFO] [1782989349.624] [/exploration_node]:   Segment 1: 1.83 m
[INFO] [1782989349.624] [/exploration_node]:   Segment 2: 0.38 m
[INFO] [1782989349.668] [/exploration_node]: [33m[Path Simplification] Reduced path from 4 to 3 nodes, 2 collision checks, 0.06 ms[0m
[INFO] [1782989349.668] [/exploration_node]:   Segment 1: 1.83 m
[INFO] [1782989349.668] [/exploration_node]:   Segment 2: 0.38 m
[INFO] [1782989349.711] [/exploration_node]: [33m[Path Simplification] Reduced path from 4 to 3 nodes, 2 collision checks, 0.03 ms[0m
[INFO] [1782989349.711] [/exploration_node]:   Segment 1: 1.84 m
[INFO] [1782989349.711] [/exploration_node]:   Segment 2: 0.38 m
[INFO] [1782989349.754] [/exploration_node]: [33m[Path Simplification] Reduced path from 4 to 3 nodes, 2 collision checks, 0.02 ms[0m
[INFO] [1782989349.754] [/exploration_node]:   Segment 1: 1.84 m
[INFO] [1782989349.754] [/exploration_node]:   Segment 2: 0.38 m
[WARN] [1782989349.766] [/px4_ctrl_bridge]: [px4_bridge] AVOIDANCE ACTIVE -> forwarding /target_avoidance
[INFO] [1782989349.792] [/exploration_node]: [33m[Path Simplification] Reduced path from 4 to 3 nodes, 2 collision checks, 0.02 ms[0m
[INFO] [1782989349.792] [/exploration_node]:   Segment 1: 1.84 m
[INFO] [1782989349.792] [/exploration_node]:   Segment 2: 0.38 m
[INFO] [1782989349.799] [/exploration_node]: [33m[Path Simplification] Reduced path from 4 to 3 nodes, 2 collision checks, 0.05 ms[0m
[INFO] [1782989349.799] [/exploration_node]:   Segment 1: 1.84 m
[INFO] [1782989349.799] [/exploration_node]:   Segment 2: 0.38 m
[INFO] [1782989349.843] [/exploration_node]: [33m[Path Simplification] Reduced path from 4 to 3 nodes, 2 collision checks, 0.05 ms[0m
[INFO] [1782989349.843] [/exploration_node]:   Segment 1: 1.83 m
[INFO] [1782989349.843] [/exploration_node]:   Segment 2: 0.38 m
[INFO] [1782989349.886] [/exploration_node]: [33m[Path Simplification] Reduced path from 4 to 3 nodes, 2 collision checks, 0.06 ms[0m
[INFO] [1782989349.886] [/exploration_node]:   Segment 1: 1.83 m
[INFO] [1782989349.886] [/exploration_node]:   Segment 2: 0.38 m
[INFO] [1782989349.931] [/exploration_node]: [33m[Path Simplification] Reduced path from 4 to 3 nodes, 2 collision checks, 0.04 ms[0m
[INFO] [1782989349.931] [/exploration_node]:   Segment 1: 1.83 m
[INFO] [1782989349.931] [/exploration_node]:   Segment 2: 0.38 m
[INFO] [1782989349.974] [/exploration_node]: [33m[Path Simplification] Reduced path from 4 to 3 nodes, 2 collision checks, 0.03 ms[0m
[INFO] [1782989349.974] [/exploration_node]:   Segment 1: 1.83 m
[INFO] [1782989349.974] [/exploration_node]:   Segment 2: 0.38 m
[INFO] [1782989350.012] [/exploration_node]: [33m[Path Simplification] Reduced path from 4 to 3 nodes, 2 collision checks, 0.04 ms[0m
[INFO] [1782989350.012] [/exploration_node]:   Segment 1: 1.83 m
[INFO] [1782989350.012] [/exploration_node]:   Segment 2: 0.38 m
[INFO] [1782989350.022] [/exploration_node]: [33m[Path Simplification] Reduced path from 4 to 3 nodes, 2 collision checks, 0.04 ms[0m
[INFO] [1782989350.022] [/exploration_node]:   Segment 1: 1.83 m
[INFO] [1782989350.022] [/exploration_node]:   Segment 2: 0.38 m
[INFO] [1782989350.065] [/exploration_node]: [33m[Path Simplification] Reduced path from 4 to 3 nodes, 2 collision checks, 0.03 ms[0m
[INFO] [1782989350.065] [/exploration_node]:   Segment 1: 1.83 m
[INFO] [1782989350.065] [/exploration_node]:   Segment 2: 0.38 m
[INFO] [1782989350.109] [/exploration_node]: [33m[Path Simplification] Reduced path from 4 to 3 nodes, 2 collision checks, 0.05 ms[0m
[INFO] [1782989350.109] [/exploration_node]:   Segment 1: 1.83 m
[INFO] [1782989350.109] [/exploration_node]:   Segment 2: 0.38 m
[INFO] [1782989350.154] [/exploration_node]: [33m[Path Simplification] Reduced path from 4 to 3 nodes, 2 collision checks, 0.03 ms[0m
[INFO] [1782989350.155] [/exploration_node]:   Segment 1: 1.83 m
[INFO] [1782989350.155] [/exploration_node]:   Segment 2: 0.38 m
[INFO] [1782989350.197] [/exploration_node]: [33m[Path Simplification] Reduced path from 4 to 3 nodes, 2 collision checks, 0.02 ms[0m
[INFO] [1782989350.197] [/exploration_node]:   Segment 1: 1.83 m
[INFO] [1782989350.197] [/exploration_node]:   Segment 2: 0.38 m
[INFO] [1782989350.264] [/exploration_node]: [33m[Path Simplification] Reduced path from 4 to 3 nodes, 2 collision checks, 0.04 ms[0m
[INFO] [1782989350.264] [/exploration_node]:   Segment 1: 1.83 m
[INFO] [1782989350.264] [/exploration_node]:   Segment 2: 0.38 m
[INFO] [1782989350.270] [/exploration_node]: [33m[Path Simplification] Reduced path from 4 to 3 nodes, 2 collision checks, 0.04 ms[0m
[INFO] [1782989350.270] [/exploration_node]:   Segment 1: 1.83 m
[INFO] [1782989350.270] [/exploration_node]:   Segment 2: 0.38 m
[INFO] [1782989350.316] [/exploration_node]: [33m[Path Simplification] Reduced path from 4 to 3 nodes, 2 collision checks, 0.03 ms[0m
[INFO] [1782989350.316] [/exploration_node]:   Segment 1: 1.83 m
[INFO] [1782989350.316] [/exploration_node]:   Segment 2: 0.38 m
[INFO] [1782989350.364] [/exploration_node]: [33m[Path Simplification] Reduced path from 4 to 3 nodes, 2 collision checks, 0.05 ms[0m
[INFO] [1782989350.364] [/exploration_node]:   Segment 1: 1.83 m
[INFO] [1782989350.364] [/exploration_node]:   Segment 2: 0.38 m
[INFO] [1782989350.368] [/local_avoidance]: [local_avoidance] DEACTIVATED
[WARN] [1782989350.396] [/px4_ctrl_bridge]: [px4_bridge] avoidance released -> published /planning/replan
[WARN] [1782989350.398] [/exploration_node]: [EV] [1782989350.398][    +53.3s][PLAN_TRAJ_RTH] STATE PLAN_TRAJ_RTH -> PLAN_TRAJ_RTH [avoidance released: replan from current pose] |  (prev cycle x17/1.9s)
[INFO] [1782989350.398] [/exploration_node]: [EV] [1782989350.398][    +53.3s][PLAN_TRAJ_RTH] AVOID OFF (released, replan from current pose)  <->  ON (obstacle close, reactive layer overrides cmd) | cycling x2 over 38.9s
[INFO] [1782989350.403] [/exploration_node]: [33m[Path Simplification] Reduced path from 4 to 3 nodes, 2 collision checks, 0.02 ms[0m
[INFO] [1782989350.403] [/exploration_node]:   Segment 1: 1.83 m
[INFO] [1782989350.403] [/exploration_node]:   Segment 2: 0.38 m
[INFO] [1782989350.446] [/exploration_node]: [33m[Path Simplification] Reduced path from 4 to 3 nodes, 2 collision checks, 0.02 ms[0m
[INFO] [1782989350.446] [/exploration_node]:   Segment 1: 1.83 m
[INFO] [1782989350.446] [/exploration_node]:   Segment 2: 0.38 m
[INFO] [1782989350.491] [/exploration_node]: [33m[Path Simplification] Reduced path from 4 to 3 nodes, 2 collision checks, 0.03 ms[0m
[INFO] [1782989350.491] [/exploration_node]:   Segment 1: 1.83 m
[INFO] [1782989350.491] [/exploration_node]:   Segment 2: 0.38 m
[INFO] [1782989350.492] [/exploration_node]: [EV] [1782989350.492][    +53.4s][PLAN_TRAJ_RTH] GLOBAL result=RTH_PATH_OK | why: path to goal: 3 nodes / 2.2m (connected via 1) | clusters=0(reach 0) vp=0(reach 0) pipe[tot=0 dorm=0 unreach=0 cons=0 nocand=0 topo=0 novis=0 ok=0] tour=3n/2.2m goal=(0.1, 0.1, 1.4) t=6ms (x4)
[INFO] [1782989350.492] [/exploration_node]: [EV] [1782989350.492][    +53.4s][PLAN_TRAJ_RTH] STATE PLAN_TRAJ_RTH -> PLAN_TRAJ_RTH [planGoalPath: succeed] |  (prev cycle x1/0.1s)
[INFO] [1782989350.498] [/exploration_node]: [33m[Path Simplification] Reduced path from 4 to 3 nodes, 2 collision checks, 0.03 ms[0m
[INFO] [1782989350.498] [/exploration_node]:   Segment 1: 1.83 m
[INFO] [1782989350.498] [/exploration_node]:   Segment 2: 0.38 m
[INFO] [1782989350.526] [/exploration_node]: [EV] [1782989350.526][    +53.4s][PLAN_TRAJ_RTH] BATT 23.5V | v=23.78V pct=53% (x1)
[INFO] [1782989350.536] [/exploration_node]: [EV] [1782989350.536][    +53.4s][PLAN_TRAJ_RTH] RTH d2goal=1.0m | auto-home(xy) dist=1.16m tol=0.20m goal=(0.02, -0.04, 1.10) (x27)
[INFO] [1782989350.541] [/exploration_node]: [33m[Path Simplification] Reduced path from 4 to 3 nodes, 2 collision checks, 0.03 ms[0m
[INFO] [1782989350.541] [/exploration_node]:   Segment 1: 1.83 m
[INFO] [1782989350.541] [/exploration_node]:   Segment 2: 0.38 m
[INFO] [1782989350.585] [/exploration_node]: [33m[Path Simplification] Reduced path from 4 to 3 nodes, 2 collision checks, 0.06 ms[0m
[INFO] [1782989350.585] [/exploration_node]:   Segment 1: 1.83 m
[INFO] [1782989350.585] [/exploration_node]:   Segment 2: 0.38 m
[INFO] [1782989350.630] [/exploration_node]: [33m[Path Simplification] Reduced path from 4 to 3 nodes, 2 collision checks, 0.04 ms[0m
[INFO] [1782989350.630] [/exploration_node]:   Segment 1: 1.83 m
[INFO] [1782989350.630] [/exploration_node]:   Segment 2: 0.38 m
[INFO] [1782989350.673] [/exploration_node]: [33m[Path Simplification] Reduced path from 4 to 3 nodes, 2 collision checks, 0.04 ms[0m
[INFO] [1782989350.673] [/exploration_node]:   Segment 1: 1.83 m
[INFO] [1782989350.673] [/exploration_node]:   Segment 2: 0.38 m
[INFO] [1782989350.710] [/exploration_node]: [33m[Path Simplification] Reduced path from 4 to 3 nodes, 2 collision checks, 0.03 ms[0m
[INFO] [1782989350.711] [/exploration_node]:   Segment 1: 1.83 m
[INFO] [1782989350.711] [/exploration_node]:   Segment 2: 0.38 m
[INFO] [1782989350.720] [/exploration_node]: [33m[Path Simplification] Reduced path from 4 to 3 nodes, 2 collision checks, 0.04 ms[0m
[INFO] [1782989350.720] [/exploration_node]:   Segment 1: 1.83 m
[INFO] [1782989350.720] [/exploration_node]:   Segment 2: 0.38 m
[INFO] [1782989350.763] [/exploration_node]: [33m[Path Simplification] Reduced path from 4 to 3 nodes, 2 collision checks, 0.03 ms[0m
[INFO] [1782989350.763] [/exploration_node]:   Segment 1: 1.83 m
[INFO] [1782989350.763] [/exploration_node]:   Segment 2: 0.38 m
[INFO] [1782989350.807] [/exploration_node]: [33m[Path Simplification] Reduced path from 4 to 3 nodes, 2 collision checks, 0.05 ms[0m
[INFO] [1782989350.807] [/exploration_node]:   Segment 1: 1.83 m
[INFO] [1782989350.807] [/exploration_node]:   Segment 2: 0.38 m
[WARN] [1782989350.816] [/exploration_node]: [RTH] local plan failed: escape: gcopter setup failed
[INFO] [1782989350.850] [/exploration_node]: [33m[Path Simplification] Reduced path from 4 to 3 nodes, 2 collision checks, 0.03 ms[0m
[INFO] [1782989350.850] [/exploration_node]:   Segment 1: 1.83 m
[INFO] [1782989350.850] [/exploration_node]:   Segment 2: 0.38 m
[INFO] [1782989350.888] [/exploration_node]: [EV] [1782989350.888][    +53.8s][PLAN_TRAJ_RTH] RTH d2goal=1.0m | auto-home(xy) dist=1.15m tol=0.20m goal=(0.02, -0.04, 1.10) (x7)
[INFO] [1782989350.894] [/exploration_node]: [33m[Path Simplification] Reduced path from 4 to 3 nodes, 2 collision checks, 0.04 ms[0m
[INFO] [1782989350.894] [/exploration_node]:   Segment 1: 1.83 m
[INFO] [1782989350.894] [/exploration_node]:   Segment 2: 0.38 m
[INFO] [1782989350.947] [/exploration_node]: [33m[Path Simplification] Reduced path from 4 to 3 nodes, 2 collision checks, 0.02 ms[0m
[INFO] [1782989350.947] [/exploration_node]:   Segment 1: 1.83 m
[INFO] [1782989350.947] [/exploration_node]:   Segment 2: 0.38 m
[INFO] [1782989350.953] [/exploration_node]: [33m[Path Simplification] Reduced path from 4 to 3 nodes, 2 collision checks, 0.03 ms[0m
[INFO] [1782989350.953] [/exploration_node]:   Segment 1: 1.83 m
[INFO] [1782989350.953] [/exploration_node]:   Segment 2: 0.38 m
[INFO] [1782989350.997] [/exploration_node]: [33m[Path Simplification] Reduced path from 4 to 3 nodes, 2 collision checks, 0.03 ms[0m
[INFO] [1782989350.997] [/exploration_node]:   Segment 1: 1.83 m
[INFO] [1782989350.998] [/exploration_node]:   Segment 2: 0.38 m
[WARN] [1782989351.006] [/exploration_node]: [local-plan] start not in corridor (static start; corridor pieces=16)
[WARN] [1782989351.006] [/exploration_node]: [local-plan] escape: gcopter setup failed
[INFO] [1782989351.041] [/exploration_node]: [33m[Path Simplification] Reduced path from 4 to 3 nodes, 2 collision checks, 0.04 ms[0m
[INFO] [1782989351.041] [/exploration_node]:   Segment 1: 1.83 m
[INFO] [1782989351.041] [/exploration_node]:   Segment 2: 0.38 m
[INFO] [1782989351.084] [/exploration_node]: [33m[Path Simplification] Reduced path from 4 to 3 nodes, 2 collision checks, 0.02 ms[0m
[INFO] [1782989351.084] [/exploration_node]:   Segment 1: 1.83 m
[INFO] [1782989351.084] [/exploration_node]:   Segment 2: 0.38 m
[INFO] [1782989351.128] [/exploration_node]: [33m[Path Simplification] Reduced path from 4 to 3 nodes, 2 collision checks, 0.02 ms[0m
[INFO] [1782989351.128] [/exploration_node]:   Segment 1: 1.83 m
[INFO] [1782989351.128] [/exploration_node]:   Segment 2: 0.38 m
[INFO] [1782989351.175] [/exploration_node]: [33m[Path Simplification] Reduced path from 4 to 3 nodes, 2 collision checks, 0.03 ms[0m
[INFO] [1782989351.175] [/exploration_node]:   Segment 1: 1.83 m
[INFO] [1782989351.175] [/exploration_node]:   Segment 2: 0.38 m
[INFO] [1782989351.184] [/exploration_node]: [33m[Path Simplification] Reduced path from 4 to 3 nodes, 2 collision checks, 0.03 ms[0m
[INFO] [1782989351.184] [/exploration_node]:   Segment 1: 1.83 m
[INFO] [1782989351.184] [/exploration_node]:   Segment 2: 0.38 m
[INFO] [1782989351.228] [/exploration_node]: [33m[Path Simplification] Reduced path from 4 to 3 nodes, 2 collision checks, 0.03 ms[0m
[INFO] [1782989351.228] [/exploration_node]:   Segment 1: 1.83 m
[INFO] [1782989351.228] [/exploration_node]:   Segment 2: 0.38 m
[INFO] [1782989351.271] [/exploration_node]: [33m[Path Simplification] Reduced path from 4 to 3 nodes, 2 collision checks, 0.04 ms[0m
[INFO] [1782989351.271] [/exploration_node]:   Segment 1: 1.83 m
[INFO] [1782989351.271] [/exploration_node]:   Segment 2: 0.38 m
[WARN] [1782989351.301] [/exploration_node]: [EV] [1782989351.301][    +54.2s][PLAN_TRAJ_RTH] LOCAL RTH FAIL | why: escape: gcopter setup failed | t=34.3ms (x54)
[INFO] [1782989351.317] [/exploration_node]: [33m[Path Simplification] Reduced path from 4 to 3 nodes, 2 collision checks, 0.06 ms[0m
[INFO] [1782989351.317] [/exploration_node]:   Segment 1: 1.83 m
[INFO] [1782989351.317] [/exploration_node]:   Segment 2: 0.38 m
[INFO] [1782989351.359] [/exploration_node]: [33m[Path Simplification] Reduced path from 4 to 3 nodes, 2 collision checks, 0.02 ms[0m
[INFO] [1782989351.359] [/exploration_node]:   Segment 1: 1.83 m
[INFO] [1782989351.359] [/exploration_node]:   Segment 2: 0.38 m
[INFO] [1782989351.411] [/exploration_node]: [33m[Path Simplification] Reduced path from 4 to 3 nodes, 2 collision checks, 0.03 ms[0m
[INFO] [1782989351.411] [/exploration_node]:   Segment 1: 1.83 m
[INFO] [1782989351.411] [/exploration_node]:   Segment 2: 0.38 m
[INFO] [1782989351.417] [/exploration_node]: [33m[Path Simplification] Reduced path from 4 to 3 nodes, 2 collision checks, 0.03 ms[0m
[INFO] [1782989351.417] [/exploration_node]:   Segment 1: 1.83 m
[INFO] [1782989351.417] [/exploration_node]:   Segment 2: 0.38 m
[INFO] [1782989351.461] [/exploration_node]: [33m[Path Simplification] Reduced path from 4 to 3 nodes, 2 collision checks, 0.03 ms[0m
[INFO] [1782989351.461] [/exploration_node]:   Segment 1: 1.83 m
[INFO] [1782989351.461] [/exploration_node]:   Segment 2: 0.38 m
[INFO] [1782989351.499] [/exploration_node]: [EV] [1782989351.499][    +54.4s][PLAN_TRAJ_RTH] RTH d2goal=1.0m | auto-home(xy) dist=1.14m tol=0.20m goal=(0.02, -0.04, 1.10) (x12)
[INFO] [1782989351.504] [/exploration_node]: [33m[Path Simplification] Reduced path from 4 to 3 nodes, 2 collision checks, 0.03 ms[0m
[INFO] [1782989351.504] [/exploration_node]:   Segment 1: 1.83 m
[INFO] [1782989351.504] [/exploration_node]:   Segment 2: 0.38 m
[INFO] [1782989351.548] [/exploration_node]: [33m[Path Simplification] Reduced path from 4 to 3 nodes, 2 collision checks, 0.03 ms[0m
[INFO] [1782989351.548] [/exploration_node]:   Segment 1: 1.83 m
[INFO] [1782989351.548] [/exploration_node]:   Segment 2: 0.38 m
[INFO] [1782989351.586] [/exploration_node]: [EV] [1782989351.586][    +54.5s][PLAN_TRAJ_RTH] RTH d2goal=1.0m | auto-home(xy) dist=1.15m tol=0.20m goal=(0.02, -0.04, 1.10) (x1)
[INFO] [1782989351.592] [/exploration_node]: [33m[Path Simplification] Reduced path from 4 to 3 nodes, 2 collision checks, 0.03 ms[0m
[INFO] [1782989351.592] [/exploration_node]:   Segment 1: 1.83 m
[INFO] [1782989351.592] [/exploration_node]:   Segment 2: 0.38 m
[INFO] [1782989351.630] [/exploration_node]: [33m[Path Simplification] Reduced path from 4 to 3 nodes, 2 collision checks, 0.03 ms[0m
[INFO] [1782989351.630] [/exploration_node]:   Segment 1: 1.83 m
[INFO] [1782989351.630] [/exploration_node]:   Segment 2: 0.38 m
[INFO] [1782989351.636] [/exploration_node]: [33m[Path Simplification] Reduced path from 4 to 3 nodes, 2 collision checks, 0.02 ms[0m
[INFO] [1782989351.636] [/exploration_node]:   Segment 1: 1.83 m
[INFO] [1782989351.636] [/exploration_node]:   Segment 2: 0.38 m
[INFO] [1782989351.677] [/exploration_node]: [EV] [1782989351.676][    +54.6s][PLAN_TRAJ_RTH] RTH d2goal=1.0m | auto-home(xy) dist=1.14m tol=0.20m goal=(0.02, -0.04, 1.10) (x1)
[INFO] [1782989351.681] [/exploration_node]: [33m[Path Simplification] Reduced path from 4 to 3 nodes, 2 collision checks, 0.02 ms[0m
[INFO] [1782989351.681] [/exploration_node]:   Segment 1: 1.83 m
[INFO] [1782989351.681] [/exploration_node]:   Segment 2: 0.38 m
[INFO] [1782989351.720] [/exploration_node]: [EV] [1782989351.720][    +54.6s][PLAN_TRAJ_RTH] RTH d2goal=1.0m | auto-home(xy) dist=1.15m tol=0.20m goal=(0.02, -0.04, 1.10)
[INFO] [1782989351.726] [/exploration_node]: [33m[Path Simplification] Reduced path from 4 to 3 nodes, 2 collision checks, 0.03 ms[0m
[INFO] [1782989351.726] [/exploration_node]:   Segment 1: 1.83 m
[INFO] [1782989351.726] [/exploration_node]:   Segment 2: 0.38 m
[INFO] [1782989351.769] [/exploration_node]: [33m[Path Simplification] Reduced path from 4 to 3 nodes, 2 collision checks, 0.03 ms[0m
[INFO] [1782989351.769] [/exploration_node]:   Segment 1: 1.83 m
[INFO] [1782989351.769] [/exploration_node]:   Segment 2: 0.38 m
[INFO] [1782989351.814] [/exploration_node]: [33m[Path Simplification] Reduced path from 4 to 3 nodes, 2 collision checks, 0.02 ms[0m
[INFO] [1782989351.815] [/exploration_node]:   Segment 1: 1.84 m
[INFO] [1782989351.815] [/exploration_node]:   Segment 2: 0.38 m
[INFO] [1782989351.843] [/exploration_node]: [EV] [1782989351.843][    +54.7s][EXEC_TRAJ] STATE PLAN_TRAJ_RTH -> EXEC_TRAJ [PLAN_TRAJ_RTH: plan success] |  (prev cycle x11/1.4s)
[INFO] [1782989351.856] [/exploration_node]: [33m[Path Simplification] Reduced path from 4 to 3 nodes, 2 collision checks, 0.02 ms[0m
[INFO] [1782989351.856] [/exploration_node]:   Segment 1: 1.84 m
[INFO] [1782989351.856] [/exploration_node]:   Segment 2: 0.38 m
[INFO] [1782989351.857] [/exploration_node]: [EV] [1782989351.857][    +54.7s][PLAN_TRAJ_RTH] STATE EXEC_TRAJ -> PLAN_TRAJ_RTH [planGoalPath: succeed]
[INFO] [1782989351.862] [/exploration_node]: [33m[Path Simplification] Reduced path from 4 to 3 nodes, 2 collision checks, 0.03 ms[0m
[INFO] [1782989351.862] [/exploration_node]:   Segment 1: 1.84 m
[INFO] [1782989351.862] [/exploration_node]:   Segment 2: 0.38 m
[WARN] [1782989351.880] [/exploration_node]: [local-plan] post-check: new traj collides within 1s
[WARN] [1782989351.891] [/exploration_node]: [EV] [1782989351.891][    +54.8s][PLAN_TRAJ_RTH] LOCAL RTH FAIL | why: post-check: new traj collides within 1s | t=33.4ms (prev cycle x7/5.1s)
[WARN] [1782989351.891] [/exploration_node]: [EV] [1782989351.891][    +54.8s][PLAN_TRAJ_RTH] STATE PLAN_TRAJ_RTH -> PLAN_TRAJ_RTH [PLAN_TRAJ_RTH: plan failed]
[WARN] [1782989351.892] [/exploration_node]: [EV] [1782989351.892][    +54.8s][PLAN_TRAJ_RTH] STATE PLAN_TRAJ_RTH -> PLAN_TRAJ_RTH [safetyCallback: not safe, time:0.069410]
[INFO] [1782989351.906] [/exploration_node]: [33m[Path Simplification] Reduced path from 4 to 3 nodes, 2 collision checks, 0.04 ms[0m
[INFO] [1782989351.906] [/exploration_node]:   Segment 1: 1.83 m
[INFO] [1782989351.906] [/exploration_node]:   Segment 2: 0.38 m
[WARN] [1782989351.936] [/exploration_node]: [EV] [1782989351.936][    +54.8s][PLAN_TRAJ_RTH] STATE PLAN_TRAJ_RTH -> PLAN_TRAJ_RTH [safetyCallback: not safe, time:0.113199] |  (prev cycle x1/0.0s)
[INFO] [1782989351.950] [/exploration_node]: [33m[Path Simplification] Reduced path from 4 to 3 nodes, 2 collision checks, 0.02 ms[0m
[INFO] [1782989351.950] [/exploration_node]:   Segment 1: 1.84 m
[INFO] [1782989351.950] [/exploration_node]:   Segment 2: 0.38 m
[WARN] [1782989351.979] [/exploration_node]: [EV] [1782989351.979][    +54.9s][PLAN_TRAJ_RTH] STATE PLAN_TRAJ_RTH -> PLAN_TRAJ_RTH [safetyCallback: not safe, time:0.156740] |  (prev cycle x1/0.0s)
[INFO] [1782989351.993] [/exploration_node]: [33m[Path Simplification] Reduced path from 4 to 3 nodes, 2 collision checks, 0.03 ms[0m
[INFO] [1782989351.993] [/exploration_node]:   Segment 1: 1.83 m
[INFO] [1782989351.993] [/exploration_node]:   Segment 2: 0.38 m
[WARN] [1782989352.024] [/exploration_node]: [EV] [1782989352.024][    +54.9s][PLAN_TRAJ_RTH] STATE PLAN_TRAJ_RTH -> PLAN_TRAJ_RTH [safetyCallback: not safe, time:0.201182] |  (prev cycle x1/0.0s)
[INFO] [1782989352.037] [/exploration_node]: [33m[Path Simplification] Reduced path from 4 to 3 nodes, 2 collision checks, 0.04 ms[0m
[INFO] [1782989352.037] [/exploration_node]:   Segment 1: 1.84 m
[INFO] [1782989352.037] [/exploration_node]:   Segment 2: 0.38 m
[WARN] [1782989352.067] [/exploration_node]: [EV] [1782989352.067][    +55.0s][PLAN_TRAJ_RTH] STATE PLAN_TRAJ_RTH -> PLAN_TRAJ_RTH [safetyCallback: not safe, time:0.244162] |  (prev cycle x1/0.0s)
[INFO] [1782989352.086] [/exploration_node]: [33m[Path Simplification] Reduced path from 4 to 3 nodes, 2 collision checks, 0.02 ms[0m
[INFO] [1782989352.086] [/exploration_node]:   Segment 1: 1.84 m
[INFO] [1782989352.086] [/exploration_node]:   Segment 2: 0.38 m
[INFO] [1782989352.088] [/exploration_node]: [EV] [1782989352.087][    +55.0s][PLAN_TRAJ_RTH] GLOBAL result=RTH_PATH_OK | why: path to goal: 3 nodes / 2.2m (connected via 1) | clusters=0(reach 0) vp=0(reach 0) pipe[tot=0 dorm=0 unreach=0 cons=0 nocand=0 topo=0 novis=0 ok=0] tour=3n/2.2m goal=(0.1, 0.1, 1.4) t=5ms (x6)
[INFO] [1782989352.088] [/exploration_node]: [EV] [1782989352.088][    +55.0s][PLAN_TRAJ_RTH] STATE PLAN_TRAJ_RTH -> PLAN_TRAJ_RTH [planGoalPath: succeed]
[INFO] [1782989352.093] [/exploration_node]: [33m[Path Simplification] Reduced path from 4 to 3 nodes, 2 collision checks, 0.03 ms[0m
[INFO] [1782989352.093] [/exploration_node]:   Segment 1: 1.84 m
[INFO] [1782989352.093] [/exploration_node]:   Segment 2: 0.38 m
[WARN] [1782989352.121] [/exploration_node]: [EV] [1782989352.121][    +55.0s][PLAN_TRAJ_RTH] STATE PLAN_TRAJ_RTH -> PLAN_TRAJ_RTH [PLAN_TRAJ_RTH: plan failed]
[INFO] [1782989352.136] [/exploration_node]: [33m[Path Simplification] Reduced path from 4 to 3 nodes, 2 collision checks, 0.02 ms[0m
[INFO] [1782989352.136] [/exploration_node]:   Segment 1: 1.84 m
[INFO] [1782989352.136] [/exploration_node]:   Segment 2: 0.38 m
[WARN] [1782989352.167] [/exploration_node]: [EV] [1782989352.167][    +55.1s][PLAN_TRAJ_RTH] LOCAL RTH FAIL | why: escape: gcopter setup failed | t=35.8ms (prev x5/0.2s)
[INFO] [1782989352.182] [/exploration_node]: [33m[Path Simplification] Reduced path from 4 to 3 nodes, 2 collision checks, 0.02 ms[0m
[INFO] [1782989352.182] [/exploration_node]:   Segment 1: 1.83 m
[INFO] [1782989352.182] [/exploration_node]:   Segment 2: 0.38 m
[INFO] [1782989352.225] [/exploration_node]: [33m[Path Simplification] Reduced path from 4 to 3 nodes, 2 collision checks, 0.07 ms[0m
[INFO] [1782989352.225] [/exploration_node]:   Segment 1: 1.83 m
[INFO] [1782989352.225] [/exploration_node]:   Segment 2: 0.38 m
[INFO] [1782989352.269] [/exploration_node]: [33m[Path Simplification] Reduced path from 4 to 3 nodes, 2 collision checks, 0.02 ms[0m
[INFO] [1782989352.269] [/exploration_node]:   Segment 1: 1.83 m
[INFO] [1782989352.269] [/exploration_node]:   Segment 2: 0.38 m
[INFO] [1782989352.316] [/exploration_node]: [33m[Path Simplification] Reduced path from 4 to 3 nodes, 2 collision checks, 0.03 ms[0m
[INFO] [1782989352.316] [/exploration_node]:   Segment 1: 1.83 m
[INFO] [1782989352.316] [/exploration_node]:   Segment 2: 0.38 m
[INFO] [1782989352.324] [/exploration_node]: [33m[Path Simplification] Reduced path from 4 to 3 nodes, 2 collision checks, 0.02 ms[0m
[INFO] [1782989352.324] [/exploration_node]:   Segment 1: 1.84 m
[INFO] [1782989352.324] [/exploration_node]:   Segment 2: 0.38 m
[INFO] [1782989352.369] [/exploration_node]: [33m[Path Simplification] Reduced path from 4 to 3 nodes, 2 collision checks, 0.02 ms[0m
[INFO] [1782989352.369] [/exploration_node]:   Segment 1: 1.83 m
[INFO] [1782989352.369] [/exploration_node]:   Segment 2: 0.38 m
[INFO] [1782989352.414] [/exploration_node]: [33m[Path Simplification] Reduced path from 4 to 3 nodes, 2 collision checks, 0.02 ms[0m
[INFO] [1782989352.414] [/exploration_node]:   Segment 1: 1.83 m
[INFO] [1782989352.414] [/exploration_node]:   Segment 2: 0.38 m
[INFO] [1782989352.459] [/exploration_node]: [33m[Path Simplification] Reduced path from 4 to 3 nodes, 2 collision checks, 0.02 ms[0m
[INFO] [1782989352.459] [/exploration_node]:   Segment 1: 1.83 m
[INFO] [1782989352.459] [/exploration_node]:   Segment 2: 0.38 m
[INFO] [1782989352.502] [/exploration_node]: [33m[Path Simplification] Reduced path from 4 to 3 nodes, 2 collision checks, 0.02 ms[0m
[INFO] [1782989352.502] [/exploration_node]:   Segment 1: 1.83 m
[INFO] [1782989352.502] [/exploration_node]:   Segment 2: 0.38 m
[INFO] [1782989352.542] [/exploration_node]: [33m[Path Simplification] Reduced path from 4 to 3 nodes, 2 collision checks, 0.02 ms[0m
[INFO] [1782989352.542] [/exploration_node]:   Segment 1: 1.83 m
[INFO] [1782989352.542] [/exploration_node]:   Segment 2: 0.38 m
[INFO] [1782989352.547] [/exploration_node]: [33m[Path Simplification] Reduced path from 4 to 3 nodes, 2 collision checks, 0.02 ms[0m
[INFO] [1782989352.547] [/exploration_node]:   Segment 1: 1.83 m
[INFO] [1782989352.547] [/exploration_node]:   Segment 2: 0.38 m
[INFO] [1782989352.591] [/exploration_node]: [33m[Path Simplification] Reduced path from 4 to 3 nodes, 2 collision checks, 0.02 ms[0m
[INFO] [1782989352.591] [/exploration_node]:   Segment 1: 1.83 m
[INFO] [1782989352.591] [/exploration_node]:   Segment 2: 0.38 m
[INFO] [1782989352.637] [/exploration_node]: [33m[Path Simplification] Reduced path from 4 to 3 nodes, 2 collision checks, 0.02 ms[0m
[INFO] [1782989352.637] [/exploration_node]:   Segment 1: 1.84 m
[INFO] [1782989352.637] [/exploration_node]:   Segment 2: 0.38 m
[INFO] [1782989352.680] [/exploration_node]: [33m[Path Simplification] Reduced path from 4 to 3 nodes, 2 collision checks, 0.02 ms[0m
[INFO] [1782989352.680] [/exploration_node]:   Segment 1: 1.84 m
[INFO] [1782989352.680] [/exploration_node]:   Segment 2: 0.38 m
[INFO] [1782989352.725] [/exploration_node]: [33m[Path Simplification] Reduced path from 4 to 3 nodes, 2 collision checks, 0.02 ms[0m
[INFO] [1782989352.725] [/exploration_node]:   Segment 1: 1.84 m
[INFO] [1782989352.725] [/exploration_node]:   Segment 2: 0.38 m
[INFO] [1782989352.785] [/exploration_node]: [33m[Path Simplification] Reduced path from 4 to 3 nodes, 2 collision checks, 0.02 ms[0m
[INFO] [1782989352.785] [/exploration_node]:   Segment 1: 1.84 m
[INFO] [1782989352.785] [/exploration_node]:   Segment 2: 0.38 m
[INFO] [1782989352.793] [/exploration_node]: [33m[Path Simplification] Reduced path from 4 to 3 nodes, 2 collision checks, 0.02 ms[0m
[INFO] [1782989352.793] [/exploration_node]:   Segment 1: 1.83 m
[INFO] [1782989352.793] [/exploration_node]:   Segment 2: 0.38 m
[INFO] [1782989352.838] [/exploration_node]: [33m[Path Simplification] Reduced path from 4 to 3 nodes, 2 collision checks, 0.02 ms[0m
[INFO] [1782989352.838] [/exploration_node]:   Segment 1: 1.83 m
[INFO] [1782989352.838] [/exploration_node]:   Segment 2: 0.38 m
[WARN] [1782989352.847] [/exploration_node]: [RTH] local plan failed: escape: gcopter setup failed
[INFO] [1782989352.884] [/exploration_node]: [33m[Path Simplification] Reduced path from 4 to 3 nodes, 2 collision checks, 0.02 ms[0m
[INFO] [1782989352.884] [/exploration_node]:   Segment 1: 1.83 m
[INFO] [1782989352.884] [/exploration_node]:   Segment 2: 0.38 m
[INFO] [1782989352.927] [/exploration_node]: [33m[Path Simplification] Reduced path from 4 to 3 nodes, 2 collision checks, 0.02 ms[0m
[INFO] [1782989352.927] [/exploration_node]:   Segment 1: 1.83 m
[INFO] [1782989352.927] [/exploration_node]:   Segment 2: 0.38 m
[INFO] [1782989352.970] [/exploration_node]: [33m[Path Simplification] Reduced path from 4 to 3 nodes, 2 collision checks, 0.02 ms[0m
[INFO] [1782989352.970] [/exploration_node]:   Segment 1: 1.83 m
[INFO] [1782989352.970] [/exploration_node]:   Segment 2: 0.38 m
[INFO] [1782989353.006] [/exploration_node]: [33m[Path Simplification] Reduced path from 4 to 3 nodes, 2 collision checks, 0.02 ms[0m
[INFO] [1782989353.006] [/exploration_node]:   Segment 1: 1.83 m
[INFO] [1782989353.006] [/exploration_node]:   Segment 2: 0.38 m
[INFO] [1782989353.014] [/exploration_node]: [33m[Path Simplification] Reduced path from 4 to 3 nodes, 2 collision checks, 0.02 ms[0m
[INFO] [1782989353.014] [/exploration_node]:   Segment 1: 1.83 m
[INFO] [1782989353.014] [/exploration_node]:   Segment 2: 0.38 m
[WARN] [1782989353.022] [/exploration_node]: [local-plan] start not in corridor (static start; corridor pieces=16)
[WARN] [1782989353.022] [/exploration_node]: [local-plan] escape: gcopter setup failed
[INFO] [1782989353.059] [/exploration_node]: [33m[Path Simplification] Reduced path from 4 to 3 nodes, 2 collision checks, 0.03 ms[0m
[INFO] [1782989353.059] [/exploration_node]:   Segment 1: 1.84 m
[INFO] [1782989353.059] [/exploration_node]:   Segment 2: 0.38 m
[INFO] [1782989353.103] [/exploration_node]: [33m[Path Simplification] Reduced path from 4 to 3 nodes, 2 collision checks, 0.04 ms[0m
[INFO] [1782989353.103] [/exploration_node]:   Segment 1: 1.84 m
[INFO] [1782989353.103] [/exploration_node]:   Segment 2: 0.38 m
[INFO] [1782989353.146] [/exploration_node]: [33m[Path Simplification] Reduced path from 4 to 3 nodes, 2 collision checks, 0.03 ms[0m
[INFO] [1782989353.146] [/exploration_node]:   Segment 1: 1.83 m
[INFO] [1782989353.146] [/exploration_node]:   Segment 2: 0.38 m
[INFO] [1782989353.192] [/exploration_node]: [33m[Path Simplification] Reduced path from 4 to 3 nodes, 2 collision checks, 0.03 ms[0m
[INFO] [1782989353.192] [/exploration_node]:   Segment 1: 1.83 m
[INFO] [1782989353.192] [/exploration_node]:   Segment 2: 0.38 m
[INFO] [1782989353.231] [/exploration_node]: [33m[Path Simplification] Reduced path from 4 to 3 nodes, 2 collision checks, 0.03 ms[0m
[INFO] [1782989353.231] [/exploration_node]:   Segment 1: 1.83 m
[INFO] [1782989353.231] [/exploration_node]:   Segment 2: 0.38 m
[INFO] [1782989353.232] [/exploration_node]: [EV] [1782989353.232][    +56.1s][PLAN_TRAJ_RTH] GLOBAL result=RTH_PATH_OK | why: path to goal: 3 nodes / 2.2m (connected via 1) | clusters=0(reach 0) vp=0(reach 0) pipe[tot=0 dorm=0 unreach=0 cons=0 nocand=0 topo=0 novis=0 ok=0] tour=3n/2.2m goal=(0.1, 0.1, 1.4) t=6ms (x4)
[INFO] [1782989353.237] [/exploration_node]: [33m[Path Simplification] Reduced path from 4 to 3 nodes, 2 collision checks, 0.03 ms[0m
[INFO] [1782989353.237] [/exploration_node]:   Segment 1: 1.83 m
[INFO] [1782989353.237] [/exploration_node]:   Segment 2: 0.38 m
[INFO] [1782989353.280] [/exploration_node]: [33m[Path Simplification] Reduced path from 4 to 3 nodes, 2 collision checks, 0.02 ms[0m
[INFO] [1782989353.280] [/exploration_node]:   Segment 1: 1.83 m
[INFO] [1782989353.280] [/exploration_node]:   Segment 2: 0.38 m
[INFO] [1782989353.324] [/exploration_node]: [33m[Path Simplification] Reduced path from 4 to 3 nodes, 2 collision checks, 0.02 ms[0m
[INFO] [1782989353.324] [/exploration_node]:   Segment 1: 1.84 m
[INFO] [1782989353.324] [/exploration_node]:   Segment 2: 0.38 m
[INFO] [1782989353.369] [/exploration_node]: [33m[Path Simplification] Reduced path from 4 to 3 nodes, 2 collision checks, 0.03 ms[0m
[INFO] [1782989353.369] [/exploration_node]:   Segment 1: 1.83 m
[INFO] [1782989353.369] [/exploration_node]:   Segment 2: 0.38 m
[INFO] [1782989353.413] [/exploration_node]: [33m[Path Simplification] Reduced path from 4 to 3 nodes, 2 collision checks, 0.04 ms[0m
[INFO] [1782989353.413] [/exploration_node]:   Segment 1: 1.83 m
[INFO] [1782989353.413] [/exploration_node]:   Segment 2: 0.38 m
[INFO] [1782989353.479] [/exploration_node]: [33m[Path Simplification] Reduced path from 4 to 3 nodes, 2 collision checks, 0.02 ms[0m
[INFO] [1782989353.479] [/exploration_node]:   Segment 1: 1.84 m
[INFO] [1782989353.479] [/exploration_node]:   Segment 2: 0.38 m
[INFO] [1782989353.484] [/exploration_node]: [33m[Path Simplification] Reduced path from 4 to 3 nodes, 2 collision checks, 0.02 ms[0m
[INFO] [1782989353.484] [/exploration_node]:   Segment 1: 1.84 m
[INFO] [1782989353.484] [/exploration_node]:   Segment 2: 0.38 m
[INFO] [1782989353.528] [/exploration_node]: [33m[Path Simplification] Reduced path from 4 to 3 nodes, 2 collision checks, 0.02 ms[0m
[INFO] [1782989353.528] [/exploration_node]:   Segment 1: 1.84 m
[INFO] [1782989353.528] [/exploration_node]:   Segment 2: 0.38 m
[INFO] [1782989353.575] [/exploration_node]: [33m[Path Simplification] Reduced path from 4 to 3 nodes, 2 collision checks, 0.02 ms[0m
[INFO] [1782989353.575] [/exploration_node]:   Segment 1: 1.84 m
[INFO] [1782989353.575] [/exploration_node]:   Segment 2: 0.38 m
[INFO] [1782989353.618] [/exploration_node]: [33m[Path Simplification] Reduced path from 4 to 3 nodes, 2 collision checks, 0.03 ms[0m
[INFO] [1782989353.618] [/exploration_node]:   Segment 1: 1.84 m
[INFO] [1782989353.618] [/exploration_node]:   Segment 2: 0.38 m
[INFO] [1782989353.662] [/exploration_node]: [33m[Path Simplification] Reduced path from 4 to 3 nodes, 2 collision checks, 0.03 ms[0m
[INFO] [1782989353.662] [/exploration_node]:   Segment 1: 1.84 m
[INFO] [1782989353.662] [/exploration_node]:   Segment 2: 0.38 m
[INFO] [1782989353.712] [/exploration_node]: [33m[Path Simplification] Reduced path from 4 to 3 nodes, 2 collision checks, 0.03 ms[0m
[INFO] [1782989353.712] [/exploration_node]:   Segment 1: 1.83 m
[INFO] [1782989353.712] [/exploration_node]:   Segment 2: 0.38 m
[INFO] [1782989353.718] [/exploration_node]: [33m[Path Simplification] Reduced path from 4 to 3 nodes, 2 collision checks, 0.03 ms[0m
[INFO] [1782989353.718] [/exploration_node]:   Segment 1: 1.83 m
[INFO] [1782989353.718] [/exploration_node]:   Segment 2: 0.38 m
[INFO] [1782989353.764] [/exploration_node]: [33m[Path Simplification] Reduced path from 4 to 3 nodes, 2 collision checks, 0.03 ms[0m
[INFO] [1782989353.764] [/exploration_node]:   Segment 1: 1.84 m
[INFO] [1782989353.764] [/exploration_node]:   Segment 2: 0.38 m
[INFO] [1782989353.809] [/exploration_node]: [33m[Path Simplification] Reduced path from 4 to 3 nodes, 2 collision checks, 0.03 ms[0m
[INFO] [1782989353.809] [/exploration_node]:   Segment 1: 1.84 m
[INFO] [1782989353.809] [/exploration_node]:   Segment 2: 0.38 m
[INFO] [1782989353.853] [/exploration_node]: [33m[Path Simplification] Reduced path from 4 to 3 nodes, 2 collision checks, 0.03 ms[0m
[INFO] [1782989353.853] [/exploration_node]:   Segment 1: 1.84 m
[INFO] [1782989353.853] [/exploration_node]:   Segment 2: 0.38 m
[INFO] [1782989353.892] [/exploration_node]: [EV] [1782989353.891][    +56.8s][PLAN_TRAJ_RTH] RTH d2goal=1.0m | auto-home(xy) dist=1.14m tol=0.20m goal=(0.02, -0.04, 1.10) (x46)
[INFO] [1782989353.897] [/exploration_node]: [33m[Path Simplification] Reduced path from 4 to 3 nodes, 2 collision checks, 0.03 ms[0m
[INFO] [1782989353.897] [/exploration_node]:   Segment 1: 1.83 m
[INFO] [1782989353.897] [/exploration_node]:   Segment 2: 0.38 m
[INFO] [1782989353.936] [/exploration_node]: [33m[Path Simplification] Reduced path from 4 to 3 nodes, 2 collision checks, 0.03 ms[0m
[INFO] [1782989353.936] [/exploration_node]:   Segment 1: 1.83 m
[INFO] [1782989353.936] [/exploration_node]:   Segment 2: 0.38 m
[INFO] [1782989353.937] [/exploration_node]: [EV] [1782989353.937][    +56.8s][PLAN_TRAJ_RTH] RTH d2goal=1.0m | auto-home(xy) dist=1.15m tol=0.20m goal=(0.02, -0.04, 1.10)
[INFO] [1782989353.942] [/exploration_node]: [33m[Path Simplification] Reduced path from 4 to 3 nodes, 2 collision checks, 0.03 ms[0m
[INFO] [1782989353.942] [/exploration_node]:   Segment 1: 1.83 m
[INFO] [1782989353.942] [/exploration_node]:   Segment 2: 0.38 m
[INFO] [1782989353.986] [/exploration_node]: [33m[Path Simplification] Reduced path from 4 to 3 nodes, 2 collision checks, 0.04 ms[0m
[INFO] [1782989353.986] [/exploration_node]:   Segment 1: 1.83 m
[INFO] [1782989353.986] [/exploration_node]:   Segment 2: 0.38 m
[INFO] [1782989354.029] [/exploration_node]: [33m[Path Simplification] Reduced path from 4 to 3 nodes, 2 collision checks, 0.02 ms[0m
[INFO] [1782989354.029] [/exploration_node]:   Segment 1: 1.83 m
[INFO] [1782989354.029] [/exploration_node]:   Segment 2: 0.38 m
[INFO] [1782989354.073] [/exploration_node]: [33m[Path Simplification] Reduced path from 4 to 3 nodes, 2 collision checks, 0.03 ms[0m
[INFO] [1782989354.073] [/exploration_node]:   Segment 1: 1.83 m
[INFO] [1782989354.073] [/exploration_node]:   Segment 2: 0.38 m
[INFO] [1782989354.118] [/exploration_node]: [33m[Path Simplification] Reduced path from 4 to 3 nodes, 2 collision checks, 0.03 ms[0m
[INFO] [1782989354.118] [/exploration_node]:   Segment 1: 1.84 m
[INFO] [1782989354.118] [/exploration_node]:   Segment 2: 0.38 m
[INFO] [1782989354.155] [/exploration_node]: [33m[Path Simplification] Reduced path from 4 to 3 nodes, 2 collision checks, 0.03 ms[0m
[INFO] [1782989354.155] [/exploration_node]:   Segment 1: 1.84 m
[INFO] [1782989354.155] [/exploration_node]:   Segment 2: 0.38 m
[INFO] [1782989354.162] [/exploration_node]: [33m[Path Simplification] Reduced path from 4 to 3 nodes, 2 collision checks, 0.03 ms[0m
[INFO] [1782989354.162] [/exploration_node]:   Segment 1: 1.84 m
[INFO] [1782989354.162] [/exploration_node]:   Segment 2: 0.38 m
[WARN] [1782989354.190] [/exploration_node]: [EV] [1782989354.190][    +57.1s][PLAN_TRAJ_RTH] LOCAL RTH FAIL | why: escape: gcopter setup failed | t=33.4ms (x43)
[INFO] [1782989354.206] [/exploration_node]: [33m[Path Simplification] Reduced path from 4 to 3 nodes, 2 collision checks, 0.04 ms[0m
[INFO] [1782989354.206] [/exploration_node]:   Segment 1: 1.83 m
[INFO] [1782989354.206] [/exploration_node]:   Segment 2: 0.38 m
[INFO] [1782989354.249] [/exploration_node]: [33m[Path Simplification] Reduced path from 4 to 3 nodes, 2 collision checks, 0.03 ms[0m
[INFO] [1782989354.249] [/exploration_node]:   Segment 1: 1.83 m
[INFO] [1782989354.249] [/exploration_node]:   Segment 2: 0.38 m
[INFO] [1782989354.292] [/exploration_node]: [33m[Path Simplification] Reduced path from 4 to 3 nodes, 2 collision checks, 0.02 ms[0m
[INFO] [1782989354.292] [/exploration_node]:   Segment 1: 1.83 m
[INFO] [1782989354.292] [/exploration_node]:   Segment 2: 0.38 m
[INFO] [1782989354.339] [/exploration_node]: [33m[Path Simplification] Reduced path from 4 to 3 nodes, 2 collision checks, 0.07 ms[0m
[INFO] [1782989354.339] [/exploration_node]:   Segment 1: 1.83 m
[INFO] [1782989354.339] [/exploration_node]:   Segment 2: 0.38 m
[INFO] [1782989354.375] [/exploration_node]: [33m[Path Simplification] Reduced path from 4 to 3 nodes, 2 collision checks, 0.04 ms[0m
[INFO] [1782989354.375] [/exploration_node]:   Segment 1: 1.83 m
[INFO] [1782989354.375] [/exploration_node]:   Segment 2: 0.38 m
[INFO] [1782989354.383] [/exploration_node]: [33m[Path Simplification] Reduced path from 4 to 3 nodes, 2 collision checks, 0.02 ms[0m
[INFO] [1782989354.384] [/exploration_node]:   Segment 1: 1.83 m
[INFO] [1782989354.384] [/exploration_node]:   Segment 2: 0.38 m
[INFO] [1782989354.430] [/exploration_node]: [33m[Path Simplification] Reduced path from 4 to 3 nodes, 2 collision checks, 0.03 ms[0m
[INFO] [1782989354.430] [/exploration_node]:   Segment 1: 1.83 m
[INFO] [1782989354.430] [/exploration_node]:   Segment 2: 0.38 m
[INFO] [1782989354.475] [/exploration_node]: [33m[Path Simplification] Reduced path from 4 to 3 nodes, 2 collision checks, 0.04 ms[0m
[INFO] [1782989354.475] [/exploration_node]:   Segment 1: 1.83 m
[INFO] [1782989354.475] [/exploration_node]:   Segment 2: 0.38 m
[INFO] [1782989354.519] [/exploration_node]: [33m[Path Simplification] Reduced path from 4 to 3 nodes, 2 collision checks, 0.03 ms[0m
[INFO] [1782989354.519] [/exploration_node]:   Segment 1: 1.83 m
[INFO] [1782989354.519] [/exploration_node]:   Segment 2: 0.38 m
[INFO] [1782989354.562] [/exploration_node]: [33m[Path Simplification] Reduced path from 4 to 3 nodes, 2 collision checks, 0.03 ms[0m
[INFO] [1782989354.562] [/exploration_node]:   Segment 1: 1.83 m
[INFO] [1782989354.562] [/exploration_node]:   Segment 2: 0.38 m
[INFO] [1782989354.604] [/exploration_node]: [33m[Path Simplification] Reduced path from 4 to 3 nodes, 2 collision checks, 0.03 ms[0m
[INFO] [1782989354.604] [/exploration_node]:   Segment 1: 1.83 m
[INFO] [1782989354.604] [/exploration_node]:   Segment 2: 0.38 m
[INFO] [1782989354.606] [/exploration_node]: [EV] [1782989354.606][    +57.5s][PLAN_TRAJ_RTH] GLOBAL result=RTH_PATH_OK | why: path to goal: 3 nodes / 2.2m (connected via 1) | clusters=0(reach 0) vp=0(reach 0) pipe[tot=0 dorm=0 unreach=0 cons=0 nocand=0 topo=0 novis=0 ok=0] tour=3n/2.2m goal=(0.1, 0.1, 1.4) t=7ms (x5)
[INFO] [1782989354.611] [/exploration_node]: [33m[Path Simplification] Reduced path from 4 to 3 nodes, 2 collision checks, 0.04 ms[0m
[INFO] [1782989354.611] [/exploration_node]:   Segment 1: 1.83 m
[INFO] [1782989354.611] [/exploration_node]:   Segment 2: 0.38 m
[INFO] [1782989354.655] [/exploration_node]: [33m[Path Simplification] Reduced path from 4 to 3 nodes, 2 collision checks, 0.03 ms[0m
[INFO] [1782989354.655] [/exploration_node]:   Segment 1: 1.83 m
[INFO] [1782989354.655] [/exploration_node]:   Segment 2: 0.38 m
[INFO] [1782989354.697] [/exploration_node]: [33m[Path Simplification] Reduced path from 4 to 3 nodes, 2 collision checks, 0.02 ms[0m
[INFO] [1782989354.697] [/exploration_node]:   Segment 1: 1.83 m
[INFO] [1782989354.697] [/exploration_node]:   Segment 2: 0.38 m
[INFO] [1782989354.741] [/exploration_node]: [33m[Path Simplification] Reduced path from 4 to 3 nodes, 2 collision checks, 0.02 ms[0m
[INFO] [1782989354.741] [/exploration_node]:   Segment 1: 1.83 m
[INFO] [1782989354.741] [/exploration_node]:   Segment 2: 0.38 m
[INFO] [1782989354.787] [/exploration_node]: [33m[Path Simplification] Reduced path from 4 to 3 nodes, 2 collision checks, 0.02 ms[0m
[INFO] [1782989354.787] [/exploration_node]:   Segment 1: 1.83 m
[INFO] [1782989354.787] [/exploration_node]:   Segment 2: 0.38 m
[INFO] [1782989354.839] [/exploration_node]: [33m[Path Simplification] Reduced path from 4 to 3 nodes, 2 collision checks, 0.02 ms[0m
[INFO] [1782989354.839] [/exploration_node]:   Segment 1: 1.83 m
[INFO] [1782989354.839] [/exploration_node]:   Segment 2: 0.38 m
[INFO] [1782989354.848] [/exploration_node]: [33m[Path Simplification] Reduced path from 4 to 3 nodes, 2 collision checks, 0.04 ms[0m
[INFO] [1782989354.848] [/exploration_node]:   Segment 1: 1.83 m
[INFO] [1782989354.848] [/exploration_node]:   Segment 2: 0.38 m
[WARN] [1782989354.857] [/exploration_node]: [RTH] local plan failed: escape: gcopter setup failed
[INFO] [1782989354.892] [/exploration_node]: [33m[Path Simplification] Reduced path from 4 to 3 nodes, 2 collision checks, 0.04 ms[0m
[INFO] [1782989354.892] [/exploration_node]:   Segment 1: 1.83 m
[INFO] [1782989354.892] [/exploration_node]:   Segment 2: 0.38 m
[INFO] [1782989354.935] [/exploration_node]: [33m[Path Simplification] Reduced path from 4 to 3 nodes, 2 collision checks, 0.04 ms[0m
[INFO] [1782989354.935] [/exploration_node]:   Segment 1: 1.83 m
[INFO] [1782989354.935] [/exploration_node]:   Segment 2: 0.38 m
[INFO] [1782989354.980] [/exploration_node]: [33m[Path Simplification] Reduced path from 4 to 3 nodes, 2 collision checks, 0.03 ms[0m
[INFO] [1782989354.980] [/exploration_node]:   Segment 1: 1.83 m
[INFO] [1782989354.980] [/exploration_node]:   Segment 2: 0.38 m
[INFO] [1782989355.024] [/exploration_node]: [33m[Path Simplification] Reduced path from 4 to 3 nodes, 2 collision checks, 0.02 ms[0m
[INFO] [1782989355.024] [/exploration_node]:   Segment 1: 1.83 m
[INFO] [1782989355.024] [/exploration_node]:   Segment 2: 0.38 m
[WARN] [1782989355.034] [/exploration_node]: [local-plan] start not in corridor (static start; corridor pieces=16)
[WARN] [1782989355.035] [/exploration_node]: [local-plan] escape: gcopter setup failed
[INFO] [1782989355.064] [/exploration_node]: [33m[Path Simplification] Reduced path from 4 to 3 nodes, 2 collision checks, 0.02 ms[0m
[INFO] [1782989355.064] [/exploration_node]:   Segment 1: 1.83 m
[INFO] [1782989355.064] [/exploration_node]:   Segment 2: 0.38 m
[INFO] [1782989355.071] [/exploration_node]: [33m[Path Simplification] Reduced path from 4 to 3 nodes, 2 collision checks, 0.02 ms[0m
[INFO] [1782989355.071] [/exploration_node]:   Segment 1: 1.83 m
[INFO] [1782989355.071] [/exploration_node]:   Segment 2: 0.38 m
[INFO] [1782989355.115] [/exploration_node]: [33m[Path Simplification] Reduced path from 4 to 3 nodes, 2 collision checks, 0.02 ms[0m
[INFO] [1782989355.115] [/exploration_node]:   Segment 1: 1.83 m
[INFO] [1782989355.115] [/exploration_node]:   Segment 2: 0.38 m
[INFO] [1782989355.160] [/exploration_node]: [33m[Path Simplification] Reduced path from 4 to 3 nodes, 2 collision checks, 0.07 ms[0m
[INFO] [1782989355.160] [/exploration_node]:   Segment 1: 1.83 m
[INFO] [1782989355.160] [/exploration_node]:   Segment 2: 0.38 m
[INFO] [1782989355.203] [/exploration_node]: [33m[Path Simplification] Reduced path from 4 to 3 nodes, 2 collision checks, 0.02 ms[0m
[INFO] [1782989355.203] [/exploration_node]:   Segment 1: 1.83 m
[INFO] [1782989355.203] [/exploration_node]:   Segment 2: 0.38 m
[INFO] [1782989355.247] [/exploration_node]: [33m[Path Simplification] Reduced path from 4 to 3 nodes, 2 collision checks, 0.02 ms[0m
[INFO] [1782989355.247] [/exploration_node]:   Segment 1: 1.83 m
[INFO] [1782989355.247] [/exploration_node]:   Segment 2: 0.38 m
[INFO] [1782989355.286] [/exploration_node]: [33m[Path Simplification] Reduced path from 4 to 3 nodes, 2 collision checks, 0.03 ms[0m
[INFO] [1782989355.286] [/exploration_node]:   Segment 1: 1.83 m
[INFO] [1782989355.286] [/exploration_node]:   Segment 2: 0.38 m
[INFO] [1782989355.292] [/exploration_node]: [33m[Path Simplification] Reduced path from 4 to 3 nodes, 2 collision checks, 0.02 ms[0m
[INFO] [1782989355.292] [/exploration_node]:   Segment 1: 1.83 m
[INFO] [1782989355.292] [/exploration_node]:   Segment 2: 0.38 m
[INFO] [1782989355.331] [/exploration_node]: [EV] [1782989355.331][    +58.2s][PLAN_TRAJ_RTH] RTH d2goal=1.0m | auto-home(xy) dist=1.14m tol=0.20m goal=(0.02, -0.04, 1.10) (x30)
[INFO] [1782989355.335] [/exploration_node]: [33m[Path Simplification] Reduced path from 4 to 3 nodes, 2 collision checks, 0.02 ms[0m
[INFO] [1782989355.335] [/exploration_node]:   Segment 1: 1.83 m
[INFO] [1782989355.335] [/exploration_node]:   Segment 2: 0.38 m
[INFO] [1782989355.381] [/exploration_node]: [33m[Path Simplification] Reduced path from 4 to 3 nodes, 2 collision checks, 0.02 ms[0m
[INFO] [1782989355.381] [/exploration_node]:   Segment 1: 1.82 m
[INFO] [1782989355.381] [/exploration_node]:   Segment 2: 0.38 m
[INFO] [1782989355.420] [/exploration_node]: [EV] [1782989355.420][    +58.3s][PLAN_TRAJ_RTH] RTH d2goal=1.0m | auto-home(xy) dist=1.15m tol=0.20m goal=(0.02, -0.04, 1.10) (x1)
[INFO] [1782989355.425] [/exploration_node]: [33m[Path Simplification] Reduced path from 4 to 3 nodes, 2 collision checks, 0.02 ms[0m
[INFO] [1782989355.425] [/exploration_node]:   Segment 1: 1.83 m
[INFO] [1782989355.425] [/exploration_node]:   Segment 2: 0.38 m
[INFO] [1782989355.472] [/exploration_node]: [33m[Path Simplification] Reduced path from 4 to 3 nodes, 2 collision checks, 0.03 ms[0m
[INFO] [1782989355.472] [/exploration_node]:   Segment 1: 1.83 m
[INFO] [1782989355.472] [/exploration_node]:   Segment 2: 0.38 m
[INFO] [1782989355.509] [/exploration_node]: [33m[Path Simplification] Reduced path from 4 to 3 nodes, 2 collision checks, 0.03 ms[0m
[INFO] [1782989355.509] [/exploration_node]:   Segment 1: 1.83 m
[INFO] [1782989355.509] [/exploration_node]:   Segment 2: 0.38 m
[INFO] [1782989355.513] [/exploration_node]: [EV] [1782989355.512][    +58.4s][PLAN_TRAJ_RTH] RTH d2goal=1.0m | auto-home(xy) dist=1.14m tol=0.20m goal=(0.02, -0.04, 1.10) (x1)
[INFO] [1782989355.517] [/exploration_node]: [33m[Path Simplification] Reduced path from 4 to 3 nodes, 2 collision checks, 0.03 ms[0m
[INFO] [1782989355.517] [/exploration_node]:   Segment 1: 1.83 m
[INFO] [1782989355.517] [/exploration_node]:   Segment 2: 0.38 m
[INFO] [1782989355.564] [/exploration_node]: [33m[Path Simplification] Reduced path from 4 to 3 nodes, 2 collision checks, 0.02 ms[0m
[INFO] [1782989355.564] [/exploration_node]:   Segment 1: 1.83 m
[INFO] [1782989355.564] [/exploration_node]:   Segment 2: 0.38 m
[INFO] [1782989355.608] [/exploration_node]: [33m[Path Simplification] Reduced path from 4 to 3 nodes, 2 collision checks, 0.04 ms[0m
[INFO] [1782989355.608] [/exploration_node]:   Segment 1: 1.83 m
[INFO] [1782989355.609] [/exploration_node]:   Segment 2: 0.38 m
[INFO] [1782989355.647] [/exploration_node]: [EV] [1782989355.647][    +58.5s][PLAN_TRAJ_RTH] RTH d2goal=1.0m | auto-home(xy) dist=1.15m tol=0.20m goal=(0.02, -0.04, 1.10) (x2)
[INFO] [1782989355.652] [/exploration_node]: [33m[Path Simplification] Reduced path from 4 to 3 nodes, 2 collision checks, 0.04 ms[0m
[INFO] [1782989355.652] [/exploration_node]:   Segment 1: 1.83 m
[INFO] [1782989355.652] [/exploration_node]:   Segment 2: 0.38 m
[INFO] [1782989355.694] [/exploration_node]: [33m[Path Simplification] Reduced path from 4 to 3 nodes, 2 collision checks, 0.02 ms[0m
[INFO] [1782989355.694] [/exploration_node]:   Segment 1: 1.83 m
[INFO] [1782989355.694] [/exploration_node]:   Segment 2: 0.38 m
[INFO] [1782989355.757] [/exploration_node]: [33m[Path Simplification] Reduced path from 4 to 3 nodes, 2 collision checks, 0.02 ms[0m
[INFO] [1782989355.757] [/exploration_node]:   Segment 1: 1.83 m
[INFO] [1782989355.757] [/exploration_node]:   Segment 2: 0.38 m
[INFO] [1782989355.759] [/exploration_node]: [EV] [1782989355.759][    +58.6s][PLAN_TRAJ_RTH] GLOBAL result=RTH_PATH_OK | why: path to goal: 3 nodes / 2.2m (connected via 1) | clusters=0(reach 0) vp=0(reach 0) pipe[tot=0 dorm=0 unreach=0 cons=0 nocand=0 topo=0 novis=0 ok=0] tour=3n/2.2m goal=(0.1, 0.1, 1.4) t=5ms (x4)
[INFO] [1782989355.763] [/exploration_node]: [33m[Path Simplification] Reduced path from 4 to 3 nodes, 2 collision checks, 0.02 ms[0m
[INFO] [1782989355.763] [/exploration_node]:   Segment 1: 1.83 m
[INFO] [1782989355.763] [/exploration_node]:   Segment 2: 0.38 m
[INFO] [1782989355.807] [/exploration_node]: [33m[Path Simplification] Reduced path from 4 to 3 nodes, 2 collision checks, 0.02 ms[0m
[INFO] [1782989355.807] [/exploration_node]:   Segment 1: 1.83 m
[INFO] [1782989355.807] [/exploration_node]:   Segment 2: 0.38 m
[ERROR] [1782989355.848] [/exploration_node]: [EV] [1782989355.848][    +58.7s][PLAN_TRAJ_RTH] STUCK no motion >8s in PLAN_TRAJ_RTH | last-local: escape: gcopter setup failed | pos=(1.16, 0.13, -0.13) still=8s (x16)
[INFO] [1782989355.854] [/exploration_node]: [33m[Path Simplification] Reduced path from 4 to 3 nodes, 2 collision checks, 0.03 ms[0m
[INFO] [1782989355.854] [/exploration_node]:   Segment 1: 1.83 m
[INFO] [1782989355.854] [/exploration_node]:   Segment 2: 0.38 m
[INFO] [1782989355.898] [/exploration_node]: [33m[Path Simplification] Reduced path from 4 to 3 nodes, 2 collision checks, 0.04 ms[0m
[INFO] [1782989355.898] [/exploration_node]:   Segment 1: 1.83 m
[INFO] [1782989355.898] [/exploration_node]:   Segment 2: 0.38 m
[INFO] [1782989355.942] [/exploration_node]: [33m[Path Simplification] Reduced path from 4 to 3 nodes, 2 collision checks, 0.04 ms[0m
[INFO] [1782989355.942] [/exploration_node]:   Segment 1: 1.83 m
[INFO] [1782989355.942] [/exploration_node]:   Segment 2: 0.38 m
[INFO] [1782989355.984] [/exploration_node]: [33m[Path Simplification] Reduced path from 4 to 3 nodes, 2 collision checks, 0.03 ms[0m
[INFO] [1782989355.984] [/exploration_node]:   Segment 1: 1.83 m
[INFO] [1782989355.984] [/exploration_node]:   Segment 2: 0.38 m
[INFO] [1782989355.997] [/exploration_node]: [33m[Path Simplification] Reduced path from 4 to 3 nodes, 2 collision checks, 0.04 ms[0m
[INFO] [1782989355.997] [/exploration_node]:   Segment 1: 1.83 m
[INFO] [1782989355.997] [/exploration_node]:   Segment 2: 0.38 m
[INFO] [1782989356.040] [/exploration_node]: [33m[Path Simplification] Reduced path from 4 to 3 nodes, 2 collision checks, 0.02 ms[0m
[INFO] [1782989356.040] [/exploration_node]:   Segment 1: 1.83 m
[INFO] [1782989356.040] [/exploration_node]:   Segment 2: 0.38 m
[INFO] [1782989356.083] [/exploration_node]: [33m[Path Simplification] Reduced path from 4 to 3 nodes, 2 collision checks, 0.02 ms[0m
[INFO] [1782989356.083] [/exploration_node]:   Segment 1: 1.83 m
[INFO] [1782989356.083] [/exploration_node]:   Segment 2: 0.38 m
[INFO] [1782989356.128] [/exploration_node]: [33m[Path Simplification] Reduced path from 4 to 3 nodes, 2 collision checks, 0.05 ms[0m
[INFO] [1782989356.128] [/exploration_node]:   Segment 1: 1.83 m
[INFO] [1782989356.128] [/exploration_node]:   Segment 2: 0.38 m
[INFO] [1782989356.171] [/exploration_node]: [33m[Path Simplification] Reduced path from 4 to 3 nodes, 2 collision checks, 0.03 ms[0m
[INFO] [1782989356.171] [/exploration_node]:   Segment 1: 1.83 m
[INFO] [1782989356.171] [/exploration_node]:   Segment 2: 0.38 m
[INFO] [1782989356.208] [/exploration_node]: [33m[Path Simplification] Reduced path from 4 to 3 nodes, 2 collision checks, 0.04 ms[0m
[INFO] [1782989356.208] [/exploration_node]:   Segment 1: 1.83 m
[INFO] [1782989356.208] [/exploration_node]:   Segment 2: 0.38 m
[INFO] [1782989356.218] [/exploration_node]: [33m[Path Simplification] Reduced path from 4 to 3 nodes, 2 collision checks, 0.04 ms[0m
[INFO] [1782989356.218] [/exploration_node]:   Segment 1: 1.83 m
[INFO] [1782989356.218] [/exploration_node]:   Segment 2: 0.38 m
[INFO] [1782989356.261] [/exploration_node]: [33m[Path Simplification] Reduced path from 4 to 3 nodes, 2 collision checks, 0.03 ms[0m
[INFO] [1782989356.261] [/exploration_node]:   Segment 1: 1.83 m
[INFO] [1782989356.261] [/exploration_node]:   Segment 2: 0.38 m
[INFO] [1782989356.306] [/exploration_node]: [33m[Path Simplification] Reduced path from 4 to 3 nodes, 2 collision checks, 0.06 ms[0m
[INFO] [1782989356.306] [/exploration_node]:   Segment 1: 1.83 m
[INFO] [1782989356.306] [/exploration_node]:   Segment 2: 0.38 m
[WARN] [1782989356.336] [/exploration_node]: [EV] [1782989356.336][    +59.2s][PLAN_TRAJ_RTH] LOCAL RTH FAIL | why: escape: gcopter setup failed | t=35.6ms (x46)
[INFO] [1782989356.352] [/exploration_node]: [33m[Path Simplification] Reduced path from 4 to 3 nodes, 2 collision checks, 0.05 ms[0m
[INFO] [1782989356.352] [/exploration_node]:   Segment 1: 1.83 m
[INFO] [1782989356.352] [/exploration_node]:   Segment 2: 0.38 m
[INFO] [1782989356.395] [/exploration_node]: [33m[Path Simplification] Reduced path from 4 to 3 nodes, 2 collision checks, 0.04 ms[0m
[INFO] [1782989356.395] [/exploration_node]:   Segment 1: 1.83 m
[INFO] [1782989356.395] [/exploration_node]:   Segment 2: 0.38 m
[INFO] [1782989356.449] [/exploration_node]: [33m[Path Simplification] Reduced path from 4 to 3 nodes, 2 collision checks, 0.04 ms[0m
[INFO] [1782989356.449] [/exploration_node]:   Segment 1: 1.83 m
[INFO] [1782989356.449] [/exploration_node]:   Segment 2: 0.38 m
[INFO] [1782989356.456] [/exploration_node]: [33m[Path Simplification] Reduced path from 4 to 3 nodes, 2 collision checks, 0.03 ms[0m
[INFO] [1782989356.456] [/exploration_node]:   Segment 1: 1.83 m
[INFO] [1782989356.456] [/exploration_node]:   Segment 2: 0.38 m
[INFO] [1782989356.492] [/exploration_node]: [EV] [1782989356.492][    +59.4s][PLAN_TRAJ_RTH] BATT 23.5V | v=23.79V pct=53% (x2)
[INFO] [1782989356.500] [/exploration_node]: [33m[Path Simplification] Reduced path from 4 to 3 nodes, 2 collision checks, 0.05 ms[0m
[INFO] [1782989356.500] [/exploration_node]:   Segment 1: 1.83 m
[INFO] [1782989356.500] [/exploration_node]:   Segment 2: 0.38 m
[INFO] [1782989356.544] [/exploration_node]: [33m[Path Simplification] Reduced path from 4 to 3 nodes, 2 collision checks, 0.03 ms[0m
[INFO] [1782989356.544] [/exploration_node]:   Segment 1: 1.83 m
[INFO] [1782989356.544] [/exploration_node]:   Segment 2: 0.38 m
[INFO] [1782989356.587] [/exploration_node]: [33m[Path Simplification] Reduced path from 4 to 3 nodes, 2 collision checks, 0.04 ms[0m
[INFO] [1782989356.587] [/exploration_node]:   Segment 1: 1.83 m
[INFO] [1782989356.587] [/exploration_node]:   Segment 2: 0.38 m
[INFO] [1782989356.626] [/exploration_node]: [EV] [1782989356.626][    +59.5s][PLAN_TRAJ_RTH] RTH d2goal=1.0m | auto-home(xy) dist=1.14m tol=0.20m goal=(0.02, -0.04, 1.10) (x20)
[INFO] [1782989356.632] [/exploration_node]: [33m[Path Simplification] Reduced path from 4 to 3 nodes, 2 collision checks, 0.02 ms[0m
[INFO] [1782989356.632] [/exploration_node]:   Segment 1: 1.83 m
[INFO] [1782989356.632] [/exploration_node]:   Segment 2: 0.38 m
[INFO] [1782989356.668] [/exploration_node]: [33m[Path Simplification] Reduced path from 4 to 3 nodes, 2 collision checks, 0.03 ms[0m
[INFO] [1782989356.668] [/exploration_node]:   Segment 1: 1.83 m
[INFO] [1782989356.668] [/exploration_node]:   Segment 2: 0.38 m
[INFO] [1782989356.672] [/exploration_node]: [EV] [1782989356.672][    +59.6s][PLAN_TRAJ_RTH] RTH d2goal=1.0m | auto-home(xy) dist=1.15m tol=0.20m goal=(0.02, -0.04, 1.10)
[INFO] [1782989356.676] [/exploration_node]: [33m[Path Simplification] Reduced path from 4 to 3 nodes, 2 collision checks, 0.03 ms[0m
[INFO] [1782989356.676] [/exploration_node]:   Segment 1: 1.83 m
[INFO] [1782989356.676] [/exploration_node]:   Segment 2: 0.38 m
[INFO] [1782989356.716] [/exploration_node]: [EV] [1782989356.715][    +59.6s][PLAN_TRAJ_RTH] RTH d2goal=1.0m | auto-home(xy) dist=1.14m tol=0.20m goal=(0.02, -0.04, 1.10)
[INFO] [1782989356.720] [/exploration_node]: [33m[Path Simplification] Reduced path from 4 to 3 nodes, 2 collision checks, 0.04 ms[0m
[INFO] [1782989356.720] [/exploration_node]:   Segment 1: 1.83 m
[INFO] [1782989356.720] [/exploration_node]:   Segment 2: 0.38 m
[INFO] [1782989356.761] [/exploration_node]: [EV] [1782989356.761][    +59.6s][PLAN_TRAJ_RTH] RTH d2goal=1.0m | auto-home(xy) dist=1.15m tol=0.20m goal=(0.02, -0.04, 1.10)
[INFO] [1782989356.766] [/exploration_node]: [33m[Path Simplification] Reduced path from 4 to 3 nodes, 2 collision checks, 0.03 ms[0m
[INFO] [1782989356.766] [/exploration_node]:   Segment 1: 1.83 m
[INFO] [1782989356.766] [/exploration_node]:   Segment 2: 0.38 m
[INFO] [1782989356.809] [/exploration_node]: [33m[Path Simplification] Reduced path from 4 to 3 nodes, 2 collision checks, 0.02 ms[0m
[INFO] [1782989356.809] [/exploration_node]:   Segment 1: 1.83 m
[INFO] [1782989356.809] [/exploration_node]:   Segment 2: 0.38 m
[INFO] [1782989356.849] [/exploration_node]: [EV] [1782989356.849][    +59.7s][PLAN_TRAJ_RTH] RTH d2goal=1.0m | auto-home(xy) dist=1.14m tol=0.20m goal=(0.02, -0.04, 1.10) (x1)
[INFO] [1782989356.853] [/exploration_node]: [33m[Path Simplification] Reduced path from 4 to 3 nodes, 2 collision checks, 0.04 ms[0m
[INFO] [1782989356.853] [/exploration_node]:   Segment 1: 1.83 m
[INFO] [1782989356.853] [/exploration_node]:   Segment 2: 0.38 m
[WARN] [1782989356.863] [/exploration_node]: [RTH] local plan failed: escape: gcopter setup failed
[INFO] [1782989356.896] [/exploration_node]: [33m[Path Simplification] Reduced path from 4 to 3 nodes, 2 collision checks, 0.03 ms[0m
[INFO] [1782989356.896] [/exploration_node]:   Segment 1: 1.83 m
[INFO] [1782989356.896] [/exploration_node]:   Segment 2: 0.38 m
[INFO] [1782989356.897] [/exploration_node]: [EV] [1782989356.897][    +59.8s][PLAN_TRAJ_RTH] GLOBAL result=RTH_PATH_OK | why: path to goal: 3 nodes / 2.2m (connected via 1) | clusters=0(reach 0) vp=0(reach 0) pipe[tot=0 dorm=0 unreach=0 cons=0 nocand=0 topo=0 novis=0 ok=0] tour=3n/2.2m goal=(0.1, 0.1, 1.4) t=6ms (x4)
[INFO] [1782989356.897] [/exploration_node]: [EV] [1782989356.897][    +59.8s][PLAN_TRAJ_RTH] RTH d2goal=1.0m | auto-home(xy) dist=1.15m tol=0.20m goal=(0.02, -0.04, 1.10)
[INFO] [1782989356.902] [/exploration_node]: [33m[Path Simplification] Reduced path from 4 to 3 nodes, 2 collision checks, 0.03 ms[0m
[INFO] [1782989356.902] [/exploration_node]:   Segment 1: 1.83 m
[INFO] [1782989356.902] [/exploration_node]:   Segment 2: 0.38 m
[INFO] [1782989356.948] [/exploration_node]: [33m[Path Simplification] Reduced path from 4 to 3 nodes, 2 collision checks, 0.03 ms[0m
[INFO] [1782989356.948] [/exploration_node]:   Segment 1: 1.83 m
[INFO] [1782989356.948] [/exploration_node]:   Segment 2: 0.38 m
[INFO] [1782989356.992] [/exploration_node]: [33m[Path Simplification] Reduced path from 4 to 3 nodes, 2 collision checks, 0.04 ms[0m
[INFO] [1782989356.992] [/exploration_node]:   Segment 1: 1.83 m
[INFO] [1782989356.992] [/exploration_node]:   Segment 2: 0.38 m
[INFO] [1782989357.035] [/exploration_node]: [33m[Path Simplification] Reduced path from 4 to 3 nodes, 2 collision checks, 0.02 ms[0m
[INFO] [1782989357.035] [/exploration_node]:   Segment 1: 1.83 m
[INFO] [1782989357.035] [/exploration_node]:   Segment 2: 0.38 m
[WARN] [1782989357.044] [/exploration_node]: [local-plan] start not in corridor (static start; corridor pieces=16)
[WARN] [1782989357.044] [/exploration_node]: [local-plan] escape: gcopter setup failed
[INFO] [1782989357.078] [/exploration_node]: [33m[Path Simplification] Reduced path from 4 to 3 nodes, 2 collision checks, 0.02 ms[0m
[INFO] [1782989357.078] [/exploration_node]:   Segment 1: 1.83 m
[INFO] [1782989357.078] [/exploration_node]:   Segment 2: 0.38 m
[INFO] [1782989357.133] [/exploration_node]: [33m[Path Simplification] Reduced path from 4 to 3 nodes, 2 collision checks, 0.02 ms[0m
[INFO] [1782989357.133] [/exploration_node]:   Segment 1: 1.83 m
[INFO] [1782989357.133] [/exploration_node]:   Segment 2: 0.38 m
[INFO] [1782989357.141] [/exploration_node]: [33m[Path Simplification] Reduced path from 4 to 3 nodes, 2 collision checks, 0.02 ms[0m
[INFO] [1782989357.141] [/exploration_node]:   Segment 1: 1.83 m
[INFO] [1782989357.141] [/exploration_node]:   Segment 2: 0.38 m
[INFO] [1782989357.185] [/exploration_node]: [33m[Path Simplification] Reduced path from 4 to 3 nodes, 2 collision checks, 0.02 ms[0m
[INFO] [1782989357.185] [/exploration_node]:   Segment 1: 1.83 m
[INFO] [1782989357.185] [/exploration_node]:   Segment 2: 0.38 m
[INFO] [1782989357.211] [/mavros]: HP: requesting home position
[INFO] [1782989357.229] [/exploration_node]: [33m[Path Simplification] Reduced path from 4 to 3 nodes, 2 collision checks, 0.03 ms[0m
[INFO] [1782989357.229] [/exploration_node]:   Segment 1: 1.83 m
[INFO] [1782989357.229] [/exploration_node]:   Segment 2: 0.38 m
[INFO] [1782989357.272] [/exploration_node]: [33m[Path Simplification] Reduced path from 4 to 3 nodes, 2 collision checks, 0.02 ms[0m
[INFO] [1782989357.272] [/exploration_node]:   Segment 1: 1.83 m
[INFO] [1782989357.272] [/exploration_node]:   Segment 2: 0.38 m
[INFO] [1782989357.316] [/exploration_node]: [33m[Path Simplification] Reduced path from 4 to 3 nodes, 2 collision checks, 0.04 ms[0m
[INFO] [1782989357.316] [/exploration_node]:   Segment 1: 1.83 m
[INFO] [1782989357.316] [/exploration_node]:   Segment 2: 0.38 m
[INFO] [1782989357.354] [/exploration_node]: [33m[Path Simplification] Reduced path from 4 to 3 nodes, 2 collision checks, 0.04 ms[0m
[INFO] [1782989357.354] [/exploration_node]:   Segment 1: 1.83 m
[INFO] [1782989357.354] [/exploration_node]:   Segment 2: 0.38 m
[INFO] [1782989357.360] [/exploration_node]: [33m[Path Simplification] Reduced path from 4 to 3 nodes, 2 collision checks, 0.03 ms[0m
[INFO] [1782989357.360] [/exploration_node]:   Segment 1: 1.83 m
[INFO] [1782989357.360] [/exploration_node]:   Segment 2: 0.38 m
[INFO] [1782989357.405] [/exploration_node]: [33m[Path Simplification] Reduced path from 4 to 3 nodes, 2 collision checks, 0.03 ms[0m
[INFO] [1782989357.405] [/exploration_node]:   Segment 1: 1.83 m
[INFO] [1782989357.405] [/exploration_node]:   Segment 2: 0.38 m
[INFO] [1782989357.447] [/exploration_node]: [33m[Path Simplification] Reduced path from 4 to 3 nodes, 2 collision checks, 0.02 ms[0m
[INFO] [1782989357.447] [/exploration_node]:   Segment 1: 1.83 m
[INFO] [1782989357.447] [/exploration_node]:   Segment 2: 0.38 m
[INFO] [1782989357.491] [/exploration_node]: [33m[Path Simplification] Reduced path from 4 to 3 nodes, 2 collision checks, 0.02 ms[0m
[INFO] [1782989357.491] [/exploration_node]:   Segment 1: 1.83 m
[INFO] [1782989357.491] [/exploration_node]:   Segment 2: 0.38 m
[INFO] [1782989357.535] [/exploration_node]: [33m[Path Simplification] Reduced path from 4 to 3 nodes, 2 collision checks, 0.02 ms[0m
[INFO] [1782989357.535] [/exploration_node]:   Segment 1: 1.83 m
[INFO] [1782989357.535] [/exploration_node]:   Segment 2: 0.38 m
[INFO] [1782989357.572] [/exploration_node]: [33m[Path Simplification] Reduced path from 4 to 3 nodes, 2 collision checks, 0.03 ms[0m
[INFO] [1782989357.572] [/exploration_node]:   Segment 1: 1.83 m
[INFO] [1782989357.572] [/exploration_node]:   Segment 2: 0.38 m
[INFO] [1782989357.581] [/exploration_node]: [33m[Path Simplification] Reduced path from 4 to 3 nodes, 2 collision checks, 0.03 ms[0m
[INFO] [1782989357.581] [/exploration_node]:   Segment 1: 1.84 m
[INFO] [1782989357.581] [/exploration_node]:   Segment 2: 0.38 m
[INFO] [1782989357.627] [/exploration_node]: [33m[Path Simplification] Reduced path from 4 to 3 nodes, 2 collision checks, 0.05 ms[0m
[INFO] [1782989357.627] [/exploration_node]:   Segment 1: 1.84 m
[INFO] [1782989357.627] [/exploration_node]:   Segment 2: 0.38 m
[INFO] [1782989357.670] [/exploration_node]: [33m[Path Simplification] Reduced path from 4 to 3 nodes, 2 collision checks, 0.02 ms[0m
[INFO] [1782989357.670] [/exploration_node]:   Segment 1: 1.84 m
[INFO] [1782989357.670] [/exploration_node]:   Segment 2: 0.38 m
[INFO] [1782989357.715] [/exploration_node]: [33m[Path Simplification] Reduced path from 4 to 3 nodes, 2 collision checks, 0.05 ms[0m
[INFO] [1782989357.715] [/exploration_node]:   Segment 1: 1.84 m
[INFO] [1782989357.715] [/exploration_node]:   Segment 2: 0.38 m
[INFO] [1782989357.759] [/exploration_node]: [33m[Path Simplification] Reduced path from 4 to 3 nodes, 2 collision checks, 0.04 ms[0m
[INFO] [1782989357.759] [/exploration_node]:   Segment 1: 1.84 m
[INFO] [1782989357.759] [/exploration_node]:   Segment 2: 0.38 m
[INFO] [1782989357.798] [/exploration_node]: [33m[Path Simplification] Reduced path from 4 to 3 nodes, 2 collision checks, 0.03 ms[0m
[INFO] [1782989357.798] [/exploration_node]:   Segment 1: 1.84 m
[INFO] [1782989357.798] [/exploration_node]:   Segment 2: 0.38 m
[INFO] [1782989357.805] [/exploration_node]: [33m[Path Simplification] Reduced path from 4 to 3 nodes, 2 collision checks, 0.05 ms[0m
[INFO] [1782989357.805] [/exploration_node]:   Segment 1: 1.84 m
[INFO] [1782989357.805] [/exploration_node]:   Segment 2: 0.38 m
[INFO] [1782989357.848] [/exploration_node]: [33m[Path Simplification] Reduced path from 4 to 3 nodes, 2 collision checks, 0.03 ms[0m
[INFO] [1782989357.848] [/exploration_node]:   Segment 1: 1.84 m
[INFO] [1782989357.848] [/exploration_node]:   Segment 2: 0.38 m
[INFO] [1782989357.891] [/exploration_node]: [33m[Path Simplification] Reduced path from 4 to 3 nodes, 2 collision checks, 0.04 ms[0m
[INFO] [1782989357.891] [/exploration_node]:   Segment 1: 1.84 m
[INFO] [1782989357.891] [/exploration_node]:   Segment 2: 0.38 m
[INFO] [1782989357.935] [/exploration_node]: [33m[Path Simplification] Reduced path from 4 to 3 nodes, 2 collision checks, 0.07 ms[0m
[INFO] [1782989357.935] [/exploration_node]:   Segment 1: 1.84 m
[INFO] [1782989357.935] [/exploration_node]:   Segment 2: 0.38 m
[INFO] [1782989357.979] [/exploration_node]: [33m[Path Simplification] Reduced path from 4 to 3 nodes, 2 collision checks, 0.04 ms[0m
[INFO] [1782989357.979] [/exploration_node]:   Segment 1: 1.84 m
[INFO] [1782989357.980] [/exploration_node]:   Segment 2: 0.38 m
[INFO] [1782989358.034] [/exploration_node]: [33m[Path Simplification] Reduced path from 4 to 3 nodes, 2 collision checks, 0.03 ms[0m
[INFO] [1782989358.034] [/exploration_node]:   Segment 1: 1.84 m
[INFO] [1782989358.034] [/exploration_node]:   Segment 2: 0.38 m
[INFO] [1782989358.035] [/exploration_node]: [EV] [1782989358.035][    +60.9s][PLAN_TRAJ_RTH] GLOBAL result=RTH_PATH_OK | why: path to goal: 3 nodes / 2.2m (connected via 1) | clusters=0(reach 0) vp=0(reach 0) pipe[tot=0 dorm=0 unreach=0 cons=0 nocand=0 topo=0 novis=0 ok=0] tour=3n/2.2m goal=(0.1, 0.1, 1.4) t=7ms (x4)
[INFO] [1782989358.042] [/exploration_node]: [33m[Path Simplification] Reduced path from 4 to 3 nodes, 2 collision checks, 0.04 ms[0m
[INFO] [1782989358.042] [/exploration_node]:   Segment 1: 1.84 m
[INFO] [1782989358.042] [/exploration_node]:   Segment 2: 0.38 m
[INFO] [1782989358.084] [/exploration_node]: [33m[Path Simplification] Reduced path from 4 to 3 nodes, 2 collision checks, 0.04 ms[0m
[INFO] [1782989358.084] [/exploration_node]:   Segment 1: 1.83 m
[INFO] [1782989358.084] [/exploration_node]:   Segment 2: 0.38 m
[INFO] [1782989358.128] [/exploration_node]: [33m[Path Simplification] Reduced path from 4 to 3 nodes, 2 collision checks, 0.03 ms[0m
[INFO] [1782989358.128] [/exploration_node]:   Segment 1: 1.83 m
[INFO] [1782989358.128] [/exploration_node]:   Segment 2: 0.38 m
[INFO] [1782989358.172] [/exploration_node]: [33m[Path Simplification] Reduced path from 4 to 3 nodes, 2 collision checks, 0.03 ms[0m
[INFO] [1782989358.172] [/exploration_node]:   Segment 1: 1.83 m
[INFO] [1782989358.172] [/exploration_node]:   Segment 2: 0.38 m
[INFO] [1782989358.216] [/exploration_node]: [33m[Path Simplification] Reduced path from 4 to 3 nodes, 2 collision checks, 0.04 ms[0m
[INFO] [1782989358.216] [/exploration_node]:   Segment 1: 1.83 m
[INFO] [1782989358.216] [/exploration_node]:   Segment 2: 0.38 m
[INFO] [1782989358.264] [/exploration_node]: [33m[Path Simplification] Reduced path from 4 to 3 nodes, 2 collision checks, 0.05 ms[0m
[INFO] [1782989358.264] [/exploration_node]:   Segment 1: 1.83 m
[INFO] [1782989358.264] [/exploration_node]:   Segment 2: 0.38 m
[INFO] [1782989358.270] [/exploration_node]: [33m[Path Simplification] Reduced path from 4 to 3 nodes, 2 collision checks, 0.03 ms[0m
[INFO] [1782989358.270] [/exploration_node]:   Segment 1: 1.83 m
[INFO] [1782989358.270] [/exploration_node]:   Segment 2: 0.38 m
[INFO] [1782989358.314] [/exploration_node]: [33m[Path Simplification] Reduced path from 4 to 3 nodes, 2 collision checks, 0.02 ms[0m
[INFO] [1782989358.314] [/exploration_node]:   Segment 1: 1.83 m
[INFO] [1782989358.314] [/exploration_node]:   Segment 2: 0.38 m
[WARN] [1782989358.342] [/exploration_node]: [EV] [1782989358.342][    +61.2s][PLAN_TRAJ_RTH] LOCAL RTH FAIL | why: escape: gcopter setup failed | t=33.4ms (x43)
[INFO] [1782989358.358] [/exploration_node]: [33m[Path Simplification] Reduced path from 4 to 3 nodes, 2 collision checks, 0.04 ms[0m
[INFO] [1782989358.358] [/exploration_node]:   Segment 1: 1.83 m
[INFO] [1782989358.358] [/exploration_node]:   Segment 2: 0.38 m
[INFO] [1782989358.401] [/exploration_node]: [33m[Path Simplification] Reduced path from 4 to 3 nodes, 2 collision checks, 0.02 ms[0m
[INFO] [1782989358.401] [/exploration_node]:   Segment 1: 1.83 m
[INFO] [1782989358.401] [/exploration_node]:   Segment 2: 0.38 m
[INFO] [1782989358.445] [/exploration_node]: [33m[Path Simplification] Reduced path from 4 to 3 nodes, 2 collision checks, 0.02 ms[0m
[INFO] [1782989358.445] [/exploration_node]:   Segment 1: 1.83 m
[INFO] [1782989358.445] [/exploration_node]:   Segment 2: 0.38 m
[INFO] [1782989358.487] [/exploration_node]: [33m[Path Simplification] Reduced path from 4 to 3 nodes, 2 collision checks, 0.02 ms[0m
[INFO] [1782989358.487] [/exploration_node]:   Segment 1: 1.83 m
[INFO] [1782989358.487] [/exploration_node]:   Segment 2: 0.38 m
[INFO] [1782989358.494] [/exploration_node]: [33m[Path Simplification] Reduced path from 4 to 3 nodes, 2 collision checks, 0.03 ms[0m
[INFO] [1782989358.494] [/exploration_node]:   Segment 1: 1.83 m
[INFO] [1782989358.494] [/exploration_node]:   Segment 2: 0.38 m
[INFO] [1782989358.522] [/exploration_node]: [EV] [1782989358.522][    +61.4s][PLAN_TRAJ_RTH] BATT 23.5V | v=23.79V pct=54%
[INFO] [1782989358.538] [/exploration_node]: [33m[Path Simplification] Reduced path from 4 to 3 nodes, 2 collision checks, 0.02 ms[0m
[INFO] [1782989358.538] [/exploration_node]:   Segment 1: 1.83 m
[INFO] [1782989358.538] [/exploration_node]:   Segment 2: 0.38 m
[INFO] [1782989358.581] [/exploration_node]: [33m[Path Simplification] Reduced path from 4 to 3 nodes, 2 collision checks, 0.03 ms[0m
[INFO] [1782989358.581] [/exploration_node]:   Segment 1: 1.83 m
[INFO] [1782989358.581] [/exploration_node]:   Segment 2: 0.38 m
[INFO] [1782989358.624] [/exploration_node]: [33m[Path Simplification] Reduced path from 4 to 3 nodes, 2 collision checks, 0.05 ms[0m
[INFO] [1782989358.624] [/exploration_node]:   Segment 1: 1.83 m
[INFO] [1782989358.624] [/exploration_node]:   Segment 2: 0.38 m
[INFO] [1782989358.669] [/exploration_node]: [33m[Path Simplification] Reduced path from 4 to 3 nodes, 2 collision checks, 0.04 ms[0m
[INFO] [1782989358.669] [/exploration_node]:   Segment 1: 1.83 m
[INFO] [1782989358.669] [/exploration_node]:   Segment 2: 0.38 m
[INFO] [1782989358.705] [/exploration_node]: [33m[Path Simplification] Reduced path from 4 to 3 nodes, 2 collision checks, 0.04 ms[0m
[INFO] [1782989358.705] [/exploration_node]:   Segment 1: 1.83 m
[INFO] [1782989358.705] [/exploration_node]:   Segment 2: 0.38 m
[INFO] [1782989358.712] [/exploration_node]: [33m[Path Simplification] Reduced path from 4 to 3 nodes, 2 collision checks, 0.03 ms[0m
[INFO] [1782989358.712] [/exploration_node]:   Segment 1: 1.83 m
[INFO] [1782989358.712] [/exploration_node]:   Segment 2: 0.38 m
[INFO] [1782989358.757] [/exploration_node]: [33m[Path Simplification] Reduced path from 4 to 3 nodes, 2 collision checks, 0.05 ms[0m
[INFO] [1782989358.757] [/exploration_node]:   Segment 1: 1.83 m
[INFO] [1782989358.757] [/exploration_node]:   Segment 2: 0.38 m
[INFO] [1782989358.799] [/exploration_node]: [33m[Path Simplification] Reduced path from 4 to 3 nodes, 2 collision checks, 0.02 ms[0m
[INFO] [1782989358.799] [/exploration_node]:   Segment 1: 1.84 m
[INFO] [1782989358.799] [/exploration_node]:   Segment 2: 0.38 m
[INFO] [1782989358.843] [/exploration_node]: [33m[Path Simplification] Reduced path from 4 to 3 nodes, 2 collision checks, 0.02 ms[0m
[INFO] [1782989358.843] [/exploration_node]:   Segment 1: 1.83 m
[INFO] [1782989358.843] [/exploration_node]:   Segment 2: 0.38 m
[INFO] [1782989358.889] [/exploration_node]: [33m[Path Simplification] Reduced path from 4 to 3 nodes, 2 collision checks, 0.04 ms[0m
[INFO] [1782989358.889] [/exploration_node]:   Segment 1: 1.84 m
[INFO] [1782989358.889] [/exploration_node]:   Segment 2: 0.38 m
[WARN] [1782989358.898] [/exploration_node]: [RTH] local plan failed: escape: gcopter setup failed
[INFO] [1782989358.929] [/exploration_node]: [33m[Path Simplification] Reduced path from 4 to 3 nodes, 2 collision checks, 0.04 ms[0m
[INFO] [1782989358.929] [/exploration_node]:   Segment 1: 1.84 m
[INFO] [1782989358.929] [/exploration_node]:   Segment 2: 0.38 m
[INFO] [1782989358.938] [/exploration_node]: [33m[Path Simplification] Reduced path from 4 to 3 nodes, 2 collision checks, 0.04 ms[0m
[INFO] [1782989358.938] [/exploration_node]:   Segment 1: 1.83 m
[INFO] [1782989358.938] [/exploration_node]:   Segment 2: 0.38 m
[INFO] [1782989358.985] [/exploration_node]: [33m[Path Simplification] Reduced path from 4 to 3 nodes, 2 collision checks, 0.03 ms[0m
[INFO] [1782989358.985] [/exploration_node]:   Segment 1: 1.84 m
[INFO] [1782989358.985] [/exploration_node]:   Segment 2: 0.38 m
[INFO] [1782989359.030] [/exploration_node]: [33m[Path Simplification] Reduced path from 4 to 3 nodes, 2 collision checks, 0.04 ms[0m
[INFO] [1782989359.030] [/exploration_node]:   Segment 1: 1.83 m
[INFO] [1782989359.030] [/exploration_node]:   Segment 2: 0.38 m
[INFO] [1782989359.072] [/exploration_node]: [33m[Path Simplification] Reduced path from 4 to 3 nodes, 2 collision checks, 0.02 ms[0m
[INFO] [1782989359.072] [/exploration_node]:   Segment 1: 1.83 m
[INFO] [1782989359.072] [/exploration_node]:   Segment 2: 0.38 m
[WARN] [1782989359.081] [/exploration_node]: [local-plan] start not in corridor (static start; corridor pieces=16)
[WARN] [1782989359.082] [/exploration_node]: [local-plan] escape: gcopter setup failed
[INFO] [1782989359.117] [/exploration_node]: [33m[Path Simplification] Reduced path from 4 to 3 nodes, 2 collision checks, 0.04 ms[0m
[INFO] [1782989359.117] [/exploration_node]:   Segment 1: 1.83 m
[INFO] [1782989359.117] [/exploration_node]:   Segment 2: 0.38 m
[INFO] [1782989359.154] [/exploration_node]: [33m[Path Simplification] Reduced path from 4 to 3 nodes, 2 collision checks, 0.03 ms[0m
[INFO] [1782989359.154] [/exploration_node]:   Segment 1: 1.83 m
[INFO] [1782989359.154] [/exploration_node]:   Segment 2: 0.38 m
[INFO] [1782989359.155] [/exploration_node]: [EV] [1782989359.155][    +62.0s][PLAN_TRAJ_RTH] GLOBAL result=RTH_PATH_OK | why: path to goal: 3 nodes / 2.2m (connected via 1) | clusters=0(reach 0) vp=0(reach 0) pipe[tot=0 dorm=0 unreach=0 cons=0 nocand=0 topo=0 novis=0 ok=0] tour=3n/2.2m goal=(0.1, 0.1, 1.4) t=6ms (x4)
[INFO] [1782989359.161] [/exploration_node]: [33m[Path Simplification] Reduced path from 4 to 3 nodes, 2 collision checks, 0.04 ms[0m
[INFO] [1782989359.161] [/exploration_node]:   Segment 1: 1.83 m
[INFO] [1782989359.161] [/exploration_node]:   Segment 2: 0.38 m
[INFO] [1782989359.204] [/exploration_node]: [33m[Path Simplification] Reduced path from 4 to 3 nodes, 2 collision checks, 0.03 ms[0m
[INFO] [1782989359.204] [/exploration_node]:   Segment 1: 1.84 m
[INFO] [1782989359.204] [/exploration_node]:   Segment 2: 0.38 m
[INFO] [1782989359.250] [/exploration_node]: [33m[Path Simplification] Reduced path from 4 to 3 nodes, 2 collision checks, 0.05 ms[0m
[INFO] [1782989359.250] [/exploration_node]:   Segment 1: 1.83 m
[INFO] [1782989359.250] [/exploration_node]:   Segment 2: 0.38 m
[INFO] [1782989359.295] [/exploration_node]: [33m[Path Simplification] Reduced path from 4 to 3 nodes, 2 collision checks, 0.03 ms[0m
[INFO] [1782989359.295] [/exploration_node]:   Segment 1: 1.83 m
[INFO] [1782989359.295] [/exploration_node]:   Segment 2: 0.38 m
[INFO] [1782989359.338] [/exploration_node]: [33m[Path Simplification] Reduced path from 4 to 3 nodes, 2 collision checks, 0.04 ms[0m
[INFO] [1782989359.338] [/exploration_node]:   Segment 1: 1.83 m
[INFO] [1782989359.338] [/exploration_node]:   Segment 2: 0.38 m
[INFO] [1782989359.378] [/exploration_node]: [33m[Path Simplification] Reduced path from 4 to 3 nodes, 2 collision checks, 0.02 ms[0m
[INFO] [1782989359.378] [/exploration_node]:   Segment 1: 1.83 m
[INFO] [1782989359.378] [/exploration_node]:   Segment 2: 0.38 m
[INFO] [1782989359.388] [/exploration_node]: [33m[Path Simplification] Reduced path from 4 to 3 nodes, 2 collision checks, 0.05 ms[0m
[INFO] [1782989359.388] [/exploration_node]:   Segment 1: 1.83 m
[INFO] [1782989359.388] [/exploration_node]:   Segment 2: 0.38 m
[INFO] [1782989359.431] [/exploration_node]: [33m[Path Simplification] Reduced path from 4 to 3 nodes, 2 collision checks, 0.04 ms[0m
[INFO] [1782989359.431] [/exploration_node]:   Segment 1: 1.83 m
[INFO] [1782989359.431] [/exploration_node]:   Segment 2: 0.38 m
[INFO] [1782989359.474] [/exploration_node]: [33m[Path Simplification] Reduced path from 4 to 3 nodes, 2 collision checks, 0.02 ms[0m
[INFO] [1782989359.474] [/exploration_node]:   Segment 1: 1.83 m
[INFO] [1782989359.474] [/exploration_node]:   Segment 2: 0.38 m
[INFO] [1782989359.519] [/exploration_node]: [33m[Path Simplification] Reduced path from 4 to 3 nodes, 2 collision checks, 0.04 ms[0m
[INFO] [1782989359.519] [/exploration_node]:   Segment 1: 1.83 m
[INFO] [1782989359.519] [/exploration_node]:   Segment 2: 0.38 m
[INFO] [1782989359.562] [/exploration_node]: [33m[Path Simplification] Reduced path from 4 to 3 nodes, 2 collision checks, 0.02 ms[0m
[INFO] [1782989359.562] [/exploration_node]:   Segment 1: 1.83 m
[INFO] [1782989359.562] [/exploration_node]:   Segment 2: 0.38 m
[INFO] [1782989359.609] [/exploration_node]: [33m[Path Simplification] Reduced path from 4 to 3 nodes, 2 collision checks, 0.02 ms[0m
[INFO] [1782989359.609] [/exploration_node]:   Segment 1: 1.83 m
[INFO] [1782989359.609] [/exploration_node]:   Segment 2: 0.38 m
[INFO] [1782989359.615] [/exploration_node]: [33m[Path Simplification] Reduced path from 4 to 3 nodes, 2 collision checks, 0.03 ms[0m
[INFO] [1782989359.615] [/exploration_node]:   Segment 1: 1.83 m
[INFO] [1782989359.615] [/exploration_node]:   Segment 2: 0.38 m
[INFO] [1782989359.658] [/exploration_node]: [33m[Path Simplification] Reduced path from 4 to 3 nodes, 2 collision checks, 0.02 ms[0m
[INFO] [1782989359.658] [/exploration_node]:   Segment 1: 1.83 m
[INFO] [1782989359.658] [/exploration_node]:   Segment 2: 0.38 m
[INFO] [1782989359.703] [/exploration_node]: [33m[Path Simplification] Reduced path from 4 to 3 nodes, 2 collision checks, 0.02 ms[0m
[INFO] [1782989359.703] [/exploration_node]:   Segment 1: 1.83 m
[INFO] [1782989359.703] [/exploration_node]:   Segment 2: 0.38 m
[INFO] [1782989359.749] [/exploration_node]: [33m[Path Simplification] Reduced path from 4 to 3 nodes, 2 collision checks, 0.03 ms[0m
[INFO] [1782989359.749] [/exploration_node]:   Segment 1: 1.83 m
[INFO] [1782989359.749] [/exploration_node]:   Segment 2: 0.38 m
[INFO] [1782989359.795] [/exploration_node]: [33m[Path Simplification] Reduced path from 4 to 3 nodes, 2 collision checks, 0.02 ms[0m
[INFO] [1782989359.795] [/exploration_node]:   Segment 1: 1.83 m
[INFO] [1782989359.795] [/exploration_node]:   Segment 2: 0.38 m
[INFO] [1782989359.833] [/exploration_node]: [33m[Path Simplification] Reduced path from 4 to 3 nodes, 2 collision checks, 0.02 ms[0m
[INFO] [1782989359.833] [/exploration_node]:   Segment 1: 1.83 m
[INFO] [1782989359.833] [/exploration_node]:   Segment 2: 0.38 m
[INFO] [1782989359.839] [/exploration_node]: [33m[Path Simplification] Reduced path from 4 to 3 nodes, 2 collision checks, 0.03 ms[0m
[INFO] [1782989359.839] [/exploration_node]:   Segment 1: 1.83 m
[INFO] [1782989359.839] [/exploration_node]:   Segment 2: 0.38 m
[INFO] [1782989359.885] [/exploration_node]: [33m[Path Simplification] Reduced path from 4 to 3 nodes, 2 collision checks, 0.06 ms[0m
[INFO] [1782989359.885] [/exploration_node]:   Segment 1: 1.83 m
[INFO] [1782989359.885] [/exploration_node]:   Segment 2: 0.38 m
[INFO] [1782989359.926] [/exploration_node]: [33m[Path Simplification] Reduced path from 4 to 3 nodes, 2 collision checks, 0.02 ms[0m
[INFO] [1782989359.926] [/exploration_node]:   Segment 1: 1.83 m
[INFO] [1782989359.926] [/exploration_node]:   Segment 2: 0.38 m
[INFO] [1782989359.969] [/exploration_node]: [33m[Path Simplification] Reduced path from 4 to 3 nodes, 2 collision checks, 0.02 ms[0m
[INFO] [1782989359.969] [/exploration_node]:   Segment 1: 1.83 m
[INFO] [1782989359.969] [/exploration_node]:   Segment 2: 0.38 m
[INFO] [1782989360.013] [/exploration_node]: [33m[Path Simplification] Reduced path from 4 to 3 nodes, 2 collision checks, 0.02 ms[0m
[INFO] [1782989360.013] [/exploration_node]:   Segment 1: 1.83 m
[INFO] [1782989360.013] [/exploration_node]:   Segment 2: 0.38 m
[INFO] [1782989360.053] [/exploration_node]: [33m[Path Simplification] Reduced path from 4 to 3 nodes, 2 collision checks, 0.02 ms[0m
[INFO] [1782989360.053] [/exploration_node]:   Segment 1: 1.83 m
[INFO] [1782989360.053] [/exploration_node]:   Segment 2: 0.38 m
[INFO] [1782989360.058] [/exploration_node]: [33m[Path Simplification] Reduced path from 4 to 3 nodes, 2 collision checks, 0.02 ms[0m
[INFO] [1782989360.058] [/exploration_node]:   Segment 1: 1.83 m
[INFO] [1782989360.058] [/exploration_node]:   Segment 2: 0.38 m
[INFO] [1782989360.102] [/exploration_node]: [33m[Path Simplification] Reduced path from 4 to 3 nodes, 2 collision checks, 0.02 ms[0m
[INFO] [1782989360.102] [/exploration_node]:   Segment 1: 1.83 m
[INFO] [1782989360.102] [/exploration_node]:   Segment 2: 0.38 m
[INFO] [1782989360.147] [/exploration_node]: [33m[Path Simplification] Reduced path from 4 to 3 nodes, 2 collision checks, 0.07 ms[0m
[INFO] [1782989360.147] [/exploration_node]:   Segment 1: 1.83 m
[INFO] [1782989360.147] [/exploration_node]:   Segment 2: 0.38 m
[INFO] [1782989360.189] [/exploration_node]: [33m[Path Simplification] Reduced path from 4 to 3 nodes, 2 collision checks, 0.04 ms[0m
[INFO] [1782989360.189] [/exploration_node]:   Segment 1: 1.83 m
[INFO] [1782989360.189] [/exploration_node]:   Segment 2: 0.38 m
[INFO] [1782989360.233] [/exploration_node]: [33m[Path Simplification] Reduced path from 4 to 3 nodes, 2 collision checks, 0.03 ms[0m
[INFO] [1782989360.233] [/exploration_node]:   Segment 1: 1.83 m
[INFO] [1782989360.233] [/exploration_node]:   Segment 2: 0.38 m
[INFO] [1782989360.270] [/exploration_node]: [33m[Path Simplification] Reduced path from 4 to 3 nodes, 2 collision checks, 0.04 ms[0m
[INFO] [1782989360.270] [/exploration_node]:   Segment 1: 1.83 m
[INFO] [1782989360.270] [/exploration_node]:   Segment 2: 0.38 m
[INFO] [1782989360.271] [/exploration_node]: [EV] [1782989360.271][    +63.2s][PLAN_TRAJ_RTH] GLOBAL result=RTH_PATH_OK | why: path to goal: 3 nodes / 2.2m (connected via 1) | clusters=0(reach 0) vp=0(reach 0) pipe[tot=0 dorm=0 unreach=0 cons=0 nocand=0 topo=0 novis=0 ok=0] tour=3n/2.2m goal=(0.1, 0.1, 1.4) t=7ms (x4)
[INFO] [1782989360.280] [/exploration_node]: [33m[Path Simplification] Reduced path from 4 to 3 nodes, 2 collision checks, 0.03 ms[0m
[INFO] [1782989360.280] [/exploration_node]:   Segment 1: 1.83 m
[INFO] [1782989360.280] [/exploration_node]:   Segment 2: 0.38 m
[INFO] [1782989360.324] [/exploration_node]: [33m[Path Simplification] Reduced path from 4 to 3 nodes, 2 collision checks, 0.02 ms[0m
[INFO] [1782989360.324] [/exploration_node]:   Segment 1: 1.83 m
[INFO] [1782989360.324] [/exploration_node]:   Segment 2: 0.38 m
[INFO] [1782989360.368] [/exploration_node]: [33m[Path Simplification] Reduced path from 4 to 3 nodes, 2 collision checks, 0.04 ms[0m
[INFO] [1782989360.368] [/exploration_node]:   Segment 1: 1.83 m
[INFO] [1782989360.368] [/exploration_node]:   Segment 2: 0.38 m
[INFO] [1782989360.411] [/exploration_node]: [33m[Path Simplification] Reduced path from 4 to 3 nodes, 2 collision checks, 0.03 ms[0m
[INFO] [1782989360.411] [/exploration_node]:   Segment 1: 1.83 m
[INFO] [1782989360.411] [/exploration_node]:   Segment 2: 0.38 m
[INFO] [1782989360.455] [/exploration_node]: [33m[Path Simplification] Reduced path from 4 to 3 nodes, 2 collision checks, 0.03 ms[0m
[INFO] [1782989360.455] [/exploration_node]:   Segment 1: 1.83 m
[INFO] [1782989360.455] [/exploration_node]:   Segment 2: 0.38 m
[WARN] [1782989360.483] [/exploration_node]: [EV] [1782989360.483][    +63.4s][PLAN_TRAJ_RTH] LOCAL RTH FAIL | why: escape: gcopter setup failed | t=33.5ms (x47)
[INFO] [1782989360.495] [/exploration_node]: [33m[Path Simplification] Reduced path from 4 to 3 nodes, 2 collision checks, 0.02 ms[0m
[INFO] [1782989360.495] [/exploration_node]:   Segment 1: 1.83 m
[INFO] [1782989360.495] [/exploration_node]:   Segment 2: 0.38 m
[INFO] [1782989360.497] [/exploration_node]: [EV] [1782989360.497][    +63.4s][PLAN_TRAJ_RTH] BATT 23.5V | v=23.80V pct=54%
[INFO] [1782989360.502] [/exploration_node]: [33m[Path Simplification] Reduced path from 4 to 3 nodes, 2 collision checks, 0.04 ms[0m
[INFO] [1782989360.502] [/exploration_node]:   Segment 1: 1.83 m
[INFO] [1782989360.502] [/exploration_node]:   Segment 2: 0.38 m
[INFO] [1782989360.547] [/exploration_node]: [33m[Path Simplification] Reduced path from 4 to 3 nodes, 2 collision checks, 0.03 ms[0m
[INFO] [1782989360.547] [/exploration_node]:   Segment 1: 1.83 m
[INFO] [1782989360.547] [/exploration_node]:   Segment 2: 0.38 m
[INFO] [1782989360.591] [/exploration_node]: [33m[Path Simplification] Reduced path from 4 to 3 nodes, 2 collision checks, 0.04 ms[0m
[INFO] [1782989360.591] [/exploration_node]:   Segment 1: 1.83 m
[INFO] [1782989360.591] [/exploration_node]:   Segment 2: 0.38 m
[INFO] [1782989360.636] [/exploration_node]: [33m[Path Simplification] Reduced path from 4 to 3 nodes, 2 collision checks, 0.03 ms[0m
[INFO] [1782989360.636] [/exploration_node]:   Segment 1: 1.83 m
[INFO] [1782989360.636] [/exploration_node]:   Segment 2: 0.38 m
[INFO] [1782989360.679] [/exploration_node]: [33m[Path Simplification] Reduced path from 4 to 3 nodes, 2 collision checks, 0.03 ms[0m
[INFO] [1782989360.679] [/exploration_node]:   Segment 1: 1.83 m
[INFO] [1782989360.679] [/exploration_node]:   Segment 2: 0.38 m
[INFO] [1782989360.718] [/exploration_node]: [33m[Path Simplification] Reduced path from 4 to 3 nodes, 2 collision checks, 0.04 ms[0m
[INFO] [1782989360.718] [/exploration_node]:   Segment 1: 1.83 m
[INFO] [1782989360.718] [/exploration_node]:   Segment 2: 0.38 m
[INFO] [1782989360.726] [/exploration_node]: [33m[Path Simplification] Reduced path from 4 to 3 nodes, 2 collision checks, 0.02 ms[0m
[INFO] [1782989360.726] [/exploration_node]:   Segment 1: 1.83 m
[INFO] [1782989360.726] [/exploration_node]:   Segment 2: 0.38 m
[INFO] [1782989360.770] [/exploration_node]: [33m[Path Simplification] Reduced path from 4 to 3 nodes, 2 collision checks, 0.03 ms[0m
[INFO] [1782989360.770] [/exploration_node]:   Segment 1: 1.83 m
[INFO] [1782989360.770] [/exploration_node]:   Segment 2: 0.38 m
[INFO] [1782989360.815] [/exploration_node]: [33m[Path Simplification] Reduced path from 4 to 3 nodes, 2 collision checks, 0.02 ms[0m
[INFO] [1782989360.815] [/exploration_node]:   Segment 1: 1.83 m
[INFO] [1782989360.815] [/exploration_node]:   Segment 2: 0.38 m
[ERROR] [1782989360.855] [/exploration_node]: [EV] [1782989360.855][    +63.7s][PLAN_TRAJ_RTH] STUCK no motion >8s in PLAN_TRAJ_RTH | last-local: escape: gcopter setup failed | pos=(1.15, 0.14, -0.13) still=13s (x110)
[INFO] [1782989360.867] [/exploration_node]: [33m[Path Simplification] Reduced path from 4 to 3 nodes, 2 collision checks, 0.06 ms[0m
[INFO] [1782989360.867] [/exploration_node]:   Segment 1: 1.83 m
[INFO] [1782989360.867] [/exploration_node]:   Segment 2: 0.38 m
[INFO] [1782989360.903] [/exploration_node]: [33m[Path Simplification] Reduced path from 4 to 3 nodes, 2 collision checks, 0.02 ms[0m
[INFO] [1782989360.903] [/exploration_node]:   Segment 1: 1.83 m
[INFO] [1782989360.903] [/exploration_node]:   Segment 2: 0.38 m
[WARN] [1782989360.912] [/exploration_node]: [RTH] local plan failed: escape: gcopter setup failed
[INFO] [1782989360.942] [/exploration_node]: [33m[Path Simplification] Reduced path from 4 to 3 nodes, 2 collision checks, 0.02 ms[0m
[INFO] [1782989360.942] [/exploration_node]:   Segment 1: 1.83 m
[INFO] [1782989360.942] [/exploration_node]:   Segment 2: 0.38 m
[INFO] [1782989360.948] [/exploration_node]: [33m[Path Simplification] Reduced path from 4 to 3 nodes, 2 collision checks, 0.03 ms[0m
[INFO] [1782989360.948] [/exploration_node]:   Segment 1: 1.83 m
[INFO] [1782989360.948] [/exploration_node]:   Segment 2: 0.38 m
[INFO] [1782989360.994] [/exploration_node]: [33m[Path Simplification] Reduced path from 4 to 3 nodes, 2 collision checks, 0.05 ms[0m
[INFO] [1782989360.994] [/exploration_node]:   Segment 1: 1.83 m
[INFO] [1782989360.994] [/exploration_node]:   Segment 2: 0.38 m
[INFO] [1782989361.035] [/exploration_node]: [33m[Path Simplification] Reduced path from 4 to 3 nodes, 2 collision checks, 0.02 ms[0m
[INFO] [1782989361.035] [/exploration_node]:   Segment 1: 1.83 m
[INFO] [1782989361.035] [/exploration_node]:   Segment 2: 0.38 m
[INFO] [1782989361.081] [/exploration_node]: [33m[Path Simplification] Reduced path from 4 to 3 nodes, 2 collision checks, 0.04 ms[0m
[INFO] [1782989361.081] [/exploration_node]:   Segment 1: 1.83 m
[INFO] [1782989361.081] [/exploration_node]:   Segment 2: 0.38 m
[WARN] [1782989361.091] [/exploration_node]: [local-plan] start not in corridor (static start; corridor pieces=16)
[WARN] [1782989361.091] [/exploration_node]: [local-plan] escape: gcopter setup failed
[INFO] [1782989361.124] [/exploration_node]: [33m[Path Simplification] Reduced path from 4 to 3 nodes, 2 collision checks, 0.04 ms[0m
[INFO] [1782989361.124] [/exploration_node]:   Segment 1: 1.83 m
[INFO] [1782989361.124] [/exploration_node]:   Segment 2: 0.38 m
[INFO] [1782989361.161] [/exploration_node]: [33m[Path Simplification] Reduced path from 4 to 3 nodes, 2 collision checks, 0.05 ms[0m
[INFO] [1782989361.161] [/exploration_node]:   Segment 1: 1.83 m
[INFO] [1782989361.161] [/exploration_node]:   Segment 2: 0.38 m
[INFO] [1782989361.170] [/exploration_node]: [33m[Path Simplification] Reduced path from 4 to 3 nodes, 2 collision checks, 0.03 ms[0m
[INFO] [1782989361.170] [/exploration_node]:   Segment 1: 1.83 m
[INFO] [1782989361.170] [/exploration_node]:   Segment 2: 0.38 m
[INFO] [1782989361.215] [/exploration_node]: [33m[Path Simplification] Reduced path from 4 to 3 nodes, 2 collision checks, 0.02 ms[0m
[INFO] [1782989361.215] [/exploration_node]:   Segment 1: 1.83 m
[INFO] [1782989361.215] [/exploration_node]:   Segment 2: 0.38 m
[INFO] [1782989361.258] [/exploration_node]: [33m[Path Simplification] Reduced path from 4 to 3 nodes, 2 collision checks, 0.02 ms[0m
[INFO] [1782989361.258] [/exploration_node]:   Segment 1: 1.83 m
[INFO] [1782989361.258] [/exploration_node]:   Segment 2: 0.38 m
[INFO] [1782989361.302] [/exploration_node]: [33m[Path Simplification] Reduced path from 4 to 3 nodes, 2 collision checks, 0.02 ms[0m
[INFO] [1782989361.302] [/exploration_node]:   Segment 1: 1.83 m
[INFO] [1782989361.302] [/exploration_node]:   Segment 2: 0.38 m
[INFO] [1782989361.347] [/exploration_node]: [33m[Path Simplification] Reduced path from 4 to 3 nodes, 2 collision checks, 0.05 ms[0m
[INFO] [1782989361.347] [/exploration_node]:   Segment 1: 1.84 m
[INFO] [1782989361.347] [/exploration_node]:   Segment 2: 0.38 m
[INFO] [1782989361.391] [/exploration_node]: [33m[Path Simplification] Reduced path from 4 to 3 nodes, 2 collision checks, 0.03 ms[0m
[INFO] [1782989361.391] [/exploration_node]:   Segment 1: 1.83 m
[INFO] [1782989361.391] [/exploration_node]:   Segment 2: 0.38 m
[INFO] [1782989361.398] [/exploration_node]: [33m[Path Simplification] Reduced path from 4 to 3 nodes, 2 collision checks, 0.04 ms[0m
[INFO] [1782989361.398] [/exploration_node]:   Segment 1: 1.83 m
[INFO] [1782989361.398] [/exploration_node]:   Segment 2: 0.38 m
[INFO] [1782989361.445] [/exploration_node]: [33m[Path Simplification] Reduced path from 4 to 3 nodes, 2 collision checks, 0.04 ms[0m
[INFO] [1782989361.445] [/exploration_node]:   Segment 1: 1.83 m
[INFO] [1782989361.445] [/exploration_node]:   Segment 2: 0.38 m
[INFO] [1782989361.490] [/exploration_node]: [33m[Path Simplification] Reduced path from 4 to 3 nodes, 2 collision checks, 0.03 ms[0m
[INFO] [1782989361.491] [/exploration_node]:   Segment 1: 1.83 m
[INFO] [1782989361.491] [/exploration_node]:   Segment 2: 0.38 m
[INFO] [1782989361.534] [/exploration_node]: [33m[Path Simplification] Reduced path from 4 to 3 nodes, 2 collision checks, 0.04 ms[0m
[INFO] [1782989361.534] [/exploration_node]:   Segment 1: 1.83 m
[INFO] [1782989361.534] [/exploration_node]:   Segment 2: 0.38 m
[INFO] [1782989361.577] [/exploration_node]: [33m[Path Simplification] Reduced path from 4 to 3 nodes, 2 collision checks, 0.02 ms[0m
[INFO] [1782989361.577] [/exploration_node]:   Segment 1: 1.83 m
[INFO] [1782989361.577] [/exploration_node]:   Segment 2: 0.38 m
[INFO] [1782989361.631] [/exploration_node]: [33m[Path Simplification] Reduced path from 4 to 3 nodes, 2 collision checks, 0.02 ms[0m
[INFO] [1782989361.631] [/exploration_node]:   Segment 1: 1.83 m
[INFO] [1782989361.631] [/exploration_node]:   Segment 2: 0.38 m
[INFO] [1782989361.632] [/exploration_node]: [EV] [1782989361.632][    +64.5s][PLAN_TRAJ_RTH] GLOBAL result=RTH_PATH_OK | why: path to goal: 3 nodes / 2.2m (connected via 1) | clusters=0(reach 0) vp=0(reach 0) pipe[tot=0 dorm=0 unreach=0 cons=0 nocand=0 topo=0 novis=0 ok=0] tour=3n/2.2m goal=(0.1, 0.1, 1.4) t=5ms (x5)
[INFO] [1782989361.637] [/exploration_node]: [33m[Path Simplification] Reduced path from 4 to 3 nodes, 2 collision checks, 0.02 ms[0m
[INFO] [1782989361.637] [/exploration_node]:   Segment 1: 1.83 m
[INFO] [1782989361.637] [/exploration_node]:   Segment 2: 0.38 m
[INFO] [1782989361.677] [/exploration_node]: [EV] [1782989361.677][    +64.6s][PLAN_TRAJ_RTH] RTH d2goal=1.0m | auto-home(xy) dist=1.14m tol=0.20m goal=(0.02, -0.04, 1.10) (x105)
[INFO] [1782989361.682] [/exploration_node]: [33m[Path Simplification] Reduced path from 4 to 3 nodes, 2 collision checks, 0.04 ms[0m
[INFO] [1782989361.682] [/exploration_node]:   Segment 1: 1.83 m
[INFO] [1782989361.682] [/exploration_node]:   Segment 2: 0.38 m
[INFO] [1782989361.721] [/exploration_node]: [EV] [1782989361.721][    +64.6s][PLAN_TRAJ_RTH] RTH d2goal=1.0m | auto-home(xy) dist=1.15m tol=0.20m goal=(0.02, -0.04, 1.10)
[INFO] [1782989361.725] [/exploration_node]: [33m[Path Simplification] Reduced path from 4 to 3 nodes, 2 collision checks, 0.02 ms[0m
[INFO] [1782989361.725] [/exploration_node]:   Segment 1: 1.83 m
[INFO] [1782989361.725] [/exploration_node]:   Segment 2: 0.38 m
[INFO] [1782989361.764] [/exploration_node]: [EV] [1782989361.764][    +64.7s][PLAN_TRAJ_RTH] RTH d2goal=1.0m | auto-home(xy) dist=1.14m tol=0.20m goal=(0.02, -0.04, 1.10)
[INFO] [1782989361.769] [/exploration_node]: [33m[Path Simplification] Reduced path from 4 to 3 nodes, 2 collision checks, 0.04 ms[0m
[INFO] [1782989361.769] [/exploration_node]:   Segment 1: 1.83 m
[INFO] [1782989361.769] [/exploration_node]:   Segment 2: 0.38 m
[INFO] [1782989361.810] [/exploration_node]: [EV] [1782989361.810][    +64.7s][PLAN_TRAJ_RTH] RTH d2goal=1.0m | auto-home(xy) dist=1.15m tol=0.20m goal=(0.02, -0.04, 1.10)
[INFO] [1782989361.814] [/exploration_node]: [33m[Path Simplification] Reduced path from 4 to 3 nodes, 2 collision checks, 0.02 ms[0m
[INFO] [1782989361.814] [/exploration_node]:   Segment 1: 1.83 m
[INFO] [1782989361.814] [/exploration_node]:   Segment 2: 0.38 m
[INFO] [1782989361.855] [/exploration_node]: [33m[Path Simplification] Reduced path from 4 to 3 nodes, 2 collision checks, 0.04 ms[0m
[INFO] [1782989361.855] [/exploration_node]:   Segment 1: 1.83 m
[INFO] [1782989361.855] [/exploration_node]:   Segment 2: 0.38 m
[INFO] [1782989361.861] [/exploration_node]: [33m[Path Simplification] Reduced path from 4 to 3 nodes, 2 collision checks, 0.03 ms[0m
[INFO] [1782989361.861] [/exploration_node]:   Segment 1: 1.83 m
[INFO] [1782989361.861] [/exploration_node]:   Segment 2: 0.38 m
[INFO] [1782989361.905] [/exploration_node]: [33m[Path Simplification] Reduced path from 4 to 3 nodes, 2 collision checks, 0.02 ms[0m
[INFO] [1782989361.905] [/exploration_node]:   Segment 1: 1.83 m
[INFO] [1782989361.905] [/exploration_node]:   Segment 2: 0.38 m
[INFO] [1782989361.948] [/exploration_node]: [33m[Path Simplification] Reduced path from 4 to 3 nodes, 2 collision checks, 0.02 ms[0m
[INFO] [1782989361.948] [/exploration_node]:   Segment 1: 1.83 m
[INFO] [1782989361.948] [/exploration_node]:   Segment 2: 0.38 m
[INFO] [1782989361.992] [/exploration_node]: [33m[Path Simplification] Reduced path from 4 to 3 nodes, 2 collision checks, 0.05 ms[0m
[INFO] [1782989361.992] [/exploration_node]:   Segment 1: 1.83 m
[INFO] [1782989361.992] [/exploration_node]:   Segment 2: 0.38 m
[INFO] [1782989362.038] [/exploration_node]: [33m[Path Simplification] Reduced path from 4 to 3 nodes, 2 collision checks, 0.04 ms[0m
[INFO] [1782989362.038] [/exploration_node]:   Segment 1: 1.83 m
[INFO] [1782989362.038] [/exploration_node]:   Segment 2: 0.38 m
[INFO] [1782989362.085] [/exploration_node]: [33m[Path Simplification] Reduced path from 4 to 3 nodes, 2 collision checks, 0.03 ms[0m
[INFO] [1782989362.085] [/exploration_node]:   Segment 1: 1.83 m
[INFO] [1782989362.085] [/exploration_node]:   Segment 2: 0.38 m
[INFO] [1782989362.093] [/exploration_node]: [33m[Path Simplification] Reduced path from 4 to 3 nodes, 2 collision checks, 0.02 ms[0m
[INFO] [1782989362.093] [/exploration_node]:   Segment 1: 1.83 m
[INFO] [1782989362.093] [/exploration_node]:   Segment 2: 0.38 m
[INFO] [1782989362.137] [/exploration_node]: [33m[Path Simplification] Reduced path from 4 to 3 nodes, 2 collision checks, 0.05 ms[0m
[INFO] [1782989362.137] [/exploration_node]:   Segment 1: 1.83 m
[INFO] [1782989362.137] [/exploration_node]:   Segment 2: 0.38 m
[INFO] [1782989362.180] [/exploration_node]: [33m[Path Simplification] Reduced path from 4 to 3 nodes, 2 collision checks, 0.02 ms[0m
[INFO] [1782989362.180] [/exploration_node]:   Segment 1: 1.83 m
[INFO] [1782989362.180] [/exploration_node]:   Segment 2: 0.38 m
[INFO] [1782989362.224] [/exploration_node]: [33m[Path Simplification] Reduced path from 4 to 3 nodes, 2 collision checks, 0.04 ms[0m
[INFO] [1782989362.225] [/exploration_node]:   Segment 1: 1.83 m
[INFO] [1782989362.225] [/exploration_node]:   Segment 2: 0.38 m
[INFO] [1782989362.267] [/exploration_node]: [33m[Path Simplification] Reduced path from 4 to 3 nodes, 2 collision checks, 0.02 ms[0m
[INFO] [1782989362.267] [/exploration_node]:   Segment 1: 1.83 m
[INFO] [1782989362.267] [/exploration_node]:   Segment 2: 0.38 m
[INFO] [1782989362.314] [/exploration_node]: [33m[Path Simplification] Reduced path from 4 to 3 nodes, 2 collision checks, 0.02 ms[0m
[INFO] [1782989362.314] [/exploration_node]:   Segment 1: 1.83 m
[INFO] [1782989362.314] [/exploration_node]:   Segment 2: 0.38 m
[INFO] [1782989362.319] [/exploration_node]: [33m[Path Simplification] Reduced path from 4 to 3 nodes, 2 collision checks, 0.02 ms[0m
[INFO] [1782989362.319] [/exploration_node]:   Segment 1: 1.83 m
[INFO] [1782989362.319] [/exploration_node]:   Segment 2: 0.38 m
[INFO] [1782989362.363] [/exploration_node]: [33m[Path Simplification] Reduced path from 4 to 3 nodes, 2 collision checks, 0.02 ms[0m
[INFO] [1782989362.363] [/exploration_node]:   Segment 1: 1.83 m
[INFO] [1782989362.363] [/exploration_node]:   Segment 2: 0.38 m
[INFO] [1782989362.408] [/exploration_node]: [33m[Path Simplification] Reduced path from 4 to 3 nodes, 2 collision checks, 0.04 ms[0m
[INFO] [1782989362.408] [/exploration_node]:   Segment 1: 1.83 m
[INFO] [1782989362.408] [/exploration_node]:   Segment 2: 0.38 m
[INFO] [1782989362.451] [/exploration_node]: [33m[Path Simplification] Reduced path from 4 to 3 nodes, 2 collision checks, 0.04 ms[0m
[INFO] [1782989362.451] [/exploration_node]:   Segment 1: 1.83 m
[INFO] [1782989362.451] [/exploration_node]:   Segment 2: 0.38 m
[INFO] [1782989362.495] [/exploration_node]: [33m[Path Simplification] Reduced path from 4 to 3 nodes, 2 collision checks, 0.04 ms[0m
[INFO] [1782989362.495] [/exploration_node]:   Segment 1: 1.84 m
[INFO] [1782989362.495] [/exploration_node]:   Segment 2: 0.38 m
[WARN] [1782989362.523] [/exploration_node]: [EV] [1782989362.523][    +65.4s][PLAN_TRAJ_RTH] LOCAL RTH FAIL | why: escape: gcopter setup failed | t=33.4ms (x44)
[INFO] [1782989362.534] [/exploration_node]: [33m[Path Simplification] Reduced path from 4 to 3 nodes, 2 collision checks, 0.04 ms[0m
[INFO] [1782989362.534] [/exploration_node]:   Segment 1: 1.84 m
[INFO] [1782989362.534] [/exploration_node]:   Segment 2: 0.38 m
[INFO] [1782989362.539] [/exploration_node]: [33m[Path Simplification] Reduced path from 4 to 3 nodes, 2 collision checks, 0.02 ms[0m
[INFO] [1782989362.540] [/exploration_node]:   Segment 1: 1.84 m
[INFO] [1782989362.540] [/exploration_node]:   Segment 2: 0.38 m
[INFO] [1782989362.583] [/exploration_node]: [33m[Path Simplification] Reduced path from 4 to 3 nodes, 2 collision checks, 0.02 ms[0m
[INFO] [1782989362.583] [/exploration_node]:   Segment 1: 1.83 m
[INFO] [1782989362.583] [/exploration_node]:   Segment 2: 0.38 m
