# console (/rosout_agg) log for epic_2026-07-09-21-22-28.bag
# started at 2026-07-09-21-22-28
[INFO] [1783599748.677] [/record_on_goal]: [record_on_goal] event log -> /home/hmcl/stack1/src/EPIC_poongsan/src/EPIC/src/global_planner/exploration_manager/records/epic_2026-07-09-21-22-28/epic_2026-07-09-21-22-28.events.log
[INFO] [1783599748.682] [/record_on_goal]: [record_on_goal] recording started (pid 3707710) -> /home/hmcl/stack1/src/EPIC_poongsan/src/EPIC/src/global_planner/exploration_manager/records/epic_2026-07-09-21-22-28/epic_2026-07-09-21-22-28.bag
[INFO] [1783599748.952] [/local_avoidance]: [local_avoidance] DEACTIVATED
[WARN] [1783599748.977] [/px4_ctrl_bridge]: [px4_bridge] avoidance released -> published /planning/replan
[WARN] [1783599749.002] [/local_avoidance]: [local_avoidance] ACTIVATED  (min_dist=0.35 m, idx=5029)
[INFO] [1783599749.057] [/epic_rosbag_recorder]: Subscribing to /exploration_node/sf_cluster_marker
[INFO] [1783599749.058] [/epic_rosbag_recorder]: Subscribing to /exploration_node/bad_obs
[INFO] [1783599749.059] [/epic_rosbag_recorder]: Subscribing to /exploration_node/good_obs
[INFO] [1783599749.152] [/local_avoidance]: [local_avoidance] DEACTIVATED
[WARN] [1783599749.177] [/px4_ctrl_bridge]: [px4_bridge] avoidance released -> published /planning/replan
[WARN] [1783599749.203] [/local_avoidance]: [local_avoidance] ACTIVATED  (min_dist=0.36 m, idx=5532)
[WARN] [1783599749.227] [/px4_ctrl_bridge]: [px4_bridge] AVOIDANCE ACTIVE -> forwarding /target_avoidance
[INFO] [1783599749.251] [/local_avoidance]: [local_avoidance] DEACTIVATED
[WARN] [1783599749.277] [/px4_ctrl_bridge]: [px4_bridge] avoidance released -> published /planning/replan
[WARN] [1783599749.301] [/local_avoidance]: [local_avoidance] ACTIVATED  (min_dist=0.35 m, idx=980)
[INFO] [1783599749.379] [/local_avoidance]: [local_avoidance] DEACTIVATED
[WARN] [1783599749.401] [/local_avoidance]: [local_avoidance] ACTIVATED  (min_dist=0.35 m, idx=6640)
[WARN] [1783599749.407] [/px4_ctrl_bridge]: [px4_bridge] avoidance released -> published /planning/replan
[INFO] [1783599749.452] [/local_avoidance]: [local_avoidance] DEACTIVATED
[WARN] [1783599749.477] [/px4_ctrl_bridge]: [px4_bridge] avoidance released -> published /planning/replan
[WARN] [1783599749.503] [/local_avoidance]: [local_avoidance] ACTIVATED  (min_dist=0.35 m, idx=6673)
[INFO] [1783599749.552] [/local_avoidance]: [local_avoidance] DEACTIVATED
[WARN] [1783599749.577] [/px4_ctrl_bridge]: [px4_bridge] avoidance released -> published /planning/replan
[WARN] [1783599749.601] [/local_avoidance]: [local_avoidance] ACTIVATED  (min_dist=0.35 m, idx=379)
[INFO] [1783599749.654] [/local_avoidance]: [local_avoidance] DEACTIVATED
[WARN] [1783599749.677] [/px4_ctrl_bridge]: [px4_bridge] avoidance released -> published /planning/replan
[WARN] [1783599749.702] [/local_avoidance]: [local_avoidance] ACTIVATED  (min_dist=0.36 m, idx=6091)
[INFO] [1783599749.755] [/local_avoidance]: [local_avoidance] DEACTIVATED
[WARN] [1783599749.777] [/px4_ctrl_bridge]: [px4_bridge] avoidance released -> published /planning/replan
[WARN] [1783599749.801] [/local_avoidance]: [local_avoidance] ACTIVATED  (min_dist=0.35 m, idx=1127)
[INFO] [1783599749.856] [/local_avoidance]: [local_avoidance] DEACTIVATED
[WARN] [1783599749.877] [/px4_ctrl_bridge]: [px4_bridge] avoidance released -> published /planning/replan
[WARN] [1783599749.901] [/local_avoidance]: [local_avoidance] ACTIVATED  (min_dist=0.35 m, idx=7679)
[INFO] [1783599749.951] [/local_avoidance]: [local_avoidance] DEACTIVATED
[WARN] [1783599749.977] [/px4_ctrl_bridge]: [px4_bridge] avoidance released -> published /planning/replan
[WARN] [1783599750.001] [/local_avoidance]: [local_avoidance] ACTIVATED  (min_dist=0.35 m, idx=1750)
[INFO] [1783599750.054] [/local_avoidance]: [local_avoidance] DEACTIVATED
[WARN] [1783599750.077] [/px4_ctrl_bridge]: [px4_bridge] avoidance released -> published /planning/replan
[WARN] [1783599750.103] [/local_avoidance]: [local_avoidance] ACTIVATED  (min_dist=0.35 m, idx=8119)
[INFO] [1783599750.152] [/local_avoidance]: [local_avoidance] DEACTIVATED
[WARN] [1783599750.187] [/px4_ctrl_bridge]: [px4_bridge] avoidance released -> published /planning/replan
[WARN] [1783599750.202] [/local_avoidance]: [local_avoidance] ACTIVATED  (min_dist=0.35 m, idx=2022)
[WARN] [1783599750.227] [/px4_ctrl_bridge]: [px4_bridge] AVOIDANCE ACTIVE -> forwarding /target_avoidance
[INFO] [1783599750.252] [/local_avoidance]: [local_avoidance] DEACTIVATED
[WARN] [1783599750.287] [/px4_ctrl_bridge]: [px4_bridge] avoidance released -> published /planning/replan
[WARN] [1783599750.302] [/local_avoidance]: [local_avoidance] ACTIVATED  (min_dist=0.35 m, idx=9067)
[INFO] [1783599750.351] [/local_avoidance]: [local_avoidance] DEACTIVATED
[WARN] [1783599750.377] [/px4_ctrl_bridge]: [px4_bridge] avoidance released -> published /planning/replan
[WARN] [1783599750.405] [/local_avoidance]: [local_avoidance] ACTIVATED  (min_dist=0.35 m, idx=2526)
[INFO] [1783599750.457] [/local_avoidance]: [local_avoidance] DEACTIVATED
[WARN] [1783599750.477] [/px4_ctrl_bridge]: [px4_bridge] avoidance released -> published /planning/replan
[WARN] [1783599750.528] [/local_avoidance]: [local_avoidance] ACTIVATED  (min_dist=0.36 m, idx=3599)
[INFO] [1783599750.557] [/local_avoidance]: [local_avoidance] DEACTIVATED
[WARN] [1783599750.577] [/px4_ctrl_bridge]: [px4_bridge] avoidance released -> published /planning/replan
[WARN] [1783599750.602] [/local_avoidance]: [local_avoidance] ACTIVATED  (min_dist=0.35 m, idx=3013)
[INFO] [1783599750.653] [/local_avoidance]: [local_avoidance] DEACTIVATED
[WARN] [1783599750.687] [/px4_ctrl_bridge]: [px4_bridge] avoidance released -> published /planning/replan
[WARN] [1783599750.729] [/local_avoidance]: [local_avoidance] ACTIVATED  (min_dist=0.37 m, idx=7999)
[INFO] [1783599750.752] [/local_avoidance]: [local_avoidance] DEACTIVATED
[WARN] [1783599750.777] [/px4_ctrl_bridge]: [px4_bridge] avoidance released -> published /planning/replan
[WARN] [1783599750.806] [/local_avoidance]: [local_avoidance] ACTIVATED  (min_dist=0.35 m, idx=3289)
[INFO] [1783599750.878] [/local_avoidance]: [local_avoidance] DEACTIVATED
[WARN] [1783599750.901] [/local_avoidance]: [local_avoidance] ACTIVATED  (min_dist=0.36 m, idx=8784)
[WARN] [1783599750.907] [/px4_ctrl_bridge]: [px4_bridge] avoidance released -> published /planning/replan
[INFO] [1783599750.979] [/local_avoidance]: [local_avoidance] DEACTIVATED
[WARN] [1783599751.002] [/local_avoidance]: [local_avoidance] ACTIVATED  (min_dist=0.35 m, idx=9568)
[WARN] [1783599751.007] [/px4_ctrl_bridge]: [px4_bridge] avoidance released -> published /planning/replan
[INFO] [1783599751.053] [/local_avoidance]: [local_avoidance] DEACTIVATED
[WARN] [1783599751.087] [/px4_ctrl_bridge]: [px4_bridge] avoidance released -> published /planning/replan
[WARN] [1783599751.102] [/local_avoidance]: [local_avoidance] ACTIVATED  (min_dist=0.35 m, idx=9304)
[INFO] [1783599751.154] [/local_avoidance]: [local_avoidance] DEACTIVATED
[INFO] [1783599751.163] [/mavros]: HP: requesting home position
[INFO] [1783599751.169] [/cloud_crop_bridge]: [CloudCrop] 3169 -> 352 pts (11%)
[WARN] [1783599751.177] [/px4_ctrl_bridge]: [px4_bridge] avoidance released -> published /planning/replan
[WARN] [1783599751.207] [/local_avoidance]: [local_avoidance] ACTIVATED  (min_dist=0.35 m, idx=10000)
[WARN] [1783599751.227] [/px4_ctrl_bridge]: [px4_bridge] AVOIDANCE ACTIVE -> forwarding /target_avoidance
[INFO] [1783599751.251] [/local_avoidance]: [local_avoidance] avoiding...  min_dist=0.35 m
[INFO] [1783599751.351] [/local_avoidance]: [local_avoidance] DEACTIVATED
[WARN] [1783599751.377] [/px4_ctrl_bridge]: [px4_bridge] avoidance released -> published /planning/replan
[WARN] [1783599751.402] [/local_avoidance]: [local_avoidance] ACTIVATED  (min_dist=0.35 m, idx=4624)
[WARN] [1783599752.237] [/px4_ctrl_bridge]: [px4_bridge] AVOIDANCE ACTIVE -> forwarding /target_avoidance
[INFO] [1783599752.251] [/local_avoidance]: [local_avoidance] avoiding...  min_dist=0.37 m
[WARN] [1783599753.238] [/px4_ctrl_bridge]: [px4_bridge] AVOIDANCE ACTIVE -> forwarding /target_avoidance
[INFO] [1783599753.255] [/local_avoidance]: [local_avoidance] avoiding...  min_dist=0.35 m
[WARN] [1783599753.608] [/exploration_node]: wait for trigger.
[INFO] [1783599754.102] [/local_avoidance]: [local_avoidance] DEACTIVATED
[WARN] [1783599754.127] [/px4_ctrl_bridge]: [px4_bridge] avoidance released -> published /planning/replan
[WARN] [1783599754.152] [/local_avoidance]: [local_avoidance] ACTIVATED  (min_dist=0.36 m, idx=840)
[INFO] [1783599754.203] [/local_avoidance]: [local_avoidance] DEACTIVATED
[WARN] [1783599754.227] [/px4_ctrl_bridge]: [px4_bridge] avoidance released -> published /planning/replan
[WARN] [1783599754.256] [/local_avoidance]: [local_avoidance] ACTIVATED  (min_dist=0.36 m, idx=5167)
[WARN] [1783599754.277] [/px4_ctrl_bridge]: [px4_bridge] AVOIDANCE ACTIVE -> forwarding /target_avoidance
[INFO] [1783599754.327] [/local_avoidance]: [local_avoidance] DEACTIVATED
[WARN] [1783599754.355] [/local_avoidance]: [local_avoidance] ACTIVATED  (min_dist=0.37 m, idx=894)
[WARN] [1783599754.357] [/px4_ctrl_bridge]: [px4_bridge] avoidance released -> published /planning/replan
[INFO] [1783599754.401] [/local_avoidance]: [local_avoidance] DEACTIVATED
[WARN] [1783599754.427] [/px4_ctrl_bridge]: [px4_bridge] avoidance released -> published /planning/replan
[WARN] [1783599754.452] [/local_avoidance]: [local_avoidance] ACTIVATED  (min_dist=0.36 m, idx=5304)
[INFO] [1783599754.504] [/local_avoidance]: [local_avoidance] DEACTIVATED
[WARN] [1783599754.527] [/px4_ctrl_bridge]: [px4_bridge] avoidance released -> published /planning/replan
[WARN] [1783599754.576] [/local_avoidance]: [local_avoidance] ACTIVATED  (min_dist=0.36 m, idx=6202)
[INFO] [1783599754.604] [/local_avoidance]: [local_avoidance] DEACTIVATED
[WARN] [1783599754.627] [/px4_ctrl_bridge]: [px4_bridge] avoidance released -> published /planning/replan
[WARN] [1783599754.653] [/local_avoidance]: [local_avoidance] ACTIVATED  (min_dist=0.35 m, idx=6892)
[INFO] [1783599754.702] [/local_avoidance]: [local_avoidance] DEACTIVATED
[WARN] [1783599754.727] [/px4_ctrl_bridge]: [px4_bridge] avoidance released -> published /planning/replan
[WARN] [1783599754.752] [/local_avoidance]: [local_avoidance] ACTIVATED  (min_dist=0.35 m, idx=6656)
[INFO] [1783599754.801] [/local_avoidance]: [local_avoidance] DEACTIVATED
[WARN] [1783599754.837] [/px4_ctrl_bridge]: [px4_bridge] avoidance released -> published /planning/replan
[WARN] [1783599754.852] [/local_avoidance]: [local_avoidance] ACTIVATED  (min_dist=0.35 m, idx=7740)
[INFO] [1783599754.902] [/local_avoidance]: [local_avoidance] DEACTIVATED
[WARN] [1783599754.927] [/px4_ctrl_bridge]: [px4_bridge] avoidance released -> published /planning/replan
[WARN] [1783599754.954] [/local_avoidance]: [local_avoidance] ACTIVATED  (min_dist=0.35 m, idx=7092)
[INFO] [1783599755.026] [/local_avoidance]: [local_avoidance] DEACTIVATED
[WARN] [1783599755.051] [/local_avoidance]: [local_avoidance] ACTIVATED  (min_dist=0.35 m, idx=2176)
[WARN] [1783599755.057] [/px4_ctrl_bridge]: [px4_bridge] avoidance released -> published /planning/replan
[INFO] [1783599755.101] [/local_avoidance]: [local_avoidance] DEACTIVATED
[WARN] [1783599755.137] [/px4_ctrl_bridge]: [px4_bridge] avoidance released -> published /planning/replan
[WARN] [1783599755.151] [/local_avoidance]: [local_avoidance] ACTIVATED  (min_dist=0.35 m, idx=1699)
[INFO] [1783599755.204] [/local_avoidance]: [local_avoidance] DEACTIVATED
[WARN] [1783599755.227] [/px4_ctrl_bridge]: [px4_bridge] avoidance released -> published /planning/replan
[WARN] [1783599755.251] [/local_avoidance]: [local_avoidance] ACTIVATED  (min_dist=0.35 m, idx=8262)
[WARN] [1783599755.277] [/px4_ctrl_bridge]: [px4_bridge] AVOIDANCE ACTIVE -> forwarding /target_avoidance
[INFO] [1783599755.301] [/local_avoidance]: [local_avoidance] DEACTIVATED
[WARN] [1783599755.327] [/px4_ctrl_bridge]: [px4_bridge] avoidance released -> published /planning/replan
[WARN] [1783599755.351] [/local_avoidance]: [local_avoidance] ACTIVATED  (min_dist=0.35 m, idx=3411)
[INFO] [1783599755.402] [/local_avoidance]: [local_avoidance] DEACTIVATED
[WARN] [1783599755.431] [/px4_ctrl_bridge]: [px4_bridge] avoidance released -> published /planning/replan
[WARN] [1783599755.452] [/local_avoidance]: [local_avoidance] ACTIVATED  (min_dist=0.35 m, idx=8793)
[INFO] [1783599755.501] [/local_avoidance]: [local_avoidance] DEACTIVATED
[WARN] [1783599755.527] [/px4_ctrl_bridge]: [px4_bridge] avoidance released -> published /planning/replan
[WARN] [1783599755.551] [/local_avoidance]: [local_avoidance] ACTIVATED  (min_dist=0.35 m, idx=2707)
[INFO] [1783599755.601] [/local_avoidance]: [local_avoidance] DEACTIVATED
[WARN] [1783599755.637] [/px4_ctrl_bridge]: [px4_bridge] avoidance released -> published /planning/replan
[WARN] [1783599755.652] [/local_avoidance]: [local_avoidance] ACTIVATED  (min_dist=0.35 m, idx=9258)
[INFO] [1783599755.702] [/local_avoidance]: [local_avoidance] DEACTIVATED
[WARN] [1783599755.727] [/px4_ctrl_bridge]: [px4_bridge] avoidance released -> published /planning/replan
[WARN] [1783599755.753] [/local_avoidance]: [local_avoidance] ACTIVATED  (min_dist=0.35 m, idx=2946)
[INFO] [1783599755.804] [/local_avoidance]: [local_avoidance] DEACTIVATED
[WARN] [1783599755.827] [/px4_ctrl_bridge]: [px4_bridge] avoidance released -> published /planning/replan
[WARN] [1783599755.853] [/local_avoidance]: [local_avoidance] ACTIVATED  (min_dist=0.35 m, idx=3852)
[INFO] [1783599755.926] [/local_avoidance]: [local_avoidance] DEACTIVATED
[WARN] [1783599755.952] [/local_avoidance]: [local_avoidance] ACTIVATED  (min_dist=0.35 m, idx=3794)
[WARN] [1783599755.957] [/px4_ctrl_bridge]: [px4_bridge] avoidance released -> published /planning/replan
[INFO] [1783599756.002] [/local_avoidance]: [local_avoidance] DEACTIVATED
[WARN] [1783599756.027] [/px4_ctrl_bridge]: [px4_bridge] avoidance released -> published /planning/replan
[WARN] [1783599756.052] [/local_avoidance]: [local_avoidance] ACTIVATED  (min_dist=0.35 m, idx=9098)
[INFO] [1783599756.102] [/local_avoidance]: [local_avoidance] DEACTIVATED
[WARN] [1783599756.127] [/px4_ctrl_bridge]: [px4_bridge] avoidance released -> published /planning/replan
[WARN] [1783599756.151] [/local_avoidance]: [local_avoidance] ACTIVATED  (min_dist=0.35 m, idx=4157)
[INFO] [1783599756.203] [/local_avoidance]: [local_avoidance] DEACTIVATED
[INFO] [1783599756.209] [/cloud_crop_bridge]: [CloudCrop] 3111 -> 328 pts (11%)
[WARN] [1783599756.227] [/px4_ctrl_bridge]: [px4_bridge] avoidance released -> published /planning/replan
[WARN] [1783599756.253] [/local_avoidance]: [local_avoidance] ACTIVATED  (min_dist=0.36 m, idx=9830)
[WARN] [1783599756.277] [/px4_ctrl_bridge]: [px4_bridge] AVOIDANCE ACTIVE -> forwarding /target_avoidance
[INFO] [1783599756.302] [/local_avoidance]: [local_avoidance] DEACTIVATED
[WARN] [1783599756.327] [/px4_ctrl_bridge]: [px4_bridge] avoidance released -> published /planning/replan
[WARN] [1783599756.354] [/local_avoidance]: [local_avoidance] ACTIVATED  (min_dist=0.35 m, idx=4620)
[INFO] [1783599756.411] [/local_avoidance]: [local_avoidance] avoiding...  min_dist=0.37 m
[WARN] [1783599757.288] [/px4_ctrl_bridge]: [px4_bridge] AVOIDANCE ACTIVE -> forwarding /target_avoidance
[INFO] [1783599757.451] [/local_avoidance]: [local_avoidance] avoiding...  min_dist=0.35 m
[WARN] [1783599758.297] [/px4_ctrl_bridge]: [px4_bridge] AVOIDANCE ACTIVE -> forwarding /target_avoidance
[INFO] [1783599758.452] [/local_avoidance]: [local_avoidance] avoiding...  min_dist=0.35 m
[WARN] [1783599758.608] [/exploration_node]: wait for trigger.
[INFO] [1783599758.777] [/local_avoidance]: [local_avoidance] DEACTIVATED
[WARN] [1783599758.802] [/local_avoidance]: [local_avoidance] ACTIVATED  (min_dist=0.35 m, idx=6131)
[WARN] [1783599758.807] [/px4_ctrl_bridge]: [px4_bridge] avoidance released -> published /planning/replan
[INFO] [1783599759.056] [/local_avoidance]: [local_avoidance] DEACTIVATED
[WARN] [1783599759.077] [/px4_ctrl_bridge]: [px4_bridge] avoidance released -> published /planning/replan
[WARN] [1783599759.106] [/local_avoidance]: [local_avoidance] ACTIVATED  (min_dist=0.35 m, idx=6041)
[INFO] [1783599759.254] [/local_avoidance]: [local_avoidance] DEACTIVATED
[WARN] [1783599759.287] [/px4_ctrl_bridge]: [px4_bridge] avoidance released -> published /planning/replan
[WARN] [1783599759.304] [/local_avoidance]: [local_avoidance] ACTIVATED  (min_dist=0.35 m, idx=6707)
[WARN] [1783599759.327] [/px4_ctrl_bridge]: [px4_bridge] AVOIDANCE ACTIVE -> forwarding /target_avoidance
[INFO] [1783599759.355] [/local_avoidance]: [local_avoidance] DEACTIVATED
[WARN] [1783599759.377] [/px4_ctrl_bridge]: [px4_bridge] avoidance released -> published /planning/replan
[WARN] [1783599759.404] [/local_avoidance]: [local_avoidance] ACTIVATED  (min_dist=0.35 m, idx=494)
[INFO] [1783599759.455] [/local_avoidance]: [local_avoidance] DEACTIVATED
[WARN] [1783599759.477] [/px4_ctrl_bridge]: [px4_bridge] avoidance released -> published /planning/replan
[WARN] [1783599759.502] [/local_avoidance]: [local_avoidance] ACTIVATED  (min_dist=0.35 m, idx=7043)
[INFO] [1783599759.562] [/local_avoidance]: [local_avoidance] DEACTIVATED
[WARN] [1783599759.577] [/px4_ctrl_bridge]: [px4_bridge] avoidance released -> published /planning/replan
[WARN] [1783599759.603] [/local_avoidance]: [local_avoidance] ACTIVATED  (min_dist=0.35 m, idx=942)
[INFO] [1783599759.653] [/local_avoidance]: [local_avoidance] DEACTIVATED
[WARN] [1783599759.678] [/px4_ctrl_bridge]: [px4_bridge] avoidance released -> published /planning/replan
[WARN] [1783599759.703] [/local_avoidance]: [local_avoidance] ACTIVATED  (min_dist=0.35 m, idx=7499)
[INFO] [1783599759.753] [/local_avoidance]: [local_avoidance] DEACTIVATED
[WARN] [1783599759.777] [/px4_ctrl_bridge]: [px4_bridge] avoidance released -> published /planning/replan
[WARN] [1783599759.802] [/local_avoidance]: [local_avoidance] ACTIVATED  (min_dist=0.35 m, idx=1198)
[INFO] [1783599759.852] [/local_avoidance]: [local_avoidance] DEACTIVATED
[WARN] [1783599759.887] [/px4_ctrl_bridge]: [px4_bridge] avoidance released -> published /planning/replan
[WARN] [1783599759.904] [/local_avoidance]: [local_avoidance] ACTIVATED  (min_dist=0.35 m, idx=2107)
[INFO] [1783599759.952] [/local_avoidance]: [local_avoidance] DEACTIVATED
[WARN] [1783599759.977] [/px4_ctrl_bridge]: [px4_bridge] avoidance released -> published /planning/replan
[WARN] [1783599760.001] [/local_avoidance]: [local_avoidance] ACTIVATED  (min_dist=0.35 m, idx=1753)
[INFO] [1783599760.064] [/local_avoidance]: [local_avoidance] DEACTIVATED
[WARN] [1783599760.077] [/px4_ctrl_bridge]: [px4_bridge] avoidance released -> published /planning/replan
[WARN] [1783599760.103] [/local_avoidance]: [local_avoidance] ACTIVATED  (min_dist=0.36 m, idx=7248)
[INFO] [1783599760.156] [/local_avoidance]: [local_avoidance] DEACTIVATED
[WARN] [1783599760.177] [/px4_ctrl_bridge]: [px4_bridge] avoidance released -> published /planning/replan
[WARN] [1783599760.209] [/local_avoidance]: [local_avoidance] ACTIVATED  (min_dist=0.35 m, idx=2197)
[INFO] [1783599760.264] [/local_avoidance]: [local_avoidance] DEACTIVATED
[WARN] [1783599760.277] [/px4_ctrl_bridge]: [px4_bridge] avoidance released -> published /planning/replan
[WARN] [1783599760.330] [/local_avoidance]: [local_avoidance] ACTIVATED  (min_dist=0.35 m, idx=3393)
[WARN] [1783599760.358] [/px4_ctrl_bridge]: [px4_bridge] AVOIDANCE ACTIVE -> forwarding /target_avoidance
[INFO] [1783599760.378] [/local_avoidance]: [local_avoidance] DEACTIVATED
[WARN] [1783599760.407] [/px4_ctrl_bridge]: [px4_bridge] avoidance released -> published /planning/replan
[WARN] [1783599760.406] [/local_avoidance]: [local_avoidance] ACTIVATED  (min_dist=0.35 m, idx=8664)
[INFO] [1783599760.452] [/local_avoidance]: [local_avoidance] DEACTIVATED
[WARN] [1783599760.477] [/px4_ctrl_bridge]: [px4_bridge] avoidance released -> published /planning/replan
[WARN] [1783599760.504] [/local_avoidance]: [local_avoidance] ACTIVATED  (min_dist=0.35 m, idx=8128)
[INFO] [1783599760.552] [/local_avoidance]: [local_avoidance] DEACTIVATED
[WARN] [1783599760.577] [/px4_ctrl_bridge]: [px4_bridge] avoidance released -> published /planning/replan
[WARN] [1783599760.602] [/local_avoidance]: [local_avoidance] ACTIVATED  (min_dist=0.35 m, idx=10064)
[INFO] [1783599760.652] [/local_avoidance]: [local_avoidance] DEACTIVATED
[WARN] [1783599760.677] [/px4_ctrl_bridge]: [px4_bridge] avoidance released -> published /planning/replan
[WARN] [1783599760.727] [/local_avoidance]: [local_avoidance] ACTIVATED  (min_dist=0.35 m, idx=2639)
[INFO] [1783599760.754] [/local_avoidance]: [local_avoidance] DEACTIVATED
[WARN] [1783599760.777] [/px4_ctrl_bridge]: [px4_bridge] avoidance released -> published /planning/replan
[WARN] [1783599760.802] [/local_avoidance]: [local_avoidance] ACTIVATED  (min_dist=0.36 m, idx=9377)
[INFO] [1783599760.851] [/local_avoidance]: [local_avoidance] DEACTIVATED
[WARN] [1783599760.877] [/px4_ctrl_bridge]: [px4_bridge] avoidance released -> published /planning/replan
[WARN] [1783599760.909] [/local_avoidance]: [local_avoidance] ACTIVATED  (min_dist=0.35 m, idx=3379)
[INFO] [1783599760.977] [/local_avoidance]: [local_avoidance] DEACTIVATED
[WARN] [1783599761.007] [/px4_ctrl_bridge]: [px4_bridge] avoidance released -> published /planning/replan
[WARN] [1783599761.027] [/local_avoidance]: [local_avoidance] ACTIVATED  (min_dist=0.35 m, idx=10806)
[INFO] [1783599761.054] [/local_avoidance]: [local_avoidance] DEACTIVATED
[WARN] [1783599761.077] [/px4_ctrl_bridge]: [px4_bridge] avoidance released -> published /planning/replan
[WARN] [1783599761.108] [/local_avoidance]: [local_avoidance] ACTIVATED  (min_dist=0.35 m, idx=3739)
[INFO] [1783599761.152] [/local_avoidance]: [local_avoidance] avoiding...  min_dist=0.37 m
[INFO] [1783599761.164] [/mavros]: HP: requesting home position
[INFO] [1783599761.253] [/cloud_crop_bridge]: [CloudCrop] 3174 -> 419 pts (13%)
[INFO] [1783599761.355] [/local_avoidance]: [local_avoidance] DEACTIVATED
[WARN] [1783599761.367] [/px4_ctrl_bridge]: [px4_bridge] AVOIDANCE ACTIVE -> forwarding /target_avoidance
[WARN] [1783599761.377] [/px4_ctrl_bridge]: [px4_bridge] avoidance released -> published /planning/replan
[WARN] [1783599761.427] [/local_avoidance]: [local_avoidance] ACTIVATED  (min_dist=0.36 m, idx=4980)
[INFO] [1783599762.152] [/local_avoidance]: [local_avoidance] avoiding...  min_dist=0.35 m
[WARN] [1783599762.377] [/px4_ctrl_bridge]: [px4_bridge] AVOIDANCE ACTIVE -> forwarding /target_avoidance
[INFO] [1783599763.178] [/local_avoidance]: [local_avoidance] avoiding...  min_dist=0.35 m
[WARN] [1783599763.377] [/px4_ctrl_bridge]: [px4_bridge] AVOIDANCE ACTIVE -> forwarding /target_avoidance
[WARN] [1783599763.612] [/exploration_node]: wait for trigger.
[INFO] [1783599763.902] [/local_avoidance]: [local_avoidance] DEACTIVATED
[WARN] [1783599763.927] [/px4_ctrl_bridge]: [px4_bridge] avoidance released -> published /planning/replan
[WARN] [1783599763.951] [/local_avoidance]: [local_avoidance] ACTIVATED  (min_dist=0.36 m, idx=5006)
[INFO] [1783599764.102] [/local_avoidance]: [local_avoidance] DEACTIVATED
[WARN] [1783599764.127] [/px4_ctrl_bridge]: [px4_bridge] avoidance released -> published /planning/replan
[WARN] [1783599764.152] [/local_avoidance]: [local_avoidance] ACTIVATED  (min_dist=0.35 m, idx=5480)
[INFO] [1783599764.205] [/local_avoidance]: [local_avoidance] DEACTIVATED
[WARN] [1783599764.227] [/px4_ctrl_bridge]: [px4_bridge] avoidance released -> published /planning/replan
[WARN] [1783599764.252] [/local_avoidance]: [local_avoidance] ACTIVATED  (min_dist=0.35 m, idx=640)
[INFO] [1783599764.301] [/local_avoidance]: [local_avoidance] DEACTIVATED
[WARN] [1783599764.327] [/px4_ctrl_bridge]: [px4_bridge] avoidance released -> published /planning/replan
[WARN] [1783599764.352] [/local_avoidance]: [local_avoidance] ACTIVATED  (min_dist=0.35 m, idx=6012)
[WARN] [1783599764.377] [/px4_ctrl_bridge]: [px4_bridge] AVOIDANCE ACTIVE -> forwarding /target_avoidance
[INFO] [1783599764.402] [/local_avoidance]: [local_avoidance] DEACTIVATED
[WARN] [1783599764.427] [/px4_ctrl_bridge]: [px4_bridge] avoidance released -> published /planning/replan
[WARN] [1783599764.452] [/local_avoidance]: [local_avoidance] ACTIVATED  (min_dist=0.35 m, idx=6704)
[INFO] [1783599764.501] [/local_avoidance]: [local_avoidance] DEACTIVATED
[WARN] [1783599764.527] [/px4_ctrl_bridge]: [px4_bridge] avoidance released -> published /planning/replan
[WARN] [1783599764.552] [/local_avoidance]: [local_avoidance] ACTIVATED  (min_dist=0.35 m, idx=6572)
[INFO] [1783599764.602] [/local_avoidance]: [local_avoidance] DEACTIVATED
[WARN] [1783599764.627] [/px4_ctrl_bridge]: [px4_bridge] avoidance released -> published /planning/replan
[WARN] [1783599764.652] [/local_avoidance]: [local_avoidance] ACTIVATED  (min_dist=0.35 m, idx=7169)
[INFO] [1783599764.701] [/local_avoidance]: [local_avoidance] DEACTIVATED
[WARN] [1783599764.727] [/px4_ctrl_bridge]: [px4_bridge] avoidance released -> published /planning/replan
[WARN] [1783599764.752] [/local_avoidance]: [local_avoidance] ACTIVATED  (min_dist=0.35 m, idx=1071)
[INFO] [1783599764.808] [/local_avoidance]: [local_avoidance] DEACTIVATED
[WARN] [1783599764.827] [/px4_ctrl_bridge]: [px4_bridge] avoidance released -> published /planning/replan
[WARN] [1783599764.880] [/local_avoidance]: [local_avoidance] ACTIVATED  (min_dist=0.35 m, idx=7613)
[INFO] [1783599764.902] [/local_avoidance]: [local_avoidance] DEACTIVATED
[WARN] [1783599764.927] [/px4_ctrl_bridge]: [px4_bridge] avoidance released -> published /planning/replan
[WARN] [1783599764.951] [/local_avoidance]: [local_avoidance] ACTIVATED  (min_dist=0.35 m, idx=1619)
[INFO] [1783599765.002] [/local_avoidance]: [local_avoidance] DEACTIVATED
[WARN] [1783599765.027] [/px4_ctrl_bridge]: [px4_bridge] avoidance released -> published /planning/replan
[WARN] [1783599765.052] [/local_avoidance]: [local_avoidance] ACTIVATED  (min_dist=0.35 m, idx=8082)
[INFO] [1783599765.103] [/local_avoidance]: [local_avoidance] DEACTIVATED
[WARN] [1783599765.127] [/px4_ctrl_bridge]: [px4_bridge] avoidance released -> published /planning/replan
[WARN] [1783599765.152] [/local_avoidance]: [local_avoidance] ACTIVATED  (min_dist=0.35 m, idx=2078)
[INFO] [1783599765.203] [/local_avoidance]: [local_avoidance] DEACTIVATED
[WARN] [1783599765.227] [/px4_ctrl_bridge]: [px4_bridge] avoidance released -> published /planning/replan
[WARN] [1783599765.251] [/local_avoidance]: [local_avoidance] ACTIVATED  (min_dist=0.35 m, idx=2768)
[INFO] [1783599765.301] [/local_avoidance]: [local_avoidance] DEACTIVATED
[WARN] [1783599765.327] [/px4_ctrl_bridge]: [px4_bridge] avoidance released -> published /planning/replan
[WARN] [1783599765.351] [/local_avoidance]: [local_avoidance] ACTIVATED  (min_dist=0.35 m, idx=2322)
[WARN] [1783599765.377] [/px4_ctrl_bridge]: [px4_bridge] AVOIDANCE ACTIVE -> forwarding /target_avoidance
[INFO] [1783599765.401] [/local_avoidance]: [local_avoidance] DEACTIVATED
[WARN] [1783599765.427] [/px4_ctrl_bridge]: [px4_bridge] avoidance released -> published /planning/replan
[WARN] [1783599765.453] [/local_avoidance]: [local_avoidance] ACTIVATED  (min_dist=0.35 m, idx=9183)
[INFO] [1783599765.502] [/local_avoidance]: [local_avoidance] DEACTIVATED
[WARN] [1783599765.527] [/px4_ctrl_bridge]: [px4_bridge] avoidance released -> published /planning/replan
[WARN] [1783599765.554] [/local_avoidance]: [local_avoidance] ACTIVATED  (min_dist=0.35 m, idx=8813)
[INFO] [1783599765.605] [/local_avoidance]: [local_avoidance] DEACTIVATED
[WARN] [1783599765.627] [/px4_ctrl_bridge]: [px4_bridge] avoidance released -> published /planning/replan
[WARN] [1783599765.652] [/local_avoidance]: [local_avoidance] ACTIVATED  (min_dist=0.36 m, idx=4094)
[INFO] [1783599765.702] [/local_avoidance]: [local_avoidance] DEACTIVATED
[WARN] [1783599765.727] [/px4_ctrl_bridge]: [px4_bridge] avoidance released -> published /planning/replan
[WARN] [1783599765.752] [/local_avoidance]: [local_avoidance] ACTIVATED  (min_dist=0.35 m, idx=3521)
[INFO] [1783599765.802] [/local_avoidance]: [local_avoidance] DEACTIVATED
[WARN] [1783599765.827] [/px4_ctrl_bridge]: [px4_bridge] avoidance released -> published /planning/replan
[WARN] [1783599765.852] [/local_avoidance]: [local_avoidance] ACTIVATED  (min_dist=0.36 m, idx=8828)
[INFO] [1783599765.904] [/local_avoidance]: [local_avoidance] DEACTIVATED
[WARN] [1783599765.927] [/px4_ctrl_bridge]: [px4_bridge] avoidance released -> published /planning/replan
[WARN] [1783599765.951] [/local_avoidance]: [local_avoidance] ACTIVATED  (min_dist=0.35 m, idx=9710)
[INFO] [1783599766.002] [/local_avoidance]: [local_avoidance] DEACTIVATED
[WARN] [1783599766.027] [/px4_ctrl_bridge]: [px4_bridge] avoidance released -> published /planning/replan
[WARN] [1783599766.052] [/local_avoidance]: [local_avoidance] ACTIVATED  (min_dist=0.35 m, idx=5196)
[INFO] [1783599766.102] [/local_avoidance]: [local_avoidance] DEACTIVATED
[WARN] [1783599766.127] [/px4_ctrl_bridge]: [px4_bridge] avoidance released -> published /planning/replan
[WARN] [1783599766.152] [/local_avoidance]: [local_avoidance] ACTIVATED  (min_dist=0.35 m, idx=4432)
[INFO] [1783599766.201] [/local_avoidance]: [local_avoidance] avoiding...  min_dist=0.35 m
[INFO] [1783599766.302] [/local_avoidance]: [local_avoidance] DEACTIVATED
[INFO] [1783599766.303] [/cloud_crop_bridge]: [CloudCrop] 3109 -> 332 pts (11%)
[WARN] [1783599766.327] [/px4_ctrl_bridge]: [px4_bridge] avoidance released -> published /planning/replan
[WARN] [1783599766.351] [/local_avoidance]: [local_avoidance] ACTIVATED  (min_dist=0.37 m, idx=9120)
[WARN] [1783599766.387] [/px4_ctrl_bridge]: [px4_bridge] AVOIDANCE ACTIVE -> forwarding /target_avoidance
[INFO] [1783599767.252] [/local_avoidance]: [local_avoidance] avoiding...  min_dist=0.35 m
[WARN] [1783599767.387] [/px4_ctrl_bridge]: [px4_bridge] AVOIDANCE ACTIVE -> forwarding /target_avoidance
[INFO] [1783599768.259] [/local_avoidance]: [local_avoidance] avoiding...  min_dist=0.35 m
[WARN] [1783599768.397] [/px4_ctrl_bridge]: [px4_bridge] AVOIDANCE ACTIVE -> forwarding /target_avoidance
[INFO] [1783599768.457] [/local_avoidance]: [local_avoidance] DEACTIVATED
[WARN] [1783599768.477] [/px4_ctrl_bridge]: [px4_bridge] avoidance released -> published /planning/replan
[WARN] [1783599768.506] [/local_avoidance]: [local_avoidance] ACTIVATED  (min_dist=0.35 m, idx=472)
[WARN] [1783599768.612] [/exploration_node]: wait for trigger.
[INFO] [1783599768.951] [/local_avoidance]: [local_avoidance] DEACTIVATED
[WARN] [1783599768.977] [/px4_ctrl_bridge]: [px4_bridge] avoidance released -> published /planning/replan
[WARN] [1783599769.002] [/local_avoidance]: [local_avoidance] ACTIVATED  (min_dist=0.35 m, idx=38)
[INFO] [1783599769.076] [/local_avoidance]: [local_avoidance] DEACTIVATED
[WARN] [1783599769.104] [/local_avoidance]: [local_avoidance] ACTIVATED  (min_dist=0.35 m, idx=6407)
[WARN] [1783599769.114] [/px4_ctrl_bridge]: [px4_bridge] avoidance released -> published /planning/replan
[INFO] [1783599769.154] [/local_avoidance]: [local_avoidance] DEACTIVATED
[WARN] [1783599769.177] [/px4_ctrl_bridge]: [px4_bridge] avoidance released -> published /planning/replan
[WARN] [1783599769.205] [/local_avoidance]: [local_avoidance] ACTIVATED  (min_dist=0.35 m, idx=110)
[INFO] [1783599769.252] [/local_avoidance]: [local_avoidance] DEACTIVATED
[WARN] [1783599769.277] [/px4_ctrl_bridge]: [px4_bridge] avoidance released -> published /planning/replan
[WARN] [1783599769.310] [/local_avoidance]: [local_avoidance] ACTIVATED  (min_dist=0.36 m, idx=938)
[INFO] [1783599769.352] [/local_avoidance]: [local_avoidance] DEACTIVATED
[WARN] [1783599769.387] [/px4_ctrl_bridge]: [px4_bridge] avoidance released -> published /planning/replan
[WARN] [1783599769.402] [/local_avoidance]: [local_avoidance] ACTIVATED  (min_dist=0.35 m, idx=761)
[WARN] [1783599769.427] [/px4_ctrl_bridge]: [px4_bridge] AVOIDANCE ACTIVE -> forwarding /target_avoidance
[INFO] [1783599769.451] [/local_avoidance]: [local_avoidance] DEACTIVATED
[WARN] [1783599769.487] [/px4_ctrl_bridge]: [px4_bridge] avoidance released -> published /planning/replan
[WARN] [1783599769.501] [/local_avoidance]: [local_avoidance] ACTIVATED  (min_dist=0.35 m, idx=1883)
[INFO] [1783599769.552] [/local_avoidance]: [local_avoidance] DEACTIVATED
[WARN] [1783599769.577] [/px4_ctrl_bridge]: [px4_bridge] avoidance released -> published /planning/replan
[WARN] [1783599769.601] [/local_avoidance]: [local_avoidance] ACTIVATED  (min_dist=0.35 m, idx=1324)
[INFO] [1783599769.652] [/local_avoidance]: [local_avoidance] DEACTIVATED
[WARN] [1783599769.687] [/px4_ctrl_bridge]: [px4_bridge] avoidance released -> published /planning/replan
[WARN] [1783599769.702] [/local_avoidance]: [local_avoidance] ACTIVATED  (min_dist=0.36 m, idx=6616)
[INFO] [1783599769.752] [/local_avoidance]: [local_avoidance] DEACTIVATED
[WARN] [1783599769.777] [/px4_ctrl_bridge]: [px4_bridge] avoidance released -> published /planning/replan
[WARN] [1783599769.804] [/local_avoidance]: [local_avoidance] ACTIVATED  (min_dist=0.35 m, idx=7384)
[INFO] [1783599769.858] [/local_avoidance]: [local_avoidance] DEACTIVATED
[WARN] [1783599769.877] [/px4_ctrl_bridge]: [px4_bridge] avoidance released -> published /planning/replan
[WARN] [1783599769.907] [/local_avoidance]: [local_avoidance] ACTIVATED  (min_dist=0.35 m, idx=2776)
[INFO] [1783599769.953] [/local_avoidance]: [local_avoidance] DEACTIVATED
[WARN] [1783599769.977] [/px4_ctrl_bridge]: [px4_bridge] avoidance released -> published /planning/replan
[WARN] [1783599770.003] [/local_avoidance]: [local_avoidance] ACTIVATED  (min_dist=0.35 m, idx=6262)
[INFO] [1783599770.076] [/local_avoidance]: [local_avoidance] DEACTIVATED
[WARN] [1783599770.105] [/local_avoidance]: [local_avoidance] ACTIVATED  (min_dist=0.35 m, idx=1547)
[WARN] [1783599770.107] [/px4_ctrl_bridge]: [px4_bridge] avoidance released -> published /planning/replan
[INFO] [1783599770.151] [/local_avoidance]: [local_avoidance] DEACTIVATED
[WARN] [1783599770.177] [/px4_ctrl_bridge]: [px4_bridge] avoidance released -> published /planning/replan
[WARN] [1783599770.202] [/local_avoidance]: [local_avoidance] ACTIVATED  (min_dist=0.35 m, idx=8293)
[INFO] [1783599770.252] [/local_avoidance]: [local_avoidance] DEACTIVATED
[WARN] [1783599770.279] [/px4_ctrl_bridge]: [px4_bridge] avoidance released -> published /planning/replan
[WARN] [1783599770.306] [/local_avoidance]: [local_avoidance] ACTIVATED  (min_dist=0.35 m, idx=1999)
[INFO] [1783599770.352] [/local_avoidance]: [local_avoidance] DEACTIVATED
[WARN] [1783599770.377] [/px4_ctrl_bridge]: [px4_bridge] avoidance released -> published /planning/replan
[WARN] [1783599770.402] [/local_avoidance]: [local_avoidance] ACTIVATED  (min_dist=0.35 m, idx=2904)
[WARN] [1783599770.427] [/px4_ctrl_bridge]: [px4_bridge] AVOIDANCE ACTIVE -> forwarding /target_avoidance
[INFO] [1783599770.452] [/local_avoidance]: [local_avoidance] DEACTIVATED
[WARN] [1783599770.477] [/px4_ctrl_bridge]: [px4_bridge] avoidance released -> published /planning/replan
[WARN] [1783599770.510] [/local_avoidance]: [local_avoidance] ACTIVATED  (min_dist=0.35 m, idx=2647)
[INFO] [1783599770.554] [/local_avoidance]: [local_avoidance] DEACTIVATED
[WARN] [1783599770.577] [/px4_ctrl_bridge]: [px4_bridge] avoidance released -> published /planning/replan
[WARN] [1783599770.602] [/local_avoidance]: [local_avoidance] ACTIVATED  (min_dist=0.35 m, idx=3460)
[INFO] [1783599770.651] [/local_avoidance]: [local_avoidance] DEACTIVATED
[WARN] [1783599770.677] [/px4_ctrl_bridge]: [px4_bridge] avoidance released -> published /planning/replan
[WARN] [1783599770.702] [/local_avoidance]: [local_avoidance] ACTIVATED  (min_dist=0.35 m, idx=2898)
[INFO] [1783599770.752] [/local_avoidance]: [local_avoidance] DEACTIVATED
[WARN] [1783599770.777] [/px4_ctrl_bridge]: [px4_bridge] avoidance released -> published /planning/replan
[WARN] [1783599770.803] [/local_avoidance]: [local_avoidance] ACTIVATED  (min_dist=0.35 m, idx=9751)
[INFO] [1783599770.857] [/local_avoidance]: [local_avoidance] DEACTIVATED
[WARN] [1783599770.883] [/px4_ctrl_bridge]: [px4_bridge] avoidance released -> published /planning/replan
[WARN] [1783599770.901] [/local_avoidance]: [local_avoidance] ACTIVATED  (min_dist=0.35 m, idx=3350)
[INFO] [1783599770.956] [/local_avoidance]: [local_avoidance] DEACTIVATED
[WARN] [1783599770.976] [/px4_ctrl_bridge]: [px4_bridge] avoidance released -> published /planning/replan
[WARN] [1783599771.001] [/local_avoidance]: [local_avoidance] ACTIVATED  (min_dist=0.36 m, idx=4924)
[INFO] [1783599771.052] [/local_avoidance]: [local_avoidance] avoiding...  min_dist=0.35 m
[INFO] [1783599771.152] [/local_avoidance]: [local_avoidance] DEACTIVATED
[INFO] [1783599771.161] [/mavros]: HP: requesting home position
[WARN] [1783599771.184] [/px4_ctrl_bridge]: [px4_bridge] avoidance released -> published /planning/replan
[WARN] [1783599771.202] [/local_avoidance]: [local_avoidance] ACTIVATED  (min_dist=0.35 m, idx=5207)
[INFO] [1783599771.252] [/local_avoidance]: [local_avoidance] DEACTIVATED
[WARN] [1783599771.283] [/px4_ctrl_bridge]: [px4_bridge] avoidance released -> published /planning/replan
[WARN] [1783599771.310] [/local_avoidance]: [local_avoidance] ACTIVATED  (min_dist=0.35 m, idx=4349)
[INFO] [1783599771.313] [/cloud_crop_bridge]: [CloudCrop] 2633 -> 762 pts (29%)
[WARN] [1783599771.434] [/px4_ctrl_bridge]: [px4_bridge] AVOIDANCE ACTIVE -> forwarding /target_avoidance
[INFO] [1783599771.452] [/local_avoidance]: [local_avoidance] DEACTIVATED
[WARN] [1783599771.484] [/px4_ctrl_bridge]: [px4_bridge] avoidance released -> published /planning/replan
[WARN] [1783599771.502] [/local_avoidance]: [local_avoidance] ACTIVATED  (min_dist=0.35 m, idx=4893)
[INFO] [1783599772.102] [/local_avoidance]: [local_avoidance] avoiding...  min_dist=0.35 m
[WARN] [1783599772.434] [/px4_ctrl_bridge]: [px4_bridge] AVOIDANCE ACTIVE -> forwarding /target_avoidance
[INFO] [1783599773.127] [/local_avoidance]: [local_avoidance] avoiding...  min_dist=0.36 m
[WARN] [1783599773.443] [/px4_ctrl_bridge]: [px4_bridge] AVOIDANCE ACTIVE -> forwarding /target_avoidance
[WARN] [1783599773.622] [/exploration_node]: wait for trigger.
[INFO] [1783599773.704] [/local_avoidance]: [local_avoidance] DEACTIVATED
[WARN] [1783599773.733] [/px4_ctrl_bridge]: [px4_bridge] avoidance released -> published /planning/replan
[WARN] [1783599773.755] [/local_avoidance]: [local_avoidance] ACTIVATED  (min_dist=0.35 m, idx=4744)
[INFO] [1783599774.004] [/local_avoidance]: [local_avoidance] DEACTIVATED
[WARN] [1783599774.033] [/px4_ctrl_bridge]: [px4_bridge] avoidance released -> published /planning/replan
[WARN] [1783599774.053] [/local_avoidance]: [local_avoidance] ACTIVATED  (min_dist=0.35 m, idx=240)
[INFO] [1783599774.103] [/local_avoidance]: [local_avoidance] DEACTIVATED
[WARN] [1783599774.133] [/px4_ctrl_bridge]: [px4_bridge] avoidance released -> published /planning/replan
[WARN] [1783599774.153] [/local_avoidance]: [local_avoidance] ACTIVATED  (min_dist=0.35 m, idx=563)
[INFO] [1783599774.227] [/local_avoidance]: [local_avoidance] DEACTIVATED
[WARN] [1783599774.253] [/px4_ctrl_bridge]: [px4_bridge] avoidance released -> published /planning/replan
[WARN] [1783599774.255] [/local_avoidance]: [local_avoidance] ACTIVATED  (min_dist=0.35 m, idx=6738)
[INFO] [1783599774.302] [/local_avoidance]: [local_avoidance] DEACTIVATED
[WARN] [1783599774.334] [/px4_ctrl_bridge]: [px4_bridge] avoidance released -> published /planning/replan
[WARN] [1783599774.351] [/local_avoidance]: [local_avoidance] ACTIVATED  (min_dist=0.35 m, idx=335)
[INFO] [1783599774.404] [/local_avoidance]: [local_avoidance] DEACTIVATED
[WARN] [1783599774.433] [/px4_ctrl_bridge]: [px4_bridge] avoidance released -> published /planning/replan
[WARN] [1783599774.453] [/local_avoidance]: [local_avoidance] ACTIVATED  (min_dist=0.35 m, idx=6987)
[WARN] [1783599774.483] [/px4_ctrl_bridge]: [px4_bridge] AVOIDANCE ACTIVE -> forwarding /target_avoidance
[INFO] [1783599774.505] [/local_avoidance]: [local_avoidance] DEACTIVATED
[WARN] [1783599774.533] [/px4_ctrl_bridge]: [px4_bridge] avoidance released -> published /planning/replan
[WARN] [1783599774.552] [/local_avoidance]: [local_avoidance] ACTIVATED  (min_dist=0.35 m, idx=886)
[INFO] [1783599774.602] [/local_avoidance]: [local_avoidance] DEACTIVATED
[WARN] [1783599774.633] [/px4_ctrl_bridge]: [px4_bridge] avoidance released -> published /planning/replan
[WARN] [1783599774.652] [/local_avoidance]: [local_avoidance] ACTIVATED  (min_dist=0.35 m, idx=7647)
[INFO] [1783599774.703] [/local_avoidance]: [local_avoidance] DEACTIVATED
[WARN] [1783599774.733] [/px4_ctrl_bridge]: [px4_bridge] avoidance released -> published /planning/replan
[WARN] [1783599774.751] [/local_avoidance]: [local_avoidance] ACTIVATED  (min_dist=0.35 m, idx=7273)
[INFO] [1783599774.803] [/local_avoidance]: [local_avoidance] DEACTIVATED
[WARN] [1783599774.834] [/px4_ctrl_bridge]: [px4_bridge] avoidance released -> published /planning/replan
[WARN] [1783599774.852] [/local_avoidance]: [local_avoidance] ACTIVATED  (min_dist=0.36 m, idx=2434)
[INFO] [1783599774.902] [/local_avoidance]: [local_avoidance] DEACTIVATED
[WARN] [1783599774.934] [/px4_ctrl_bridge]: [px4_bridge] avoidance released -> published /planning/replan
[WARN] [1783599774.951] [/local_avoidance]: [local_avoidance] ACTIVATED  (min_dist=0.35 m, idx=1782)
[INFO] [1783599775.001] [/local_avoidance]: [local_avoidance] DEACTIVATED
[WARN] [1783599775.033] [/px4_ctrl_bridge]: [px4_bridge] avoidance released -> published /planning/replan
[WARN] [1783599775.051] [/local_avoidance]: [local_avoidance] ACTIVATED  (min_dist=0.37 m, idx=6955)
[INFO] [1783599775.101] [/local_avoidance]: [local_avoidance] DEACTIVATED
[WARN] [1783599775.133] [/px4_ctrl_bridge]: [px4_bridge] avoidance released -> published /planning/replan
[WARN] [1783599775.151] [/local_avoidance]: [local_avoidance] ACTIVATED  (min_dist=0.35 m, idx=2125)
[INFO] [1783599775.227] [/local_avoidance]: [local_avoidance] DEACTIVATED
[WARN] [1783599775.252] [/local_avoidance]: [local_avoidance] ACTIVATED  (min_dist=0.36 m, idx=3561)
[WARN] [1783599775.255] [/px4_ctrl_bridge]: [px4_bridge] avoidance released -> published /planning/replan
[INFO] [1783599775.327] [/local_avoidance]: [local_avoidance] DEACTIVATED
[WARN] [1783599775.353] [/px4_ctrl_bridge]: [px4_bridge] avoidance released -> published /planning/replan
[WARN] [1783599775.377] [/local_avoidance]: [local_avoidance] ACTIVATED  (min_dist=0.35 m, idx=8818)
[INFO] [1783599775.401] [/local_avoidance]: [local_avoidance] DEACTIVATED
[WARN] [1783599775.433] [/px4_ctrl_bridge]: [px4_bridge] avoidance released -> published /planning/replan
[WARN] [1783599775.451] [/local_avoidance]: [local_avoidance] ACTIVATED  (min_dist=0.35 m, idx=8180)
[WARN] [1783599775.483] [/px4_ctrl_bridge]: [px4_bridge] AVOIDANCE ACTIVE -> forwarding /target_avoidance
[INFO] [1783599775.504] [/local_avoidance]: [local_avoidance] DEACTIVATED
[WARN] [1783599775.533] [/px4_ctrl_bridge]: [px4_bridge] avoidance released -> published /planning/replan
[WARN] [1783599775.558] [/local_avoidance]: [local_avoidance] ACTIVATED  (min_dist=0.35 m, idx=9182)
[INFO] [1783599775.603] [/local_avoidance]: [local_avoidance] DEACTIVATED
[WARN] [1783599775.633] [/px4_ctrl_bridge]: [px4_bridge] avoidance released -> published /planning/replan
[WARN] [1783599775.677] [/local_avoidance]: [local_avoidance] ACTIVATED  (min_dist=0.35 m, idx=2683)
[INFO] [1783599775.702] [/local_avoidance]: [local_avoidance] DEACTIVATED
[WARN] [1783599775.725] [/px4_ctrl_bridge]: [px4_bridge] avoidance released -> published /planning/replan
[WARN] [1783599775.758] [/local_avoidance]: [local_avoidance] ACTIVATED  (min_dist=0.35 m, idx=9421)
[INFO] [1783599775.802] [/local_avoidance]: [local_avoidance] DEACTIVATED
[WARN] [1783599775.833] [/px4_ctrl_bridge]: [px4_bridge] avoidance released -> published /planning/replan
[WARN] [1783599775.852] [/local_avoidance]: [local_avoidance] ACTIVATED  (min_dist=0.35 m, idx=9168)
[INFO] [1783599775.902] [/local_avoidance]: [local_avoidance] DEACTIVATED
[WARN] [1783599775.933] [/px4_ctrl_bridge]: [px4_bridge] avoidance released -> published /planning/replan
[WARN] [1783599775.953] [/local_avoidance]: [local_avoidance] ACTIVATED  (min_dist=0.35 m, idx=10074)
[INFO] [1783599776.002] [/local_avoidance]: [local_avoidance] DEACTIVATED
[WARN] [1783599776.034] [/px4_ctrl_bridge]: [px4_bridge] avoidance released -> published /planning/replan
[WARN] [1783599776.052] [/local_avoidance]: [local_avoidance] ACTIVATED  (min_dist=0.35 m, idx=3671)
[INFO] [1783599776.101] [/local_avoidance]: [local_avoidance] DEACTIVATED
[WARN] [1783599776.133] [/px4_ctrl_bridge]: [px4_bridge] avoidance released -> published /planning/replan
[WARN] [1783599776.152] [/local_avoidance]: [local_avoidance] ACTIVATED  (min_dist=0.35 m, idx=4484)
[INFO] [1783599776.218] [/local_avoidance]: [local_avoidance] avoiding...  min_dist=0.35 m
[INFO] [1783599776.364] [/cloud_crop_bridge]: [CloudCrop] 2663 -> 733 pts (28%)
[WARN] [1783599776.493] [/px4_ctrl_bridge]: [px4_bridge] AVOIDANCE ACTIVE -> forwarding /target_avoidance
[INFO] [1783599777.252] [/local_avoidance]: [local_avoidance] avoiding...  min_dist=0.35 m
[WARN] [1783599777.494] [/px4_ctrl_bridge]: [px4_bridge] AVOIDANCE ACTIVE -> forwarding /target_avoidance
[INFO] [1783599778.302] [/local_avoidance]: [local_avoidance] avoiding...  min_dist=0.35 m
[WARN] [1783599778.495] [/px4_ctrl_bridge]: [px4_bridge] AVOIDANCE ACTIVE -> forwarding /target_avoidance
[WARN] [1783599778.623] [/exploration_node]: wait for trigger.
[INFO] [1783599778.852] [/local_avoidance]: [local_avoidance] DEACTIVATED
[INFO] [1783599778.892] [/exploration_node]: [EV] [1783599778.892][    +31.3s][WAIT_TRIGGER] Avoidance: Deactivated  <->  Activated | cycling x279 over 30.3s
[WARN] [1783599778.894] [/px4_ctrl_bridge]: [px4_bridge] avoidance released -> published /planning/replan
[WARN] [1783599778.901] [/local_avoidance]: [local_avoidance] ACTIVATED  (min_dist=0.36 m, idx=5142)
[INFO] [1783599779.052] [/local_avoidance]: [local_avoidance] DEACTIVATED
[WARN] [1783599779.083] [/px4_ctrl_bridge]: [px4_bridge] avoidance released -> published /planning/replan
[WARN] [1783599779.102] [/local_avoidance]: [local_avoidance] ACTIVATED  (min_dist=0.35 m, idx=5516)
[INFO] [1783599779.152] [/local_avoidance]: [local_avoidance] DEACTIVATED
[WARN] [1783599779.184] [/px4_ctrl_bridge]: [px4_bridge] avoidance released -> published /planning/replan
[WARN] [1783599779.202] [/local_avoidance]: [local_avoidance] ACTIVATED  (min_dist=0.35 m, idx=6317)
[INFO] [1783599779.257] [/local_avoidance]: [local_avoidance] DEACTIVATED
[WARN] [1783599779.283] [/px4_ctrl_bridge]: [px4_bridge] avoidance released -> published /planning/replan
[WARN] [1783599779.303] [/local_avoidance]: [local_avoidance] ACTIVATED  (min_dist=0.35 m, idx=6068)
[INFO] [1783599779.377] [/local_avoidance]: [local_avoidance] DEACTIVATED
[WARN] [1783599779.406] [/local_avoidance]: [local_avoidance] ACTIVATED  (min_dist=0.35 m, idx=7345)
[WARN] [1783599779.408] [/px4_ctrl_bridge]: [px4_bridge] avoidance released -> published /planning/replan
[INFO] [1783599779.452] [/local_avoidance]: [local_avoidance] DEACTIVATED
[WARN] [1783599779.483] [/px4_ctrl_bridge]: [px4_bridge] avoidance released -> published /planning/replan
[WARN] [1783599779.502] [/local_avoidance]: [local_avoidance] ACTIVATED  (min_dist=0.35 m, idx=551)
[WARN] [1783599779.533] [/px4_ctrl_bridge]: [px4_bridge] AVOIDANCE ACTIVE -> forwarding /target_avoidance
[INFO] [1783599779.558] [/local_avoidance]: [local_avoidance] DEACTIVATED
[WARN] [1783599779.583] [/px4_ctrl_bridge]: [px4_bridge] avoidance released -> published /planning/replan
[WARN] [1783599779.605] [/local_avoidance]: [local_avoidance] ACTIVATED  (min_dist=0.35 m, idx=7209)
[INFO] [1783599779.677] [/local_avoidance]: [local_avoidance] DEACTIVATED
[WARN] [1783599779.703] [/px4_ctrl_bridge]: [px4_bridge] avoidance released -> published /planning/replan
[WARN] [1783599779.704] [/local_avoidance]: [local_avoidance] ACTIVATED  (min_dist=0.35 m, idx=7052)
[INFO] [1783599779.757] [/local_avoidance]: [local_avoidance] DEACTIVATED
[WARN] [1783599779.775] [/px4_ctrl_bridge]: [px4_bridge] avoidance released -> published /planning/replan
[WARN] [1783599779.808] [/local_avoidance]: [local_avoidance] ACTIVATED  (min_dist=0.35 m, idx=2012)
[INFO] [1783599779.852] [/local_avoidance]: [local_avoidance] DEACTIVATED
[WARN] [1783599779.883] [/px4_ctrl_bridge]: [px4_bridge] avoidance released -> published /planning/replan
[WARN] [1783599779.903] [/local_avoidance]: [local_avoidance] ACTIVATED  (min_dist=0.35 m, idx=1451)
[INFO] [1783599779.953] [/local_avoidance]: [local_avoidance] DEACTIVATED
[WARN] [1783599779.984] [/px4_ctrl_bridge]: [px4_bridge] avoidance released -> published /planning/replan
[WARN] [1783599780.003] [/local_avoidance]: [local_avoidance] ACTIVATED  (min_dist=0.35 m, idx=2376)
[INFO] [1783599780.051] [/local_avoidance]: [local_avoidance] DEACTIVATED
[WARN] [1783599780.084] [/px4_ctrl_bridge]: [px4_bridge] avoidance released -> published /planning/replan
[WARN] [1783599780.102] [/local_avoidance]: [local_avoidance] ACTIVATED  (min_dist=0.35 m, idx=2118)
[INFO] [1783599780.152] [/local_avoidance]: [local_avoidance] DEACTIVATED
[INFO] [1783599780.167] [/exploration_node]: [EV] [1783599780.167][    +32.6s][WAIT_TRIGGER] BATT 23.5V | voltage=23.72V percent=51% (still repeating x16 over 30.0s)
[WARN] [1783599780.183] [/px4_ctrl_bridge]: [px4_bridge] avoidance released -> published /planning/replan
[WARN] [1783599780.202] [/local_avoidance]: [local_avoidance] ACTIVATED  (min_dist=0.35 m, idx=8667)
[INFO] [1783599780.253] [/local_avoidance]: [local_avoidance] DEACTIVATED
[WARN] [1783599780.283] [/px4_ctrl_bridge]: [px4_bridge] avoidance released -> published /planning/replan
[WARN] [1783599780.301] [/local_avoidance]: [local_avoidance] ACTIVATED  (min_dist=0.35 m, idx=2646)
[INFO] [1783599780.356] [/local_avoidance]: [local_avoidance] DEACTIVATED
[WARN] [1783599780.383] [/px4_ctrl_bridge]: [px4_bridge] avoidance released -> published /planning/replan
[WARN] [1783599780.427] [/local_avoidance]: [local_avoidance] ACTIVATED  (min_dist=0.36 m, idx=3360)
[INFO] [1783599780.451] [/local_avoidance]: [local_avoidance] DEACTIVATED
[WARN] [1783599780.483] [/px4_ctrl_bridge]: [px4_bridge] avoidance released -> published /planning/replan
[WARN] [1783599780.503] [/local_avoidance]: [local_avoidance] ACTIVATED  (min_dist=0.35 m, idx=2810)
[WARN] [1783599780.533] [/px4_ctrl_bridge]: [px4_bridge] AVOIDANCE ACTIVE -> forwarding /target_avoidance
[INFO] [1783599780.554] [/local_avoidance]: [local_avoidance] DEACTIVATED
[WARN] [1783599780.583] [/px4_ctrl_bridge]: [px4_bridge] avoidance released -> published /planning/replan
[WARN] [1783599780.628] [/local_avoidance]: [local_avoidance] ACTIVATED  (min_dist=0.36 m, idx=8187)
[INFO] [1783599780.651] [/local_avoidance]: [local_avoidance] DEACTIVATED
[WARN] [1783599780.684] [/px4_ctrl_bridge]: [px4_bridge] avoidance released -> published /planning/replan
[WARN] [1783599780.702] [/local_avoidance]: [local_avoidance] ACTIVATED  (min_dist=0.35 m, idx=3465)
[INFO] [1783599780.779] [/local_avoidance]: [local_avoidance] DEACTIVATED
[WARN] [1783599780.804] [/px4_ctrl_bridge]: [px4_bridge] avoidance released -> published /planning/replan
[WARN] [1783599780.827] [/local_avoidance]: [local_avoidance] ACTIVATED  (min_dist=0.36 m, idx=9046)
[INFO] [1783599780.852] [/local_avoidance]: [local_avoidance] DEACTIVATED
[WARN] [1783599780.875] [/px4_ctrl_bridge]: [px4_bridge] avoidance released -> published /planning/replan
[WARN] [1783599780.902] [/local_avoidance]: [local_avoidance] ACTIVATED  (min_dist=0.35 m, idx=9652)
[INFO] [1783599780.951] [/local_avoidance]: [local_avoidance] DEACTIVATED
[WARN] [1783599780.976] [/px4_ctrl_bridge]: [px4_bridge] avoidance released -> published /planning/replan
[WARN] [1783599781.002] [/local_avoidance]: [local_avoidance] ACTIVATED  (min_dist=0.36 m, idx=9320)
[INFO] [1783599781.052] [/local_avoidance]: [local_avoidance] DEACTIVATED
[WARN] [1783599781.075] [/px4_ctrl_bridge]: [px4_bridge] avoidance released -> published /planning/replan
[WARN] [1783599781.105] [/local_avoidance]: [local_avoidance] ACTIVATED  (min_dist=0.35 m, idx=4551)
[INFO] [1783599781.151] [/local_avoidance]: [local_avoidance] avoiding...  min_dist=0.35 m
[INFO] [1783599781.170] [/mavros]: HP: requesting home position
[INFO] [1783599781.253] [/local_avoidance]: [local_avoidance] DEACTIVATED
[WARN] [1783599781.275] [/px4_ctrl_bridge]: [px4_bridge] avoidance released -> published /planning/replan
[WARN] [1783599781.305] [/local_avoidance]: [local_avoidance] ACTIVATED  (min_dist=0.35 m, idx=5068)
[INFO] [1783599781.405] [/cloud_crop_bridge]: [CloudCrop] 2843 -> 782 pts (28%)
[WARN] [1783599781.535] [/px4_ctrl_bridge]: [px4_bridge] AVOIDANCE ACTIVE -> forwarding /target_avoidance
[INFO] [1783599782.154] [/local_avoidance]: [local_avoidance] avoiding...  min_dist=0.36 m
[WARN] [1783599782.545] [/px4_ctrl_bridge]: [px4_bridge] AVOIDANCE ACTIVE -> forwarding /target_avoidance
[INFO] [1783599783.154] [/local_avoidance]: [local_avoidance] avoiding...  min_dist=0.35 m
[WARN] [1783599783.555] [/px4_ctrl_bridge]: [px4_bridge] AVOIDANCE ACTIVE -> forwarding /target_avoidance
[WARN] [1783599783.625] [/exploration_node]: wait for trigger.
[INFO] [1783599783.801] [/local_avoidance]: [local_avoidance] DEACTIVATED
[WARN] [1783599783.825] [/px4_ctrl_bridge]: [px4_bridge] avoidance released -> published /planning/replan
[WARN] [1783599783.852] [/local_avoidance]: [local_avoidance] ACTIVATED  (min_dist=0.35 m, idx=6002)
[INFO] [1783599784.002] [/local_avoidance]: [local_avoidance] DEACTIVATED
[WARN] [1783599784.025] [/px4_ctrl_bridge]: [px4_bridge] avoidance released -> published /planning/replan
[WARN] [1783599784.051] [/local_avoidance]: [local_avoidance] ACTIVATED  (min_dist=0.35 m, idx=6459)
[INFO] [1783599784.102] [/local_avoidance]: [local_avoidance] DEACTIVATED
[WARN] [1783599784.125] [/px4_ctrl_bridge]: [px4_bridge] avoidance released -> published /planning/replan
[WARN] [1783599784.152] [/local_avoidance]: [local_avoidance] ACTIVATED  (min_dist=0.35 m, idx=346)
[INFO] [1783599784.201] [/local_avoidance]: [local_avoidance] DEACTIVATED
[WARN] [1783599784.228] [/px4_ctrl_bridge]: [px4_bridge] avoidance released -> published /planning/replan
[WARN] [1783599784.252] [/local_avoidance]: [local_avoidance] ACTIVATED  (min_dist=0.36 m, idx=1353)
[INFO] [1783599784.302] [/local_avoidance]: [local_avoidance] DEACTIVATED
[WARN] [1783599784.325] [/px4_ctrl_bridge]: [px4_bridge] avoidance released -> published /planning/replan
[WARN] [1783599784.352] [/local_avoidance]: [local_avoidance] ACTIVATED  (min_dist=0.35 m, idx=613)
[INFO] [1783599784.401] [/local_avoidance]: [local_avoidance] DEACTIVATED
[WARN] [1783599784.435] [/px4_ctrl_bridge]: [px4_bridge] avoidance released -> published /planning/replan
[WARN] [1783599784.452] [/local_avoidance]: [local_avoidance] ACTIVATED  (min_dist=0.35 m, idx=1901)
[INFO] [1783599784.502] [/local_avoidance]: [local_avoidance] DEACTIVATED
[WARN] [1783599784.535] [/px4_ctrl_bridge]: [px4_bridge] avoidance released -> published /planning/replan
[WARN] [1783599784.552] [/local_avoidance]: [local_avoidance] ACTIVATED  (min_dist=0.35 m, idx=6972)
[WARN] [1783599784.575] [/px4_ctrl_bridge]: [px4_bridge] AVOIDANCE ACTIVE -> forwarding /target_avoidance
[INFO] [1783599784.602] [/local_avoidance]: [local_avoidance] DEACTIVATED
[WARN] [1783599784.625] [/px4_ctrl_bridge]: [px4_bridge] avoidance released -> published /planning/replan
[WARN] [1783599784.653] [/local_avoidance]: [local_avoidance] ACTIVATED  (min_dist=0.35 m, idx=6648)
[INFO] [1783599784.702] [/local_avoidance]: [local_avoidance] DEACTIVATED
[WARN] [1783599784.725] [/px4_ctrl_bridge]: [px4_bridge] avoidance released -> published /planning/replan
[WARN] [1783599784.754] [/local_avoidance]: [local_avoidance] ACTIVATED  (min_dist=0.35 m, idx=7642)
[INFO] [1783599784.803] [/local_avoidance]: [local_avoidance] DEACTIVATED
[WARN] [1783599784.825] [/px4_ctrl_bridge]: [px4_bridge] avoidance released -> published /planning/replan
[WARN] [1783599784.852] [/local_avoidance]: [local_avoidance] ACTIVATED  (min_dist=0.35 m, idx=7080)
[INFO] [1783599784.905] [/local_avoidance]: [local_avoidance] DEACTIVATED
[WARN] [1783599784.925] [/px4_ctrl_bridge]: [px4_bridge] avoidance released -> published /planning/replan
[WARN] [1783599784.957] [/local_avoidance]: [local_avoidance] ACTIVATED  (min_dist=0.35 m, idx=7885)
[INFO] [1783599785.002] [/local_avoidance]: [local_avoidance] DEACTIVATED
[WARN] [1783599785.025] [/px4_ctrl_bridge]: [px4_bridge] avoidance released -> published /planning/replan
[WARN] [1783599785.051] [/local_avoidance]: [local_avoidance] ACTIVATED  (min_dist=0.35 m, idx=7723)
[INFO] [1783599785.102] [/local_avoidance]: [local_avoidance] DEACTIVATED
[WARN] [1783599785.135] [/px4_ctrl_bridge]: [px4_bridge] avoidance released -> published /planning/replan
[WARN] [1783599785.152] [/local_avoidance]: [local_avoidance] ACTIVATED  (min_dist=0.35 m, idx=8342)
[INFO] [1783599785.202] [/local_avoidance]: [local_avoidance] DEACTIVATED
[WARN] [1783599785.225] [/px4_ctrl_bridge]: [px4_bridge] avoidance released -> published /planning/replan
[WARN] [1783599785.256] [/local_avoidance]: [local_avoidance] ACTIVATED  (min_dist=0.35 m, idx=2235)
[INFO] [1783599785.327] [/local_avoidance]: [local_avoidance] DEACTIVATED
[WARN] [1783599785.353] [/local_avoidance]: [local_avoidance] ACTIVATED  (min_dist=0.35 m, idx=8806)
[WARN] [1783599785.356] [/px4_ctrl_bridge]: [px4_bridge] avoidance released -> published /planning/replan
[INFO] [1783599785.405] [/local_avoidance]: [local_avoidance] DEACTIVATED
[WARN] [1783599785.425] [/px4_ctrl_bridge]: [px4_bridge] avoidance released -> published /planning/replan
[WARN] [1783599785.452] [/local_avoidance]: [local_avoidance] ACTIVATED  (min_dist=0.35 m, idx=3083)
[INFO] [1783599785.502] [/local_avoidance]: [local_avoidance] DEACTIVATED
[WARN] [1783599785.525] [/px4_ctrl_bridge]: [px4_bridge] avoidance released -> published /planning/replan
[WARN] [1783599785.552] [/local_avoidance]: [local_avoidance] ACTIVATED  (min_dist=0.35 m, idx=3500)
[WARN] [1783599785.576] [/px4_ctrl_bridge]: [px4_bridge] AVOIDANCE ACTIVE -> forwarding /target_avoidance
[INFO] [1783599785.603] [/local_avoidance]: [local_avoidance] DEACTIVATED
[WARN] [1783599785.625] [/px4_ctrl_bridge]: [px4_bridge] avoidance released -> published /planning/replan
[WARN] [1783599785.655] [/local_avoidance]: [local_avoidance] ACTIVATED  (min_dist=0.36 m, idx=8993)
[INFO] [1783599785.703] [/local_avoidance]: [local_avoidance] DEACTIVATED
[WARN] [1783599785.725] [/px4_ctrl_bridge]: [px4_bridge] avoidance released -> published /planning/replan
[WARN] [1783599785.778] [/local_avoidance]: [local_avoidance] ACTIVATED  (min_dist=0.36 m, idx=3936)
[INFO] [1783599785.827] [/local_avoidance]: [local_avoidance] DEACTIVATED
[WARN] [1783599785.857] [/local_avoidance]: [local_avoidance] ACTIVATED  (min_dist=0.35 m, idx=3686)
[WARN] [1783599785.856] [/px4_ctrl_bridge]: [px4_bridge] avoidance released -> published /planning/replan
[INFO] [1783599785.902] [/local_avoidance]: [local_avoidance] DEACTIVATED
[WARN] [1783599785.925] [/px4_ctrl_bridge]: [px4_bridge] avoidance released -> published /planning/replan
[WARN] [1783599785.951] [/local_avoidance]: [local_avoidance] ACTIVATED  (min_dist=0.36 m, idx=9086)
[INFO] [1783599786.002] [/local_avoidance]: [local_avoidance] DEACTIVATED
[WARN] [1783599786.035] [/px4_ctrl_bridge]: [px4_bridge] avoidance released -> published /planning/replan
[WARN] [1783599786.052] [/local_avoidance]: [local_avoidance] ACTIVATED  (min_dist=0.35 m, idx=4138)
[INFO] [1783599786.102] [/local_avoidance]: [local_avoidance] DEACTIVATED
[WARN] [1783599786.135] [/px4_ctrl_bridge]: [px4_bridge] avoidance released -> published /planning/replan
[WARN] [1783599786.154] [/local_avoidance]: [local_avoidance] ACTIVATED  (min_dist=0.35 m, idx=5234)
[INFO] [1783599786.206] [/local_avoidance]: [local_avoidance] DEACTIVATED
[WARN] [1783599786.235] [/px4_ctrl_bridge]: [px4_bridge] avoidance released -> published /planning/replan
[WARN] [1783599786.252] [/local_avoidance]: [local_avoidance] ACTIVATED  (min_dist=0.35 m, idx=4397)
[INFO] [1783599786.302] [/local_avoidance]: [local_avoidance] avoiding...  min_dist=0.36 m
[INFO] [1783599786.406] [/cloud_crop_bridge]: [CloudCrop] 3165 -> 415 pts (13%)
[WARN] [1783599786.585] [/px4_ctrl_bridge]: [px4_bridge] AVOIDANCE ACTIVE -> forwarding /target_avoidance
[INFO] [1783599787.306] [/local_avoidance]: [local_avoidance] avoiding...  min_dist=0.35 m
[WARN] [1783599787.595] [/px4_ctrl_bridge]: [px4_bridge] AVOIDANCE ACTIVE -> forwarding /target_avoidance
[INFO] [1783599788.352] [/local_avoidance]: [local_avoidance] avoiding...  min_dist=0.35 m
[WARN] [1783599788.595] [/px4_ctrl_bridge]: [px4_bridge] AVOIDANCE ACTIVE -> forwarding /target_avoidance
[WARN] [1783599788.632] [/exploration_node]: wait for trigger.
[INFO] [1783599788.652] [/local_avoidance]: [local_avoidance] DEACTIVATED
[WARN] [1783599788.685] [/px4_ctrl_bridge]: [px4_bridge] avoidance released -> published /planning/replan
[WARN] [1783599788.702] [/local_avoidance]: [local_avoidance] ACTIVATED  (min_dist=0.36 m, idx=4784)
[INFO] [1783599788.952] [/local_avoidance]: [local_avoidance] DEACTIVATED
[WARN] [1783599788.975] [/px4_ctrl_bridge]: [px4_bridge] avoidance released -> published /planning/replan
[WARN] [1783599789.002] [/local_avoidance]: [local_avoidance] ACTIVATED  (min_dist=0.35 m, idx=6122)
[INFO] [1783599789.152] [/local_avoidance]: [local_avoidance] DEACTIVATED
[WARN] [1783599789.175] [/px4_ctrl_bridge]: [px4_bridge] avoidance released -> published /planning/replan
[WARN] [1783599789.202] [/local_avoidance]: [local_avoidance] ACTIVATED  (min_dist=0.35 m, idx=736)
[INFO] [1783599789.252] [/local_avoidance]: [local_avoidance] DEACTIVATED
[WARN] [1783599789.275] [/px4_ctrl_bridge]: [px4_bridge] avoidance released -> published /planning/replan
[WARN] [1783599789.308] [/local_avoidance]: [local_avoidance] ACTIVATED  (min_dist=0.35 m, idx=483)
[INFO] [1783599789.377] [/local_avoidance]: [local_avoidance] DEACTIVATED
[WARN] [1783599789.405] [/px4_ctrl_bridge]: [px4_bridge] avoidance released -> published /planning/replan
[WARN] [1783599789.411] [/local_avoidance]: [local_avoidance] ACTIVATED  (min_dist=0.35 m, idx=7030)
[INFO] [1783599789.451] [/local_avoidance]: [local_avoidance] DEACTIVATED
[WARN] [1783599789.475] [/px4_ctrl_bridge]: [px4_bridge] avoidance released -> published /planning/replan
[WARN] [1783599789.501] [/local_avoidance]: [local_avoidance] ACTIVATED  (min_dist=0.35 m, idx=722)
[INFO] [1783599789.552] [/local_avoidance]: [local_avoidance] DEACTIVATED
[WARN] [1783599789.577] [/px4_ctrl_bridge]: [px4_bridge] avoidance released -> published /planning/replan
[WARN] [1783599789.603] [/local_avoidance]: [local_avoidance] ACTIVATED  (min_dist=0.35 m, idx=7583)
[WARN] [1783599789.625] [/px4_ctrl_bridge]: [px4_bridge] AVOIDANCE ACTIVE -> forwarding /target_avoidance
[INFO] [1783599789.654] [/local_avoidance]: [local_avoidance] DEACTIVATED
[WARN] [1783599789.675] [/px4_ctrl_bridge]: [px4_bridge] avoidance released -> published /planning/replan
[WARN] [1783599789.701] [/local_avoidance]: [local_avoidance] ACTIVATED  (min_dist=0.35 m, idx=1186)
[INFO] [1783599789.752] [/local_avoidance]: [local_avoidance] DEACTIVATED
[WARN] [1783599789.785] [/px4_ctrl_bridge]: [px4_bridge] avoidance released -> published /planning/replan
[WARN] [1783599789.803] [/local_avoidance]: [local_avoidance] ACTIVATED  (min_dist=0.36 m, idx=2099)
[INFO] [1783599789.851] [/local_avoidance]: [local_avoidance] DEACTIVATED
[WARN] [1783599789.876] [/px4_ctrl_bridge]: [px4_bridge] avoidance released -> published /planning/replan
[WARN] [1783599789.906] [/local_avoidance]: [local_avoidance] ACTIVATED  (min_dist=0.35 m, idx=1845)
[INFO] [1783599789.951] [/local_avoidance]: [local_avoidance] DEACTIVATED
[WARN] [1783599789.985] [/px4_ctrl_bridge]: [px4_bridge] avoidance released -> published /planning/replan
[WARN] [1783599790.002] [/local_avoidance]: [local_avoidance] ACTIVATED  (min_dist=0.37 m, idx=2954)
[INFO] [1783599790.077] [/local_avoidance]: [local_avoidance] DEACTIVATED
[WARN] [1783599790.107] [/local_avoidance]: [local_avoidance] ACTIVATED  (min_dist=0.35 m, idx=8000)
[WARN] [1783599790.108] [/px4_ctrl_bridge]: [px4_bridge] avoidance released -> published /planning/replan
[INFO] [1783599790.152] [/local_avoidance]: [local_avoidance] DEACTIVATED
[WARN] [1783599790.175] [/px4_ctrl_bridge]: [px4_bridge] avoidance released -> published /planning/replan
[WARN] [1783599790.203] [/local_avoidance]: [local_avoidance] ACTIVATED  (min_dist=0.36 m, idx=7770)
[INFO] [1783599790.252] [/local_avoidance]: [local_avoidance] DEACTIVATED
[WARN] [1783599790.275] [/px4_ctrl_bridge]: [px4_bridge] avoidance released -> published /planning/replan
[WARN] [1783599790.307] [/local_avoidance]: [local_avoidance] ACTIVATED  (min_dist=0.35 m, idx=2629)
[INFO] [1783599790.354] [/local_avoidance]: [local_avoidance] DEACTIVATED
[WARN] [1783599790.375] [/px4_ctrl_bridge]: [px4_bridge] avoidance released -> published /planning/replan
[WARN] [1783599790.403] [/local_avoidance]: [local_avoidance] ACTIVATED  (min_dist=0.36 m, idx=8314)
[INFO] [1783599790.453] [/local_avoidance]: [local_avoidance] DEACTIVATED
[WARN] [1783599790.475] [/px4_ctrl_bridge]: [px4_bridge] avoidance released -> published /planning/replan
[WARN] [1783599790.507] [/local_avoidance]: [local_avoidance] ACTIVATED  (min_dist=0.35 m, idx=9114)
[INFO] [1783599790.552] [/local_avoidance]: [local_avoidance] DEACTIVATED
[WARN] [1783599790.576] [/px4_ctrl_bridge]: [px4_bridge] avoidance released -> published /planning/replan
[WARN] [1783599790.603] [/local_avoidance]: [local_avoidance] ACTIVATED  (min_dist=0.35 m, idx=8668)
[WARN] [1783599790.628] [/px4_ctrl_bridge]: [px4_bridge] AVOIDANCE ACTIVE -> forwarding /target_avoidance
[INFO] [1783599790.652] [/local_avoidance]: [local_avoidance] DEACTIVATED
[WARN] [1783599790.675] [/px4_ctrl_bridge]: [px4_bridge] avoidance released -> published /planning/replan
[WARN] [1783599790.702] [/local_avoidance]: [local_avoidance] ACTIVATED  (min_dist=0.35 m, idx=9352)
[INFO] [1783599790.752] [/local_avoidance]: [local_avoidance] DEACTIVATED
[WARN] [1783599790.776] [/px4_ctrl_bridge]: [px4_bridge] avoidance released -> published /planning/replan
[WARN] [1783599790.803] [/local_avoidance]: [local_avoidance] ACTIVATED  (min_dist=0.35 m, idx=9120)
[INFO] [1783599790.852] [/local_avoidance]: [local_avoidance] DEACTIVATED
[WARN] [1783599790.875] [/px4_ctrl_bridge]: [px4_bridge] avoidance released -> published /planning/replan
[WARN] [1783599790.902] [/local_avoidance]: [local_avoidance] ACTIVATED  (min_dist=0.35 m, idx=9833)
[INFO] [1783599790.953] [/local_avoidance]: [local_avoidance] DEACTIVATED
[WARN] [1783599790.975] [/px4_ctrl_bridge]: [px4_bridge] avoidance released -> published /planning/replan
[WARN] [1783599791.002] [/local_avoidance]: [local_avoidance] ACTIVATED  (min_dist=0.35 m, idx=3823)
[INFO] [1783599791.052] [/local_avoidance]: [local_avoidance] DEACTIVATED
[WARN] [1783599791.085] [/px4_ctrl_bridge]: [px4_bridge] avoidance released -> published /planning/replan
[WARN] [1783599791.102] [/local_avoidance]: [local_avoidance] ACTIVATED  (min_dist=0.35 m, idx=4831)
[INFO] [1783599791.154] [/local_avoidance]: [local_avoidance] avoiding...  min_dist=0.35 m
[INFO] [1783599791.162] [/mavros]: HP: requesting home position
[INFO] [1783599791.455] [/cloud_crop_bridge]: [CloudCrop] 3114 -> 412 pts (13%)
[WARN] [1783599791.635] [/px4_ctrl_bridge]: [px4_bridge] AVOIDANCE ACTIVE -> forwarding /target_avoidance
[INFO] [1783599792.204] [/local_avoidance]: [local_avoidance] avoiding...  min_dist=0.35 m
[WARN] [1783599792.636] [/px4_ctrl_bridge]: [px4_bridge] AVOIDANCE ACTIVE -> forwarding /target_avoidance
[INFO] [1783599793.253] [/local_avoidance]: [local_avoidance] avoiding...  min_dist=0.35 m
[WARN] [1783599793.632] [/exploration_node]: wait for trigger.
[WARN] [1783599793.645] [/px4_ctrl_bridge]: [px4_bridge] AVOIDANCE ACTIVE -> forwarding /target_avoidance
[INFO] [1783599793.827] [/local_avoidance]: [local_avoidance] DEACTIVATED
[WARN] [1783599793.852] [/local_avoidance]: [local_avoidance] ACTIVATED  (min_dist=0.36 m, idx=647)
[WARN] [1783599793.855] [/px4_ctrl_bridge]: [px4_bridge] avoidance released -> published /planning/replan
[INFO] [1783599794.002] [/local_avoidance]: [local_avoidance] DEACTIVATED
[WARN] [1783599794.025] [/px4_ctrl_bridge]: [px4_bridge] avoidance released -> published /planning/replan
[WARN] [1783599794.051] [/local_avoidance]: [local_avoidance] ACTIVATED  (min_dist=0.36 m, idx=5476)
[INFO] [1783599794.102] [/local_avoidance]: [local_avoidance] DEACTIVATED
[WARN] [1783599794.135] [/px4_ctrl_bridge]: [px4_bridge] avoidance released -> published /planning/replan
[WARN] [1783599794.151] [/local_avoidance]: [local_avoidance] ACTIVATED  (min_dist=0.35 m, idx=6248)
[INFO] [1783599794.203] [/local_avoidance]: [local_avoidance] DEACTIVATED
[WARN] [1783599794.226] [/px4_ctrl_bridge]: [px4_bridge] avoidance released -> published /planning/replan
[WARN] [1783599794.251] [/local_avoidance]: [local_avoidance] ACTIVATED  (min_dist=0.35 m, idx=5916)
[INFO] [1783599794.303] [/local_avoidance]: [local_avoidance] DEACTIVATED
[WARN] [1783599794.325] [/px4_ctrl_bridge]: [px4_bridge] avoidance released -> published /planning/replan
[WARN] [1783599794.354] [/local_avoidance]: [local_avoidance] ACTIVATED  (min_dist=0.35 m, idx=6688)
[INFO] [1783599794.412] [/local_avoidance]: [local_avoidance] DEACTIVATED
[WARN] [1783599794.425] [/px4_ctrl_bridge]: [px4_bridge] avoidance released -> published /planning/replan
[WARN] [1783599794.453] [/local_avoidance]: [local_avoidance] ACTIVATED  (min_dist=0.35 m, idx=6452)
[INFO] [1783599794.501] [/local_avoidance]: [local_avoidance] DEACTIVATED
[WARN] [1783599794.525] [/px4_ctrl_bridge]: [px4_bridge] avoidance released -> published /planning/replan
[WARN] [1783599794.553] [/local_avoidance]: [local_avoidance] ACTIVATED  (min_dist=0.35 m, idx=1528)
[INFO] [1783599794.627] [/local_avoidance]: [local_avoidance] DEACTIVATED
[WARN] [1783599794.645] [/px4_ctrl_bridge]: [px4_bridge] AVOIDANCE ACTIVE -> forwarding /target_avoidance
[WARN] [1783599794.651] [/local_avoidance]: [local_avoidance] ACTIVATED  (min_dist=0.35 m, idx=1147)
[WARN] [1783599794.656] [/px4_ctrl_bridge]: [px4_bridge] avoidance released -> published /planning/replan
[INFO] [1783599794.701] [/local_avoidance]: [local_avoidance] DEACTIVATED
[WARN] [1783599794.735] [/px4_ctrl_bridge]: [px4_bridge] avoidance released -> published /planning/replan
[WARN] [1783599794.752] [/local_avoidance]: [local_avoidance] ACTIVATED  (min_dist=0.35 m, idx=7605)
[INFO] [1783599794.809] [/local_avoidance]: [local_avoidance] DEACTIVATED
[WARN] [1783599794.825] [/px4_ctrl_bridge]: [px4_bridge] avoidance released -> published /planning/replan
[WARN] [1783599794.858] [/local_avoidance]: [local_avoidance] ACTIVATED  (min_dist=0.35 m, idx=1295)
[INFO] [1783599794.926] [/local_avoidance]: [local_avoidance] DEACTIVATED
[WARN] [1783599794.952] [/local_avoidance]: [local_avoidance] ACTIVATED  (min_dist=0.35 m, idx=2408)
[WARN] [1783599794.956] [/px4_ctrl_bridge]: [px4_bridge] avoidance released -> published /planning/replan
[INFO] [1783599795.001] [/local_avoidance]: [local_avoidance] DEACTIVATED
[WARN] [1783599795.025] [/px4_ctrl_bridge]: [px4_bridge] avoidance released -> published /planning/replan
[WARN] [1783599795.077] [/local_avoidance]: [local_avoidance] ACTIVATED  (min_dist=0.35 m, idx=2063)
[INFO] [1783599795.105] [/local_avoidance]: [local_avoidance] DEACTIVATED
[WARN] [1783599795.125] [/px4_ctrl_bridge]: [px4_bridge] avoidance released -> published /planning/replan
[WARN] [1783599795.179] [/local_avoidance]: [local_avoidance] ACTIVATED  (min_dist=0.35 m, idx=8610)
[INFO] [1783599795.202] [/local_avoidance]: [local_avoidance] DEACTIVATED
[WARN] [1783599795.225] [/px4_ctrl_bridge]: [px4_bridge] avoidance released -> published /planning/replan
[WARN] [1783599795.251] [/local_avoidance]: [local_avoidance] ACTIVATED  (min_dist=0.35 m, idx=2506)
[INFO] [1783599795.303] [/local_avoidance]: [local_avoidance] DEACTIVATED
[WARN] [1783599795.325] [/px4_ctrl_bridge]: [px4_bridge] avoidance released -> published /planning/replan
[WARN] [1783599795.353] [/local_avoidance]: [local_avoidance] ACTIVATED  (min_dist=0.36 m, idx=3131)
[INFO] [1783599795.401] [/local_avoidance]: [local_avoidance] DEACTIVATED
[WARN] [1783599795.425] [/px4_ctrl_bridge]: [px4_bridge] avoidance released -> published /planning/replan
[WARN] [1783599795.451] [/local_avoidance]: [local_avoidance] ACTIVATED  (min_dist=0.35 m, idx=2766)
[INFO] [1783599795.505] [/local_avoidance]: [local_avoidance] DEACTIVATED
[WARN] [1783599795.525] [/px4_ctrl_bridge]: [px4_bridge] avoidance released -> published /planning/replan
[WARN] [1783599795.551] [/local_avoidance]: [local_avoidance] ACTIVATED  (min_dist=0.37 m, idx=4354)
[INFO] [1783599795.602] [/local_avoidance]: [local_avoidance] DEACTIVATED
[WARN] [1783599795.625] [/px4_ctrl_bridge]: [px4_bridge] avoidance released -> published /planning/replan
[WARN] [1783599795.652] [/local_avoidance]: [local_avoidance] ACTIVATED  (min_dist=0.35 m, idx=3202)
[WARN] [1783599795.675] [/px4_ctrl_bridge]: [px4_bridge] AVOIDANCE ACTIVE -> forwarding /target_avoidance
[INFO] [1783599795.701] [/local_avoidance]: [local_avoidance] DEACTIVATED
[WARN] [1783599795.725] [/px4_ctrl_bridge]: [px4_bridge] avoidance released -> published /planning/replan
[WARN] [1783599795.753] [/local_avoidance]: [local_avoidance] ACTIVATED  (min_dist=0.36 m, idx=9646)
[INFO] [1783599795.826] [/local_avoidance]: [local_avoidance] DEACTIVATED
[WARN] [1783599795.852] [/local_avoidance]: [local_avoidance] ACTIVATED  (min_dist=0.35 m, idx=9500)
[WARN] [1783599795.855] [/px4_ctrl_bridge]: [px4_bridge] avoidance released -> published /planning/replan
[INFO] [1783599795.902] [/local_avoidance]: [local_avoidance] DEACTIVATED
[WARN] [1783599795.925] [/px4_ctrl_bridge]: [px4_bridge] avoidance released -> published /planning/replan
[WARN] [1783599795.961] [/local_avoidance]: [local_avoidance] ACTIVATED  (min_dist=0.36 m, idx=4578)
[INFO] [1783599796.022] [/local_avoidance]: [local_avoidance] avoiding...  min_dist=0.35 m
[INFO] [1783599796.202] [/local_avoidance]: [local_avoidance] DEACTIVATED
[WARN] [1783599796.225] [/px4_ctrl_bridge]: [px4_bridge] avoidance released -> published /planning/replan
[WARN] [1783599796.251] [/local_avoidance]: [local_avoidance] ACTIVATED  (min_dist=0.35 m, idx=5899)
[INFO] [1783599796.482] [/cloud_crop_bridge]: [CloudCrop] 2691 -> 704 pts (26%)
[WARN] [1783599796.685] [/px4_ctrl_bridge]: [px4_bridge] AVOIDANCE ACTIVE -> forwarding /target_avoidance
[INFO] [1783599797.051] [/local_avoidance]: [local_avoidance] avoiding...  min_dist=0.35 m
[WARN] [1783599797.686] [/px4_ctrl_bridge]: [px4_bridge] AVOIDANCE ACTIVE -> forwarding /target_avoidance
[INFO] [1783599798.054] [/local_avoidance]: [local_avoidance] avoiding...  min_dist=0.36 m
[WARN] [1783599798.632] [/exploration_node]: wait for trigger.
[WARN] [1783599798.686] [/px4_ctrl_bridge]: [px4_bridge] AVOIDANCE ACTIVE -> forwarding /target_avoidance
[INFO] [1783599798.951] [/local_avoidance]: [local_avoidance] DEACTIVATED
[WARN] [1783599798.977] [/px4_ctrl_bridge]: [px4_bridge] avoidance released -> published /planning/replan
[WARN] [1783599799.001] [/local_avoidance]: [local_avoidance] ACTIVATED  (min_dist=0.35 m, idx=464)
[INFO] [1783599799.052] [/local_avoidance]: [local_avoidance] DEACTIVATED
[WARN] [1783599799.075] [/px4_ctrl_bridge]: [px4_bridge] avoidance released -> published /planning/replan
[WARN] [1783599799.102] [/local_avoidance]: [local_avoidance] ACTIVATED  (min_dist=0.35 m, idx=6137)
[INFO] [1783599799.151] [/local_avoidance]: [local_avoidance] DEACTIVATED
[WARN] [1783599799.175] [/px4_ctrl_bridge]: [px4_bridge] avoidance released -> published /planning/replan
[WARN] [1783599799.201] [/local_avoidance]: [local_avoidance] ACTIVATED  (min_dist=0.35 m, idx=6855)
[INFO] [1783599799.251] [/local_avoidance]: [local_avoidance] DEACTIVATED
[WARN] [1783599799.285] [/px4_ctrl_bridge]: [px4_bridge] avoidance released -> published /planning/replan
[WARN] [1783599799.301] [/local_avoidance]: [local_avoidance] ACTIVATED  (min_dist=0.35 m, idx=550)
[INFO] [1783599799.352] [/local_avoidance]: [local_avoidance] DEACTIVATED
[WARN] [1783599799.375] [/px4_ctrl_bridge]: [px4_bridge] avoidance released -> published /planning/replan
[WARN] [1783599799.401] [/local_avoidance]: [local_avoidance] ACTIVATED  (min_dist=0.36 m, idx=1367)
[INFO] [1783599799.452] [/local_avoidance]: [local_avoidance] DEACTIVATED
[WARN] [1783599799.475] [/px4_ctrl_bridge]: [px4_bridge] avoidance released -> published /planning/replan
[WARN] [1783599799.503] [/local_avoidance]: [local_avoidance] ACTIVATED  (min_dist=0.35 m, idx=1005)
[INFO] [1783599799.552] [/local_avoidance]: [local_avoidance] DEACTIVATED
[WARN] [1783599799.575] [/px4_ctrl_bridge]: [px4_bridge] avoidance released -> published /planning/replan
[WARN] [1783599799.602] [/local_avoidance]: [local_avoidance] ACTIVATED  (min_dist=0.35 m, idx=6695)
[INFO] [1783599799.652] [/local_avoidance]: [local_avoidance] DEACTIVATED
[WARN] [1783599799.675] [/px4_ctrl_bridge]: [px4_bridge] avoidance released -> published /planning/replan
[WARN] [1783599799.702] [/local_avoidance]: [local_avoidance] ACTIVATED  (min_dist=0.35 m, idx=1461)
[WARN] [1783599799.725] [/px4_ctrl_bridge]: [px4_bridge] AVOIDANCE ACTIVE -> forwarding /target_avoidance
[INFO] [1783599799.752] [/local_avoidance]: [local_avoidance] DEACTIVATED
[WARN] [1783599799.775] [/px4_ctrl_bridge]: [px4_bridge] avoidance released -> published /planning/replan
[WARN] [1783599799.802] [/local_avoidance]: [local_avoidance] ACTIVATED  (min_dist=0.36 m, idx=7044)
[INFO] [1783599799.852] [/local_avoidance]: [local_avoidance] DEACTIVATED
[WARN] [1783599799.875] [/px4_ctrl_bridge]: [px4_bridge] avoidance released -> published /planning/replan
[WARN] [1783599799.901] [/local_avoidance]: [local_avoidance] ACTIVATED  (min_dist=0.35 m, idx=1901)
[INFO] [1783599799.952] [/local_avoidance]: [local_avoidance] DEACTIVATED
[WARN] [1783599799.975] [/px4_ctrl_bridge]: [px4_bridge] avoidance released -> published /planning/replan
[WARN] [1783599800.002] [/local_avoidance]: [local_avoidance] ACTIVATED  (min_dist=0.35 m, idx=7484)
[INFO] [1783599800.053] [/local_avoidance]: [local_avoidance] DEACTIVATED
[WARN] [1783599800.075] [/px4_ctrl_bridge]: [px4_bridge] avoidance released -> published /planning/replan
[WARN] [1783599800.103] [/local_avoidance]: [local_avoidance] ACTIVATED  (min_dist=0.35 m, idx=8402)
[INFO] [1783599800.152] [/local_avoidance]: [local_avoidance] DEACTIVATED
[WARN] [1783599800.179] [/px4_ctrl_bridge]: [px4_bridge] avoidance released -> published /planning/replan
[WARN] [1783599800.202] [/local_avoidance]: [local_avoidance] ACTIVATED  (min_dist=0.35 m, idx=1891)
[INFO] [1783599800.251] [/local_avoidance]: [local_avoidance] DEACTIVATED
[WARN] [1783599800.275] [/px4_ctrl_bridge]: [px4_bridge] avoidance released -> published /planning/replan
[WARN] [1783599800.301] [/local_avoidance]: [local_avoidance] ACTIVATED  (min_dist=0.35 m, idx=2892)
[INFO] [1783599800.353] [/local_avoidance]: [local_avoidance] DEACTIVATED
[WARN] [1783599800.375] [/px4_ctrl_bridge]: [px4_bridge] avoidance released -> published /planning/replan
[WARN] [1783599800.402] [/local_avoidance]: [local_avoidance] ACTIVATED  (min_dist=0.35 m, idx=2543)
[INFO] [1783599800.451] [/local_avoidance]: [local_avoidance] DEACTIVATED
[WARN] [1783599800.475] [/px4_ctrl_bridge]: [px4_bridge] avoidance released -> published /planning/replan
[WARN] [1783599800.502] [/local_avoidance]: [local_avoidance] ACTIVATED  (min_dist=0.35 m, idx=3344)
[INFO] [1783599800.552] [/local_avoidance]: [local_avoidance] DEACTIVATED
[WARN] [1783599800.575] [/px4_ctrl_bridge]: [px4_bridge] avoidance released -> published /planning/replan
[WARN] [1783599800.603] [/local_avoidance]: [local_avoidance] ACTIVATED  (min_dist=0.35 m, idx=3090)
[INFO] [1783599800.652] [/local_avoidance]: [local_avoidance] DEACTIVATED
[WARN] [1783599800.675] [/px4_ctrl_bridge]: [px4_bridge] avoidance released -> published /planning/replan
[WARN] [1783599800.702] [/local_avoidance]: [local_avoidance] ACTIVATED  (min_dist=0.35 m, idx=9642)
[WARN] [1783599800.735] [/px4_ctrl_bridge]: [px4_bridge] AVOIDANCE ACTIVE -> forwarding /target_avoidance
[INFO] [1783599800.752] [/local_avoidance]: [local_avoidance] DEACTIVATED
[WARN] [1783599800.775] [/px4_ctrl_bridge]: [px4_bridge] avoidance released -> published /planning/replan
[WARN] [1783599800.803] [/local_avoidance]: [local_avoidance] ACTIVATED  (min_dist=0.35 m, idx=3346)
[INFO] [1783599800.851] [/local_avoidance]: [local_avoidance] DEACTIVATED
[WARN] [1783599800.875] [/px4_ctrl_bridge]: [px4_bridge] avoidance released -> published /planning/replan
[WARN] [1783599800.901] [/local_avoidance]: [local_avoidance] ACTIVATED  (min_dist=0.36 m, idx=4559)
[INFO] [1783599800.952] [/local_avoidance]: [local_avoidance] DEACTIVATED
[WARN] [1783599800.975] [/px4_ctrl_bridge]: [px4_bridge] avoidance released -> published /planning/replan
[WARN] [1783599801.002] [/local_avoidance]: [local_avoidance] ACTIVATED  (min_dist=0.35 m, idx=9829)
[INFO] [1783599801.052] [/local_avoidance]: [local_avoidance] DEACTIVATED
[WARN] [1783599801.075] [/px4_ctrl_bridge]: [px4_bridge] avoidance released -> published /planning/replan
[WARN] [1783599801.102] [/local_avoidance]: [local_avoidance] ACTIVATED  (min_dist=0.37 m, idx=9054)
[INFO] [1783599801.153] [/local_avoidance]: [local_avoidance] DEACTIVATED
[INFO] [1783599801.161] [/mavros]: HP: requesting home position
[WARN] [1783599801.176] [/px4_ctrl_bridge]: [px4_bridge] avoidance released -> published /planning/replan
[WARN] [1783599801.202] [/local_avoidance]: [local_avoidance] ACTIVATED  (min_dist=0.35 m, idx=4341)
[INFO] [1783599801.251] [/local_avoidance]: [local_avoidance] avoiding...  min_dist=0.38 m
[INFO] [1783599801.351] [/local_avoidance]: [local_avoidance] DEACTIVATED
[WARN] [1783599801.375] [/px4_ctrl_bridge]: [px4_bridge] avoidance released -> published /planning/replan
[WARN] [1783599801.402] [/local_avoidance]: [local_avoidance] ACTIVATED  (min_dist=0.35 m, idx=4797)
[INFO] [1783599801.504] [/cloud_crop_bridge]: [CloudCrop] 2697 -> 726 pts (27%)
[WARN] [1783599801.736] [/px4_ctrl_bridge]: [px4_bridge] AVOIDANCE ACTIVE -> forwarding /target_avoidance
[INFO] [1783599802.254] [/local_avoidance]: [local_avoidance] avoiding...  min_dist=0.35 m
[WARN] [1783599802.745] [/px4_ctrl_bridge]: [px4_bridge] AVOIDANCE ACTIVE -> forwarding /target_avoidance
[INFO] [1783599803.254] [/local_avoidance]: [local_avoidance] avoiding...  min_dist=0.37 m
[WARN] [1783599803.642] [/exploration_node]: wait for trigger.
[WARN] [1783599803.756] [/px4_ctrl_bridge]: [px4_bridge] AVOIDANCE ACTIVE -> forwarding /target_avoidance
[INFO] [1783599803.904] [/local_avoidance]: [local_avoidance] DEACTIVATED
[WARN] [1783599803.925] [/px4_ctrl_bridge]: [px4_bridge] avoidance released -> published /planning/replan
[WARN] [1783599803.953] [/local_avoidance]: [local_avoidance] ACTIVATED  (min_dist=0.35 m, idx=133)
[INFO] [1783599804.028] [/local_avoidance]: [local_avoidance] DEACTIVATED
[WARN] [1783599804.055] [/px4_ctrl_bridge]: [px4_bridge] avoidance released -> published /planning/replan
[WARN] [1783599804.077] [/local_avoidance]: [local_avoidance] ACTIVATED  (min_dist=0.35 m, idx=543)
[INFO] [1783599804.104] [/local_avoidance]: [local_avoidance] DEACTIVATED
[WARN] [1783599804.125] [/px4_ctrl_bridge]: [px4_bridge] avoidance released -> published /planning/replan
[WARN] [1783599804.152] [/local_avoidance]: [local_avoidance] ACTIVATED  (min_dist=0.35 m, idx=1144)
[INFO] [1783599804.202] [/local_avoidance]: [local_avoidance] DEACTIVATED
[WARN] [1783599804.225] [/px4_ctrl_bridge]: [px4_bridge] avoidance released -> published /planning/replan
[WARN] [1783599804.253] [/local_avoidance]: [local_avoidance] ACTIVATED  (min_dist=0.35 m, idx=207)
[INFO] [1783599804.301] [/local_avoidance]: [local_avoidance] DEACTIVATED
[WARN] [1783599804.325] [/px4_ctrl_bridge]: [px4_bridge] avoidance released -> published /planning/replan
[WARN] [1783599804.353] [/local_avoidance]: [local_avoidance] ACTIVATED  (min_dist=0.35 m, idx=7083)
[INFO] [1783599804.401] [/local_avoidance]: [local_avoidance] DEACTIVATED
[WARN] [1783599804.435] [/px4_ctrl_bridge]: [px4_bridge] avoidance released -> published /planning/replan
[WARN] [1783599804.452] [/local_avoidance]: [local_avoidance] ACTIVATED  (min_dist=0.35 m, idx=666)
[INFO] [1783599804.502] [/local_avoidance]: [local_avoidance] DEACTIVATED
[WARN] [1783599804.525] [/px4_ctrl_bridge]: [px4_bridge] avoidance released -> published /planning/replan
[WARN] [1783599804.552] [/local_avoidance]: [local_avoidance] ACTIVATED  (min_dist=0.35 m, idx=7331)
[INFO] [1783599804.604] [/local_avoidance]: [local_avoidance] DEACTIVATED
[WARN] [1783599804.625] [/px4_ctrl_bridge]: [px4_bridge] avoidance released -> published /planning/replan
[WARN] [1783599804.653] [/local_avoidance]: [local_avoidance] ACTIVATED  (min_dist=0.35 m, idx=1134)
[INFO] [1783599804.726] [/local_avoidance]: [local_avoidance] DEACTIVATED
[WARN] [1783599804.752] [/local_avoidance]: [local_avoidance] ACTIVATED  (min_dist=0.35 m, idx=2028)
[WARN] [1783599804.755] [/px4_ctrl_bridge]: [px4_bridge] avoidance released -> published /planning/replan
[WARN] [1783599804.775] [/px4_ctrl_bridge]: [px4_bridge] AVOIDANCE ACTIVE -> forwarding /target_avoidance
[INFO] [1783599804.802] [/local_avoidance]: [local_avoidance] DEACTIVATED
[WARN] [1783599804.826] [/px4_ctrl_bridge]: [px4_bridge] avoidance released -> published /planning/replan
[WARN] [1783599804.852] [/local_avoidance]: [local_avoidance] ACTIVATED  (min_dist=0.35 m, idx=1674)
[INFO] [1783599804.901] [/local_avoidance]: [local_avoidance] DEACTIVATED
[WARN] [1783599804.925] [/px4_ctrl_bridge]: [px4_bridge] avoidance released -> published /planning/replan
[WARN] [1783599804.951] [/local_avoidance]: [local_avoidance] ACTIVATED  (min_dist=0.35 m, idx=2495)
[INFO] [1783599805.002] [/local_avoidance]: [local_avoidance] DEACTIVATED
[WARN] [1783599805.027] [/px4_ctrl_bridge]: [px4_bridge] avoidance released -> published /planning/replan
[WARN] [1783599805.052] [/local_avoidance]: [local_avoidance] ACTIVATED  (min_dist=0.35 m, idx=6747)
[INFO] [1783599805.104] [/local_avoidance]: [local_avoidance] DEACTIVATED
[WARN] [1783599805.125] [/px4_ctrl_bridge]: [px4_bridge] avoidance released -> published /planning/replan
[WARN] [1783599805.152] [/local_avoidance]: [local_avoidance] ACTIVATED  (min_dist=0.37 m, idx=7602)
[INFO] [1783599805.202] [/local_avoidance]: [local_avoidance] DEACTIVATED
[WARN] [1783599805.225] [/px4_ctrl_bridge]: [px4_bridge] avoidance released -> published /planning/replan
[WARN] [1783599805.252] [/local_avoidance]: [local_avoidance] ACTIVATED  (min_dist=0.35 m, idx=8320)
[INFO] [1783599805.302] [/local_avoidance]: [local_avoidance] DEACTIVATED
[WARN] [1783599805.335] [/px4_ctrl_bridge]: [px4_bridge] avoidance released -> published /planning/replan
[WARN] [1783599805.351] [/local_avoidance]: [local_avoidance] ACTIVATED  (min_dist=0.36 m, idx=8166)
[INFO] [1783599805.401] [/local_avoidance]: [local_avoidance] DEACTIVATED
[WARN] [1783599805.425] [/px4_ctrl_bridge]: [px4_bridge] avoidance released -> published /planning/replan
[WARN] [1783599805.452] [/local_avoidance]: [local_avoidance] ACTIVATED  (min_dist=0.35 m, idx=8752)
[INFO] [1783599805.502] [/local_avoidance]: [local_avoidance] DEACTIVATED
[WARN] [1783599805.525] [/px4_ctrl_bridge]: [px4_bridge] avoidance released -> published /planning/replan
[WARN] [1783599805.552] [/local_avoidance]: [local_avoidance] ACTIVATED  (min_dist=0.35 m, idx=8508)
[INFO] [1783599805.603] [/local_avoidance]: [local_avoidance] DEACTIVATED
[WARN] [1783599805.625] [/px4_ctrl_bridge]: [px4_bridge] avoidance released -> published /planning/replan
[WARN] [1783599805.651] [/local_avoidance]: [local_avoidance] ACTIVATED  (min_dist=0.35 m, idx=9325)
[INFO] [1783599805.704] [/local_avoidance]: [local_avoidance] DEACTIVATED
[WARN] [1783599805.725] [/px4_ctrl_bridge]: [px4_bridge] avoidance released -> published /planning/replan
[WARN] [1783599805.752] [/local_avoidance]: [local_avoidance] ACTIVATED  (min_dist=0.35 m, idx=8968)
[WARN] [1783599805.786] [/px4_ctrl_bridge]: [px4_bridge] AVOIDANCE ACTIVE -> forwarding /target_avoidance
[INFO] [1783599805.801] [/local_avoidance]: [local_avoidance] DEACTIVATED
[WARN] [1783599805.825] [/px4_ctrl_bridge]: [px4_bridge] avoidance released -> published /planning/replan
[WARN] [1783599805.852] [/local_avoidance]: [local_avoidance] ACTIVATED  (min_dist=0.35 m, idx=3924)
[INFO] [1783599805.902] [/local_avoidance]: [local_avoidance] DEACTIVATED
[WARN] [1783599805.925] [/px4_ctrl_bridge]: [px4_bridge] avoidance released -> published /planning/replan
[WARN] [1783599805.952] [/local_avoidance]: [local_avoidance] ACTIVATED  (min_dist=0.35 m, idx=9520)
[INFO] [1783599806.002] [/local_avoidance]: [local_avoidance] DEACTIVATED
[WARN] [1783599806.025] [/px4_ctrl_bridge]: [px4_bridge] avoidance released -> published /planning/replan
[WARN] [1783599806.051] [/local_avoidance]: [local_avoidance] ACTIVATED  (min_dist=0.35 m, idx=4368)
[INFO] [1783599806.102] [/local_avoidance]: [local_avoidance] avoiding...  min_dist=0.35 m
[INFO] [1783599806.201] [/local_avoidance]: [local_avoidance] DEACTIVATED
[WARN] [1783599806.225] [/px4_ctrl_bridge]: [px4_bridge] avoidance released -> published /planning/replan
[WARN] [1783599806.252] [/local_avoidance]: [local_avoidance] ACTIVATED  (min_dist=0.35 m, idx=4824)
[INFO] [1783599806.508] [/cloud_crop_bridge]: [CloudCrop] 3110 -> 415 pts (13%)
[WARN] [1783599806.795] [/px4_ctrl_bridge]: [px4_bridge] AVOIDANCE ACTIVE -> forwarding /target_avoidance
[INFO] [1783599807.154] [/local_avoidance]: [local_avoidance] avoiding...  min_dist=0.35 m
[WARN] [1783599807.796] [/px4_ctrl_bridge]: [px4_bridge] AVOIDANCE ACTIVE -> forwarding /target_avoidance
[INFO] [1783599808.201] [/local_avoidance]: [local_avoidance] avoiding...  min_dist=0.35 m
[WARN] [1783599808.652] [/exploration_node]: wait for trigger.
[INFO] [1783599808.755] [/local_avoidance]: [local_avoidance] DEACTIVATED
[WARN] [1783599808.775] [/px4_ctrl_bridge]: [px4_bridge] avoidance released -> published /planning/replan
[WARN] [1783599808.801] [/local_avoidance]: [local_avoidance] ACTIVATED  (min_dist=0.35 m, idx=473)
[WARN] [1783599808.825] [/px4_ctrl_bridge]: [px4_bridge] AVOIDANCE ACTIVE -> forwarding /target_avoidance
[INFO] [1783599808.954] [/local_avoidance]: [local_avoidance] DEACTIVATED
[WARN] [1783599808.975] [/px4_ctrl_bridge]: [px4_bridge] avoidance released -> published /planning/replan
[INFO] [1783599808.982] [/exploration_node]: [EV] [1783599808.982][    +61.4s][WAIT_TRIGGER] Avoidance: Deactivated  <->  Activated | cycling x557 over 60.4s
[WARN] [1783599809.027] [/local_avoidance]: [local_avoidance] ACTIVATED  (min_dist=0.36 m, idx=6062)
[INFO] [1783599809.055] [/local_avoidance]: [local_avoidance] DEACTIVATED
[WARN] [1783599809.075] [/px4_ctrl_bridge]: [px4_bridge] avoidance released -> published /planning/replan
[WARN] [1783599809.102] [/local_avoidance]: [local_avoidance] ACTIVATED  (min_dist=0.35 m, idx=1817)
[INFO] [1783599809.152] [/local_avoidance]: [local_avoidance] DEACTIVATED
[WARN] [1783599809.175] [/px4_ctrl_bridge]: [px4_bridge] avoidance released -> published /planning/replan
[WARN] [1783599809.210] [/local_avoidance]: [local_avoidance] ACTIVATED  (min_dist=0.35 m, idx=5764)
[INFO] [1783599809.252] [/local_avoidance]: [local_avoidance] DEACTIVATED
[WARN] [1783599809.275] [/px4_ctrl_bridge]: [px4_bridge] avoidance released -> published /planning/replan
[WARN] [1783599809.329] [/local_avoidance]: [local_avoidance] ACTIVATED  (min_dist=0.35 m, idx=6644)
[INFO] [1783599809.352] [/local_avoidance]: [local_avoidance] DEACTIVATED
[WARN] [1783599809.385] [/px4_ctrl_bridge]: [px4_bridge] avoidance released -> published /planning/replan
[WARN] [1783599809.402] [/local_avoidance]: [local_avoidance] ACTIVATED  (min_dist=0.35 m, idx=6408)
[INFO] [1783599809.454] [/local_avoidance]: [local_avoidance] DEACTIVATED
[WARN] [1783599809.475] [/px4_ctrl_bridge]: [px4_bridge] avoidance released -> published /planning/replan
[WARN] [1783599809.528] [/local_avoidance]: [local_avoidance] ACTIVATED  (min_dist=0.35 m, idx=1384)
[INFO] [1783599809.552] [/local_avoidance]: [local_avoidance] DEACTIVATED
[WARN] [1783599809.585] [/px4_ctrl_bridge]: [px4_bridge] avoidance released -> published /planning/replan
[WARN] [1783599809.602] [/local_avoidance]: [local_avoidance] ACTIVATED  (min_dist=0.35 m, idx=6852)
[INFO] [1783599809.657] [/local_avoidance]: [local_avoidance] DEACTIVATED
[WARN] [1783599809.675] [/px4_ctrl_bridge]: [px4_bridge] avoidance released -> published /planning/replan
[WARN] [1783599809.702] [/local_avoidance]: [local_avoidance] ACTIVATED  (min_dist=0.35 m, idx=7553)
[INFO] [1783599809.751] [/local_avoidance]: [local_avoidance] DEACTIVATED
[WARN] [1783599809.775] [/px4_ctrl_bridge]: [px4_bridge] avoidance released -> published /planning/replan
[WARN] [1783599809.803] [/local_avoidance]: [local_avoidance] ACTIVATED  (min_dist=0.35 m, idx=2515)
[WARN] [1783599809.825] [/px4_ctrl_bridge]: [px4_bridge] AVOIDANCE ACTIVE -> forwarding /target_avoidance
[INFO] [1783599809.851] [/local_avoidance]: [local_avoidance] DEACTIVATED
[WARN] [1783599809.875] [/px4_ctrl_bridge]: [px4_bridge] avoidance released -> published /planning/replan
[WARN] [1783599809.901] [/local_avoidance]: [local_avoidance] ACTIVATED  (min_dist=0.35 m, idx=8307)
[INFO] [1783599809.951] [/local_avoidance]: [local_avoidance] DEACTIVATED
[WARN] [1783599809.975] [/px4_ctrl_bridge]: [px4_bridge] avoidance released -> published /planning/replan
[WARN] [1783599810.002] [/local_avoidance]: [local_avoidance] ACTIVATED  (min_dist=0.35 m, idx=2010)
[INFO] [1783599810.052] [/local_avoidance]: [local_avoidance] DEACTIVATED
[WARN] [1783599810.075] [/px4_ctrl_bridge]: [px4_bridge] avoidance released -> published /planning/replan
[WARN] [1783599810.102] [/local_avoidance]: [local_avoidance] ACTIVATED  (min_dist=0.35 m, idx=2608)
[INFO] [1783599810.152] [/local_avoidance]: [local_avoidance] DEACTIVATED
[WARN] [1783599810.175] [/px4_ctrl_bridge]: [px4_bridge] avoidance released -> published /planning/replan
[WARN] [1783599810.202] [/local_avoidance]: [local_avoidance] ACTIVATED  (min_dist=0.35 m, idx=2166)
[INFO] [1783599810.252] [/local_avoidance]: [local_avoidance] DEACTIVATED
[WARN] [1783599810.275] [/px4_ctrl_bridge]: [px4_bridge] avoidance released -> published /planning/replan
[WARN] [1783599810.301] [/local_avoidance]: [local_avoidance] ACTIVATED  (min_dist=0.35 m, idx=3056)
[INFO] [1783599810.352] [/local_avoidance]: [local_avoidance] DEACTIVATED
[WARN] [1783599810.375] [/px4_ctrl_bridge]: [px4_bridge] avoidance released -> published /planning/replan
[WARN] [1783599810.402] [/local_avoidance]: [local_avoidance] ACTIVATED  (min_dist=0.35 m, idx=2909)
[INFO] [1783599810.453] [/local_avoidance]: [local_avoidance] DEACTIVATED
[WARN] [1783599810.475] [/px4_ctrl_bridge]: [px4_bridge] avoidance released -> published /planning/replan
[WARN] [1783599810.504] [/local_avoidance]: [local_avoidance] ACTIVATED  (min_dist=0.36 m, idx=3909)
[INFO] [1783599810.552] [/local_avoidance]: [local_avoidance] DEACTIVATED
[WARN] [1783599810.577] [/px4_ctrl_bridge]: [px4_bridge] avoidance released -> published /planning/replan
[WARN] [1783599810.602] [/local_avoidance]: [local_avoidance] ACTIVATED  (min_dist=0.35 m, idx=3246)
[INFO] [1783599810.652] [/local_avoidance]: [local_avoidance] DEACTIVATED
[WARN] [1783599810.685] [/px4_ctrl_bridge]: [px4_bridge] avoidance released -> published /planning/replan
[WARN] [1783599810.701] [/local_avoidance]: [local_avoidance] ACTIVATED  (min_dist=0.35 m, idx=4642)
[INFO] [1783599810.751] [/local_avoidance]: [local_avoidance] DEACTIVATED
[WARN] [1783599810.775] [/px4_ctrl_bridge]: [px4_bridge] avoidance released -> published /planning/replan
[WARN] [1783599810.801] [/local_avoidance]: [local_avoidance] ACTIVATED  (min_dist=0.35 m, idx=3509)
[WARN] [1783599810.835] [/px4_ctrl_bridge]: [px4_bridge] AVOIDANCE ACTIVE -> forwarding /target_avoidance
[INFO] [1783599810.852] [/local_avoidance]: [local_avoidance] DEACTIVATED
[WARN] [1783599810.875] [/px4_ctrl_bridge]: [px4_bridge] avoidance released -> published /planning/replan
[WARN] [1783599810.902] [/local_avoidance]: [local_avoidance] ACTIVATED  (min_dist=0.36 m, idx=5416)
[INFO] [1783599810.952] [/local_avoidance]: [local_avoidance] DEACTIVATED
[WARN] [1783599810.975] [/px4_ctrl_bridge]: [px4_bridge] avoidance released -> published /planning/replan
[WARN] [1783599811.001] [/local_avoidance]: [local_avoidance] ACTIVATED  (min_dist=0.35 m, idx=9884)
[INFO] [1783599811.052] [/local_avoidance]: [local_avoidance] avoiding...  min_dist=0.36 m
[INFO] [1783599811.153] [/local_avoidance]: [local_avoidance] DEACTIVATED
[INFO] [1783599811.161] [/mavros]: HP: requesting home position
[WARN] [1783599811.175] [/px4_ctrl_bridge]: [px4_bridge] avoidance released -> published /planning/replan
[WARN] [1783599811.201] [/local_avoidance]: [local_avoidance] ACTIVATED  (min_dist=0.35 m, idx=4704)
[INFO] [1783599811.555] [/cloud_crop_bridge]: [CloudCrop] 3083 -> 418 pts (14%)
[WARN] [1783599811.835] [/px4_ctrl_bridge]: [px4_bridge] AVOIDANCE ACTIVE -> forwarding /target_avoidance
[INFO] [1783599812.052] [/local_avoidance]: [local_avoidance] avoiding...  min_dist=0.35 m
[INFO] [1783599812.167] [/exploration_node]: [EV] [1783599812.167][    +64.6s][WAIT_TRIGGER] BATT 23.5V | voltage=23.72V percent=51% (still repeating x16 over 30.0s)
[WARN] [1783599812.845] [/px4_ctrl_bridge]: [px4_bridge] AVOIDANCE ACTIVE -> forwarding /target_avoidance
[INFO] [1783599813.101] [/local_avoidance]: [local_avoidance] avoiding...  min_dist=0.35 m
[WARN] [1783599813.652] [/exploration_node]: wait for trigger.
[WARN] [1783599813.845] [/px4_ctrl_bridge]: [px4_bridge] AVOIDANCE ACTIVE -> forwarding /target_avoidance
[INFO] [1783599813.902] [/local_avoidance]: [local_avoidance] DEACTIVATED
[WARN] [1783599813.925] [/px4_ctrl_bridge]: [px4_bridge] avoidance released -> published /planning/replan
[WARN] [1783599813.951] [/local_avoidance]: [local_avoidance] ACTIVATED  (min_dist=0.35 m, idx=680)
[INFO] [1783599814.101] [/local_avoidance]: [local_avoidance] DEACTIVATED
[WARN] [1783599814.125] [/px4_ctrl_bridge]: [px4_bridge] avoidance released -> published /planning/replan
[WARN] [1783599814.153] [/local_avoidance]: [local_avoidance] ACTIVATED  (min_dist=0.35 m, idx=944)
[INFO] [1783599814.201] [/local_avoidance]: [local_avoidance] DEACTIVATED
[WARN] [1783599814.225] [/px4_ctrl_bridge]: [px4_bridge] avoidance released -> published /planning/replan
[WARN] [1783599814.252] [/local_avoidance]: [local_avoidance] ACTIVATED  (min_dist=0.35 m, idx=697)
[INFO] [1783599814.302] [/local_avoidance]: [local_avoidance] DEACTIVATED
[WARN] [1783599814.325] [/px4_ctrl_bridge]: [px4_bridge] avoidance released -> published /planning/replan
[WARN] [1783599814.353] [/local_avoidance]: [local_avoidance] ACTIVATED  (min_dist=0.35 m, idx=1503)
[INFO] [1783599814.402] [/local_avoidance]: [local_avoidance] DEACTIVATED
[WARN] [1783599814.425] [/px4_ctrl_bridge]: [px4_bridge] avoidance released -> published /planning/replan
[WARN] [1783599814.451] [/local_avoidance]: [local_avoidance] ACTIVATED  (min_dist=0.35 m, idx=845)
[INFO] [1783599814.502] [/local_avoidance]: [local_avoidance] DEACTIVATED
[WARN] [1783599814.526] [/px4_ctrl_bridge]: [px4_bridge] avoidance released -> published /planning/replan
[WARN] [1783599814.551] [/local_avoidance]: [local_avoidance] ACTIVATED  (min_dist=0.36 m, idx=6452)
[INFO] [1783599814.602] [/local_avoidance]: [local_avoidance] DEACTIVATED
[WARN] [1783599814.626] [/px4_ctrl_bridge]: [px4_bridge] avoidance released -> published /planning/replan
[WARN] [1783599814.652] [/local_avoidance]: [local_avoidance] ACTIVATED  (min_dist=0.35 m, idx=7236)
[INFO] [1783599814.702] [/local_avoidance]: [local_avoidance] DEACTIVATED
[WARN] [1783599814.725] [/px4_ctrl_bridge]: [px4_bridge] avoidance released -> published /planning/replan
[WARN] [1783599814.751] [/local_avoidance]: [local_avoidance] ACTIVATED  (min_dist=0.36 m, idx=7084)
[INFO] [1783599814.801] [/local_avoidance]: [local_avoidance] DEACTIVATED
[WARN] [1783599814.825] [/px4_ctrl_bridge]: [px4_bridge] avoidance released -> published /planning/replan
[WARN] [1783599814.853] [/local_avoidance]: [local_avoidance] ACTIVATED  (min_dist=0.35 m, idx=2052)
[WARN] [1783599814.875] [/px4_ctrl_bridge]: [px4_bridge] AVOIDANCE ACTIVE -> forwarding /target_avoidance
[INFO] [1783599814.902] [/local_avoidance]: [local_avoidance] DEACTIVATED
[WARN] [1783599814.935] [/px4_ctrl_bridge]: [px4_bridge] avoidance released -> published /planning/replan
[WARN] [1783599814.952] [/local_avoidance]: [local_avoidance] ACTIVATED  (min_dist=0.35 m, idx=2747)
[INFO] [1783599815.001] [/local_avoidance]: [local_avoidance] DEACTIVATED
[WARN] [1783599815.025] [/px4_ctrl_bridge]: [px4_bridge] avoidance released -> published /planning/replan
[WARN] [1783599815.051] [/local_avoidance]: [local_avoidance] ACTIVATED  (min_dist=0.35 m, idx=8514)
[INFO] [1783599815.102] [/local_avoidance]: [local_avoidance] DEACTIVATED
[WARN] [1783599815.125] [/px4_ctrl_bridge]: [px4_bridge] avoidance released -> published /planning/replan
[WARN] [1783599815.152] [/local_avoidance]: [local_avoidance] ACTIVATED  (min_dist=0.35 m, idx=1835)
[INFO] [1783599815.203] [/local_avoidance]: [local_avoidance] DEACTIVATED
[WARN] [1783599815.225] [/px4_ctrl_bridge]: [px4_bridge] avoidance released -> published /planning/replan
[WARN] [1783599815.252] [/local_avoidance]: [local_avoidance] ACTIVATED  (min_dist=0.35 m, idx=2840)
[INFO] [1783599815.301] [/local_avoidance]: [local_avoidance] DEACTIVATED
[WARN] [1783599815.335] [/px4_ctrl_bridge]: [px4_bridge] avoidance released -> published /planning/replan
[WARN] [1783599815.352] [/local_avoidance]: [local_avoidance] ACTIVATED  (min_dist=0.35 m, idx=2371)
[INFO] [1783599815.401] [/local_avoidance]: [local_avoidance] DEACTIVATED
[WARN] [1783599815.425] [/px4_ctrl_bridge]: [px4_bridge] avoidance released -> published /planning/replan
[WARN] [1783599815.452] [/local_avoidance]: [local_avoidance] ACTIVATED  (min_dist=0.35 m, idx=9343)
[INFO] [1783599815.501] [/local_avoidance]: [local_avoidance] DEACTIVATED
[WARN] [1783599815.525] [/px4_ctrl_bridge]: [px4_bridge] avoidance released -> published /planning/replan
[WARN] [1783599815.552] [/local_avoidance]: [local_avoidance] ACTIVATED  (min_dist=0.35 m, idx=3138)
[INFO] [1783599815.601] [/local_avoidance]: [local_avoidance] DEACTIVATED
[WARN] [1783599815.625] [/px4_ctrl_bridge]: [px4_bridge] avoidance released -> published /planning/replan
[WARN] [1783599815.652] [/local_avoidance]: [local_avoidance] ACTIVATED  (min_dist=0.35 m, idx=9674)
[INFO] [1783599815.701] [/local_avoidance]: [local_avoidance] DEACTIVATED
[WARN] [1783599815.726] [/px4_ctrl_bridge]: [px4_bridge] avoidance released -> published /planning/replan
[WARN] [1783599815.752] [/local_avoidance]: [local_avoidance] ACTIVATED  (min_dist=0.35 m, idx=3486)
[INFO] [1783599815.802] [/local_avoidance]: [local_avoidance] DEACTIVATED
[WARN] [1783599815.825] [/px4_ctrl_bridge]: [px4_bridge] avoidance released -> published /planning/replan
[WARN] [1783599815.852] [/local_avoidance]: [local_avoidance] ACTIVATED  (min_dist=0.35 m, idx=10147)
[WARN] [1783599815.885] [/px4_ctrl_bridge]: [px4_bridge] AVOIDANCE ACTIVE -> forwarding /target_avoidance
[INFO] [1783599815.901] [/local_avoidance]: [local_avoidance] DEACTIVATED
[WARN] [1783599815.925] [/px4_ctrl_bridge]: [px4_bridge] avoidance released -> published /planning/replan
[WARN] [1783599815.952] [/local_avoidance]: [local_avoidance] ACTIVATED  (min_dist=0.35 m, idx=3930)
[INFO] [1783599816.002] [/local_avoidance]: [local_avoidance] DEACTIVATED
[WARN] [1783599816.025] [/px4_ctrl_bridge]: [px4_bridge] avoidance released -> published /planning/replan
[WARN] [1783599816.051] [/local_avoidance]: [local_avoidance] ACTIVATED  (min_dist=0.35 m, idx=4747)
[INFO] [1783599816.101] [/local_avoidance]: [local_avoidance] DEACTIVATED
[WARN] [1783599816.125] [/px4_ctrl_bridge]: [px4_bridge] avoidance released -> published /planning/replan
[WARN] [1783599816.151] [/local_avoidance]: [local_avoidance] ACTIVATED  (min_dist=0.35 m, idx=4182)
[INFO] [1783599816.201] [/local_avoidance]: [local_avoidance] avoiding...  min_dist=0.36 m
[INFO] [1783599816.303] [/local_avoidance]: [local_avoidance] DEACTIVATED
[WARN] [1783599816.325] [/px4_ctrl_bridge]: [px4_bridge] avoidance released -> published /planning/replan
[WARN] [1783599816.351] [/local_avoidance]: [local_avoidance] ACTIVATED  (min_dist=0.35 m, idx=4733)
[INFO] [1783599816.605] [/cloud_crop_bridge]: [CloudCrop] 3055 -> 424 pts (14%)
[WARN] [1783599816.895] [/px4_ctrl_bridge]: [px4_bridge] AVOIDANCE ACTIVE -> forwarding /target_avoidance
[INFO] [1783599817.252] [/local_avoidance]: [local_avoidance] avoiding...  min_dist=0.35 m
[WARN] [1783599817.905] [/px4_ctrl_bridge]: [px4_bridge] AVOIDANCE ACTIVE -> forwarding /target_avoidance
[INFO] [1783599818.302] [/local_avoidance]: [local_avoidance] avoiding...  min_dist=0.35 m
[WARN] [1783599818.652] [/exploration_node]: wait for trigger.
[INFO] [1783599818.851] [/local_avoidance]: [local_avoidance] DEACTIVATED
[WARN] [1783599818.875] [/px4_ctrl_bridge]: [px4_bridge] avoidance released -> published /planning/replan
[WARN] [1783599818.902] [/local_avoidance]: [local_avoidance] ACTIVATED  (min_dist=0.35 m, idx=388)
[WARN] [1783599818.925] [/px4_ctrl_bridge]: [px4_bridge] AVOIDANCE ACTIVE -> forwarding /target_avoidance
[INFO] [1783599819.052] [/local_avoidance]: [local_avoidance] DEACTIVATED
[WARN] [1783599819.075] [/px4_ctrl_bridge]: [px4_bridge] avoidance released -> published /planning/replan
[WARN] [1783599819.102] [/local_avoidance]: [local_avoidance] ACTIVATED  (min_dist=0.35 m, idx=6587)
[INFO] [1783599819.156] [/local_avoidance]: [local_avoidance] DEACTIVATED
[WARN] [1783599819.175] [/px4_ctrl_bridge]: [px4_bridge] avoidance released -> published /planning/replan
[WARN] [1783599819.201] [/local_avoidance]: [local_avoidance] ACTIVATED  (min_dist=0.35 m, idx=6295)
[INFO] [1783599819.252] [/local_avoidance]: [local_avoidance] DEACTIVATED
[WARN] [1783599819.275] [/px4_ctrl_bridge]: [px4_bridge] avoidance released -> published /planning/replan
[WARN] [1783599819.301] [/local_avoidance]: [local_avoidance] ACTIVATED  (min_dist=0.35 m, idx=6834)
[INFO] [1783599819.353] [/local_avoidance]: [local_avoidance] DEACTIVATED
[WARN] [1783599819.375] [/px4_ctrl_bridge]: [px4_bridge] avoidance released -> published /planning/replan
[WARN] [1783599819.401] [/local_avoidance]: [local_avoidance] ACTIVATED  (min_dist=0.35 m, idx=2071)
[INFO] [1783599819.451] [/local_avoidance]: [local_avoidance] DEACTIVATED
[WARN] [1783599819.476] [/px4_ctrl_bridge]: [px4_bridge] avoidance released -> published /planning/replan
[WARN] [1783599819.502] [/local_avoidance]: [local_avoidance] ACTIVATED  (min_dist=0.35 m, idx=2008)
[INFO] [1783599819.551] [/local_avoidance]: [local_avoidance] DEACTIVATED
[WARN] [1783599819.575] [/px4_ctrl_bridge]: [px4_bridge] avoidance released -> published /planning/replan
[WARN] [1783599819.602] [/local_avoidance]: [local_avoidance] ACTIVATED  (min_dist=0.35 m, idx=1174)
[INFO] [1783599819.651] [/local_avoidance]: [local_avoidance] DEACTIVATED
[WARN] [1783599819.685] [/px4_ctrl_bridge]: [px4_bridge] avoidance released -> published /planning/replan
[WARN] [1783599819.701] [/local_avoidance]: [local_avoidance] ACTIVATED  (min_dist=0.35 m, idx=1972)
[INFO] [1783599819.751] [/local_avoidance]: [local_avoidance] DEACTIVATED
[WARN] [1783599819.775] [/px4_ctrl_bridge]: [px4_bridge] avoidance released -> published /planning/replan
[WARN] [1783599819.803] [/local_avoidance]: [local_avoidance] ACTIVATED  (min_dist=0.35 m, idx=7853)
[INFO] [1783599819.855] [/local_avoidance]: [local_avoidance] DEACTIVATED
[WARN] [1783599819.875] [/px4_ctrl_bridge]: [px4_bridge] avoidance released -> published /planning/replan
[WARN] [1783599819.901] [/local_avoidance]: [local_avoidance] ACTIVATED  (min_dist=0.35 m, idx=2818)
[WARN] [1783599819.935] [/px4_ctrl_bridge]: [px4_bridge] AVOIDANCE ACTIVE -> forwarding /target_avoidance
[INFO] [1783599819.953] [/local_avoidance]: [local_avoidance] DEACTIVATED
[WARN] [1783599819.975] [/px4_ctrl_bridge]: [px4_bridge] avoidance released -> published /planning/replan
[WARN] [1783599820.002] [/local_avoidance]: [local_avoidance] ACTIVATED  (min_dist=0.35 m, idx=1973)
[INFO] [1783599820.056] [/local_avoidance]: [local_avoidance] DEACTIVATED
[WARN] [1783599820.078] [/px4_ctrl_bridge]: [px4_bridge] avoidance released -> published /planning/replan
[WARN] [1783599820.102] [/local_avoidance]: [local_avoidance] ACTIVATED  (min_dist=0.35 m, idx=7642)
[INFO] [1783599820.151] [/local_avoidance]: [local_avoidance] DEACTIVATED
[WARN] [1783599820.176] [/px4_ctrl_bridge]: [px4_bridge] avoidance released -> published /planning/replan
[WARN] [1783599820.201] [/local_avoidance]: [local_avoidance] ACTIVATED  (min_dist=0.35 m, idx=8344)
[INFO] [1783599820.251] [/local_avoidance]: [local_avoidance] DEACTIVATED
[WARN] [1783599820.275] [/px4_ctrl_bridge]: [px4_bridge] avoidance released -> published /planning/replan
[WARN] [1783599820.301] [/local_avoidance]: [local_avoidance] ACTIVATED  (min_dist=0.35 m, idx=3335)
[INFO] [1783599820.351] [/local_avoidance]: [local_avoidance] DEACTIVATED
[WARN] [1783599820.375] [/px4_ctrl_bridge]: [px4_bridge] avoidance released -> published /planning/replan
[WARN] [1783599820.403] [/local_avoidance]: [local_avoidance] ACTIVATED  (min_dist=0.35 m, idx=8716)
[INFO] [1783599820.452] [/local_avoidance]: [local_avoidance] DEACTIVATED
[WARN] [1783599820.485] [/px4_ctrl_bridge]: [px4_bridge] avoidance released -> published /planning/replan
[WARN] [1783599820.501] [/local_avoidance]: [local_avoidance] ACTIVATED  (min_dist=0.36 m, idx=8472)
[INFO] [1783599820.551] [/local_avoidance]: [local_avoidance] DEACTIVATED
[WARN] [1783599820.575] [/px4_ctrl_bridge]: [px4_bridge] avoidance released -> published /planning/replan
[WARN] [1783599820.601] [/local_avoidance]: [local_avoidance] ACTIVATED  (min_dist=0.35 m, idx=9244)
[INFO] [1783599820.652] [/local_avoidance]: [local_avoidance] DEACTIVATED
[WARN] [1783599820.685] [/px4_ctrl_bridge]: [px4_bridge] avoidance released -> published /planning/replan
[WARN] [1783599820.701] [/local_avoidance]: [local_avoidance] ACTIVATED  (min_dist=0.35 m, idx=9000)
[INFO] [1783599820.751] [/local_avoidance]: [local_avoidance] DEACTIVATED
[WARN] [1783599820.775] [/px4_ctrl_bridge]: [px4_bridge] avoidance released -> published /planning/replan
[WARN] [1783599820.802] [/local_avoidance]: [local_avoidance] ACTIVATED  (min_dist=0.36 m, idx=9721)
[INFO] [1783599820.855] [/local_avoidance]: [local_avoidance] DEACTIVATED
[WARN] [1783599820.876] [/px4_ctrl_bridge]: [px4_bridge] avoidance released -> published /planning/replan
[WARN] [1783599820.901] [/local_avoidance]: [local_avoidance] ACTIVATED  (min_dist=0.35 m, idx=3615)
[WARN] [1783599820.947] [/px4_ctrl_bridge]: [px4_bridge] AVOIDANCE ACTIVE -> forwarding /target_avoidance
[INFO] [1783599820.952] [/local_avoidance]: [local_avoidance] DEACTIVATED
[WARN] [1783599820.975] [/px4_ctrl_bridge]: [px4_bridge] avoidance released -> published /planning/replan
[WARN] [1783599821.001] [/local_avoidance]: [local_avoidance] ACTIVATED  (min_dist=0.36 m, idx=5080)
[INFO] [1783599821.054] [/local_avoidance]: [local_avoidance] avoiding...  min_dist=0.35 m
[INFO] [1783599821.152] [/local_avoidance]: [local_avoidance] DEACTIVATED
[INFO] [1783599821.161] [/mavros]: HP: requesting home position
[WARN] [1783599821.175] [/px4_ctrl_bridge]: [px4_bridge] avoidance released -> published /planning/replan
[WARN] [1783599821.229] [/local_avoidance]: [local_avoidance] ACTIVATED  (min_dist=0.35 m, idx=4864)
[INFO] [1783599821.655] [/cloud_crop_bridge]: [CloudCrop] 3042 -> 455 pts (15%)
[WARN] [1783599821.955] [/px4_ctrl_bridge]: [px4_bridge] AVOIDANCE ACTIVE -> forwarding /target_avoidance
[INFO] [1783599822.102] [/local_avoidance]: [local_avoidance] avoiding...  min_dist=0.35 m
[WARN] [1783599822.956] [/px4_ctrl_bridge]: [px4_bridge] AVOIDANCE ACTIVE -> forwarding /target_avoidance
[INFO] [1783599823.126] [/local_avoidance]: [local_avoidance] avoiding...  min_dist=0.35 m
[WARN] [1783599823.662] [/exploration_node]: wait for trigger.
[INFO] [1783599823.701] [/local_avoidance]: [local_avoidance] DEACTIVATED
[WARN] [1783599823.735] [/px4_ctrl_bridge]: [px4_bridge] avoidance released -> published /planning/replan
[WARN] [1783599823.752] [/local_avoidance]: [local_avoidance] ACTIVATED  (min_dist=0.37 m, idx=4915)
[INFO] [1783599823.904] [/local_avoidance]: [local_avoidance] DEACTIVATED
[WARN] [1783599823.925] [/px4_ctrl_bridge]: [px4_bridge] avoidance released -> published /planning/replan
[WARN] [1783599823.952] [/local_avoidance]: [local_avoidance] ACTIVATED  (min_dist=0.36 m, idx=5334)
[WARN] [1783599823.975] [/px4_ctrl_bridge]: [px4_bridge] AVOIDANCE ACTIVE -> forwarding /target_avoidance
[INFO] [1783599824.002] [/local_avoidance]: [local_avoidance] DEACTIVATED
[WARN] [1783599824.025] [/px4_ctrl_bridge]: [px4_bridge] avoidance released -> published /planning/replan
[WARN] [1783599824.052] [/local_avoidance]: [local_avoidance] ACTIVATED  (min_dist=0.35 m, idx=6036)
[INFO] [1783599824.127] [/local_avoidance]: [local_avoidance] DEACTIVATED
[WARN] [1783599824.153] [/local_avoidance]: [local_avoidance] ACTIVATED  (min_dist=0.35 m, idx=6272)
[WARN] [1783599824.156] [/px4_ctrl_bridge]: [px4_bridge] avoidance released -> published /planning/replan
[INFO] [1783599824.203] [/local_avoidance]: [local_avoidance] DEACTIVATED
[WARN] [1783599824.225] [/px4_ctrl_bridge]: [px4_bridge] avoidance released -> published /planning/replan
[WARN] [1783599824.257] [/local_avoidance]: [local_avoidance] ACTIVATED  (min_dist=0.35 m, idx=6714)
[INFO] [1783599824.302] [/local_avoidance]: [local_avoidance] DEACTIVATED
[WARN] [1783599824.325] [/px4_ctrl_bridge]: [px4_bridge] avoidance released -> published /planning/replan
[WARN] [1783599824.352] [/local_avoidance]: [local_avoidance] ACTIVATED  (min_dist=0.35 m, idx=6348)
[INFO] [1783599824.401] [/local_avoidance]: [local_avoidance] DEACTIVATED
[WARN] [1783599824.425] [/px4_ctrl_bridge]: [px4_bridge] avoidance released -> published /planning/replan
[WARN] [1783599824.452] [/local_avoidance]: [local_avoidance] ACTIVATED  (min_dist=0.35 m, idx=7149)
[INFO] [1783599824.501] [/local_avoidance]: [local_avoidance] DEACTIVATED
[WARN] [1783599824.525] [/px4_ctrl_bridge]: [px4_bridge] avoidance released -> published /planning/replan
[WARN] [1783599824.578] [/local_avoidance]: [local_avoidance] ACTIVATED  (min_dist=0.35 m, idx=6796)
[INFO] [1783599824.601] [/local_avoidance]: [local_avoidance] DEACTIVATED
[WARN] [1783599824.625] [/px4_ctrl_bridge]: [px4_bridge] avoidance released -> published /planning/replan
[WARN] [1783599824.678] [/local_avoidance]: [local_avoidance] ACTIVATED  (min_dist=0.35 m, idx=1756)
[INFO] [1783599824.702] [/local_avoidance]: [local_avoidance] DEACTIVATED
[WARN] [1783599824.726] [/px4_ctrl_bridge]: [px4_bridge] avoidance released -> published /planning/replan
[WARN] [1783599824.752] [/local_avoidance]: [local_avoidance] ACTIVATED  (min_dist=0.35 m, idx=1495)
[INFO] [1783599824.802] [/local_avoidance]: [local_avoidance] DEACTIVATED
[WARN] [1783599824.825] [/px4_ctrl_bridge]: [px4_bridge] avoidance released -> published /planning/replan
[WARN] [1783599824.852] [/local_avoidance]: [local_avoidance] ACTIVATED  (min_dist=0.35 m, idx=7958)
[INFO] [1783599824.901] [/local_avoidance]: [local_avoidance] DEACTIVATED
[WARN] [1783599824.925] [/px4_ctrl_bridge]: [px4_bridge] avoidance released -> published /planning/replan
[WARN] [1783599824.952] [/local_avoidance]: [local_avoidance] ACTIVATED  (min_dist=0.35 m, idx=1955)
[WARN] [1783599824.985] [/px4_ctrl_bridge]: [px4_bridge] AVOIDANCE ACTIVE -> forwarding /target_avoidance
[INFO] [1783599825.001] [/local_avoidance]: [local_avoidance] DEACTIVATED
[WARN] [1783599825.025] [/px4_ctrl_bridge]: [px4_bridge] avoidance released -> published /planning/replan
[WARN] [1783599825.052] [/local_avoidance]: [local_avoidance] ACTIVATED  (min_dist=0.35 m, idx=8502)
[INFO] [1783599825.102] [/local_avoidance]: [local_avoidance] DEACTIVATED
[WARN] [1783599825.125] [/px4_ctrl_bridge]: [px4_bridge] avoidance released -> published /planning/replan
[WARN] [1783599825.152] [/local_avoidance]: [local_avoidance] ACTIVATED  (min_dist=0.35 m, idx=8249)
[INFO] [1783599825.202] [/local_avoidance]: [local_avoidance] DEACTIVATED
[WARN] [1783599825.225] [/px4_ctrl_bridge]: [px4_bridge] avoidance released -> published /planning/replan
[WARN] [1783599825.251] [/local_avoidance]: [local_avoidance] ACTIVATED  (min_dist=0.35 m, idx=8959)
[INFO] [1783599825.327] [/local_avoidance]: [local_avoidance] DEACTIVATED
[WARN] [1783599825.352] [/local_avoidance]: [local_avoidance] ACTIVATED  (min_dist=0.35 m, idx=2846)
[WARN] [1783599825.355] [/px4_ctrl_bridge]: [px4_bridge] avoidance released -> published /planning/replan
[INFO] [1783599825.402] [/local_avoidance]: [local_avoidance] DEACTIVATED
[WARN] [1783599825.425] [/px4_ctrl_bridge]: [px4_bridge] avoidance released -> published /planning/replan
[WARN] [1783599825.452] [/local_avoidance]: [local_avoidance] ACTIVATED  (min_dist=0.35 m, idx=9403)
[INFO] [1783599825.504] [/local_avoidance]: [local_avoidance] DEACTIVATED
[WARN] [1783599825.525] [/px4_ctrl_bridge]: [px4_bridge] avoidance released -> published /planning/replan
[WARN] [1783599825.552] [/local_avoidance]: [local_avoidance] ACTIVATED  (min_dist=0.35 m, idx=3102)
[INFO] [1783599825.601] [/local_avoidance]: [local_avoidance] DEACTIVATED
[WARN] [1783599825.625] [/px4_ctrl_bridge]: [px4_bridge] avoidance released -> published /planning/replan
[WARN] [1783599825.651] [/local_avoidance]: [local_avoidance] ACTIVATED  (min_dist=0.36 m, idx=8380)
[INFO] [1783599825.703] [/local_avoidance]: [local_avoidance] DEACTIVATED
[WARN] [1783599825.736] [/px4_ctrl_bridge]: [px4_bridge] avoidance released -> published /planning/replan
[WARN] [1783599825.752] [/local_avoidance]: [local_avoidance] ACTIVATED  (min_dist=0.35 m, idx=3849)
[INFO] [1783599825.803] [/local_avoidance]: [local_avoidance] DEACTIVATED
[WARN] [1783599825.825] [/px4_ctrl_bridge]: [px4_bridge] avoidance released -> published /planning/replan
[WARN] [1783599825.852] [/local_avoidance]: [local_avoidance] ACTIVATED  (min_dist=0.35 m, idx=9244)
[INFO] [1783599825.902] [/local_avoidance]: [local_avoidance] DEACTIVATED
[WARN] [1783599825.925] [/px4_ctrl_bridge]: [px4_bridge] avoidance released -> published /planning/replan
[WARN] [1783599825.953] [/local_avoidance]: [local_avoidance] ACTIVATED  (min_dist=0.35 m, idx=10910)
[WARN] [1783599825.985] [/px4_ctrl_bridge]: [px4_bridge] AVOIDANCE ACTIVE -> forwarding /target_avoidance
[INFO] [1783599826.003] [/local_avoidance]: [local_avoidance] avoiding...  min_dist=0.38 m
[INFO] [1783599826.101] [/local_avoidance]: [local_avoidance] DEACTIVATED
[WARN] [1783599826.125] [/px4_ctrl_bridge]: [px4_bridge] avoidance released -> published /planning/replan
[WARN] [1783599826.151] [/local_avoidance]: [local_avoidance] ACTIVATED  (min_dist=0.35 m, idx=4856)
[INFO] [1783599826.328] [/local_avoidance]: [local_avoidance] DEACTIVATED
[WARN] [1783599826.352] [/local_avoidance]: [local_avoidance] ACTIVATED  (min_dist=0.35 m, idx=5089)
[WARN] [1783599826.355] [/px4_ctrl_bridge]: [px4_bridge] avoidance released -> published /planning/replan
[INFO] [1783599826.707] [/cloud_crop_bridge]: [CloudCrop] 3078 -> 416 pts (14%)
[WARN] [1783599826.996] [/px4_ctrl_bridge]: [px4_bridge] AVOIDANCE ACTIVE -> forwarding /target_avoidance
[INFO] [1783599827.052] [/local_avoidance]: [local_avoidance] avoiding...  min_dist=0.35 m
[WARN] [1783599828.005] [/px4_ctrl_bridge]: [px4_bridge] AVOIDANCE ACTIVE -> forwarding /target_avoidance
[INFO] [1783599828.055] [/local_avoidance]: [local_avoidance] avoiding...  min_dist=0.35 m
[WARN] [1783599828.672] [/exploration_node]: wait for trigger.
[INFO] [1783599828.877] [/local_avoidance]: [local_avoidance] DEACTIVATED
[WARN] [1783599828.901] [/local_avoidance]: [local_avoidance] ACTIVATED  (min_dist=0.35 m, idx=6386)
[WARN] [1783599828.905] [/px4_ctrl_bridge]: [px4_bridge] avoidance released -> published /planning/replan
[WARN] [1783599829.005] [/px4_ctrl_bridge]: [px4_bridge] AVOIDANCE ACTIVE -> forwarding /target_avoidance
[INFO] [1783599829.051] [/local_avoidance]: [local_avoidance] DEACTIVATED
[WARN] [1783599829.077] [/px4_ctrl_bridge]: [px4_bridge] avoidance released -> published /planning/replan
[WARN] [1783599829.101] [/local_avoidance]: [local_avoidance] ACTIVATED  (min_dist=0.35 m, idx=888)
[INFO] [1783599829.160] [/local_avoidance]: [local_avoidance] DEACTIVATED
[WARN] [1783599829.175] [/px4_ctrl_bridge]: [px4_bridge] avoidance released -> published /planning/replan
[WARN] [1783599829.202] [/local_avoidance]: [local_avoidance] ACTIVATED  (min_dist=0.35 m, idx=446)
[INFO] [1783599829.252] [/local_avoidance]: [local_avoidance] DEACTIVATED
[WARN] [1783599829.277] [/px4_ctrl_bridge]: [px4_bridge] avoidance released -> published /planning/replan
[WARN] [1783599829.301] [/local_avoidance]: [local_avoidance] ACTIVATED  (min_dist=0.36 m, idx=1737)
[INFO] [1783599829.354] [/local_avoidance]: [local_avoidance] DEACTIVATED
[WARN] [1783599829.375] [/px4_ctrl_bridge]: [px4_bridge] avoidance released -> published /planning/replan
[WARN] [1783599829.405] [/local_avoidance]: [local_avoidance] ACTIVATED  (min_dist=0.35 m, idx=881)
[INFO] [1783599829.452] [/local_avoidance]: [local_avoidance] DEACTIVATED
[WARN] [1783599829.475] [/px4_ctrl_bridge]: [px4_bridge] avoidance released -> published /planning/replan
[WARN] [1783599829.502] [/local_avoidance]: [local_avoidance] ACTIVATED  (min_dist=0.36 m, idx=6578)
[INFO] [1783599829.552] [/local_avoidance]: [local_avoidance] DEACTIVATED
[WARN] [1783599829.575] [/px4_ctrl_bridge]: [px4_bridge] avoidance released -> published /planning/replan
[WARN] [1783599829.610] [/local_avoidance]: [local_avoidance] ACTIVATED  (min_dist=0.35 m, idx=7180)
[INFO] [1783599829.655] [/local_avoidance]: [local_avoidance] DEACTIVATED
[WARN] [1783599829.675] [/px4_ctrl_bridge]: [px4_bridge] avoidance released -> published /planning/replan
[WARN] [1783599829.702] [/local_avoidance]: [local_avoidance] ACTIVATED  (min_dist=0.36 m, idx=7136)
[INFO] [1783599829.752] [/local_avoidance]: [local_avoidance] DEACTIVATED
[WARN] [1783599829.775] [/px4_ctrl_bridge]: [px4_bridge] avoidance released -> published /planning/replan
[WARN] [1783599829.802] [/local_avoidance]: [local_avoidance] ACTIVATED  (min_dist=0.35 m, idx=7712)
[INFO] [1783599829.860] [/local_avoidance]: [local_avoidance] DEACTIVATED
[WARN] [1783599829.875] [/px4_ctrl_bridge]: [px4_bridge] avoidance released -> published /planning/replan
[WARN] [1783599829.901] [/local_avoidance]: [local_avoidance] ACTIVATED  (min_dist=0.35 m, idx=7368)
[INFO] [1783599829.952] [/local_avoidance]: [local_avoidance] DEACTIVATED
[WARN] [1783599829.985] [/px4_ctrl_bridge]: [px4_bridge] avoidance released -> published /planning/replan
[WARN] [1783599830.002] [/local_avoidance]: [local_avoidance] ACTIVATED  (min_dist=0.35 m, idx=8088)
[WARN] [1783599830.038] [/px4_ctrl_bridge]: [px4_bridge] AVOIDANCE ACTIVE -> forwarding /target_avoidance
[INFO] [1783599830.051] [/local_avoidance]: [local_avoidance] DEACTIVATED
[WARN] [1783599830.075] [/px4_ctrl_bridge]: [px4_bridge] avoidance released -> published /planning/replan
[WARN] [1783599830.104] [/local_avoidance]: [local_avoidance] ACTIVATED  (min_dist=0.35 m, idx=7932)
[INFO] [1783599830.154] [/local_avoidance]: [local_avoidance] DEACTIVATED
[WARN] [1783599830.175] [/px4_ctrl_bridge]: [px4_bridge] avoidance released -> published /planning/replan
[WARN] [1783599830.201] [/local_avoidance]: [local_avoidance] ACTIVATED  (min_dist=0.35 m, idx=9217)
[INFO] [1783599830.252] [/local_avoidance]: [local_avoidance] DEACTIVATED
[WARN] [1783599830.275] [/px4_ctrl_bridge]: [px4_bridge] avoidance released -> published /planning/replan
[WARN] [1783599830.302] [/local_avoidance]: [local_avoidance] ACTIVATED  (min_dist=0.35 m, idx=2327)
[INFO] [1783599830.354] [/local_avoidance]: [local_avoidance] DEACTIVATED
[WARN] [1783599830.386] [/px4_ctrl_bridge]: [px4_bridge] avoidance released -> published /planning/replan
[WARN] [1783599830.402] [/local_avoidance]: [local_avoidance] ACTIVATED  (min_dist=0.35 m, idx=9069)
[INFO] [1783599830.453] [/local_avoidance]: [local_avoidance] DEACTIVATED
[WARN] [1783599830.475] [/px4_ctrl_bridge]: [px4_bridge] avoidance released -> published /planning/replan
[WARN] [1783599830.504] [/local_avoidance]: [local_avoidance] ACTIVATED  (min_dist=0.35 m, idx=4231)
[INFO] [1783599830.567] [/local_avoidance]: [local_avoidance] DEACTIVATED
[WARN] [1783599830.575] [/px4_ctrl_bridge]: [px4_bridge] avoidance released -> published /planning/replan
[WARN] [1783599830.603] [/local_avoidance]: [local_avoidance] ACTIVATED  (min_dist=0.35 m, idx=4548)
[INFO] [1783599830.655] [/local_avoidance]: [local_avoidance] DEACTIVATED
[WARN] [1783599830.675] [/px4_ctrl_bridge]: [px4_bridge] avoidance released -> published /planning/replan
[WARN] [1783599830.702] [/local_avoidance]: [local_avoidance] ACTIVATED  (min_dist=0.35 m, idx=3430)
[INFO] [1783599830.753] [/local_avoidance]: [local_avoidance] DEACTIVATED
[WARN] [1783599830.775] [/px4_ctrl_bridge]: [px4_bridge] avoidance released -> published /planning/replan
[WARN] [1783599830.802] [/local_avoidance]: [local_avoidance] ACTIVATED  (min_dist=0.35 m, idx=4228)
[INFO] [1783599830.853] [/local_avoidance]: [local_avoidance] DEACTIVATED
[WARN] [1783599830.886] [/px4_ctrl_bridge]: [px4_bridge] avoidance released -> published /planning/replan
[WARN] [1783599830.902] [/local_avoidance]: [local_avoidance] ACTIVATED  (min_dist=0.35 m, idx=3878)
[INFO] [1783599830.955] [/local_avoidance]: [local_avoidance] DEACTIVATED
[WARN] [1783599830.977] [/px4_ctrl_bridge]: [px4_bridge] avoidance released -> published /planning/replan
[WARN] [1783599831.005] [/local_avoidance]: [local_avoidance] ACTIVATED  (min_dist=0.35 m, idx=4676)
[WARN] [1783599831.045] [/px4_ctrl_bridge]: [px4_bridge] AVOIDANCE ACTIVE -> forwarding /target_avoidance
[INFO] [1783599831.054] [/local_avoidance]: [local_avoidance] avoiding...  min_dist=0.35 m
[INFO] [1783599831.161] [/mavros]: HP: requesting home position
[INFO] [1783599831.254] [/local_avoidance]: [local_avoidance] DEACTIVATED
[WARN] [1783599831.275] [/px4_ctrl_bridge]: [px4_bridge] avoidance released -> published /planning/replan
[WARN] [1783599831.304] [/local_avoidance]: [local_avoidance] ACTIVATED  (min_dist=0.35 m, idx=4677)
[INFO] [1783599831.755] [/cloud_crop_bridge]: [CloudCrop] 3031 -> 448 pts (15%)
[WARN] [1783599832.045] [/px4_ctrl_bridge]: [px4_bridge] AVOIDANCE ACTIVE -> forwarding /target_avoidance
[INFO] [1783599832.077] [/local_avoidance]: [local_avoidance] avoiding...  min_dist=0.35 m
[WARN] [1783599833.055] [/px4_ctrl_bridge]: [px4_bridge] AVOIDANCE ACTIVE -> forwarding /target_avoidance
[INFO] [1783599833.101] [/local_avoidance]: [local_avoidance] avoiding...  min_dist=0.36 m
[WARN] [1783599833.682] [/exploration_node]: wait for trigger.
[INFO] [1783599833.701] [/local_avoidance]: [local_avoidance] DEACTIVATED
[WARN] [1783599833.725] [/px4_ctrl_bridge]: [px4_bridge] avoidance released -> published /planning/replan
[WARN] [1783599833.752] [/local_avoidance]: [local_avoidance] ACTIVATED  (min_dist=0.35 m, idx=5172)
[INFO] [1783599833.802] [/local_avoidance]: [local_avoidance] DEACTIVATED
[WARN] [1783599833.825] [/px4_ctrl_bridge]: [px4_bridge] avoidance released -> published /planning/replan
[WARN] [1783599833.856] [/local_avoidance]: [local_avoidance] ACTIVATED  (min_dist=0.35 m, idx=5973)
[INFO] [1783599834.002] [/local_avoidance]: [local_avoidance] DEACTIVATED
[WARN] [1783599834.025] [/px4_ctrl_bridge]: [px4_bridge] avoidance released -> published /planning/replan
[WARN] [1783599834.051] [/local_avoidance]: [local_avoidance] ACTIVATED  (min_dist=0.36 m, idx=6413)
[WARN] [1783599834.075] [/px4_ctrl_bridge]: [px4_bridge] AVOIDANCE ACTIVE -> forwarding /target_avoidance
[INFO] [1783599834.102] [/local_avoidance]: [local_avoidance] DEACTIVATED
[WARN] [1783599834.125] [/px4_ctrl_bridge]: [px4_bridge] avoidance released -> published /planning/replan
[WARN] [1783599834.153] [/local_avoidance]: [local_avoidance] ACTIVATED  (min_dist=0.35 m, idx=6268)
[INFO] [1783599834.202] [/local_avoidance]: [local_avoidance] DEACTIVATED
[WARN] [1783599834.225] [/px4_ctrl_bridge]: [px4_bridge] avoidance released -> published /planning/replan
[WARN] [1783599834.252] [/local_avoidance]: [local_avoidance] ACTIVATED  (min_dist=0.35 m, idx=1216)
[INFO] [1783599834.302] [/local_avoidance]: [local_avoidance] DEACTIVATED
[WARN] [1783599834.325] [/px4_ctrl_bridge]: [px4_bridge] avoidance released -> published /planning/replan
[WARN] [1783599834.353] [/local_avoidance]: [local_avoidance] ACTIVATED  (min_dist=0.35 m, idx=670)
[INFO] [1783599834.402] [/local_avoidance]: [local_avoidance] DEACTIVATED
[WARN] [1783599834.425] [/px4_ctrl_bridge]: [px4_bridge] avoidance released -> published /planning/replan
[WARN] [1783599834.452] [/local_avoidance]: [local_avoidance] ACTIVATED  (min_dist=0.35 m, idx=1472)
[INFO] [1783599834.501] [/local_avoidance]: [local_avoidance] DEACTIVATED
[WARN] [1783599834.525] [/px4_ctrl_bridge]: [px4_bridge] avoidance released -> published /planning/replan
[WARN] [1783599834.551] [/local_avoidance]: [local_avoidance] ACTIVATED  (min_dist=0.35 m, idx=1122)
[INFO] [1783599834.602] [/local_avoidance]: [local_avoidance] DEACTIVATED
[WARN] [1783599834.625] [/px4_ctrl_bridge]: [px4_bridge] avoidance released -> published /planning/replan
[WARN] [1783599834.653] [/local_avoidance]: [local_avoidance] ACTIVATED  (min_dist=0.35 m, idx=2016)
[INFO] [1783599834.703] [/local_avoidance]: [local_avoidance] DEACTIVATED
[WARN] [1783599834.725] [/px4_ctrl_bridge]: [px4_bridge] avoidance released -> published /planning/replan
[WARN] [1783599834.752] [/local_avoidance]: [local_avoidance] ACTIVATED  (min_dist=0.35 m, idx=1766)
[INFO] [1783599834.802] [/local_avoidance]: [local_avoidance] DEACTIVATED
[WARN] [1783599834.825] [/px4_ctrl_bridge]: [px4_bridge] avoidance released -> published /planning/replan
[WARN] [1783599834.852] [/local_avoidance]: [local_avoidance] ACTIVATED  (min_dist=0.35 m, idx=2865)
[INFO] [1783599834.902] [/local_avoidance]: [local_avoidance] DEACTIVATED
[WARN] [1783599834.925] [/px4_ctrl_bridge]: [px4_bridge] avoidance released -> published /planning/replan
[WARN] [1783599834.952] [/local_avoidance]: [local_avoidance] ACTIVATED  (min_dist=0.35 m, idx=2029)
[INFO] [1783599835.001] [/local_avoidance]: [local_avoidance] DEACTIVATED
[WARN] [1783599835.025] [/px4_ctrl_bridge]: [px4_bridge] avoidance released -> published /planning/replan
[WARN] [1783599835.052] [/local_avoidance]: [local_avoidance] ACTIVATED  (min_dist=0.36 m, idx=3339)
[WARN] [1783599835.086] [/px4_ctrl_bridge]: [px4_bridge] AVOIDANCE ACTIVE -> forwarding /target_avoidance
[INFO] [1783599835.101] [/local_avoidance]: [local_avoidance] DEACTIVATED
[WARN] [1783599835.125] [/px4_ctrl_bridge]: [px4_bridge] avoidance released -> published /planning/replan
[WARN] [1783599835.152] [/local_avoidance]: [local_avoidance] ACTIVATED  (min_dist=0.35 m, idx=2465)
[INFO] [1783599835.201] [/local_avoidance]: [local_avoidance] DEACTIVATED
[WARN] [1783599835.225] [/px4_ctrl_bridge]: [px4_bridge] avoidance released -> published /planning/replan
[WARN] [1783599835.251] [/local_avoidance]: [local_avoidance] ACTIVATED  (min_dist=0.36 m, idx=8072)
[INFO] [1783599835.301] [/local_avoidance]: [local_avoidance] DEACTIVATED
[WARN] [1783599835.325] [/px4_ctrl_bridge]: [px4_bridge] avoidance released -> published /planning/replan
[WARN] [1783599835.352] [/local_avoidance]: [local_avoidance] ACTIVATED  (min_dist=0.35 m, idx=8958)
[INFO] [1783599835.401] [/local_avoidance]: [local_avoidance] DEACTIVATED
[WARN] [1783599835.425] [/px4_ctrl_bridge]: [px4_bridge] avoidance released -> published /planning/replan
[WARN] [1783599835.451] [/local_avoidance]: [local_avoidance] ACTIVATED  (min_dist=0.35 m, idx=8496)
[INFO] [1783599835.501] [/local_avoidance]: [local_avoidance] DEACTIVATED
[WARN] [1783599835.526] [/px4_ctrl_bridge]: [px4_bridge] avoidance released -> published /planning/replan
[WARN] [1783599835.551] [/local_avoidance]: [local_avoidance] ACTIVATED  (min_dist=0.35 m, idx=9510)
[INFO] [1783599835.601] [/local_avoidance]: [local_avoidance] DEACTIVATED
[WARN] [1783599835.625] [/px4_ctrl_bridge]: [px4_bridge] avoidance released -> published /planning/replan
[WARN] [1783599835.652] [/local_avoidance]: [local_avoidance] ACTIVATED  (min_dist=0.35 m, idx=9056)
[INFO] [1783599835.702] [/local_avoidance]: [local_avoidance] DEACTIVATED
[WARN] [1783599835.725] [/px4_ctrl_bridge]: [px4_bridge] avoidance released -> published /planning/replan
[WARN] [1783599835.752] [/local_avoidance]: [local_avoidance] ACTIVATED  (min_dist=0.35 m, idx=9753)
[INFO] [1783599835.802] [/local_avoidance]: [local_avoidance] DEACTIVATED
[WARN] [1783599835.826] [/px4_ctrl_bridge]: [px4_bridge] avoidance released -> published /planning/replan
[WARN] [1783599835.852] [/local_avoidance]: [local_avoidance] ACTIVATED  (min_dist=0.35 m, idx=9500)
[INFO] [1783599835.901] [/local_avoidance]: [local_avoidance] DEACTIVATED
[WARN] [1783599835.925] [/px4_ctrl_bridge]: [px4_bridge] avoidance released -> published /planning/replan
[WARN] [1783599835.951] [/local_avoidance]: [local_avoidance] ACTIVATED  (min_dist=0.35 m, idx=4460)
[INFO] [1783599836.002] [/local_avoidance]: [local_avoidance] avoiding...  min_dist=0.35 m
[WARN] [1783599836.095] [/px4_ctrl_bridge]: [px4_bridge] AVOIDANCE ACTIVE -> forwarding /target_avoidance
[INFO] [1783599836.101] [/local_avoidance]: [local_avoidance] DEACTIVATED
[WARN] [1783599836.125] [/px4_ctrl_bridge]: [px4_bridge] avoidance released -> published /planning/replan
[WARN] [1783599836.151] [/local_avoidance]: [local_avoidance] ACTIVATED  (min_dist=0.35 m, idx=4912)
[INFO] [1783599836.801] [/cloud_crop_bridge]: [CloudCrop] 2989 -> 481 pts (16%)
[INFO] [1783599837.004] [/local_avoidance]: [local_avoidance] avoiding...  min_dist=0.36 m
[WARN] [1783599837.096] [/px4_ctrl_bridge]: [px4_bridge] AVOIDANCE ACTIVE -> forwarding /target_avoidance
[INFO] [1783599838.008] [/local_avoidance]: [local_avoidance] avoiding...  min_dist=0.37 m
[WARN] [1783599838.105] [/px4_ctrl_bridge]: [px4_bridge] AVOIDANCE ACTIVE -> forwarding /target_avoidance
[INFO] [1783599838.652] [/local_avoidance]: [local_avoidance] DEACTIVATED
[WARN] [1783599838.675] [/px4_ctrl_bridge]: [px4_bridge] avoidance released -> published /planning/replan
[WARN] [1783599838.682] [/exploration_node]: wait for trigger.
[WARN] [1783599838.702] [/local_avoidance]: [local_avoidance] ACTIVATED  (min_dist=0.35 m, idx=557)
[INFO] [1783599838.856] [/local_avoidance]: [local_avoidance] DEACTIVATED
[WARN] [1783599838.875] [/px4_ctrl_bridge]: [px4_bridge] avoidance released -> published /planning/replan
[WARN] [1783599838.902] [/local_avoidance]: [local_avoidance] ACTIVATED  (min_dist=0.37 m, idx=5378)
[INFO] [1783599838.951] [/local_avoidance]: [local_avoidance] DEACTIVATED
[WARN] [1783599838.975] [/px4_ctrl_bridge]: [px4_bridge] avoidance released -> published /planning/replan
[WARN] [1783599839.002] [/local_avoidance]: [local_avoidance] ACTIVATED  (min_dist=0.35 m, idx=6096)
[WARN] [1783599839.032] [/exploration_node]: [EV] [1783599839.032][    +91.5s][WAIT_TRIGGER] Avoidance: Activated  <->  Deactivated | cycling x834 over 90.4s
[INFO] [1783599839.052] [/local_avoidance]: [local_avoidance] DEACTIVATED
[WARN] [1783599839.075] [/px4_ctrl_bridge]: [px4_bridge] avoidance released -> published /planning/replan
[WARN] [1783599839.104] [/local_avoidance]: [local_avoidance] ACTIVATED  (min_dist=0.36 m, idx=5860)
[WARN] [1783599839.125] [/px4_ctrl_bridge]: [px4_bridge] AVOIDANCE ACTIVE -> forwarding /target_avoidance
[INFO] [1783599839.152] [/local_avoidance]: [local_avoidance] DEACTIVATED
[WARN] [1783599839.175] [/px4_ctrl_bridge]: [px4_bridge] avoidance released -> published /planning/replan
[WARN] [1783599839.202] [/local_avoidance]: [local_avoidance] ACTIVATED  (min_dist=0.35 m, idx=6548)
[INFO] [1783599839.251] [/local_avoidance]: [local_avoidance] DEACTIVATED
[WARN] [1783599839.275] [/px4_ctrl_bridge]: [px4_bridge] avoidance released -> published /planning/replan
[WARN] [1783599839.301] [/local_avoidance]: [local_avoidance] ACTIVATED  (min_dist=0.35 m, idx=6284)
[INFO] [1783599839.354] [/local_avoidance]: [local_avoidance] DEACTIVATED
[WARN] [1783599839.375] [/px4_ctrl_bridge]: [px4_bridge] avoidance released -> published /planning/replan
[WARN] [1783599839.402] [/local_avoidance]: [local_avoidance] ACTIVATED  (min_dist=0.35 m, idx=1468)
[INFO] [1783599839.453] [/local_avoidance]: [local_avoidance] DEACTIVATED
[WARN] [1783599839.475] [/px4_ctrl_bridge]: [px4_bridge] avoidance released -> published /planning/replan
[WARN] [1783599839.502] [/local_avoidance]: [local_avoidance] ACTIVATED  (min_dist=0.35 m, idx=6848)
[INFO] [1783599839.556] [/local_avoidance]: [local_avoidance] DEACTIVATED
[WARN] [1783599839.575] [/px4_ctrl_bridge]: [px4_bridge] avoidance released -> published /planning/replan
[WARN] [1783599839.601] [/local_avoidance]: [local_avoidance] ACTIVATED  (min_dist=0.35 m, idx=7553)
[INFO] [1783599839.677] [/local_avoidance]: [local_avoidance] DEACTIVATED
[WARN] [1783599839.702] [/local_avoidance]: [local_avoidance] ACTIVATED  (min_dist=0.35 m, idx=7847)
[WARN] [1783599839.707] [/px4_ctrl_bridge]: [px4_bridge] avoidance released -> published /planning/replan
[INFO] [1783599839.751] [/local_avoidance]: [local_avoidance] DEACTIVATED
[WARN] [1783599839.775] [/px4_ctrl_bridge]: [px4_bridge] avoidance released -> published /planning/replan
[WARN] [1783599839.801] [/local_avoidance]: [local_avoidance] ACTIVATED  (min_dist=0.35 m, idx=2152)
[INFO] [1783599839.852] [/local_avoidance]: [local_avoidance] DEACTIVATED
[WARN] [1783599839.875] [/px4_ctrl_bridge]: [px4_bridge] avoidance released -> published /planning/replan
[WARN] [1783599839.902] [/local_avoidance]: [local_avoidance] ACTIVATED  (min_dist=0.35 m, idx=1899)
[INFO] [1783599839.953] [/local_avoidance]: [local_avoidance] DEACTIVATED
[WARN] [1783599839.975] [/px4_ctrl_bridge]: [px4_bridge] avoidance released -> published /planning/replan
[WARN] [1783599840.002] [/local_avoidance]: [local_avoidance] ACTIVATED  (min_dist=0.35 m, idx=8542)
[INFO] [1783599840.052] [/local_avoidance]: [local_avoidance] DEACTIVATED
[WARN] [1783599840.075] [/px4_ctrl_bridge]: [px4_bridge] avoidance released -> published /planning/replan
[WARN] [1783599840.101] [/local_avoidance]: [local_avoidance] ACTIVATED  (min_dist=0.35 m, idx=2234)
[WARN] [1783599840.135] [/px4_ctrl_bridge]: [px4_bridge] AVOIDANCE ACTIVE -> forwarding /target_avoidance
[INFO] [1783599840.151] [/local_avoidance]: [local_avoidance] DEACTIVATED
[WARN] [1783599840.185] [/px4_ctrl_bridge]: [px4_bridge] avoidance released -> published /planning/replan
[WARN] [1783599840.201] [/local_avoidance]: [local_avoidance] ACTIVATED  (min_dist=0.35 m, idx=3144)
[INFO] [1783599840.252] [/local_avoidance]: [local_avoidance] DEACTIVATED
[WARN] [1783599840.275] [/px4_ctrl_bridge]: [px4_bridge] avoidance released -> published /planning/replan
[WARN] [1783599840.302] [/local_avoidance]: [local_avoidance] ACTIVATED  (min_dist=0.35 m, idx=2706)
[INFO] [1783599840.352] [/local_avoidance]: [local_avoidance] DEACTIVATED
[WARN] [1783599840.375] [/px4_ctrl_bridge]: [px4_bridge] avoidance released -> published /planning/replan
[WARN] [1783599840.402] [/local_avoidance]: [local_avoidance] ACTIVATED  (min_dist=0.35 m, idx=9547)
[INFO] [1783599840.476] [/local_avoidance]: [local_avoidance] DEACTIVATED
[WARN] [1783599840.501] [/local_avoidance]: [local_avoidance] ACTIVATED  (min_dist=0.35 m, idx=9193)
[WARN] [1783599840.505] [/px4_ctrl_bridge]: [px4_bridge] avoidance released -> published /planning/replan
[INFO] [1783599840.553] [/local_avoidance]: [local_avoidance] DEACTIVATED
[WARN] [1783599840.576] [/px4_ctrl_bridge]: [px4_bridge] avoidance released -> published /planning/replan
[WARN] [1783599840.602] [/local_avoidance]: [local_avoidance] ACTIVATED  (min_dist=0.35 m, idx=4438)
[INFO] [1783599840.651] [/local_avoidance]: [local_avoidance] DEACTIVATED
[WARN] [1783599840.675] [/px4_ctrl_bridge]: [px4_bridge] avoidance released -> published /planning/replan
[WARN] [1783599840.702] [/local_avoidance]: [local_avoidance] ACTIVATED  (min_dist=0.35 m, idx=3689)
[INFO] [1783599840.752] [/local_avoidance]: [local_avoidance] DEACTIVATED
[WARN] [1783599840.775] [/px4_ctrl_bridge]: [px4_bridge] avoidance released -> published /planning/replan
[WARN] [1783599840.802] [/local_avoidance]: [local_avoidance] ACTIVATED  (min_dist=0.36 m, idx=9200)
[INFO] [1783599840.852] [/local_avoidance]: [local_avoidance] DEACTIVATED
[WARN] [1783599840.875] [/px4_ctrl_bridge]: [px4_bridge] avoidance released -> published /planning/replan
[WARN] [1783599840.904] [/local_avoidance]: [local_avoidance] ACTIVATED  (min_dist=0.35 m, idx=4341)
[INFO] [1783599840.953] [/local_avoidance]: [local_avoidance] DEACTIVATED
[WARN] [1783599840.975] [/px4_ctrl_bridge]: [px4_bridge] avoidance released -> published /planning/replan
[WARN] [1783599841.002] [/local_avoidance]: [local_avoidance] ACTIVATED  (min_dist=0.35 m, idx=9624)
[INFO] [1783599841.053] [/local_avoidance]: [local_avoidance] DEACTIVATED
[WARN] [1783599841.076] [/px4_ctrl_bridge]: [px4_bridge] avoidance released -> published /planning/replan
[WARN] [1783599841.104] [/local_avoidance]: [local_avoidance] ACTIVATED  (min_dist=0.35 m, idx=9783)
[WARN] [1783599841.135] [/px4_ctrl_bridge]: [px4_bridge] AVOIDANCE ACTIVE -> forwarding /target_avoidance
[INFO] [1783599841.152] [/local_avoidance]: [local_avoidance] avoiding...  min_dist=0.35 m
[INFO] [1783599841.162] [/mavros]: HP: requesting home position
[INFO] [1783599841.852] [/cloud_crop_bridge]: [CloudCrop] 3058 -> 420 pts (14%)
[WARN] [1783599842.145] [/px4_ctrl_bridge]: [px4_bridge] AVOIDANCE ACTIVE -> forwarding /target_avoidance
[INFO] [1783599842.202] [/local_avoidance]: [local_avoidance] avoiding...  min_dist=0.35 m
[WARN] [1783599843.145] [/px4_ctrl_bridge]: [px4_bridge] AVOIDANCE ACTIVE -> forwarding /target_avoidance
[INFO] [1783599843.254] [/local_avoidance]: [local_avoidance] avoiding...  min_dist=0.35 m
[WARN] [1783599843.682] [/exploration_node]: wait for trigger.
[INFO] [1783599843.802] [/local_avoidance]: [local_avoidance] DEACTIVATED
[WARN] [1783599843.825] [/px4_ctrl_bridge]: [px4_bridge] avoidance released -> published /planning/replan
[WARN] [1783599843.852] [/local_avoidance]: [local_avoidance] ACTIVATED  (min_dist=0.35 m, idx=6235)
[INFO] [1783599844.001] [/local_avoidance]: [local_avoidance] DEACTIVATED
[WARN] [1783599844.025] [/px4_ctrl_bridge]: [px4_bridge] avoidance released -> published /planning/replan
[WARN] [1783599844.051] [/local_avoidance]: [local_avoidance] ACTIVATED  (min_dist=0.35 m, idx=6683)
[INFO] [1783599844.102] [/local_avoidance]: [local_avoidance] DEACTIVATED
[WARN] [1783599844.125] [/px4_ctrl_bridge]: [px4_bridge] avoidance released -> published /planning/replan
[WARN] [1783599844.152] [/local_avoidance]: [local_avoidance] ACTIVATED  (min_dist=0.35 m, idx=6617)
[INFO] [1783599844.167] [/exploration_node]: [EV] [1783599844.167][    +96.6s][WAIT_TRIGGER] BATT 23.5V | voltage=23.72V percent=51% (still repeating x16 over 30.0s)
[WARN] [1783599844.175] [/px4_ctrl_bridge]: [px4_bridge] AVOIDANCE ACTIVE -> forwarding /target_avoidance
[INFO] [1783599844.201] [/local_avoidance]: [local_avoidance] DEACTIVATED
[WARN] [1783599844.225] [/px4_ctrl_bridge]: [px4_bridge] avoidance released -> published /planning/replan
[WARN] [1783599844.252] [/local_avoidance]: [local_avoidance] ACTIVATED  (min_dist=0.35 m, idx=1774)
[INFO] [1783599844.301] [/local_avoidance]: [local_avoidance] DEACTIVATED
[WARN] [1783599844.325] [/px4_ctrl_bridge]: [px4_bridge] avoidance released -> published /planning/replan
[WARN] [1783599844.352] [/local_avoidance]: [local_avoidance] ACTIVATED  (min_dist=0.35 m, idx=1137)
[INFO] [1783599844.401] [/local_avoidance]: [local_avoidance] DEACTIVATED
[WARN] [1783599844.425] [/px4_ctrl_bridge]: [px4_bridge] avoidance released -> published /planning/replan
[WARN] [1783599844.452] [/local_avoidance]: [local_avoidance] ACTIVATED  (min_dist=0.35 m, idx=2123)
[INFO] [1783599844.504] [/local_avoidance]: [local_avoidance] DEACTIVATED
[WARN] [1783599844.525] [/px4_ctrl_bridge]: [px4_bridge] avoidance released -> published /planning/replan
[WARN] [1783599844.551] [/local_avoidance]: [local_avoidance] ACTIVATED  (min_dist=0.35 m, idx=7208)
[INFO] [1783599844.602] [/local_avoidance]: [local_avoidance] DEACTIVATED
[WARN] [1783599844.625] [/px4_ctrl_bridge]: [px4_bridge] avoidance released -> published /planning/replan
[WARN] [1783599844.652] [/local_avoidance]: [local_avoidance] ACTIVATED  (min_dist=0.36 m, idx=6988)
[INFO] [1783599844.702] [/local_avoidance]: [local_avoidance] DEACTIVATED
[WARN] [1783599844.726] [/px4_ctrl_bridge]: [px4_bridge] avoidance released -> published /planning/replan
[WARN] [1783599844.754] [/local_avoidance]: [local_avoidance] ACTIVATED  (min_dist=0.35 m, idx=8036)
[INFO] [1783599844.801] [/local_avoidance]: [local_avoidance] DEACTIVATED
[WARN] [1783599844.825] [/px4_ctrl_bridge]: [px4_bridge] avoidance released -> published /planning/replan
[WARN] [1783599844.855] [/local_avoidance]: [local_avoidance] ACTIVATED  (min_dist=0.35 m, idx=7524)
[INFO] [1783599844.927] [/local_avoidance]: [local_avoidance] DEACTIVATED
[WARN] [1783599844.953] [/local_avoidance]: [local_avoidance] ACTIVATED  (min_dist=0.35 m, idx=8200)
[WARN] [1783599844.955] [/px4_ctrl_bridge]: [px4_bridge] avoidance released -> published /planning/replan
[INFO] [1783599845.002] [/local_avoidance]: [local_avoidance] DEACTIVATED
[WARN] [1783599845.026] [/px4_ctrl_bridge]: [px4_bridge] avoidance released -> published /planning/replan
[WARN] [1783599845.052] [/local_avoidance]: [local_avoidance] ACTIVATED  (min_dist=0.35 m, idx=8160)
[INFO] [1783599845.101] [/local_avoidance]: [local_avoidance] DEACTIVATED
[WARN] [1783599845.125] [/px4_ctrl_bridge]: [px4_bridge] avoidance released -> published /planning/replan
[WARN] [1783599845.151] [/local_avoidance]: [local_avoidance] ACTIVATED  (min_dist=0.35 m, idx=8662)
[WARN] [1783599845.176] [/px4_ctrl_bridge]: [px4_bridge] AVOIDANCE ACTIVE -> forwarding /target_avoidance
[INFO] [1783599845.202] [/local_avoidance]: [local_avoidance] DEACTIVATED
[WARN] [1783599845.225] [/px4_ctrl_bridge]: [px4_bridge] avoidance released -> published /planning/replan
[WARN] [1783599845.252] [/local_avoidance]: [local_avoidance] ACTIVATED  (min_dist=0.35 m, idx=2367)
[INFO] [1783599845.304] [/local_avoidance]: [local_avoidance] DEACTIVATED
[WARN] [1783599845.325] [/px4_ctrl_bridge]: [px4_bridge] avoidance released -> published /planning/replan
[WARN] [1783599845.352] [/local_avoidance]: [local_avoidance] ACTIVATED  (min_dist=0.35 m, idx=9431)
[INFO] [1783599845.405] [/local_avoidance]: [local_avoidance] DEACTIVATED
[WARN] [1783599845.426] [/px4_ctrl_bridge]: [px4_bridge] avoidance released -> published /planning/replan
[WARN] [1783599845.453] [/local_avoidance]: [local_avoidance] ACTIVATED  (min_dist=0.35 m, idx=3023)
[INFO] [1783599845.501] [/local_avoidance]: [local_avoidance] DEACTIVATED
[WARN] [1783599845.526] [/px4_ctrl_bridge]: [px4_bridge] avoidance released -> published /planning/replan
[WARN] [1783599845.552] [/local_avoidance]: [local_avoidance] ACTIVATED  (min_dist=0.35 m, idx=9863)
[INFO] [1783599845.602] [/local_avoidance]: [local_avoidance] DEACTIVATED
[WARN] [1783599845.625] [/px4_ctrl_bridge]: [px4_bridge] avoidance released -> published /planning/replan
[WARN] [1783599845.651] [/local_avoidance]: [local_avoidance] ACTIVATED  (min_dist=0.35 m, idx=3262)
[INFO] [1783599845.701] [/local_avoidance]: [local_avoidance] DEACTIVATED
[WARN] [1783599845.725] [/px4_ctrl_bridge]: [px4_bridge] avoidance released -> published /planning/replan
[WARN] [1783599845.752] [/local_avoidance]: [local_avoidance] ACTIVATED  (min_dist=0.35 m, idx=4272)
[INFO] [1783599845.827] [/local_avoidance]: [local_avoidance] DEACTIVATED
[WARN] [1783599845.851] [/local_avoidance]: [local_avoidance] ACTIVATED  (min_dist=0.35 m, idx=4018)
[WARN] [1783599845.855] [/px4_ctrl_bridge]: [px4_bridge] avoidance released -> published /planning/replan
[INFO] [1783599845.901] [/local_avoidance]: [local_avoidance] DEACTIVATED
[WARN] [1783599845.935] [/px4_ctrl_bridge]: [px4_bridge] avoidance released -> published /planning/replan
[WARN] [1783599845.953] [/local_avoidance]: [local_avoidance] ACTIVATED  (min_dist=0.36 m, idx=4704)
[INFO] [1783599846.001] [/local_avoidance]: [local_avoidance] DEACTIVATED
[WARN] [1783599846.025] [/px4_ctrl_bridge]: [px4_bridge] avoidance released -> published /planning/replan
[WARN] [1783599846.053] [/local_avoidance]: [local_avoidance] ACTIVATED  (min_dist=0.35 m, idx=4266)
[INFO] [1783599846.102] [/local_avoidance]: [local_avoidance] avoiding...  min_dist=0.36 m
[WARN] [1783599846.185] [/px4_ctrl_bridge]: [px4_bridge] AVOIDANCE ACTIVE -> forwarding /target_avoidance
[INFO] [1783599846.202] [/local_avoidance]: [local_avoidance] DEACTIVATED
[WARN] [1783599846.225] [/px4_ctrl_bridge]: [px4_bridge] avoidance released -> published /planning/replan
[WARN] [1783599846.252] [/local_avoidance]: [local_avoidance] ACTIVATED  (min_dist=0.35 m, idx=4925)
[INFO] [1783599846.902] [/cloud_crop_bridge]: [CloudCrop] 2992 -> 524 pts (18%)
[INFO] [1783599847.151] [/local_avoidance]: [local_avoidance] avoiding...  min_dist=0.35 m
[WARN] [1783599847.185] [/px4_ctrl_bridge]: [px4_bridge] AVOIDANCE ACTIVE -> forwarding /target_avoidance
[INFO] [1783599848.152] [/local_avoidance]: [local_avoidance] avoiding...  min_dist=0.36 m
[WARN] [1783599848.187] [/px4_ctrl_bridge]: [px4_bridge] AVOIDANCE ACTIVE -> forwarding /target_avoidance
[INFO] [1783599848.651] [/local_avoidance]: [local_avoidance] DEACTIVATED
[WARN] [1783599848.675] [/px4_ctrl_bridge]: [px4_bridge] avoidance released -> published /planning/replan
[WARN] [1783599848.692] [/exploration_node]: wait for trigger.
[WARN] [1783599848.702] [/local_avoidance]: [local_avoidance] ACTIVATED  (min_dist=0.35 m, idx=5308)
[INFO] [1783599848.752] [/local_avoidance]: [local_avoidance] DEACTIVATED
[WARN] [1783599848.775] [/px4_ctrl_bridge]: [px4_bridge] avoidance released -> published /planning/replan
[WARN] [1783599848.802] [/local_avoidance]: [local_avoidance] ACTIVATED  (min_dist=0.35 m, idx=6001)
[INFO] [1783599848.955] [/local_avoidance]: [local_avoidance] DEACTIVATED
[WARN] [1783599848.975] [/px4_ctrl_bridge]: [px4_bridge] avoidance released -> published /planning/replan
[WARN] [1783599849.002] [/local_avoidance]: [local_avoidance] ACTIVATED  (min_dist=0.35 m, idx=616)
[INFO] [1783599849.055] [/local_avoidance]: [local_avoidance] DEACTIVATED
[WARN] [1783599849.075] [/px4_ctrl_bridge]: [px4_bridge] avoidance released -> published /planning/replan
[WARN] [1783599849.101] [/local_avoidance]: [local_avoidance] ACTIVATED  (min_dist=0.35 m, idx=159)
[INFO] [1783599849.152] [/local_avoidance]: [local_avoidance] DEACTIVATED
[WARN] [1783599849.176] [/px4_ctrl_bridge]: [px4_bridge] avoidance released -> published /planning/replan
[WARN] [1783599849.202] [/local_avoidance]: [local_avoidance] ACTIVATED  (min_dist=0.35 m, idx=1072)
[WARN] [1783599849.225] [/px4_ctrl_bridge]: [px4_bridge] AVOIDANCE ACTIVE -> forwarding /target_avoidance
[INFO] [1783599849.251] [/local_avoidance]: [local_avoidance] DEACTIVATED
[WARN] [1783599849.275] [/px4_ctrl_bridge]: [px4_bridge] avoidance released -> published /planning/replan
[WARN] [1783599849.302] [/local_avoidance]: [local_avoidance] ACTIVATED  (min_dist=0.35 m, idx=6706)
[INFO] [1783599849.351] [/local_avoidance]: [local_avoidance] DEACTIVATED
[WARN] [1783599849.375] [/px4_ctrl_bridge]: [px4_bridge] avoidance released -> published /planning/replan
[WARN] [1783599849.405] [/local_avoidance]: [local_avoidance] ACTIVATED  (min_dist=0.35 m, idx=1612)
[INFO] [1783599849.451] [/local_avoidance]: [local_avoidance] DEACTIVATED
[WARN] [1783599849.475] [/px4_ctrl_bridge]: [px4_bridge] avoidance released -> published /planning/replan
[WARN] [1783599849.501] [/local_avoidance]: [local_avoidance] ACTIVATED  (min_dist=0.35 m, idx=1058)
[INFO] [1783599849.552] [/local_avoidance]: [local_avoidance] DEACTIVATED
[WARN] [1783599849.575] [/px4_ctrl_bridge]: [px4_bridge] avoidance released -> published /planning/replan
[WARN] [1783599849.601] [/local_avoidance]: [local_avoidance] ACTIVATED  (min_dist=0.35 m, idx=2258)
[INFO] [1783599849.652] [/local_avoidance]: [local_avoidance] DEACTIVATED
[WARN] [1783599849.675] [/px4_ctrl_bridge]: [px4_bridge] avoidance released -> published /planning/replan
[WARN] [1783599849.701] [/local_avoidance]: [local_avoidance] ACTIVATED  (min_dist=0.35 m, idx=1618)
[INFO] [1783599849.752] [/local_avoidance]: [local_avoidance] DEACTIVATED
[WARN] [1783599849.775] [/px4_ctrl_bridge]: [px4_bridge] avoidance released -> published /planning/replan
[WARN] [1783599849.807] [/local_avoidance]: [local_avoidance] ACTIVATED  (min_dist=0.36 m, idx=2427)
[INFO] [1783599849.852] [/local_avoidance]: [local_avoidance] DEACTIVATED
[WARN] [1783599849.875] [/px4_ctrl_bridge]: [px4_bridge] avoidance released -> published /planning/replan
[WARN] [1783599849.903] [/local_avoidance]: [local_avoidance] ACTIVATED  (min_dist=0.35 m, idx=2214)
[INFO] [1783599849.952] [/local_avoidance]: [local_avoidance] DEACTIVATED
[WARN] [1783599849.985] [/px4_ctrl_bridge]: [px4_bridge] avoidance released -> published /planning/replan
[WARN] [1783599850.001] [/local_avoidance]: [local_avoidance] ACTIVATED  (min_dist=0.37 m, idx=2924)
[INFO] [1783599850.051] [/local_avoidance]: [local_avoidance] DEACTIVATED
[WARN] [1783599850.076] [/px4_ctrl_bridge]: [px4_bridge] avoidance released -> published /planning/replan
[WARN] [1783599850.101] [/local_avoidance]: [local_avoidance] ACTIVATED  (min_dist=0.35 m, idx=2513)
[INFO] [1783599850.155] [/local_avoidance]: [local_avoidance] DEACTIVATED
[WARN] [1783599850.175] [/px4_ctrl_bridge]: [px4_bridge] avoidance released -> published /planning/replan
[WARN] [1783599850.203] [/local_avoidance]: [local_avoidance] ACTIVATED  (min_dist=0.36 m, idx=3802)
[WARN] [1783599850.225] [/px4_ctrl_bridge]: [px4_bridge] AVOIDANCE ACTIVE -> forwarding /target_avoidance
[INFO] [1783599850.251] [/local_avoidance]: [local_avoidance] DEACTIVATED
[WARN] [1783599850.276] [/px4_ctrl_bridge]: [px4_bridge] avoidance released -> published /planning/replan
[WARN] [1783599850.302] [/local_avoidance]: [local_avoidance] ACTIVATED  (min_dist=0.35 m, idx=2957)
[INFO] [1783599850.352] [/local_avoidance]: [local_avoidance] DEACTIVATED
[WARN] [1783599850.375] [/px4_ctrl_bridge]: [px4_bridge] avoidance released -> published /planning/replan
[WARN] [1783599850.402] [/local_avoidance]: [local_avoidance] ACTIVATED  (min_dist=0.35 m, idx=8540)
[INFO] [1783599850.452] [/local_avoidance]: [local_avoidance] DEACTIVATED
[WARN] [1783599850.485] [/px4_ctrl_bridge]: [px4_bridge] avoidance released -> published /planning/replan
[WARN] [1783599850.503] [/local_avoidance]: [local_avoidance] ACTIVATED  (min_dist=0.35 m, idx=9842)
[INFO] [1783599850.555] [/local_avoidance]: [local_avoidance] DEACTIVATED
[WARN] [1783599850.575] [/px4_ctrl_bridge]: [px4_bridge] avoidance released -> published /planning/replan
[WARN] [1783599850.602] [/local_avoidance]: [local_avoidance] ACTIVATED  (min_dist=0.35 m, idx=9000)
[INFO] [1783599850.678] [/local_avoidance]: [local_avoidance] DEACTIVATED
[WARN] [1783599850.701] [/local_avoidance]: [local_avoidance] ACTIVATED  (min_dist=0.35 m, idx=4080)
[WARN] [1783599850.705] [/px4_ctrl_bridge]: [px4_bridge] avoidance released -> published /planning/replan
[INFO] [1783599850.752] [/local_avoidance]: [local_avoidance] DEACTIVATED
[WARN] [1783599850.775] [/px4_ctrl_bridge]: [px4_bridge] avoidance released -> published /planning/replan
[WARN] [1783599850.801] [/local_avoidance]: [local_avoidance] ACTIVATED  (min_dist=0.35 m, idx=9548)
[INFO] [1783599850.852] [/local_avoidance]: [local_avoidance] DEACTIVATED
[WARN] [1783599850.875] [/px4_ctrl_bridge]: [px4_bridge] avoidance released -> published /planning/replan
[WARN] [1783599850.904] [/local_avoidance]: [local_avoidance] ACTIVATED  (min_dist=0.35 m, idx=10149)
[INFO] [1783599850.952] [/local_avoidance]: [local_avoidance] avoiding...  min_dist=0.35 m
[INFO] [1783599851.052] [/local_avoidance]: [local_avoidance] DEACTIVATED
[WARN] [1783599851.075] [/px4_ctrl_bridge]: [px4_bridge] avoidance released -> published /planning/replan
[WARN] [1783599851.102] [/local_avoidance]: [local_avoidance] ACTIVATED  (min_dist=0.35 m, idx=5040)
[INFO] [1783599851.161] [/mavros]: HP: requesting home position
[WARN] [1783599851.235] [/px4_ctrl_bridge]: [px4_bridge] AVOIDANCE ACTIVE -> forwarding /target_avoidance
[INFO] [1783599851.905] [/cloud_crop_bridge]: [CloudCrop] 3211 -> 669 pts (21%)
[INFO] [1783599851.954] [/local_avoidance]: [local_avoidance] avoiding...  min_dist=0.37 m
[WARN] [1783599852.246] [/px4_ctrl_bridge]: [px4_bridge] AVOIDANCE ACTIVE -> forwarding /target_avoidance
[INFO] [1783599852.957] [/local_avoidance]: [local_avoidance] avoiding...  min_dist=0.36 m
[WARN] [1783599853.255] [/px4_ctrl_bridge]: [px4_bridge] AVOIDANCE ACTIVE -> forwarding /target_avoidance
[INFO] [1783599853.603] [/local_avoidance]: [local_avoidance] DEACTIVATED
[WARN] [1783599853.625] [/px4_ctrl_bridge]: [px4_bridge] avoidance released -> published /planning/replan
[WARN] [1783599853.651] [/local_avoidance]: [local_avoidance] ACTIVATED  (min_dist=0.36 m, idx=130)
[WARN] [1783599853.703] [/exploration_node]: wait for trigger.
[INFO] [1783599853.801] [/local_avoidance]: [local_avoidance] DEACTIVATED
[WARN] [1783599853.825] [/px4_ctrl_bridge]: [px4_bridge] avoidance released -> published /planning/replan
[WARN] [1783599853.852] [/local_avoidance]: [local_avoidance] ACTIVATED  (min_dist=0.35 m, idx=953)
[INFO] [1783599853.902] [/local_avoidance]: [local_avoidance] DEACTIVATED
[WARN] [1783599853.926] [/px4_ctrl_bridge]: [px4_bridge] avoidance released -> published /planning/replan
[WARN] [1783599853.951] [/local_avoidance]: [local_avoidance] ACTIVATED  (min_dist=0.35 m, idx=6136)
[INFO] [1783599854.003] [/local_avoidance]: [local_avoidance] DEACTIVATED
[WARN] [1783599854.025] [/px4_ctrl_bridge]: [px4_bridge] avoidance released -> published /planning/replan
[WARN] [1783599854.056] [/local_avoidance]: [local_avoidance] ACTIVATED  (min_dist=0.35 m, idx=5796)
[INFO] [1783599854.102] [/local_avoidance]: [local_avoidance] DEACTIVATED
[WARN] [1783599854.125] [/px4_ctrl_bridge]: [px4_bridge] avoidance released -> published /planning/replan
[WARN] [1783599854.154] [/local_avoidance]: [local_avoidance] ACTIVATED  (min_dist=0.35 m, idx=761)
[INFO] [1783599854.207] [/local_avoidance]: [local_avoidance] DEACTIVATED
[WARN] [1783599854.225] [/px4_ctrl_bridge]: [px4_bridge] avoidance released -> published /planning/replan
[WARN] [1783599854.277] [/local_avoidance]: [local_avoidance] ACTIVATED  (min_dist=0.35 m, idx=6332)
[INFO] [1783599854.306] [/local_avoidance]: [local_avoidance] DEACTIVATED
[WARN] [1783599854.306] [/px4_ctrl_bridge]: [px4_bridge] AVOIDANCE ACTIVE -> forwarding /target_avoidance
[WARN] [1783599854.335] [/px4_ctrl_bridge]: [px4_bridge] avoidance released -> published /planning/replan
[WARN] [1783599854.353] [/local_avoidance]: [local_avoidance] ACTIVATED  (min_dist=0.35 m, idx=7045)
[INFO] [1783599854.405] [/local_avoidance]: [local_avoidance] DEACTIVATED
[WARN] [1783599854.425] [/px4_ctrl_bridge]: [px4_bridge] avoidance released -> published /planning/replan
[WARN] [1783599854.454] [/local_avoidance]: [local_avoidance] ACTIVATED  (min_dist=0.36 m, idx=6800)
[INFO] [1783599854.502] [/local_avoidance]: [local_avoidance] DEACTIVATED
[WARN] [1783599854.526] [/px4_ctrl_bridge]: [px4_bridge] avoidance released -> published /planning/replan
[WARN] [1783599854.551] [/local_avoidance]: [local_avoidance] ACTIVATED  (min_dist=0.35 m, idx=1660)
[INFO] [1783599854.601] [/local_avoidance]: [local_avoidance] DEACTIVATED
[WARN] [1783599854.625] [/px4_ctrl_bridge]: [px4_bridge] avoidance released -> published /planning/replan
[WARN] [1783599854.652] [/local_avoidance]: [local_avoidance] ACTIVATED  (min_dist=0.35 m, idx=7240)
[INFO] [1783599854.702] [/local_avoidance]: [local_avoidance] DEACTIVATED
[WARN] [1783599854.735] [/px4_ctrl_bridge]: [px4_bridge] avoidance released -> published /planning/replan
[WARN] [1783599854.751] [/local_avoidance]: [local_avoidance] ACTIVATED  (min_dist=0.35 m, idx=2192)
[INFO] [1783599854.802] [/local_avoidance]: [local_avoidance] DEACTIVATED
[WARN] [1783599854.826] [/px4_ctrl_bridge]: [px4_bridge] avoidance released -> published /planning/replan
[WARN] [1783599854.852] [/local_avoidance]: [local_avoidance] ACTIVATED  (min_dist=0.35 m, idx=1847)
[INFO] [1783599854.901] [/local_avoidance]: [local_avoidance] DEACTIVATED
[WARN] [1783599854.925] [/px4_ctrl_bridge]: [px4_bridge] avoidance released -> published /planning/replan
[WARN] [1783599854.951] [/local_avoidance]: [local_avoidance] ACTIVATED  (min_dist=0.35 m, idx=2951)
[INFO] [1783599855.002] [/local_avoidance]: [local_avoidance] DEACTIVATED
[WARN] [1783599855.025] [/px4_ctrl_bridge]: [px4_bridge] avoidance released -> published /planning/replan
[WARN] [1783599855.051] [/local_avoidance]: [local_avoidance] ACTIVATED  (min_dist=0.35 m, idx=2090)
[INFO] [1783599855.103] [/local_avoidance]: [local_avoidance] DEACTIVATED
[WARN] [1783599855.125] [/px4_ctrl_bridge]: [px4_bridge] avoidance released -> published /planning/replan
[WARN] [1783599855.152] [/local_avoidance]: [local_avoidance] ACTIVATED  (min_dist=0.35 m, idx=8943)
[INFO] [1783599855.204] [/local_avoidance]: [local_avoidance] DEACTIVATED
[WARN] [1783599855.225] [/px4_ctrl_bridge]: [px4_bridge] avoidance released -> published /planning/replan
[WARN] [1783599855.253] [/local_avoidance]: [local_avoidance] ACTIVATED  (min_dist=0.35 m, idx=2550)
[INFO] [1783599855.302] [/local_avoidance]: [local_avoidance] DEACTIVATED
[WARN] [1783599855.315] [/px4_ctrl_bridge]: [px4_bridge] AVOIDANCE ACTIVE -> forwarding /target_avoidance
[WARN] [1783599855.335] [/px4_ctrl_bridge]: [px4_bridge] avoidance released -> published /planning/replan
[WARN] [1783599855.353] [/local_avoidance]: [local_avoidance] ACTIVATED  (min_dist=0.36 m, idx=8243)
[INFO] [1783599855.403] [/local_avoidance]: [local_avoidance] DEACTIVATED
[WARN] [1783599855.425] [/px4_ctrl_bridge]: [px4_bridge] avoidance released -> published /planning/replan
[WARN] [1783599855.457] [/local_avoidance]: [local_avoidance] ACTIVATED  (min_dist=0.35 m, idx=3082)
[INFO] [1783599855.502] [/local_avoidance]: [local_avoidance] DEACTIVATED
[WARN] [1783599855.525] [/px4_ctrl_bridge]: [px4_bridge] avoidance released -> published /planning/replan
[WARN] [1783599855.552] [/local_avoidance]: [local_avoidance] ACTIVATED  (min_dist=0.36 m, idx=8258)
[INFO] [1783599855.602] [/local_avoidance]: [local_avoidance] DEACTIVATED
[WARN] [1783599855.625] [/px4_ctrl_bridge]: [px4_bridge] avoidance released -> published /planning/replan
[WARN] [1783599855.652] [/local_avoidance]: [local_avoidance] ACTIVATED  (min_dist=0.35 m, idx=8255)
[INFO] [1783599855.702] [/local_avoidance]: [local_avoidance] DEACTIVATED
[WARN] [1783599855.735] [/px4_ctrl_bridge]: [px4_bridge] avoidance released -> published /planning/replan
[WARN] [1783599855.754] [/local_avoidance]: [local_avoidance] ACTIVATED  (min_dist=0.36 m, idx=9226)
[INFO] [1783599855.803] [/local_avoidance]: [local_avoidance] DEACTIVATED
[WARN] [1783599855.825] [/px4_ctrl_bridge]: [px4_bridge] avoidance released -> published /planning/replan
[WARN] [1783599855.855] [/local_avoidance]: [local_avoidance] ACTIVATED  (min_dist=0.35 m, idx=9832)
[INFO] [1783599855.927] [/local_avoidance]: [local_avoidance] avoiding...  min_dist=0.38 m
[INFO] [1783599856.004] [/local_avoidance]: [local_avoidance] DEACTIVATED
[WARN] [1783599856.025] [/px4_ctrl_bridge]: [px4_bridge] avoidance released -> published /planning/replan
[WARN] [1783599856.051] [/local_avoidance]: [local_avoidance] ACTIVATED  (min_dist=0.35 m, idx=4549)
[INFO] [1783599856.202] [/local_avoidance]: [local_avoidance] DEACTIVATED
[WARN] [1783599856.235] [/px4_ctrl_bridge]: [px4_bridge] avoidance released -> published /planning/replan
[WARN] [1783599856.252] [/local_avoidance]: [local_avoidance] ACTIVATED  (min_dist=0.35 m, idx=5104)
[WARN] [1783599856.315] [/px4_ctrl_bridge]: [px4_bridge] AVOIDANCE ACTIVE -> forwarding /target_avoidance
[INFO] [1783599856.951] [/cloud_crop_bridge]: [CloudCrop] 2813 -> 643 pts (23%)
[INFO] [1783599856.953] [/local_avoidance]: [local_avoidance] avoiding...  min_dist=0.35 m
[WARN] [1783599857.315] [/px4_ctrl_bridge]: [px4_bridge] AVOIDANCE ACTIVE -> forwarding /target_avoidance
[INFO] [1783599857.954] [/local_avoidance]: [local_avoidance] avoiding...  min_dist=0.35 m
[WARN] [1783599858.325] [/px4_ctrl_bridge]: [px4_bridge] AVOIDANCE ACTIVE -> forwarding /target_avoidance
[WARN] [1783599858.712] [/exploration_node]: wait for trigger.
[INFO] [1783599858.752] [/local_avoidance]: [local_avoidance] DEACTIVATED
[WARN] [1783599858.775] [/px4_ctrl_bridge]: [px4_bridge] avoidance released -> published /planning/replan
[WARN] [1783599858.803] [/local_avoidance]: [local_avoidance] ACTIVATED  (min_dist=0.35 m, idx=6191)
[INFO] [1783599858.954] [/local_avoidance]: [local_avoidance] DEACTIVATED
[WARN] [1783599858.975] [/px4_ctrl_bridge]: [px4_bridge] avoidance released -> published /planning/replan
[WARN] [1783599859.002] [/local_avoidance]: [local_avoidance] ACTIVATED  (min_dist=0.35 m, idx=780)
[INFO] [1783599859.076] [/local_avoidance]: [local_avoidance] DEACTIVATED
[WARN] [1783599859.103] [/local_avoidance]: [local_avoidance] ACTIVATED  (min_dist=0.35 m, idx=6459)
[WARN] [1783599859.105] [/px4_ctrl_bridge]: [px4_bridge] avoidance released -> published /planning/replan
[INFO] [1783599859.154] [/local_avoidance]: [local_avoidance] DEACTIVATED
[WARN] [1783599859.175] [/px4_ctrl_bridge]: [px4_bridge] avoidance released -> published /planning/replan
[WARN] [1783599859.204] [/local_avoidance]: [local_avoidance] ACTIVATED  (min_dist=0.35 m, idx=1652)
[INFO] [1783599859.252] [/local_avoidance]: [local_avoidance] DEACTIVATED
[WARN] [1783599859.285] [/px4_ctrl_bridge]: [px4_bridge] avoidance released -> published /planning/replan
[WARN] [1783599859.303] [/local_avoidance]: [local_avoidance] ACTIVATED  (min_dist=0.35 m, idx=870)
[WARN] [1783599859.336] [/px4_ctrl_bridge]: [px4_bridge] AVOIDANCE ACTIVE -> forwarding /target_avoidance
[INFO] [1783599859.355] [/local_avoidance]: [local_avoidance] DEACTIVATED
[WARN] [1783599859.385] [/px4_ctrl_bridge]: [px4_bridge] avoidance released -> published /planning/replan
[WARN] [1783599859.402] [/local_avoidance]: [local_avoidance] ACTIVATED  (min_dist=0.35 m, idx=2081)
[INFO] [1783599859.453] [/local_avoidance]: [local_avoidance] DEACTIVATED
[WARN] [1783599859.475] [/px4_ctrl_bridge]: [px4_bridge] avoidance released -> published /planning/replan
[WARN] [1783599859.502] [/local_avoidance]: [local_avoidance] ACTIVATED  (min_dist=0.35 m, idx=7428)
[INFO] [1783599859.552] [/local_avoidance]: [local_avoidance] DEACTIVATED
[WARN] [1783599859.575] [/px4_ctrl_bridge]: [px4_bridge] avoidance released -> published /planning/replan
[WARN] [1783599859.601] [/local_avoidance]: [local_avoidance] ACTIVATED  (min_dist=0.36 m, idx=7023)
[INFO] [1783599859.656] [/local_avoidance]: [local_avoidance] DEACTIVATED
[WARN] [1783599859.685] [/px4_ctrl_bridge]: [px4_bridge] avoidance released -> published /planning/replan
[WARN] [1783599859.701] [/local_avoidance]: [local_avoidance] ACTIVATED  (min_dist=0.35 m, idx=1996)
[INFO] [1783599859.777] [/local_avoidance]: [local_avoidance] DEACTIVATED
[WARN] [1783599859.802] [/local_avoidance]: [local_avoidance] ACTIVATED  (min_dist=0.35 m, idx=7364)
[WARN] [1783599859.805] [/px4_ctrl_bridge]: [px4_bridge] avoidance released -> published /planning/replan
[INFO] [1783599859.854] [/local_avoidance]: [local_avoidance] DEACTIVATED
[WARN] [1783599859.885] [/px4_ctrl_bridge]: [px4_bridge] avoidance released -> published /planning/replan
[WARN] [1783599859.901] [/local_avoidance]: [local_avoidance] ACTIVATED  (min_dist=0.35 m, idx=2233)
[INFO] [1783599859.951] [/local_avoidance]: [local_avoidance] DEACTIVATED
[WARN] [1783599859.975] [/px4_ctrl_bridge]: [px4_bridge] avoidance released -> published /planning/replan
[WARN] [1783599860.001] [/local_avoidance]: [local_avoidance] ACTIVATED  (min_dist=0.35 m, idx=1775)
[INFO] [1783599860.052] [/local_avoidance]: [local_avoidance] DEACTIVATED
[WARN] [1783599860.075] [/px4_ctrl_bridge]: [px4_bridge] avoidance released -> published /planning/replan
[WARN] [1783599860.102] [/local_avoidance]: [local_avoidance] ACTIVATED  (min_dist=0.35 m, idx=8610)
[INFO] [1783599860.152] [/local_avoidance]: [local_avoidance] DEACTIVATED
[WARN] [1783599860.176] [/px4_ctrl_bridge]: [px4_bridge] avoidance released -> published /planning/replan
[WARN] [1783599860.203] [/local_avoidance]: [local_avoidance] ACTIVATED  (min_dist=0.35 m, idx=2511)
[INFO] [1783599860.251] [/local_avoidance]: [local_avoidance] DEACTIVATED
[WARN] [1783599860.275] [/px4_ctrl_bridge]: [px4_bridge] avoidance released -> published /planning/replan
[WARN] [1783599860.303] [/local_avoidance]: [local_avoidance] ACTIVATED  (min_dist=0.35 m, idx=9069)
[WARN] [1783599860.345] [/px4_ctrl_bridge]: [px4_bridge] AVOIDANCE ACTIVE -> forwarding /target_avoidance
[INFO] [1783599860.351] [/local_avoidance]: [local_avoidance] DEACTIVATED
[WARN] [1783599860.379] [/px4_ctrl_bridge]: [px4_bridge] avoidance released -> published /planning/replan
[WARN] [1783599860.402] [/local_avoidance]: [local_avoidance] ACTIVATED  (min_dist=0.35 m, idx=2971)
[INFO] [1783599860.452] [/local_avoidance]: [local_avoidance] DEACTIVATED
[WARN] [1783599860.476] [/px4_ctrl_bridge]: [px4_bridge] avoidance released -> published /planning/replan
[WARN] [1783599860.502] [/local_avoidance]: [local_avoidance] ACTIVATED  (min_dist=0.35 m, idx=4056)
[INFO] [1783599860.552] [/local_avoidance]: [local_avoidance] DEACTIVATED
[WARN] [1783599860.577] [/px4_ctrl_bridge]: [px4_bridge] avoidance released -> published /planning/replan
[WARN] [1783599860.602] [/local_avoidance]: [local_avoidance] ACTIVATED  (min_dist=0.35 m, idx=3423)
[INFO] [1783599860.652] [/local_avoidance]: [local_avoidance] DEACTIVATED
[WARN] [1783599860.675] [/px4_ctrl_bridge]: [px4_bridge] avoidance released -> published /planning/replan
[WARN] [1783599860.702] [/local_avoidance]: [local_avoidance] ACTIVATED  (min_dist=0.35 m, idx=4132)
[INFO] [1783599860.752] [/local_avoidance]: [local_avoidance] avoiding...  min_dist=0.35 m
[INFO] [1783599860.851] [/local_avoidance]: [local_avoidance] DEACTIVATED
[WARN] [1783599860.875] [/px4_ctrl_bridge]: [px4_bridge] avoidance released -> published /planning/replan
[WARN] [1783599860.901] [/local_avoidance]: [local_avoidance] ACTIVATED  (min_dist=0.35 m, idx=4568)
[INFO] [1783599861.152] [/local_avoidance]: [local_avoidance] DEACTIVATED
[INFO] [1783599861.164] [/mavros]: HP: requesting home position
[WARN] [1783599861.175] [/px4_ctrl_bridge]: [px4_bridge] avoidance released -> published /planning/replan
[WARN] [1783599861.202] [/local_avoidance]: [local_avoidance] ACTIVATED  (min_dist=0.35 m, idx=9287)
[WARN] [1783599861.355] [/px4_ctrl_bridge]: [px4_bridge] AVOIDANCE ACTIVE -> forwarding /target_avoidance
[INFO] [1783599861.828] [/local_avoidance]: [local_avoidance] avoiding...  min_dist=0.35 m
[INFO] [1783599861.952] [/cloud_crop_bridge]: [CloudCrop] 3000 -> 451 pts (15%)
[WARN] [1783599862.355] [/px4_ctrl_bridge]: [px4_bridge] AVOIDANCE ACTIVE -> forwarding /target_avoidance
[INFO] [1783599862.853] [/local_avoidance]: [local_avoidance] avoiding...  min_dist=0.35 m
[WARN] [1783599863.365] [/px4_ctrl_bridge]: [px4_bridge] AVOIDANCE ACTIVE -> forwarding /target_avoidance
[INFO] [1783599863.402] [/local_avoidance]: [local_avoidance] DEACTIVATED
[WARN] [1783599863.425] [/px4_ctrl_bridge]: [px4_bridge] avoidance released -> published /planning/replan
[WARN] [1783599863.463] [/local_avoidance]: [local_avoidance] ACTIVATED  (min_dist=0.35 m, idx=4712)
[INFO] [1783599863.603] [/local_avoidance]: [local_avoidance] DEACTIVATED
[WARN] [1783599863.625] [/px4_ctrl_bridge]: [px4_bridge] avoidance released -> published /planning/replan
[WARN] [1783599863.657] [/local_avoidance]: [local_avoidance] ACTIVATED  (min_dist=0.35 m, idx=279)
[WARN] [1783599863.724] [/exploration_node]: wait for trigger.
[INFO] [1783599863.811] [/local_avoidance]: [local_avoidance] DEACTIVATED
[WARN] [1783599863.825] [/px4_ctrl_bridge]: [px4_bridge] avoidance released -> published /planning/replan
[WARN] [1783599863.855] [/local_avoidance]: [local_avoidance] ACTIVATED  (min_dist=0.35 m, idx=5500)
[INFO] [1783599863.901] [/local_avoidance]: [local_avoidance] DEACTIVATED
[WARN] [1783599863.926] [/px4_ctrl_bridge]: [px4_bridge] avoidance released -> published /planning/replan
[WARN] [1783599863.961] [/local_avoidance]: [local_avoidance] ACTIVATED  (min_dist=0.35 m, idx=6309)
[INFO] [1783599864.010] [/local_avoidance]: [local_avoidance] avoiding...  min_dist=0.35 m
[INFO] [1783599864.105] [/local_avoidance]: [local_avoidance] DEACTIVATED
[WARN] [1783599864.125] [/px4_ctrl_bridge]: [px4_bridge] avoidance released -> published /planning/replan
[WARN] [1783599864.177] [/local_avoidance]: [local_avoidance] ACTIVATED  (min_dist=0.35 m, idx=6762)
[INFO] [1783599864.202] [/local_avoidance]: [local_avoidance] DEACTIVATED
[WARN] [1783599864.235] [/px4_ctrl_bridge]: [px4_bridge] avoidance released -> published /planning/replan
[WARN] [1783599864.252] [/local_avoidance]: [local_avoidance] ACTIVATED  (min_dist=0.35 m, idx=447)
[INFO] [1783599864.304] [/local_avoidance]: [local_avoidance] DEACTIVATED
[WARN] [1783599864.325] [/px4_ctrl_bridge]: [px4_bridge] avoidance released -> published /planning/replan
[WARN] [1783599864.352] [/local_avoidance]: [local_avoidance] ACTIVATED  (min_dist=0.35 m, idx=1460)
[WARN] [1783599864.385] [/px4_ctrl_bridge]: [px4_bridge] AVOIDANCE ACTIVE -> forwarding /target_avoidance
[INFO] [1783599864.401] [/local_avoidance]: [local_avoidance] DEACTIVATED
[WARN] [1783599864.428] [/px4_ctrl_bridge]: [px4_bridge] avoidance released -> published /planning/replan
[WARN] [1783599864.477] [/local_avoidance]: [local_avoidance] ACTIVATED  (min_dist=0.35 m, idx=7053)
[INFO] [1783599864.507] [/local_avoidance]: [local_avoidance] DEACTIVATED
[WARN] [1783599864.525] [/px4_ctrl_bridge]: [px4_bridge] avoidance released -> published /planning/replan
[WARN] [1783599864.551] [/local_avoidance]: [local_avoidance] ACTIVATED  (min_dist=0.35 m, idx=7754)
[INFO] [1783599864.605] [/local_avoidance]: [local_avoidance] DEACTIVATED
[WARN] [1783599864.625] [/px4_ctrl_bridge]: [px4_bridge] avoidance released -> published /planning/replan
[WARN] [1783599864.654] [/local_avoidance]: [local_avoidance] ACTIVATED  (min_dist=0.35 m, idx=1646)
[INFO] [1783599864.701] [/local_avoidance]: [local_avoidance] DEACTIVATED
[WARN] [1783599864.726] [/px4_ctrl_bridge]: [px4_bridge] avoidance released -> published /planning/replan
[WARN] [1783599864.752] [/local_avoidance]: [local_avoidance] ACTIVATED  (min_dist=0.35 m, idx=2356)
[INFO] [1783599864.805] [/local_avoidance]: [local_avoidance] DEACTIVATED
[WARN] [1783599864.825] [/px4_ctrl_bridge]: [px4_bridge] avoidance released -> published /planning/replan
[WARN] [1783599864.854] [/local_avoidance]: [local_avoidance] ACTIVATED  (min_dist=0.35 m, idx=2113)
[INFO] [1783599864.902] [/local_avoidance]: [local_avoidance] DEACTIVATED
[WARN] [1783599864.926] [/px4_ctrl_bridge]: [px4_bridge] avoidance released -> published /planning/replan
[WARN] [1783599864.954] [/local_avoidance]: [local_avoidance] ACTIVATED  (min_dist=0.36 m, idx=3202)
[INFO] [1783599865.006] [/local_avoidance]: [local_avoidance] DEACTIVATED
[WARN] [1783599865.025] [/px4_ctrl_bridge]: [px4_bridge] avoidance released -> published /planning/replan
[WARN] [1783599865.052] [/local_avoidance]: [local_avoidance] ACTIVATED  (min_dist=0.35 m, idx=8455)
[INFO] [1783599865.102] [/local_avoidance]: [local_avoidance] DEACTIVATED
[WARN] [1783599865.125] [/px4_ctrl_bridge]: [px4_bridge] avoidance released -> published /planning/replan
[WARN] [1783599865.161] [/local_avoidance]: [local_avoidance] ACTIVATED  (min_dist=0.36 m, idx=7964)
[INFO] [1783599865.202] [/local_avoidance]: [local_avoidance] DEACTIVATED
[WARN] [1783599865.226] [/px4_ctrl_bridge]: [px4_bridge] avoidance released -> published /planning/replan
[WARN] [1783599865.252] [/local_avoidance]: [local_avoidance] ACTIVATED  (min_dist=0.35 m, idx=8632)
[INFO] [1783599865.327] [/local_avoidance]: [local_avoidance] DEACTIVATED
[WARN] [1783599865.354] [/local_avoidance]: [local_avoidance] ACTIVATED  (min_dist=0.36 m, idx=8800)
[WARN] [1783599865.355] [/px4_ctrl_bridge]: [px4_bridge] avoidance released -> published /planning/replan
[WARN] [1783599865.385] [/px4_ctrl_bridge]: [px4_bridge] AVOIDANCE ACTIVE -> forwarding /target_avoidance
[INFO] [1783599865.405] [/local_avoidance]: [local_avoidance] DEACTIVATED
[WARN] [1783599865.445] [/px4_ctrl_bridge]: [px4_bridge] avoidance released -> published /planning/replan
[WARN] [1783599865.452] [/local_avoidance]: [local_avoidance] ACTIVATED  (min_dist=0.35 m, idx=9184)
[INFO] [1783599865.504] [/local_avoidance]: [local_avoidance] DEACTIVATED
[WARN] [1783599865.525] [/px4_ctrl_bridge]: [px4_bridge] avoidance released -> published /planning/replan
[WARN] [1783599865.559] [/local_avoidance]: [local_avoidance] ACTIVATED  (min_dist=0.35 m, idx=4576)
[INFO] [1783599865.601] [/local_avoidance]: [local_avoidance] DEACTIVATED
[WARN] [1783599865.625] [/px4_ctrl_bridge]: [px4_bridge] avoidance released -> published /planning/replan
[WARN] [1783599865.652] [/local_avoidance]: [local_avoidance] ACTIVATED  (min_dist=0.35 m, idx=3972)
[INFO] [1783599865.727] [/local_avoidance]: [local_avoidance] DEACTIVATED
[WARN] [1783599865.755] [/px4_ctrl_bridge]: [px4_bridge] avoidance released -> published /planning/replan
[WARN] [1783599865.778] [/local_avoidance]: [local_avoidance] ACTIVATED  (min_dist=0.35 m, idx=9396)
[INFO] [1783599865.804] [/local_avoidance]: [local_avoidance] DEACTIVATED
[WARN] [1783599865.826] [/px4_ctrl_bridge]: [px4_bridge] avoidance released -> published /planning/replan
[WARN] [1783599865.852] [/local_avoidance]: [local_avoidance] ACTIVATED  (min_dist=0.35 m, idx=10101)
[INFO] [1783599865.903] [/local_avoidance]: [local_avoidance] avoiding...  min_dist=0.35 m
[INFO] [1783599866.002] [/local_avoidance]: [local_avoidance] DEACTIVATED
[WARN] [1783599866.025] [/px4_ctrl_bridge]: [px4_bridge] avoidance released -> published /planning/replan
[WARN] [1783599866.055] [/local_avoidance]: [local_avoidance] ACTIVATED  (min_dist=0.35 m, idx=4704)
[WARN] [1783599866.386] [/px4_ctrl_bridge]: [px4_bridge] AVOIDANCE ACTIVE -> forwarding /target_avoidance
[INFO] [1783599866.928] [/local_avoidance]: [local_avoidance] avoiding...  min_dist=0.37 m
[INFO] [1783599867.001] [/cloud_crop_bridge]: [CloudCrop] 2987 -> 521 pts (17%)
[WARN] [1783599867.395] [/px4_ctrl_bridge]: [px4_bridge] AVOIDANCE ACTIVE -> forwarding /target_avoidance
[INFO] [1783599867.955] [/local_avoidance]: [local_avoidance] avoiding...  min_dist=0.36 m
[WARN] [1783599868.395] [/px4_ctrl_bridge]: [px4_bridge] AVOIDANCE ACTIVE -> forwarding /target_avoidance
[INFO] [1783599868.652] [/local_avoidance]: [local_avoidance] DEACTIVATED
[WARN] [1783599868.675] [/px4_ctrl_bridge]: [px4_bridge] avoidance released -> published /planning/replan
[WARN] [1783599868.702] [/local_avoidance]: [local_avoidance] ACTIVATED  (min_dist=0.35 m, idx=74)
[WARN] [1783599868.737] [/exploration_node]: wait for trigger.
[INFO] [1783599868.752] [/local_avoidance]: [local_avoidance] DEACTIVATED
[WARN] [1783599868.775] [/px4_ctrl_bridge]: [px4_bridge] avoidance released -> published /planning/replan
[WARN] [1783599868.801] [/local_avoidance]: [local_avoidance] ACTIVATED  (min_dist=0.36 m, idx=798)
[INFO] [1783599868.851] [/local_avoidance]: [local_avoidance] DEACTIVATED
[WARN] [1783599868.875] [/px4_ctrl_bridge]: [px4_bridge] avoidance released -> published /planning/replan
[WARN] [1783599868.901] [/local_avoidance]: [local_avoidance] ACTIVATED  (min_dist=0.35 m, idx=349)
[INFO] [1783599868.952] [/local_avoidance]: [local_avoidance] DEACTIVATED
[WARN] [1783599868.975] [/px4_ctrl_bridge]: [px4_bridge] avoidance released -> published /planning/replan
[WARN] [1783599869.002] [/local_avoidance]: [local_avoidance] ACTIVATED  (min_dist=0.36 m, idx=1356)
[INFO] [1783599869.052] [/local_avoidance]: [local_avoidance] DEACTIVATED
[WARN] [1783599869.075] [/px4_ctrl_bridge]: [px4_bridge] avoidance released -> published /planning/replan
[INFO] [1783599869.082] [/exploration_node]: [EV] [1783599869.082][   +121.5s][WAIT_TRIGGER] Avoidance: Deactivated  <->  Activated | cycling x1113 over 120.5s
[WARN] [1783599869.104] [/local_avoidance]: [local_avoidance] ACTIVATED  (min_dist=0.35 m, idx=1941)
[INFO] [1783599869.152] [/local_avoidance]: [local_avoidance] DEACTIVATED
[WARN] [1783599869.176] [/px4_ctrl_bridge]: [px4_bridge] avoidance released -> published /planning/replan
[WARN] [1783599869.202] [/local_avoidance]: [local_avoidance] ACTIVATED  (min_dist=0.35 m, idx=6237)
[INFO] [1783599869.252] [/local_avoidance]: [local_avoidance] DEACTIVATED
[WARN] [1783599869.285] [/px4_ctrl_bridge]: [px4_bridge] avoidance released -> published /planning/replan
[WARN] [1783599869.302] [/local_avoidance]: [local_avoidance] ACTIVATED  (min_dist=0.35 m, idx=6964)
[INFO] [1783599869.352] [/local_avoidance]: [local_avoidance] DEACTIVATED
[WARN] [1783599869.376] [/px4_ctrl_bridge]: [px4_bridge] avoidance released -> published /planning/replan
[WARN] [1783599869.402] [/local_avoidance]: [local_avoidance] ACTIVATED  (min_dist=0.36 m, idx=6640)
[WARN] [1783599869.436] [/px4_ctrl_bridge]: [px4_bridge] AVOIDANCE ACTIVE -> forwarding /target_avoidance
[INFO] [1783599869.452] [/local_avoidance]: [local_avoidance] DEACTIVATED
[WARN] [1783599869.475] [/px4_ctrl_bridge]: [px4_bridge] avoidance released -> published /planning/replan
[WARN] [1783599869.502] [/local_avoidance]: [local_avoidance] ACTIVATED  (min_dist=0.35 m, idx=7333)
[INFO] [1783599869.551] [/local_avoidance]: [local_avoidance] DEACTIVATED
[WARN] [1783599869.575] [/px4_ctrl_bridge]: [px4_bridge] avoidance released -> published /planning/replan
[WARN] [1783599869.602] [/local_avoidance]: [local_avoidance] ACTIVATED  (min_dist=0.35 m, idx=7084)
[INFO] [1783599869.652] [/local_avoidance]: [local_avoidance] DEACTIVATED
[WARN] [1783599869.675] [/px4_ctrl_bridge]: [px4_bridge] avoidance released -> published /planning/replan
[WARN] [1783599869.702] [/local_avoidance]: [local_avoidance] ACTIVATED  (min_dist=0.35 m, idx=2048)
[INFO] [1783599869.751] [/local_avoidance]: [local_avoidance] DEACTIVATED
[WARN] [1783599869.775] [/px4_ctrl_bridge]: [px4_bridge] avoidance released -> published /planning/replan
[WARN] [1783599869.802] [/local_avoidance]: [local_avoidance] ACTIVATED  (min_dist=0.35 m, idx=1575)
[INFO] [1783599869.856] [/local_avoidance]: [local_avoidance] DEACTIVATED
[WARN] [1783599869.878] [/px4_ctrl_bridge]: [px4_bridge] avoidance released -> published /planning/replan
[WARN] [1783599869.905] [/local_avoidance]: [local_avoidance] ACTIVATED  (min_dist=0.35 m, idx=2500)
[INFO] [1783599869.956] [/local_avoidance]: [local_avoidance] DEACTIVATED
[WARN] [1783599869.975] [/px4_ctrl_bridge]: [px4_bridge] avoidance released -> published /planning/replan
[WARN] [1783599870.027] [/local_avoidance]: [local_avoidance] ACTIVATED  (min_dist=0.35 m, idx=2246)
[INFO] [1783599870.076] [/local_avoidance]: [local_avoidance] DEACTIVATED
[WARN] [1783599870.105] [/local_avoidance]: [local_avoidance] ACTIVATED  (min_dist=0.35 m, idx=2940)
[WARN] [1783599870.108] [/px4_ctrl_bridge]: [px4_bridge] avoidance released -> published /planning/replan
[INFO] [1783599870.152] [/local_avoidance]: [local_avoidance] DEACTIVATED
[WARN] [1783599870.175] [/px4_ctrl_bridge]: [px4_bridge] avoidance released -> published /planning/replan
[WARN] [1783599870.204] [/local_avoidance]: [local_avoidance] ACTIVATED  (min_dist=0.35 m, idx=2686)
[INFO] [1783599870.278] [/local_avoidance]: [local_avoidance] DEACTIVATED
[WARN] [1783599870.303] [/local_avoidance]: [local_avoidance] ACTIVATED  (min_dist=0.35 m, idx=9239)
[WARN] [1783599870.305] [/px4_ctrl_bridge]: [px4_bridge] avoidance released -> published /planning/replan
[INFO] [1783599870.354] [/local_avoidance]: [local_avoidance] DEACTIVATED
[WARN] [1783599870.375] [/px4_ctrl_bridge]: [px4_bridge] avoidance released -> published /planning/replan
[WARN] [1783599870.407] [/local_avoidance]: [local_avoidance] ACTIVATED  (min_dist=0.35 m, idx=2938)
[WARN] [1783599870.445] [/px4_ctrl_bridge]: [px4_bridge] AVOIDANCE ACTIVE -> forwarding /target_avoidance
[INFO] [1783599870.452] [/local_avoidance]: [local_avoidance] DEACTIVATED
[WARN] [1783599870.485] [/px4_ctrl_bridge]: [px4_bridge] avoidance released -> published /planning/replan
[WARN] [1783599870.502] [/local_avoidance]: [local_avoidance] ACTIVATED  (min_dist=0.35 m, idx=4234)
[INFO] [1783599870.551] [/local_avoidance]: [local_avoidance] DEACTIVATED
[WARN] [1783599870.575] [/px4_ctrl_bridge]: [px4_bridge] avoidance released -> published /planning/replan
[WARN] [1783599870.601] [/local_avoidance]: [local_avoidance] ACTIVATED  (min_dist=0.35 m, idx=3597)
[INFO] [1783599870.651] [/local_avoidance]: [local_avoidance] DEACTIVATED
[WARN] [1783599870.675] [/px4_ctrl_bridge]: [px4_bridge] avoidance released -> published /planning/replan
[WARN] [1783599870.702] [/local_avoidance]: [local_avoidance] ACTIVATED  (min_dist=0.37 m, idx=9078)
[INFO] [1783599870.751] [/local_avoidance]: [local_avoidance] DEACTIVATED
[WARN] [1783599870.775] [/px4_ctrl_bridge]: [px4_bridge] avoidance released -> published /planning/replan
[WARN] [1783599870.803] [/local_avoidance]: [local_avoidance] ACTIVATED  (min_dist=0.35 m, idx=4137)
[INFO] [1783599870.852] [/local_avoidance]: [local_avoidance] DEACTIVATED
[WARN] [1783599870.875] [/px4_ctrl_bridge]: [px4_bridge] avoidance released -> published /planning/replan
[WARN] [1783599870.901] [/local_avoidance]: [local_avoidance] ACTIVATED  (min_dist=0.35 m, idx=9436)
[INFO] [1783599870.951] [/local_avoidance]: [local_avoidance] DEACTIVATED
[WARN] [1783599870.975] [/px4_ctrl_bridge]: [px4_bridge] avoidance released -> published /planning/replan
[WARN] [1783599871.002] [/local_avoidance]: [local_avoidance] ACTIVATED  (min_dist=0.35 m, idx=4604)
[INFO] [1783599871.051] [/local_avoidance]: [local_avoidance] avoiding...  min_dist=0.35 m
[INFO] [1783599871.151] [/local_avoidance]: [local_avoidance] DEACTIVATED
[INFO] [1783599871.161] [/mavros]: HP: requesting home position
[WARN] [1783599871.175] [/px4_ctrl_bridge]: [px4_bridge] avoidance released -> published /planning/replan
[WARN] [1783599871.201] [/local_avoidance]: [local_avoidance] ACTIVATED  (min_dist=0.35 m, idx=5048)
[WARN] [1783599871.447] [/px4_ctrl_bridge]: [px4_bridge] AVOIDANCE ACTIVE -> forwarding /target_avoidance
[INFO] [1783599872.001] [/cloud_crop_bridge]: [CloudCrop] 2894 -> 638 pts (22%)
[INFO] [1783599872.053] [/local_avoidance]: [local_avoidance] avoiding...  min_dist=0.35 m
[WARN] [1783599872.455] [/px4_ctrl_bridge]: [px4_bridge] AVOIDANCE ACTIVE -> forwarding /target_avoidance
[INFO] [1783599873.102] [/local_avoidance]: [local_avoidance] avoiding...  min_dist=0.35 m
[WARN] [1783599873.465] [/px4_ctrl_bridge]: [px4_bridge] AVOIDANCE ACTIVE -> forwarding /target_avoidance
[INFO] [1783599873.502] [/local_avoidance]: [local_avoidance] DEACTIVATED
[WARN] [1783599873.525] [/px4_ctrl_bridge]: [px4_bridge] avoidance released -> published /planning/replan
[WARN] [1783599873.552] [/local_avoidance]: [local_avoidance] ACTIVATED  (min_dist=0.35 m, idx=6145)
[INFO] [1783599873.703] [/local_avoidance]: [local_avoidance] DEACTIVATED
[WARN] [1783599873.725] [/px4_ctrl_bridge]: [px4_bridge] avoidance released -> published /planning/replan
[WARN] [1783599873.742] [/exploration_node]: wait for trigger.
[WARN] [1783599873.751] [/local_avoidance]: [local_avoidance] ACTIVATED  (min_dist=0.35 m, idx=184)
[INFO] [1783599873.902] [/local_avoidance]: [local_avoidance] DEACTIVATED
[WARN] [1783599873.925] [/px4_ctrl_bridge]: [px4_bridge] avoidance released -> published /planning/replan
[WARN] [1783599873.952] [/local_avoidance]: [local_avoidance] ACTIVATED  (min_dist=0.35 m, idx=1031)
[INFO] [1783599874.003] [/local_avoidance]: [local_avoidance] DEACTIVATED
[WARN] [1783599874.025] [/px4_ctrl_bridge]: [px4_bridge] avoidance released -> published /planning/replan
[WARN] [1783599874.076] [/local_avoidance]: [local_avoidance] ACTIVATED  (min_dist=0.35 m, idx=270)
[INFO] [1783599874.101] [/local_avoidance]: [local_avoidance] DEACTIVATED
[WARN] [1783599874.125] [/px4_ctrl_bridge]: [px4_bridge] avoidance released -> published /planning/replan
[INFO] [1783599874.167] [/exploration_node]: [EV] [1783599874.167][   +126.6s][WAIT_TRIGGER] BATT 23.5V | voltage=23.72V percent=51% (still repeating x15 over 28.0s)
[WARN] [1783599874.176] [/local_avoidance]: [local_avoidance] ACTIVATED  (min_dist=0.35 m, idx=1474)
[INFO] [1783599874.202] [/local_avoidance]: [local_avoidance] DEACTIVATED
[WARN] [1783599874.226] [/px4_ctrl_bridge]: [px4_bridge] avoidance released -> published /planning/replan
[WARN] [1783599874.252] [/local_avoidance]: [local_avoidance] ACTIVATED  (min_dist=0.35 m, idx=722)
[INFO] [1783599874.302] [/local_avoidance]: [local_avoidance] DEACTIVATED
[WARN] [1783599874.325] [/px4_ctrl_bridge]: [px4_bridge] avoidance released -> published /planning/replan
[WARN] [1783599874.352] [/local_avoidance]: [local_avoidance] ACTIVATED  (min_dist=0.36 m, idx=1547)
[INFO] [1783599874.402] [/local_avoidance]: [local_avoidance] DEACTIVATED
[WARN] [1783599874.428] [/px4_ctrl_bridge]: [px4_bridge] avoidance released -> published /planning/replan
[WARN] [1783599874.451] [/local_avoidance]: [local_avoidance] ACTIVATED  (min_dist=0.35 m, idx=1389)
[WARN] [1783599874.475] [/px4_ctrl_bridge]: [px4_bridge] AVOIDANCE ACTIVE -> forwarding /target_avoidance
[INFO] [1783599874.502] [/local_avoidance]: [local_avoidance] DEACTIVATED
[WARN] [1783599874.525] [/px4_ctrl_bridge]: [px4_bridge] avoidance released -> published /planning/replan
[WARN] [1783599874.552] [/local_avoidance]: [local_avoidance] ACTIVATED  (min_dist=0.35 m, idx=6846)
[INFO] [1783599874.602] [/local_avoidance]: [local_avoidance] DEACTIVATED
[WARN] [1783599874.625] [/px4_ctrl_bridge]: [px4_bridge] avoidance released -> published /planning/replan
[WARN] [1783599874.653] [/local_avoidance]: [local_avoidance] ACTIVATED  (min_dist=0.35 m, idx=7468)
[INFO] [1783599874.707] [/local_avoidance]: [local_avoidance] DEACTIVATED
[WARN] [1783599874.725] [/px4_ctrl_bridge]: [px4_bridge] avoidance released -> published /planning/replan
[WARN] [1783599874.752] [/local_avoidance]: [local_avoidance] ACTIVATED  (min_dist=0.35 m, idx=7224)
[INFO] [1783599874.802] [/local_avoidance]: [local_avoidance] DEACTIVATED
[WARN] [1783599874.825] [/px4_ctrl_bridge]: [px4_bridge] avoidance released -> published /planning/replan
[WARN] [1783599874.852] [/local_avoidance]: [local_avoidance] ACTIVATED  (min_dist=0.35 m, idx=7996)
[INFO] [1783599874.902] [/local_avoidance]: [local_avoidance] DEACTIVATED
[WARN] [1783599874.926] [/px4_ctrl_bridge]: [px4_bridge] avoidance released -> published /planning/replan
[WARN] [1783599874.952] [/local_avoidance]: [local_avoidance] ACTIVATED  (min_dist=0.35 m, idx=8824)
[INFO] [1783599875.002] [/local_avoidance]: [local_avoidance] DEACTIVATED
[WARN] [1783599875.035] [/px4_ctrl_bridge]: [px4_bridge] avoidance released -> published /planning/replan
[WARN] [1783599875.052] [/local_avoidance]: [local_avoidance] ACTIVATED  (min_dist=0.35 m, idx=8469)
[INFO] [1783599875.104] [/local_avoidance]: [local_avoidance] DEACTIVATED
[WARN] [1783599875.125] [/px4_ctrl_bridge]: [px4_bridge] avoidance released -> published /planning/replan
[WARN] [1783599875.152] [/local_avoidance]: [local_avoidance] ACTIVATED  (min_dist=0.35 m, idx=2167)
[INFO] [1783599875.202] [/local_avoidance]: [local_avoidance] DEACTIVATED
[WARN] [1783599875.225] [/px4_ctrl_bridge]: [px4_bridge] avoidance released -> published /planning/replan
[WARN] [1783599875.276] [/local_avoidance]: [local_avoidance] ACTIVATED  (min_dist=0.35 m, idx=8921)
[INFO] [1783599875.302] [/local_avoidance]: [local_avoidance] DEACTIVATED
[WARN] [1783599875.325] [/px4_ctrl_bridge]: [px4_bridge] avoidance released -> published /planning/replan
[WARN] [1783599875.351] [/local_avoidance]: [local_avoidance] ACTIVATED  (min_dist=0.35 m, idx=2607)
[INFO] [1783599875.403] [/local_avoidance]: [local_avoidance] DEACTIVATED
[WARN] [1783599875.425] [/px4_ctrl_bridge]: [px4_bridge] avoidance released -> published /planning/replan
[WARN] [1783599875.452] [/local_avoidance]: [local_avoidance] ACTIVATED  (min_dist=0.35 m, idx=9583)
[WARN] [1783599875.487] [/px4_ctrl_bridge]: [px4_bridge] AVOIDANCE ACTIVE -> forwarding /target_avoidance
[INFO] [1783599875.502] [/local_avoidance]: [local_avoidance] DEACTIVATED
[WARN] [1783599875.525] [/px4_ctrl_bridge]: [px4_bridge] avoidance released -> published /planning/replan
[WARN] [1783599875.553] [/local_avoidance]: [local_avoidance] ACTIVATED  (min_dist=0.35 m, idx=3063)
[INFO] [1783599875.602] [/local_avoidance]: [local_avoidance] DEACTIVATED
[WARN] [1783599875.625] [/px4_ctrl_bridge]: [px4_bridge] avoidance released -> published /planning/replan
[WARN] [1783599875.654] [/local_avoidance]: [local_avoidance] ACTIVATED  (min_dist=0.35 m, idx=9915)
[INFO] [1783599875.705] [/local_avoidance]: [local_avoidance] avoiding...  min_dist=0.35 m
[INFO] [1783599875.802] [/local_avoidance]: [local_avoidance] DEACTIVATED
[WARN] [1783599875.825] [/px4_ctrl_bridge]: [px4_bridge] avoidance released -> published /planning/replan
[WARN] [1783599875.852] [/local_avoidance]: [local_avoidance] ACTIVATED  (min_dist=0.35 m, idx=4520)
[INFO] [1783599876.003] [/local_avoidance]: [local_avoidance] DEACTIVATED
[WARN] [1783599876.025] [/px4_ctrl_bridge]: [px4_bridge] avoidance released -> published /planning/replan
[WARN] [1783599876.077] [/local_avoidance]: [local_avoidance] ACTIVATED  (min_dist=0.36 m, idx=4983)
[INFO] [1783599876.102] [/local_avoidance]: [local_avoidance] DEACTIVATED
[WARN] [1783599876.126] [/px4_ctrl_bridge]: [px4_bridge] avoidance released -> published /planning/replan
[WARN] [1783599876.152] [/local_avoidance]: [local_avoidance] ACTIVATED  (min_dist=0.35 m, idx=4767)
[INFO] [1783599876.302] [/local_avoidance]: [local_avoidance] DEACTIVATED
[WARN] [1783599876.326] [/px4_ctrl_bridge]: [px4_bridge] avoidance released -> published /planning/replan
[WARN] [1783599876.351] [/local_avoidance]: [local_avoidance] ACTIVATED  (min_dist=0.35 m, idx=5321)
[WARN] [1783599876.495] [/px4_ctrl_bridge]: [px4_bridge] AVOIDANCE ACTIVE -> forwarding /target_avoidance
[INFO] [1783599876.753] [/local_avoidance]: [local_avoidance] avoiding...  min_dist=0.35 m
[INFO] [1783599877.002] [/cloud_crop_bridge]: [CloudCrop] 2997 -> 540 pts (18%)
[WARN] [1783599877.497] [/px4_ctrl_bridge]: [px4_bridge] AVOIDANCE ACTIVE -> forwarding /target_avoidance
[INFO] [1783599877.802] [/local_avoidance]: [local_avoidance] avoiding...  min_dist=0.35 m
[WARN] [1783599878.505] [/px4_ctrl_bridge]: [px4_bridge] AVOIDANCE ACTIVE -> forwarding /target_avoidance
[INFO] [1783599878.552] [/local_avoidance]: [local_avoidance] DEACTIVATED
[WARN] [1783599878.575] [/px4_ctrl_bridge]: [px4_bridge] avoidance released -> published /planning/replan
[WARN] [1783599878.605] [/local_avoidance]: [local_avoidance] ACTIVATED  (min_dist=0.35 m, idx=4916)
[WARN] [1783599878.753] [/exploration_node]: wait for trigger.
[INFO] [1783599878.856] [/local_avoidance]: [local_avoidance] DEACTIVATED
[WARN] [1783599878.875] [/px4_ctrl_bridge]: [px4_bridge] avoidance released -> published /planning/replan
[WARN] [1783599878.904] [/local_avoidance]: [local_avoidance] ACTIVATED  (min_dist=0.35 m, idx=405)
[INFO] [1783599878.952] [/local_avoidance]: [local_avoidance] avoiding...  min_dist=0.35 m
[INFO] [1783599879.052] [/local_avoidance]: [local_avoidance] DEACTIVATED
[WARN] [1783599879.075] [/px4_ctrl_bridge]: [px4_bridge] avoidance released -> published /planning/replan
[WARN] [1783599879.102] [/local_avoidance]: [local_avoidance] ACTIVATED  (min_dist=0.35 m, idx=6701)
[INFO] [1783599879.152] [/local_avoidance]: [local_avoidance] DEACTIVATED
[WARN] [1783599879.175] [/px4_ctrl_bridge]: [px4_bridge] avoidance released -> published /planning/replan
[WARN] [1783599879.201] [/local_avoidance]: [local_avoidance] ACTIVATED  (min_dist=0.35 m, idx=607)
[INFO] [1783599879.253] [/local_avoidance]: [local_avoidance] DEACTIVATED
[WARN] [1783599879.276] [/px4_ctrl_bridge]: [px4_bridge] avoidance released -> published /planning/replan
[WARN] [1783599879.303] [/local_avoidance]: [local_avoidance] ACTIVATED  (min_dist=0.35 m, idx=1312)
[INFO] [1783599879.353] [/local_avoidance]: [local_avoidance] DEACTIVATED
[WARN] [1783599879.375] [/px4_ctrl_bridge]: [px4_bridge] avoidance released -> published /planning/replan
[WARN] [1783599879.402] [/local_avoidance]: [local_avoidance] ACTIVATED  (min_dist=0.35 m, idx=870)
[INFO] [1783599879.452] [/local_avoidance]: [local_avoidance] DEACTIVATED
[WARN] [1783599879.475] [/px4_ctrl_bridge]: [px4_bridge] avoidance released -> published /planning/replan
[WARN] [1783599879.502] [/local_avoidance]: [local_avoidance] ACTIVATED  (min_dist=0.35 m, idx=7602)
[WARN] [1783599879.525] [/px4_ctrl_bridge]: [px4_bridge] AVOIDANCE ACTIVE -> forwarding /target_avoidance
[INFO] [1783599879.552] [/local_avoidance]: [local_avoidance] DEACTIVATED
[WARN] [1783599879.575] [/px4_ctrl_bridge]: [px4_bridge] avoidance released -> published /planning/replan
[WARN] [1783599879.602] [/local_avoidance]: [local_avoidance] ACTIVATED  (min_dist=0.35 m, idx=1306)
[INFO] [1783599879.652] [/local_avoidance]: [local_avoidance] DEACTIVATED
[WARN] [1783599879.675] [/px4_ctrl_bridge]: [px4_bridge] avoidance released -> published /planning/replan
[WARN] [1783599879.702] [/local_avoidance]: [local_avoidance] ACTIVATED  (min_dist=0.36 m, idx=8163)
[INFO] [1783599879.752] [/local_avoidance]: [local_avoidance] DEACTIVATED
[WARN] [1783599879.775] [/px4_ctrl_bridge]: [px4_bridge] avoidance released -> published /planning/replan
[WARN] [1783599879.803] [/local_avoidance]: [local_avoidance] ACTIVATED  (min_dist=0.35 m, idx=7809)
[INFO] [1783599879.852] [/local_avoidance]: [local_avoidance] DEACTIVATED
[WARN] [1783599879.875] [/px4_ctrl_bridge]: [px4_bridge] avoidance released -> published /planning/replan
[WARN] [1783599879.903] [/local_avoidance]: [local_avoidance] ACTIVATED  (min_dist=0.36 m, idx=3153)
[INFO] [1783599879.951] [/local_avoidance]: [local_avoidance] DEACTIVATED
[WARN] [1783599879.975] [/px4_ctrl_bridge]: [px4_bridge] avoidance released -> published /planning/replan
[WARN] [1783599880.002] [/local_avoidance]: [local_avoidance] ACTIVATED  (min_dist=0.35 m, idx=2301)
[INFO] [1783599880.077] [/local_avoidance]: [local_avoidance] DEACTIVATED
[WARN] [1783599880.102] [/local_avoidance]: [local_avoidance] ACTIVATED  (min_dist=0.35 m, idx=8646)
[WARN] [1783599880.106] [/px4_ctrl_bridge]: [px4_bridge] avoidance released -> published /planning/replan
[INFO] [1783599880.152] [/local_avoidance]: [local_avoidance] DEACTIVATED
[WARN] [1783599880.175] [/px4_ctrl_bridge]: [px4_bridge] avoidance released -> published /planning/replan
[WARN] [1783599880.202] [/local_avoidance]: [local_avoidance] ACTIVATED  (min_dist=0.35 m, idx=8788)
[INFO] [1783599880.253] [/local_avoidance]: [local_avoidance] DEACTIVATED
[WARN] [1783599880.275] [/px4_ctrl_bridge]: [px4_bridge] avoidance released -> published /planning/replan
[WARN] [1783599880.302] [/local_avoidance]: [local_avoidance] ACTIVATED  (min_dist=0.35 m, idx=8352)
[INFO] [1783599880.352] [/local_avoidance]: [local_avoidance] DEACTIVATED
[WARN] [1783599880.375] [/px4_ctrl_bridge]: [px4_bridge] avoidance released -> published /planning/replan
[WARN] [1783599880.402] [/local_avoidance]: [local_avoidance] ACTIVATED  (min_dist=0.35 m, idx=9132)
[INFO] [1783599880.481] [/local_avoidance]: [local_avoidance] DEACTIVATED
[WARN] [1783599880.502] [/local_avoidance]: [local_avoidance] ACTIVATED  (min_dist=0.35 m, idx=9168)
[WARN] [1783599880.505] [/px4_ctrl_bridge]: [px4_bridge] avoidance released -> published /planning/replan
[WARN] [1783599880.525] [/px4_ctrl_bridge]: [px4_bridge] AVOIDANCE ACTIVE -> forwarding /target_avoidance
[INFO] [1783599880.553] [/local_avoidance]: [local_avoidance] DEACTIVATED
[WARN] [1783599880.575] [/px4_ctrl_bridge]: [px4_bridge] avoidance released -> published /planning/replan
[WARN] [1783599880.602] [/local_avoidance]: [local_avoidance] ACTIVATED  (min_dist=0.35 m, idx=4928)
[INFO] [1783599880.654] [/local_avoidance]: [local_avoidance] DEACTIVATED
[WARN] [1783599880.685] [/px4_ctrl_bridge]: [px4_bridge] avoidance released -> published /planning/replan
[WARN] [1783599880.701] [/local_avoidance]: [local_avoidance] ACTIVATED  (min_dist=0.35 m, idx=3199)
[INFO] [1783599880.752] [/local_avoidance]: [local_avoidance] DEACTIVATED
[WARN] [1783599880.775] [/px4_ctrl_bridge]: [px4_bridge] avoidance released -> published /planning/replan
[WARN] [1783599880.802] [/local_avoidance]: [local_avoidance] ACTIVATED  (min_dist=0.35 m, idx=4216)
[INFO] [1783599880.852] [/local_avoidance]: [local_avoidance] avoiding...  min_dist=0.37 m
[INFO] [1783599880.958] [/local_avoidance]: [local_avoidance] DEACTIVATED
[WARN] [1783599880.975] [/px4_ctrl_bridge]: [px4_bridge] avoidance released -> published /planning/replan
[WARN] [1783599881.002] [/local_avoidance]: [local_avoidance] ACTIVATED  (min_dist=0.35 m, idx=4740)
[INFO] [1783599881.161] [/mavros]: HP: requesting home position
[WARN] [1783599881.525] [/px4_ctrl_bridge]: [px4_bridge] AVOIDANCE ACTIVE -> forwarding /target_avoidance
[INFO] [1783599881.853] [/local_avoidance]: [local_avoidance] avoiding...  min_dist=0.38 m
[INFO] [1783599882.006] [/cloud_crop_bridge]: [CloudCrop] 2733 -> 577 pts (21%)
[WARN] [1783599882.535] [/px4_ctrl_bridge]: [px4_bridge] AVOIDANCE ACTIVE -> forwarding /target_avoidance
[INFO] [1783599882.901] [/local_avoidance]: [local_avoidance] avoiding...  min_dist=0.35 m
[WARN] [1783599883.546] [/px4_ctrl_bridge]: [px4_bridge] AVOIDANCE ACTIVE -> forwarding /target_avoidance
[INFO] [1783599883.701] [/local_avoidance]: [local_avoidance] DEACTIVATED
[WARN] [1783599883.725] [/px4_ctrl_bridge]: [px4_bridge] avoidance released -> published /planning/replan
[WARN] [1783599883.752] [/local_avoidance]: [local_avoidance] ACTIVATED  (min_dist=0.36 m, idx=1611)
[WARN] [1783599883.754] [/exploration_node]: wait for trigger.
[INFO] [1783599883.806] [/local_avoidance]: [local_avoidance] DEACTIVATED
[WARN] [1783599883.828] [/px4_ctrl_bridge]: [px4_bridge] avoidance released -> published /planning/replan
[WARN] [1783599883.852] [/local_avoidance]: [local_avoidance] ACTIVATED  (min_dist=0.35 m, idx=293)
[INFO] [1783599883.907] [/local_avoidance]: [local_avoidance] DEACTIVATED
[WARN] [1783599883.926] [/px4_ctrl_bridge]: [px4_bridge] avoidance released -> published /planning/replan
[WARN] [1783599883.956] [/local_avoidance]: [local_avoidance] ACTIVATED  (min_dist=0.36 m, idx=5682)
[INFO] [1783599884.002] [/local_avoidance]: [local_avoidance] DEACTIVATED
[WARN] [1783599884.025] [/px4_ctrl_bridge]: [px4_bridge] avoidance released -> published /planning/replan
[WARN] [1783599884.052] [/local_avoidance]: [local_avoidance] ACTIVATED  (min_dist=0.35 m, idx=6372)
[INFO] [1783599884.102] [/local_avoidance]: [local_avoidance] DEACTIVATED
[WARN] [1783599884.125] [/px4_ctrl_bridge]: [px4_bridge] avoidance released -> published /planning/replan
[WARN] [1783599884.155] [/local_avoidance]: [local_avoidance] ACTIVATED  (min_dist=0.35 m, idx=6124)
[INFO] [1783599884.202] [/local_avoidance]: [local_avoidance] DEACTIVATED
[WARN] [1783599884.225] [/px4_ctrl_bridge]: [px4_bridge] avoidance released -> published /planning/replan
[WARN] [1783599884.255] [/local_avoidance]: [local_avoidance] ACTIVATED  (min_dist=0.35 m, idx=6833)
[INFO] [1783599884.302] [/local_avoidance]: [local_avoidance] DEACTIVATED
[WARN] [1783599884.325] [/px4_ctrl_bridge]: [px4_bridge] avoidance released -> published /planning/replan
[WARN] [1783599884.352] [/local_avoidance]: [local_avoidance] ACTIVATED  (min_dist=0.35 m, idx=7240)
[INFO] [1783599884.407] [/local_avoidance]: [local_avoidance] DEACTIVATED
[WARN] [1783599884.425] [/px4_ctrl_bridge]: [px4_bridge] avoidance released -> published /planning/replan
[WARN] [1783599884.452] [/local_avoidance]: [local_avoidance] ACTIVATED  (min_dist=0.35 m, idx=1664)
[INFO] [1783599884.504] [/local_avoidance]: [local_avoidance] DEACTIVATED
[WARN] [1783599884.525] [/px4_ctrl_bridge]: [px4_bridge] avoidance released -> published /planning/replan
[WARN] [1783599884.556] [/local_avoidance]: [local_avoidance] ACTIVATED  (min_dist=0.35 m, idx=991)
[WARN] [1783599884.585] [/px4_ctrl_bridge]: [px4_bridge] AVOIDANCE ACTIVE -> forwarding /target_avoidance
[INFO] [1783599884.602] [/local_avoidance]: [local_avoidance] DEACTIVATED
[WARN] [1783599884.625] [/px4_ctrl_bridge]: [px4_bridge] avoidance released -> published /planning/replan
[WARN] [1783599884.652] [/local_avoidance]: [local_avoidance] ACTIVATED  (min_dist=0.35 m, idx=8043)
[INFO] [1783599884.702] [/local_avoidance]: [local_avoidance] DEACTIVATED
[WARN] [1783599884.725] [/px4_ctrl_bridge]: [px4_bridge] avoidance released -> published /planning/replan
[WARN] [1783599884.752] [/local_avoidance]: [local_avoidance] ACTIVATED  (min_dist=0.35 m, idx=1531)
[INFO] [1783599884.827] [/local_avoidance]: [local_avoidance] DEACTIVATED
[WARN] [1783599884.851] [/local_avoidance]: [local_avoidance] ACTIVATED  (min_dist=0.35 m, idx=8587)
[WARN] [1783599884.855] [/px4_ctrl_bridge]: [px4_bridge] avoidance released -> published /planning/replan
[INFO] [1783599884.901] [/local_avoidance]: [local_avoidance] DEACTIVATED
[WARN] [1783599884.925] [/px4_ctrl_bridge]: [px4_bridge] avoidance released -> published /planning/replan
[WARN] [1783599884.952] [/local_avoidance]: [local_avoidance] ACTIVATED  (min_dist=0.35 m, idx=2182)
[INFO] [1783599885.003] [/local_avoidance]: [local_avoidance] DEACTIVATED
[WARN] [1783599885.025] [/px4_ctrl_bridge]: [px4_bridge] avoidance released -> published /planning/replan
[WARN] [1783599885.052] [/local_avoidance]: [local_avoidance] ACTIVATED  (min_dist=0.35 m, idx=8947)
[INFO] [1783599885.101] [/local_avoidance]: [local_avoidance] DEACTIVATED
[WARN] [1783599885.125] [/px4_ctrl_bridge]: [px4_bridge] avoidance released -> published /planning/replan
[WARN] [1783599885.151] [/local_avoidance]: [local_avoidance] ACTIVATED  (min_dist=0.35 m, idx=2530)
[INFO] [1783599885.202] [/local_avoidance]: [local_avoidance] DEACTIVATED
[WARN] [1783599885.225] [/px4_ctrl_bridge]: [px4_bridge] avoidance released -> published /planning/replan
[WARN] [1783599885.252] [/local_avoidance]: [local_avoidance] ACTIVATED  (min_dist=0.35 m, idx=3432)
[INFO] [1783599885.327] [/local_avoidance]: [local_avoidance] DEACTIVATED
[WARN] [1783599885.351] [/local_avoidance]: [local_avoidance] ACTIVATED  (min_dist=0.35 m, idx=3470)
[WARN] [1783599885.356] [/px4_ctrl_bridge]: [px4_bridge] avoidance released -> published /planning/replan
[INFO] [1783599885.402] [/local_avoidance]: [local_avoidance] DEACTIVATED
[WARN] [1783599885.426] [/px4_ctrl_bridge]: [px4_bridge] avoidance released -> published /planning/replan
[WARN] [1783599885.453] [/local_avoidance]: [local_avoidance] ACTIVATED  (min_dist=0.35 m, idx=9743)
[INFO] [1783599885.503] [/local_avoidance]: [local_avoidance] DEACTIVATED
[WARN] [1783599885.525] [/px4_ctrl_bridge]: [px4_bridge] avoidance released -> published /planning/replan
[WARN] [1783599885.552] [/local_avoidance]: [local_avoidance] ACTIVATED  (min_dist=0.35 m, idx=3637)
[WARN] [1783599885.597] [/px4_ctrl_bridge]: [px4_bridge] AVOIDANCE ACTIVE -> forwarding /target_avoidance
[INFO] [1783599885.628] [/local_avoidance]: [local_avoidance] DEACTIVATED
[WARN] [1783599885.655] [/local_avoidance]: [local_avoidance] ACTIVATED  (min_dist=0.36 m, idx=5331)
[WARN] [1783599885.655] [/px4_ctrl_bridge]: [px4_bridge] avoidance released -> published /planning/replan
[INFO] [1783599885.702] [/local_avoidance]: [local_avoidance] DEACTIVATED
[WARN] [1783599885.725] [/px4_ctrl_bridge]: [px4_bridge] avoidance released -> published /planning/replan
[WARN] [1783599885.752] [/local_avoidance]: [local_avoidance] ACTIVATED  (min_dist=0.35 m, idx=9724)
[INFO] [1783599885.826] [/local_avoidance]: [local_avoidance] DEACTIVATED
[WARN] [1783599885.852] [/local_avoidance]: [local_avoidance] ACTIVATED  (min_dist=0.35 m, idx=5476)
[WARN] [1783599885.855] [/px4_ctrl_bridge]: [px4_bridge] avoidance released -> published /planning/replan
[INFO] [1783599885.902] [/local_avoidance]: [local_avoidance] DEACTIVATED
[WARN] [1783599885.925] [/px4_ctrl_bridge]: [px4_bridge] avoidance released -> published /planning/replan
[WARN] [1783599885.953] [/local_avoidance]: [local_avoidance] ACTIVATED  (min_dist=0.35 m, idx=5596)
[INFO] [1783599886.002] [/local_avoidance]: [local_avoidance] avoiding...  min_dist=0.36 m
[INFO] [1783599886.101] [/local_avoidance]: [local_avoidance] DEACTIVATED
[WARN] [1783599886.125] [/px4_ctrl_bridge]: [px4_bridge] avoidance released -> published /planning/replan
[WARN] [1783599886.153] [/local_avoidance]: [local_avoidance] ACTIVATED  (min_dist=0.35 m, idx=4996)
[WARN] [1783599886.605] [/px4_ctrl_bridge]: [px4_bridge] AVOIDANCE ACTIVE -> forwarding /target_avoidance
[INFO] [1783599887.002] [/local_avoidance]: [local_avoidance] avoiding...  min_dist=0.35 m
[INFO] [1783599887.055] [/cloud_crop_bridge]: [CloudCrop] 2847 -> 617 pts (22%)
[WARN] [1783599887.615] [/px4_ctrl_bridge]: [px4_bridge] AVOIDANCE ACTIVE -> forwarding /target_avoidance
[INFO] [1783599888.051] [/local_avoidance]: [local_avoidance] avoiding...  min_dist=0.35 m
[WARN] [1783599888.616] [/px4_ctrl_bridge]: [px4_bridge] AVOIDANCE ACTIVE -> forwarding /target_avoidance
[INFO] [1783599888.652] [/local_avoidance]: [local_avoidance] DEACTIVATED
[WARN] [1783599888.675] [/px4_ctrl_bridge]: [px4_bridge] avoidance released -> published /planning/replan
[WARN] [1783599888.702] [/local_avoidance]: [local_avoidance] ACTIVATED  (min_dist=0.35 m, idx=320)
[WARN] [1783599888.755] [/exploration_node]: wait for trigger.
[INFO] [1783599888.879] [/local_avoidance]: [local_avoidance] DEACTIVATED
[WARN] [1783599888.903] [/local_avoidance]: [local_avoidance] ACTIVATED  (min_dist=0.35 m, idx=864)
[WARN] [1783599888.906] [/px4_ctrl_bridge]: [px4_bridge] avoidance released -> published /planning/replan
[INFO] [1783599888.952] [/local_avoidance]: [local_avoidance] DEACTIVATED
[WARN] [1783599888.975] [/px4_ctrl_bridge]: [px4_bridge] avoidance released -> published /planning/replan
[WARN] [1783599889.001] [/local_avoidance]: [local_avoidance] ACTIVATED  (min_dist=0.35 m, idx=414)
[INFO] [1783599889.052] [/local_avoidance]: [local_avoidance] DEACTIVATED
[WARN] [1783599889.075] [/px4_ctrl_bridge]: [px4_bridge] avoidance released -> published /planning/replan
[WARN] [1783599889.101] [/local_avoidance]: [local_avoidance] ACTIVATED  (min_dist=0.36 m, idx=1150)
[INFO] [1783599889.177] [/local_avoidance]: [local_avoidance] DEACTIVATED
[WARN] [1783599889.202] [/local_avoidance]: [local_avoidance] ACTIVATED  (min_dist=0.35 m, idx=870)
[WARN] [1783599889.205] [/px4_ctrl_bridge]: [px4_bridge] avoidance released -> published /planning/replan
[INFO] [1783599889.252] [/local_avoidance]: [local_avoidance] DEACTIVATED
[WARN] [1783599889.275] [/px4_ctrl_bridge]: [px4_bridge] avoidance released -> published /planning/replan
[WARN] [1783599889.302] [/local_avoidance]: [local_avoidance] ACTIVATED  (min_dist=0.35 m, idx=2254)
[INFO] [1783599889.353] [/local_avoidance]: [local_avoidance] DEACTIVATED
[WARN] [1783599889.376] [/px4_ctrl_bridge]: [px4_bridge] avoidance released -> published /planning/replan
[WARN] [1783599889.431] [/local_avoidance]: [local_avoidance] ACTIVATED  (min_dist=0.35 m, idx=1217)
[INFO] [1783599889.451] [/local_avoidance]: [local_avoidance] DEACTIVATED
[WARN] [1783599889.475] [/px4_ctrl_bridge]: [px4_bridge] avoidance released -> published /planning/replan
[WARN] [1783599889.501] [/local_avoidance]: [local_avoidance] ACTIVATED  (min_dist=0.36 m, idx=6404)
[INFO] [1783599889.552] [/local_avoidance]: [local_avoidance] DEACTIVATED
[WARN] [1783599889.575] [/px4_ctrl_bridge]: [px4_bridge] avoidance released -> published /planning/replan
[WARN] [1783599889.602] [/local_avoidance]: [local_avoidance] ACTIVATED  (min_dist=0.35 m, idx=1565)
[WARN] [1783599889.625] [/px4_ctrl_bridge]: [px4_bridge] AVOIDANCE ACTIVE -> forwarding /target_avoidance
[INFO] [1783599889.652] [/local_avoidance]: [local_avoidance] DEACTIVATED
[WARN] [1783599889.675] [/px4_ctrl_bridge]: [px4_bridge] avoidance released -> published /planning/replan
[WARN] [1783599889.702] [/local_avoidance]: [local_avoidance] ACTIVATED  (min_dist=0.36 m, idx=7276)
[INFO] [1783599889.752] [/local_avoidance]: [local_avoidance] DEACTIVATED
[WARN] [1783599889.775] [/px4_ctrl_bridge]: [px4_bridge] avoidance released -> published /planning/replan
[WARN] [1783599889.801] [/local_avoidance]: [local_avoidance] ACTIVATED  (min_dist=0.35 m, idx=2121)
[INFO] [1783599889.853] [/local_avoidance]: [local_avoidance] DEACTIVATED
[WARN] [1783599889.875] [/px4_ctrl_bridge]: [px4_bridge] avoidance released -> published /planning/replan
[WARN] [1783599889.902] [/local_avoidance]: [local_avoidance] ACTIVATED  (min_dist=0.36 m, idx=7712)
[INFO] [1783599889.952] [/local_avoidance]: [local_avoidance] DEACTIVATED
[WARN] [1783599889.975] [/px4_ctrl_bridge]: [px4_bridge] avoidance released -> published /planning/replan
[WARN] [1783599890.001] [/local_avoidance]: [local_avoidance] ACTIVATED  (min_dist=0.35 m, idx=8421)
[INFO] [1783599890.052] [/local_avoidance]: [local_avoidance] DEACTIVATED
[WARN] [1783599890.075] [/px4_ctrl_bridge]: [px4_bridge] avoidance released -> published /planning/replan
[WARN] [1783599890.101] [/local_avoidance]: [local_avoidance] ACTIVATED  (min_dist=0.35 m, idx=2603)
[INFO] [1783599890.151] [/local_avoidance]: [local_avoidance] DEACTIVATED
[WARN] [1783599890.175] [/px4_ctrl_bridge]: [px4_bridge] avoidance released -> published /planning/replan
[WARN] [1783599890.202] [/local_avoidance]: [local_avoidance] ACTIVATED  (min_dist=0.36 m, idx=7731)
[INFO] [1783599890.252] [/local_avoidance]: [local_avoidance] DEACTIVATED
[WARN] [1783599890.275] [/px4_ctrl_bridge]: [px4_bridge] avoidance released -> published /planning/replan
[WARN] [1783599890.302] [/local_avoidance]: [local_avoidance] ACTIVATED  (min_dist=0.35 m, idx=4360)
[INFO] [1783599890.351] [/local_avoidance]: [local_avoidance] DEACTIVATED
[WARN] [1783599890.376] [/px4_ctrl_bridge]: [px4_bridge] avoidance released -> published /planning/replan
[WARN] [1783599890.402] [/local_avoidance]: [local_avoidance] ACTIVATED  (min_dist=0.35 m, idx=3564)
[INFO] [1783599890.453] [/local_avoidance]: [local_avoidance] DEACTIVATED
[WARN] [1783599890.476] [/px4_ctrl_bridge]: [px4_bridge] avoidance released -> published /planning/replan
[WARN] [1783599890.502] [/local_avoidance]: [local_avoidance] ACTIVATED  (min_dist=0.35 m, idx=3315)
[INFO] [1783599890.551] [/local_avoidance]: [local_avoidance] DEACTIVATED
[WARN] [1783599890.575] [/px4_ctrl_bridge]: [px4_bridge] avoidance released -> published /planning/replan
[WARN] [1783599890.602] [/local_avoidance]: [local_avoidance] ACTIVATED  (min_dist=0.35 m, idx=9859)
[WARN] [1783599890.635] [/px4_ctrl_bridge]: [px4_bridge] AVOIDANCE ACTIVE -> forwarding /target_avoidance
[INFO] [1783599890.652] [/local_avoidance]: [local_avoidance] DEACTIVATED
[WARN] [1783599890.685] [/px4_ctrl_bridge]: [px4_bridge] avoidance released -> published /planning/replan
[WARN] [1783599890.702] [/local_avoidance]: [local_avoidance] ACTIVATED  (min_dist=0.36 m, idx=3554)
[INFO] [1783599890.752] [/local_avoidance]: [local_avoidance] DEACTIVATED
[WARN] [1783599890.775] [/px4_ctrl_bridge]: [px4_bridge] avoidance released -> published /planning/replan
[WARN] [1783599890.803] [/local_avoidance]: [local_avoidance] ACTIVATED  (min_dist=0.35 m, idx=4656)
[INFO] [1783599890.851] [/local_avoidance]: [local_avoidance] avoiding...  min_dist=0.35 m
[INFO] [1783599891.054] [/local_avoidance]: [local_avoidance] DEACTIVATED
[WARN] [1783599891.075] [/px4_ctrl_bridge]: [px4_bridge] avoidance released -> published /planning/replan
[WARN] [1783599891.102] [/local_avoidance]: [local_avoidance] ACTIVATED  (min_dist=0.35 m, idx=4450)
[INFO] [1783599891.161] [/mavros]: HP: requesting home position
[INFO] [1783599891.252] [/local_avoidance]: [local_avoidance] DEACTIVATED
[WARN] [1783599891.275] [/px4_ctrl_bridge]: [px4_bridge] avoidance released -> published /planning/replan
[WARN] [1783599891.301] [/local_avoidance]: [local_avoidance] ACTIVATED  (min_dist=0.35 m, idx=5217)
[WARN] [1783599891.637] [/px4_ctrl_bridge]: [px4_bridge] AVOIDANCE ACTIVE -> forwarding /target_avoidance
[INFO] [1783599891.852] [/local_avoidance]: [local_avoidance] avoiding...  min_dist=0.35 m
[INFO] [1783599892.107] [/cloud_crop_bridge]: [CloudCrop] 2837 -> 602 pts (21%)
[WARN] [1783599892.645] [/px4_ctrl_bridge]: [px4_bridge] AVOIDANCE ACTIVE -> forwarding /target_avoidance
[INFO] [1783599892.902] [/local_avoidance]: [local_avoidance] avoiding...  min_dist=0.35 m
[INFO] [1783599893.502] [/local_avoidance]: [local_avoidance] DEACTIVATED
[WARN] [1783599893.525] [/px4_ctrl_bridge]: [px4_bridge] avoidance released -> published /planning/replan
[WARN] [1783599893.552] [/local_avoidance]: [local_avoidance] ACTIVATED  (min_dist=0.35 m, idx=4905)
[WARN] [1783599893.645] [/px4_ctrl_bridge]: [px4_bridge] AVOIDANCE ACTIVE -> forwarding /target_avoidance
[INFO] [1783599893.702] [/local_avoidance]: [local_avoidance] DEACTIVATED
[WARN] [1783599893.725] [/px4_ctrl_bridge]: [px4_bridge] avoidance released -> published /planning/replan
[WARN] [1783599893.752] [/local_avoidance]: [local_avoidance] ACTIVATED  (min_dist=0.35 m, idx=5400)
[WARN] [1783599893.756] [/exploration_node]: wait for trigger.
[INFO] [1783599893.802] [/local_avoidance]: [local_avoidance] DEACTIVATED
[WARN] [1783599893.825] [/px4_ctrl_bridge]: [px4_bridge] avoidance released -> published /planning/replan
[WARN] [1783599893.853] [/local_avoidance]: [local_avoidance] ACTIVATED  (min_dist=0.35 m, idx=6209)
[INFO] [1783599893.902] [/local_avoidance]: [local_avoidance] avoiding...  min_dist=0.35 m
[INFO] [1783599894.001] [/local_avoidance]: [local_avoidance] DEACTIVATED
[WARN] [1783599894.025] [/px4_ctrl_bridge]: [px4_bridge] avoidance released -> published /planning/replan
[WARN] [1783599894.052] [/local_avoidance]: [local_avoidance] ACTIVATED  (min_dist=0.35 m, idx=6645)
[INFO] [1783599894.102] [/local_avoidance]: [local_avoidance] DEACTIVATED
[WARN] [1783599894.128] [/px4_ctrl_bridge]: [px4_bridge] avoidance released -> published /planning/replan
[WARN] [1783599894.153] [/local_avoidance]: [local_avoidance] ACTIVATED  (min_dist=0.35 m, idx=1131)
[INFO] [1783599894.202] [/local_avoidance]: [local_avoidance] DEACTIVATED
[WARN] [1783599894.225] [/px4_ctrl_bridge]: [px4_bridge] avoidance released -> published /planning/replan
[WARN] [1783599894.251] [/local_avoidance]: [local_avoidance] ACTIVATED  (min_dist=0.35 m, idx=1360)
[INFO] [1783599894.301] [/local_avoidance]: [local_avoidance] DEACTIVATED
[WARN] [1783599894.325] [/px4_ctrl_bridge]: [px4_bridge] avoidance released -> published /planning/replan
[WARN] [1783599894.354] [/local_avoidance]: [local_avoidance] ACTIVATED  (min_dist=0.35 m, idx=2660)
[INFO] [1783599894.402] [/local_avoidance]: [local_avoidance] DEACTIVATED
[WARN] [1783599894.425] [/px4_ctrl_bridge]: [px4_bridge] avoidance released -> published /planning/replan
[WARN] [1783599894.452] [/local_avoidance]: [local_avoidance] ACTIVATED  (min_dist=0.35 m, idx=7650)
[INFO] [1783599894.527] [/local_avoidance]: [local_avoidance] DEACTIVATED
[WARN] [1783599894.552] [/local_avoidance]: [local_avoidance] ACTIVATED  (min_dist=0.35 m, idx=1554)
[WARN] [1783599894.557] [/px4_ctrl_bridge]: [px4_bridge] avoidance released -> published /planning/replan
[INFO] [1783599894.603] [/local_avoidance]: [local_avoidance] DEACTIVATED
[WARN] [1783599894.625] [/px4_ctrl_bridge]: [px4_bridge] avoidance released -> published /planning/replan
[WARN] [1783599894.653] [/local_avoidance]: [local_avoidance] ACTIVATED  (min_dist=0.35 m, idx=8387)
[WARN] [1783599894.675] [/px4_ctrl_bridge]: [px4_bridge] AVOIDANCE ACTIVE -> forwarding /target_avoidance
[INFO] [1783599894.702] [/local_avoidance]: [local_avoidance] DEACTIVATED
[WARN] [1783599894.725] [/px4_ctrl_bridge]: [px4_bridge] avoidance released -> published /planning/replan
[WARN] [1783599894.752] [/local_avoidance]: [local_avoidance] ACTIVATED  (min_dist=0.35 m, idx=1802)
[INFO] [1783599894.827] [/local_avoidance]: [local_avoidance] DEACTIVATED
[WARN] [1783599894.852] [/local_avoidance]: [local_avoidance] ACTIVATED  (min_dist=0.36 m, idx=2907)
[WARN] [1783599894.855] [/px4_ctrl_bridge]: [px4_bridge] avoidance released -> published /planning/replan
[INFO] [1783599894.902] [/local_avoidance]: [local_avoidance] DEACTIVATED
[WARN] [1783599894.925] [/px4_ctrl_bridge]: [px4_bridge] avoidance released -> published /planning/replan
[WARN] [1783599894.953] [/local_avoidance]: [local_avoidance] ACTIVATED  (min_dist=0.35 m, idx=2261)
[INFO] [1783599895.001] [/local_avoidance]: [local_avoidance] DEACTIVATED
[WARN] [1783599895.025] [/px4_ctrl_bridge]: [px4_bridge] avoidance released -> published /planning/replan
[WARN] [1783599895.052] [/local_avoidance]: [local_avoidance] ACTIVATED  (min_dist=0.37 m, idx=7938)
[INFO] [1783599895.101] [/local_avoidance]: [local_avoidance] DEACTIVATED
[WARN] [1783599895.125] [/px4_ctrl_bridge]: [px4_bridge] avoidance released -> published /planning/replan
[WARN] [1783599895.152] [/local_avoidance]: [local_avoidance] ACTIVATED  (min_dist=0.35 m, idx=8620)
[INFO] [1783599895.201] [/local_avoidance]: [local_avoidance] DEACTIVATED
[WARN] [1783599895.225] [/px4_ctrl_bridge]: [px4_bridge] avoidance released -> published /planning/replan
[WARN] [1783599895.252] [/local_avoidance]: [local_avoidance] ACTIVATED  (min_dist=0.36 m, idx=8308)
[INFO] [1783599895.302] [/local_avoidance]: [local_avoidance] DEACTIVATED
[WARN] [1783599895.326] [/px4_ctrl_bridge]: [px4_bridge] avoidance released -> published /planning/replan
[WARN] [1783599895.351] [/local_avoidance]: [local_avoidance] ACTIVATED  (min_dist=0.35 m, idx=9072)
[INFO] [1783599895.427] [/local_avoidance]: [local_avoidance] DEACTIVATED
[WARN] [1783599895.452] [/local_avoidance]: [local_avoidance] ACTIVATED  (min_dist=0.35 m, idx=4772)
[WARN] [1783599895.455] [/px4_ctrl_bridge]: [px4_bridge] avoidance released -> published /planning/replan
[INFO] [1783599895.502] [/local_avoidance]: [local_avoidance] DEACTIVATED
[WARN] [1783599895.525] [/px4_ctrl_bridge]: [px4_bridge] avoidance released -> published /planning/replan
[WARN] [1783599895.577] [/local_avoidance]: [local_avoidance] ACTIVATED  (min_dist=0.35 m, idx=3705)
[INFO] [1783599895.601] [/local_avoidance]: [local_avoidance] avoiding...  min_dist=0.35 m
[WARN] [1783599895.685] [/px4_ctrl_bridge]: [px4_bridge] AVOIDANCE ACTIVE -> forwarding /target_avoidance
[INFO] [1783599895.705] [/local_avoidance]: [local_avoidance] DEACTIVATED
[WARN] [1783599895.725] [/px4_ctrl_bridge]: [px4_bridge] avoidance released -> published /planning/replan
[WARN] [1783599895.752] [/local_avoidance]: [local_avoidance] ACTIVATED  (min_dist=0.36 m, idx=10073)
[INFO] [1783599895.903] [/local_avoidance]: [local_avoidance] DEACTIVATED
[WARN] [1783599895.925] [/px4_ctrl_bridge]: [px4_bridge] avoidance released -> published /planning/replan
[WARN] [1783599895.953] [/local_avoidance]: [local_avoidance] ACTIVATED  (min_dist=0.35 m, idx=4692)
[INFO] [1783599896.604] [/local_avoidance]: [local_avoidance] avoiding...  min_dist=0.36 m
[WARN] [1783599896.696] [/px4_ctrl_bridge]: [px4_bridge] AVOIDANCE ACTIVE -> forwarding /target_avoidance
[INFO] [1783599897.153] [/cloud_crop_bridge]: [CloudCrop] 2893 -> 590 pts (20%)
[INFO] [1783599897.654] [/local_avoidance]: [local_avoidance] avoiding...  min_dist=0.37 m
[WARN] [1783599897.705] [/px4_ctrl_bridge]: [px4_bridge] AVOIDANCE ACTIVE -> forwarding /target_avoidance
[INFO] [1783599898.452] [/local_avoidance]: [local_avoidance] DEACTIVATED
[WARN] [1783599898.475] [/px4_ctrl_bridge]: [px4_bridge] avoidance released -> published /planning/replan
[WARN] [1783599898.502] [/local_avoidance]: [local_avoidance] ACTIVATED  (min_dist=0.35 m, idx=6087)
[INFO] [1783599898.654] [/local_avoidance]: [local_avoidance] DEACTIVATED
[WARN] [1783599898.685] [/px4_ctrl_bridge]: [px4_bridge] avoidance released -> published /planning/replan
[WARN] [1783599898.702] [/local_avoidance]: [local_avoidance] ACTIVATED  (min_dist=0.36 m, idx=985)
[WARN] [1783599898.725] [/px4_ctrl_bridge]: [px4_bridge] AVOIDANCE ACTIVE -> forwarding /target_avoidance
[INFO] [1783599898.752] [/local_avoidance]: [local_avoidance] DEACTIVATED
[WARN] [1783599898.765] [/exploration_node]: wait for trigger.
[WARN] [1783599898.775] [/px4_ctrl_bridge]: [px4_bridge] avoidance released -> published /planning/replan
[WARN] [1783599898.830] [/local_avoidance]: [local_avoidance] ACTIVATED  (min_dist=0.35 m, idx=125)
[INFO] [1783599898.852] [/local_avoidance]: [local_avoidance] DEACTIVATED
[WARN] [1783599898.875] [/px4_ctrl_bridge]: [px4_bridge] avoidance released -> published /planning/replan
[WARN] [1783599898.902] [/local_avoidance]: [local_avoidance] ACTIVATED  (min_dist=0.36 m, idx=1344)
[INFO] [1783599898.952] [/local_avoidance]: [local_avoidance] DEACTIVATED
[WARN] [1783599898.975] [/px4_ctrl_bridge]: [px4_bridge] avoidance released -> published /planning/replan
[WARN] [1783599899.002] [/local_avoidance]: [local_avoidance] ACTIVATED  (min_dist=0.35 m, idx=489)
[INFO] [1783599899.051] [/local_avoidance]: [local_avoidance] DEACTIVATED
[WARN] [1783599899.075] [/px4_ctrl_bridge]: [px4_bridge] avoidance released -> published /planning/replan
[WARN] [1783599899.102] [/local_avoidance]: [local_avoidance] ACTIVATED  (min_dist=0.36 m, idx=6096)
[WARN] [1783599899.125] [/exploration_node]: [EV] [1783599899.125][   +151.6s][WAIT_TRIGGER] Avoidance: Activated  <->  Deactivated | cycling x1392 over 150.5s
[INFO] [1783599899.152] [/local_avoidance]: [local_avoidance] DEACTIVATED
[WARN] [1783599899.175] [/px4_ctrl_bridge]: [px4_bridge] avoidance released -> published /planning/replan
[WARN] [1783599899.207] [/local_avoidance]: [local_avoidance] ACTIVATED  (min_dist=0.35 m, idx=6768)
[INFO] [1783599899.251] [/local_avoidance]: [local_avoidance] DEACTIVATED
[WARN] [1783599899.285] [/px4_ctrl_bridge]: [px4_bridge] avoidance released -> published /planning/replan
[WARN] [1783599899.328] [/local_avoidance]: [local_avoidance] ACTIVATED  (min_dist=0.35 m, idx=6616)
[INFO] [1783599899.352] [/local_avoidance]: [local_avoidance] DEACTIVATED
[WARN] [1783599899.375] [/px4_ctrl_bridge]: [px4_bridge] avoidance released -> published /planning/replan
[WARN] [1783599899.403] [/local_avoidance]: [local_avoidance] ACTIVATED  (min_dist=0.35 m, idx=7329)
[INFO] [1783599899.452] [/local_avoidance]: [local_avoidance] DEACTIVATED
[WARN] [1783599899.475] [/px4_ctrl_bridge]: [px4_bridge] avoidance released -> published /planning/replan
[WARN] [1783599899.502] [/local_avoidance]: [local_avoidance] ACTIVATED  (min_dist=0.35 m, idx=1115)
[INFO] [1783599899.552] [/local_avoidance]: [local_avoidance] DEACTIVATED
[WARN] [1783599899.575] [/px4_ctrl_bridge]: [px4_bridge] avoidance released -> published /planning/replan
[WARN] [1783599899.602] [/local_avoidance]: [local_avoidance] ACTIVATED  (min_dist=0.35 m, idx=2512)
[INFO] [1783599899.677] [/local_avoidance]: [local_avoidance] DEACTIVATED
[WARN] [1783599899.702] [/local_avoidance]: [local_avoidance] ACTIVATED  (min_dist=0.35 m, idx=1959)
[WARN] [1783599899.705] [/px4_ctrl_bridge]: [px4_bridge] avoidance released -> published /planning/replan
[WARN] [1783599899.735] [/px4_ctrl_bridge]: [px4_bridge] AVOIDANCE ACTIVE -> forwarding /target_avoidance
[INFO] [1783599899.753] [/local_avoidance]: [local_avoidance] DEACTIVATED
[WARN] [1783599899.775] [/px4_ctrl_bridge]: [px4_bridge] avoidance released -> published /planning/replan
[WARN] [1783599899.803] [/local_avoidance]: [local_avoidance] ACTIVATED  (min_dist=0.35 m, idx=8539)
[INFO] [1783599899.852] [/local_avoidance]: [local_avoidance] DEACTIVATED
[WARN] [1783599899.875] [/px4_ctrl_bridge]: [px4_bridge] avoidance released -> published /planning/replan
[WARN] [1783599899.927] [/local_avoidance]: [local_avoidance] ACTIVATED  (min_dist=0.35 m, idx=2231)
[INFO] [1783599899.951] [/local_avoidance]: [local_avoidance] DEACTIVATED
[WARN] [1783599899.977] [/px4_ctrl_bridge]: [px4_bridge] avoidance released -> published /planning/replan
[WARN] [1783599900.027] [/local_avoidance]: [local_avoidance] ACTIVATED  (min_dist=0.35 m, idx=2928)
[INFO] [1783599900.053] [/local_avoidance]: [local_avoidance] DEACTIVATED
[WARN] [1783599900.075] [/px4_ctrl_bridge]: [px4_bridge] avoidance released -> published /planning/replan
[WARN] [1783599900.105] [/local_avoidance]: [local_avoidance] ACTIVATED  (min_dist=0.35 m, idx=8525)
[INFO] [1783599900.152] [/local_avoidance]: [local_avoidance] DEACTIVATED
[WARN] [1783599900.175] [/px4_ctrl_bridge]: [px4_bridge] avoidance released -> published /planning/replan
[WARN] [1783599900.202] [/local_avoidance]: [local_avoidance] ACTIVATED  (min_dist=0.35 m, idx=3376)
[INFO] [1783599900.278] [/local_avoidance]: [local_avoidance] DEACTIVATED
[WARN] [1783599900.306] [/local_avoidance]: [local_avoidance] ACTIVATED  (min_dist=0.35 m, idx=7647)
[WARN] [1783599900.306] [/px4_ctrl_bridge]: [px4_bridge] avoidance released -> published /planning/replan
[INFO] [1783599900.352] [/local_avoidance]: [local_avoidance] DEACTIVATED
[WARN] [1783599900.375] [/px4_ctrl_bridge]: [px4_bridge] avoidance released -> published /planning/replan
[WARN] [1783599900.402] [/local_avoidance]: [local_avoidance] ACTIVATED  (min_dist=0.35 m, idx=4248)
[INFO] [1783599900.479] [/local_avoidance]: [local_avoidance] DEACTIVATED
[WARN] [1783599900.502] [/local_avoidance]: [local_avoidance] ACTIVATED  (min_dist=0.35 m, idx=3562)
[WARN] [1783599900.505] [/px4_ctrl_bridge]: [px4_bridge] avoidance released -> published /planning/replan
[INFO] [1783599900.554] [/local_avoidance]: [local_avoidance] DEACTIVATED
[WARN] [1783599900.575] [/px4_ctrl_bridge]: [px4_bridge] avoidance released -> published /planning/replan
[WARN] [1783599900.601] [/local_avoidance]: [local_avoidance] ACTIVATED  (min_dist=0.36 m, idx=4387)
[INFO] [1783599900.652] [/local_avoidance]: [local_avoidance] DEACTIVATED
[WARN] [1783599900.675] [/px4_ctrl_bridge]: [px4_bridge] avoidance released -> published /planning/replan
[WARN] [1783599900.702] [/local_avoidance]: [local_avoidance] ACTIVATED  (min_dist=0.35 m, idx=3829)
[WARN] [1783599900.745] [/px4_ctrl_bridge]: [px4_bridge] AVOIDANCE ACTIVE -> forwarding /target_avoidance
[INFO] [1783599900.752] [/local_avoidance]: [local_avoidance] DEACTIVATED
[WARN] [1783599900.785] [/px4_ctrl_bridge]: [px4_bridge] avoidance released -> published /planning/replan
[WARN] [1783599900.827] [/local_avoidance]: [local_avoidance] ACTIVATED  (min_dist=0.37 m, idx=9619)
[INFO] [1783599900.851] [/local_avoidance]: [local_avoidance] DEACTIVATED
[WARN] [1783599900.875] [/px4_ctrl_bridge]: [px4_bridge] avoidance released -> published /planning/replan
[WARN] [1783599900.901] [/local_avoidance]: [local_avoidance] ACTIVATED  (min_dist=0.35 m, idx=4377)
[INFO] [1783599900.951] [/local_avoidance]: [local_avoidance] avoiding...  min_dist=0.36 m
[INFO] [1783599901.077] [/local_avoidance]: [local_avoidance] DEACTIVATED
[WARN] [1783599901.102] [/local_avoidance]: [local_avoidance] ACTIVATED  (min_dist=0.35 m, idx=5036)
[WARN] [1783599901.106] [/px4_ctrl_bridge]: [px4_bridge] avoidance released -> published /planning/replan
[INFO] [1783599901.162] [/mavros]: HP: requesting home position
[WARN] [1783599901.745] [/px4_ctrl_bridge]: [px4_bridge] AVOIDANCE ACTIVE -> forwarding /target_avoidance
[INFO] [1783599901.952] [/local_avoidance]: [local_avoidance] avoiding...  min_dist=0.35 m
[INFO] [1783599902.202] [/cloud_crop_bridge]: [CloudCrop] 2974 -> 631 pts (21%)
[WARN] [1783599902.755] [/px4_ctrl_bridge]: [px4_bridge] AVOIDANCE ACTIVE -> forwarding /target_avoidance
[INFO] [1783599903.002] [/local_avoidance]: [local_avoidance] avoiding...  min_dist=0.36 m
[INFO] [1783599903.602] [/local_avoidance]: [local_avoidance] DEACTIVATED
[WARN] [1783599903.625] [/px4_ctrl_bridge]: [px4_bridge] avoidance released -> published /planning/replan
[WARN] [1783599903.652] [/local_avoidance]: [local_avoidance] ACTIVATED  (min_dist=0.35 m, idx=6227)
[WARN] [1783599903.767] [/px4_ctrl_bridge]: [px4_bridge] AVOIDANCE ACTIVE -> forwarding /target_avoidance
[WARN] [1783599903.768] [/exploration_node]: wait for trigger.
[INFO] [1783599903.802] [/local_avoidance]: [local_avoidance] DEACTIVATED
[WARN] [1783599903.826] [/px4_ctrl_bridge]: [px4_bridge] avoidance released -> published /planning/replan
[WARN] [1783599903.852] [/local_avoidance]: [local_avoidance] ACTIVATED  (min_dist=0.35 m, idx=6662)
[INFO] [1783599903.903] [/local_avoidance]: [local_avoidance] DEACTIVATED
[WARN] [1783599903.925] [/px4_ctrl_bridge]: [px4_bridge] avoidance released -> published /planning/replan
[WARN] [1783599903.953] [/local_avoidance]: [local_avoidance] ACTIVATED  (min_dist=0.35 m, idx=358)
[INFO] [1783599904.002] [/local_avoidance]: [local_avoidance] DEACTIVATED
[WARN] [1783599904.025] [/px4_ctrl_bridge]: [px4_bridge] avoidance released -> published /planning/replan
[WARN] [1783599904.051] [/local_avoidance]: [local_avoidance] ACTIVATED  (min_dist=0.36 m, idx=5766)
[INFO] [1783599904.102] [/local_avoidance]: [local_avoidance] DEACTIVATED
[WARN] [1783599904.125] [/px4_ctrl_bridge]: [px4_bridge] avoidance released -> published /planning/replan
[WARN] [1783599904.153] [/local_avoidance]: [local_avoidance] ACTIVATED  (min_dist=0.35 m, idx=910)
[INFO] [1783599904.167] [/exploration_node]: [EV] [1783599904.167][   +156.6s][WAIT_TRIGGER] BATT 23.5V | voltage=23.72V percent=51% (still repeating x15 over 28.0s)
[INFO] [1783599904.202] [/local_avoidance]: [local_avoidance] DEACTIVATED
[WARN] [1783599904.225] [/px4_ctrl_bridge]: [px4_bridge] avoidance released -> published /planning/replan
[WARN] [1783599904.252] [/local_avoidance]: [local_avoidance] ACTIVATED  (min_dist=0.37 m, idx=1684)
[INFO] [1783599904.302] [/local_avoidance]: [local_avoidance] DEACTIVATED
[WARN] [1783599904.325] [/px4_ctrl_bridge]: [px4_bridge] avoidance released -> published /planning/replan
[WARN] [1783599904.355] [/local_avoidance]: [local_avoidance] ACTIVATED  (min_dist=0.35 m, idx=1369)
[INFO] [1783599904.401] [/local_avoidance]: [local_avoidance] DEACTIVATED
[WARN] [1783599904.425] [/px4_ctrl_bridge]: [px4_bridge] avoidance released -> published /planning/replan
[WARN] [1783599904.452] [/local_avoidance]: [local_avoidance] ACTIVATED  (min_dist=0.36 m, idx=6804)
[INFO] [1783599904.502] [/local_avoidance]: [local_avoidance] DEACTIVATED
[WARN] [1783599904.526] [/px4_ctrl_bridge]: [px4_bridge] avoidance released -> published /planning/replan
[WARN] [1783599904.552] [/local_avoidance]: [local_avoidance] ACTIVATED  (min_dist=0.35 m, idx=1609)
[INFO] [1783599904.602] [/local_avoidance]: [local_avoidance] DEACTIVATED
[WARN] [1783599904.625] [/px4_ctrl_bridge]: [px4_bridge] avoidance released -> published /planning/replan
[WARN] [1783599904.651] [/local_avoidance]: [local_avoidance] ACTIVATED  (min_dist=0.37 m, idx=3016)
[INFO] [1783599904.702] [/local_avoidance]: [local_avoidance] DEACTIVATED
[WARN] [1783599904.725] [/px4_ctrl_bridge]: [px4_bridge] avoidance released -> published /planning/replan
[WARN] [1783599904.752] [/local_avoidance]: [local_avoidance] ACTIVATED  (min_dist=0.35 m, idx=8004)
[WARN] [1783599904.775] [/px4_ctrl_bridge]: [px4_bridge] AVOIDANCE ACTIVE -> forwarding /target_avoidance
[INFO] [1783599904.802] [/local_avoidance]: [local_avoidance] DEACTIVATED
[WARN] [1783599904.825] [/px4_ctrl_bridge]: [px4_bridge] avoidance released -> published /planning/replan
[WARN] [1783599904.852] [/local_avoidance]: [local_avoidance] ACTIVATED  (min_dist=0.35 m, idx=7844)
[INFO] [1783599904.901] [/local_avoidance]: [local_avoidance] DEACTIVATED
[WARN] [1783599904.925] [/px4_ctrl_bridge]: [px4_bridge] avoidance released -> published /planning/replan
[WARN] [1783599904.956] [/local_avoidance]: [local_avoidance] ACTIVATED  (min_dist=0.35 m, idx=2924)
[INFO] [1783599905.002] [/local_avoidance]: [local_avoidance] DEACTIVATED
[WARN] [1783599905.027] [/px4_ctrl_bridge]: [px4_bridge] avoidance released -> published /planning/replan
[WARN] [1783599905.052] [/local_avoidance]: [local_avoidance] ACTIVATED  (min_dist=0.35 m, idx=8204)
[INFO] [1783599905.102] [/local_avoidance]: [local_avoidance] DEACTIVATED
[WARN] [1783599905.126] [/px4_ctrl_bridge]: [px4_bridge] avoidance released -> published /planning/replan
[WARN] [1783599905.152] [/local_avoidance]: [local_avoidance] ACTIVATED  (min_dist=0.35 m, idx=9105)
[INFO] [1783599905.201] [/local_avoidance]: [local_avoidance] DEACTIVATED
[WARN] [1783599905.225] [/px4_ctrl_bridge]: [px4_bridge] avoidance released -> published /planning/replan
[WARN] [1783599905.252] [/local_avoidance]: [local_avoidance] ACTIVATED  (min_dist=0.35 m, idx=2611)
[INFO] [1783599905.327] [/local_avoidance]: [local_avoidance] DEACTIVATED
[WARN] [1783599905.352] [/local_avoidance]: [local_avoidance] ACTIVATED  (min_dist=0.35 m, idx=3992)
[WARN] [1783599905.356] [/px4_ctrl_bridge]: [px4_bridge] avoidance released -> published /planning/replan
[INFO] [1783599905.402] [/local_avoidance]: [local_avoidance] DEACTIVATED
[WARN] [1783599905.425] [/px4_ctrl_bridge]: [px4_bridge] avoidance released -> published /planning/replan
[WARN] [1783599905.452] [/local_avoidance]: [local_avoidance] ACTIVATED  (min_dist=0.35 m, idx=3043)
[INFO] [1783599905.502] [/local_avoidance]: [local_avoidance] DEACTIVATED
[WARN] [1783599905.525] [/px4_ctrl_bridge]: [px4_bridge] avoidance released -> published /planning/replan
[WARN] [1783599905.553] [/local_avoidance]: [local_avoidance] ACTIVATED  (min_dist=0.35 m, idx=4056)
[INFO] [1783599905.604] [/local_avoidance]: [local_avoidance] avoiding...  min_dist=0.35 m
[INFO] [1783599905.701] [/local_avoidance]: [local_avoidance] DEACTIVATED
[WARN] [1783599905.725] [/px4_ctrl_bridge]: [px4_bridge] avoidance released -> published /planning/replan
[WARN] [1783599905.752] [/local_avoidance]: [local_avoidance] ACTIVATED  (min_dist=0.35 m, idx=4504)
[WARN] [1783599905.785] [/px4_ctrl_bridge]: [px4_bridge] AVOIDANCE ACTIVE -> forwarding /target_avoidance
[INFO] [1783599906.004] [/local_avoidance]: [local_avoidance] DEACTIVATED
[WARN] [1783599906.025] [/px4_ctrl_bridge]: [px4_bridge] avoidance released -> published /planning/replan
[WARN] [1783599906.052] [/local_avoidance]: [local_avoidance] ACTIVATED  (min_dist=0.35 m, idx=4709)
[INFO] [1783599906.201] [/local_avoidance]: [local_avoidance] DEACTIVATED
[WARN] [1783599906.225] [/px4_ctrl_bridge]: [px4_bridge] avoidance released -> published /planning/replan
[WARN] [1783599906.252] [/local_avoidance]: [local_avoidance] ACTIVATED  (min_dist=0.35 m, idx=4950)
[INFO] [1783599906.677] [/local_avoidance]: [local_avoidance] avoiding...  min_dist=0.35 m
[WARN] [1783599906.795] [/px4_ctrl_bridge]: [px4_bridge] AVOIDANCE ACTIVE -> forwarding /target_avoidance
[INFO] [1783599907.252] [/cloud_crop_bridge]: [CloudCrop] 2906 -> 516 pts (18%)
[INFO] [1783599907.702] [/local_avoidance]: [local_avoidance] avoiding...  min_dist=0.36 m
[WARN] [1783599907.795] [/px4_ctrl_bridge]: [px4_bridge] AVOIDANCE ACTIVE -> forwarding /target_avoidance
[INFO] [1783599908.452] [/local_avoidance]: [local_avoidance] DEACTIVATED
[WARN] [1783599908.475] [/px4_ctrl_bridge]: [px4_bridge] avoidance released -> published /planning/replan
[WARN] [1783599908.502] [/local_avoidance]: [local_avoidance] ACTIVATED  (min_dist=0.35 m, idx=602)
[INFO] [1783599908.652] [/local_avoidance]: [local_avoidance] DEACTIVATED
[WARN] [1783599908.675] [/px4_ctrl_bridge]: [px4_bridge] avoidance released -> published /planning/replan
[WARN] [1783599908.702] [/local_avoidance]: [local_avoidance] ACTIVATED  (min_dist=0.35 m, idx=5593)
[INFO] [1783599908.752] [/local_avoidance]: [local_avoidance] DEACTIVATED
[WARN] [1783599908.775] [/exploration_node]: wait for trigger.
[WARN] [1783599908.775] [/px4_ctrl_bridge]: [px4_bridge] avoidance released -> published /planning/replan
[WARN] [1783599908.801] [/local_avoidance]: [local_avoidance] ACTIVATED  (min_dist=0.35 m, idx=1739)
[WARN] [1783599908.826] [/px4_ctrl_bridge]: [px4_bridge] AVOIDANCE ACTIVE -> forwarding /target_avoidance
[INFO] [1783599908.855] [/local_avoidance]: [local_avoidance] DEACTIVATED
[WARN] [1783599908.885] [/px4_ctrl_bridge]: [px4_bridge] avoidance released -> published /planning/replan
[WARN] [1783599908.902] [/local_avoidance]: [local_avoidance] ACTIVATED  (min_dist=0.35 m, idx=5996)
[INFO] [1783599908.952] [/local_avoidance]: [local_avoidance] DEACTIVATED
[WARN] [1783599908.975] [/px4_ctrl_bridge]: [px4_bridge] avoidance released -> published /planning/replan
[WARN] [1783599909.003] [/local_avoidance]: [local_avoidance] ACTIVATED  (min_dist=0.35 m, idx=6678)
[INFO] [1783599909.052] [/local_avoidance]: [local_avoidance] DEACTIVATED
[WARN] [1783599909.085] [/px4_ctrl_bridge]: [px4_bridge] avoidance released -> published /planning/replan
[WARN] [1783599909.107] [/local_avoidance]: [local_avoidance] ACTIVATED  (min_dist=0.35 m, idx=495)
[INFO] [1783599909.151] [/local_avoidance]: [local_avoidance] DEACTIVATED
[WARN] [1783599909.175] [/px4_ctrl_bridge]: [px4_bridge] avoidance released -> published /planning/replan
[WARN] [1783599909.202] [/local_avoidance]: [local_avoidance] ACTIVATED  (min_dist=0.35 m, idx=7242)
[INFO] [1783599909.252] [/local_avoidance]: [local_avoidance] DEACTIVATED
[WARN] [1783599909.275] [/px4_ctrl_bridge]: [px4_bridge] avoidance released -> published /planning/replan
[WARN] [1783599909.303] [/local_avoidance]: [local_avoidance] ACTIVATED  (min_dist=0.35 m, idx=1143)
[INFO] [1783599909.376] [/local_avoidance]: [local_avoidance] DEACTIVATED
[WARN] [1783599909.402] [/local_avoidance]: [local_avoidance] ACTIVATED  (min_dist=0.35 m, idx=7990)
[WARN] [1783599909.405] [/px4_ctrl_bridge]: [px4_bridge] avoidance released -> published /planning/replan
[INFO] [1783599909.452] [/local_avoidance]: [local_avoidance] DEACTIVATED
[WARN] [1783599909.475] [/px4_ctrl_bridge]: [px4_bridge] avoidance released -> published /planning/replan
[WARN] [1783599909.501] [/local_avoidance]: [local_avoidance] ACTIVATED  (min_dist=0.35 m, idx=1390)
[INFO] [1783599909.552] [/local_avoidance]: [local_avoidance] DEACTIVATED
[WARN] [1783599909.575] [/px4_ctrl_bridge]: [px4_bridge] avoidance released -> published /planning/replan
[WARN] [1783599909.602] [/local_avoidance]: [local_avoidance] ACTIVATED  (min_dist=0.35 m, idx=8147)
[INFO] [1783599909.652] [/local_avoidance]: [local_avoidance] DEACTIVATED
[WARN] [1783599909.675] [/px4_ctrl_bridge]: [px4_bridge] avoidance released -> published /planning/replan
[WARN] [1783599909.701] [/local_avoidance]: [local_avoidance] ACTIVATED  (min_dist=0.35 m, idx=1850)
[INFO] [1783599909.752] [/local_avoidance]: [local_avoidance] DEACTIVATED
[WARN] [1783599909.775] [/px4_ctrl_bridge]: [px4_bridge] avoidance released -> published /planning/replan
[WARN] [1783599909.826] [/local_avoidance]: [local_avoidance] ACTIVATED  (min_dist=0.35 m, idx=8707)
[INFO] [1783599909.852] [/local_avoidance]: [local_avoidance] DEACTIVATED
[WARN] [1783599909.855] [/px4_ctrl_bridge]: [px4_bridge] AVOIDANCE ACTIVE -> forwarding /target_avoidance
[WARN] [1783599909.875] [/px4_ctrl_bridge]: [px4_bridge] avoidance released -> published /planning/replan
[WARN] [1783599909.927] [/local_avoidance]: [local_avoidance] ACTIVATED  (min_dist=0.35 m, idx=2689)
[INFO] [1783599909.952] [/local_avoidance]: [local_avoidance] DEACTIVATED
[WARN] [1783599909.985] [/px4_ctrl_bridge]: [px4_bridge] avoidance released -> published /planning/replan
[WARN] [1783599910.026] [/local_avoidance]: [local_avoidance] ACTIVATED  (min_dist=0.37 m, idx=3615)
[INFO] [1783599910.052] [/local_avoidance]: [local_avoidance] DEACTIVATED
[WARN] [1783599910.085] [/px4_ctrl_bridge]: [px4_bridge] avoidance released -> published /planning/replan
[WARN] [1783599910.102] [/local_avoidance]: [local_avoidance] ACTIVATED  (min_dist=0.35 m, idx=2757)
[INFO] [1783599910.153] [/local_avoidance]: [local_avoidance] DEACTIVATED
[WARN] [1783599910.175] [/px4_ctrl_bridge]: [px4_bridge] avoidance released -> published /planning/replan
[WARN] [1783599910.205] [/local_avoidance]: [local_avoidance] ACTIVATED  (min_dist=0.37 m, idx=3651)
[INFO] [1783599910.251] [/local_avoidance]: [local_avoidance] DEACTIVATED
[WARN] [1783599910.275] [/px4_ctrl_bridge]: [px4_bridge] avoidance released -> published /planning/replan
[WARN] [1783599910.306] [/local_avoidance]: [local_avoidance] ACTIVATED  (min_dist=0.35 m, idx=3545)
[INFO] [1783599910.355] [/local_avoidance]: [local_avoidance] DEACTIVATED
[WARN] [1783599910.375] [/px4_ctrl_bridge]: [px4_bridge] avoidance released -> published /planning/replan
[WARN] [1783599910.402] [/local_avoidance]: [local_avoidance] ACTIVATED  (min_dist=0.35 m, idx=8776)
[INFO] [1783599910.456] [/local_avoidance]: [local_avoidance] DEACTIVATED
[WARN] [1783599910.475] [/px4_ctrl_bridge]: [px4_bridge] avoidance released -> published /planning/replan
[WARN] [1783599910.501] [/local_avoidance]: [local_avoidance] ACTIVATED  (min_dist=0.35 m, idx=9568)
[INFO] [1783599910.551] [/local_avoidance]: [local_avoidance] DEACTIVATED
[WARN] [1783599910.575] [/px4_ctrl_bridge]: [px4_bridge] avoidance released -> published /planning/replan
[WARN] [1783599910.602] [/local_avoidance]: [local_avoidance] ACTIVATED  (min_dist=0.35 m, idx=9328)
[INFO] [1783599910.652] [/local_avoidance]: [local_avoidance] DEACTIVATED
[WARN] [1783599910.675] [/px4_ctrl_bridge]: [px4_bridge] avoidance released -> published /planning/replan
[WARN] [1783599910.702] [/local_avoidance]: [local_avoidance] ACTIVATED  (min_dist=0.35 m, idx=10041)
[INFO] [1783599910.752] [/local_avoidance]: [local_avoidance] avoiding...  min_dist=0.36 m
[INFO] [1783599910.852] [/local_avoidance]: [local_avoidance] DEACTIVATED
[WARN] [1783599910.855] [/px4_ctrl_bridge]: [px4_bridge] AVOIDANCE ACTIVE -> forwarding /target_avoidance
[WARN] [1783599910.875] [/px4_ctrl_bridge]: [px4_bridge] avoidance released -> published /planning/replan
[WARN] [1783599910.901] [/local_avoidance]: [local_avoidance] ACTIVATED  (min_dist=0.35 m, idx=4828)
[INFO] [1783599911.163] [/mavros]: HP: requesting home position
[INFO] [1783599911.802] [/local_avoidance]: [local_avoidance] avoiding...  min_dist=0.35 m
[WARN] [1783599911.865] [/px4_ctrl_bridge]: [px4_bridge] AVOIDANCE ACTIVE -> forwarding /target_avoidance
[INFO] [1783599912.253] [/cloud_crop_bridge]: [CloudCrop] 2825 -> 553 pts (20%)
[INFO] [1783599912.802] [/local_avoidance]: [local_avoidance] avoiding...  min_dist=0.35 m
[WARN] [1783599912.866] [/px4_ctrl_bridge]: [px4_bridge] AVOIDANCE ACTIVE -> forwarding /target_avoidance
[INFO] [1783599913.602] [/local_avoidance]: [local_avoidance] DEACTIVATED
[WARN] [1783599913.625] [/px4_ctrl_bridge]: [px4_bridge] avoidance released -> published /planning/replan
[WARN] [1783599913.652] [/local_avoidance]: [local_avoidance] ACTIVATED  (min_dist=0.36 m, idx=447)
[INFO] [1783599913.701] [/local_avoidance]: [local_avoidance] DEACTIVATED
[WARN] [1783599913.727] [/px4_ctrl_bridge]: [px4_bridge] avoidance released -> published /planning/replan
[WARN] [1783599913.755] [/local_avoidance]: [local_avoidance] ACTIVATED  (min_dist=0.35 m, idx=377)
[WARN] [1783599913.775] [/exploration_node]: wait for trigger.
[INFO] [1783599913.802] [/local_avoidance]: [local_avoidance] DEACTIVATED
[WARN] [1783599913.825] [/px4_ctrl_bridge]: [px4_bridge] avoidance released -> published /planning/replan
[WARN] [1783599913.857] [/local_avoidance]: [local_avoidance] ACTIVATED  (min_dist=0.35 m, idx=1285)
[WARN] [1783599913.875] [/px4_ctrl_bridge]: [px4_bridge] AVOIDANCE ACTIVE -> forwarding /target_avoidance
[INFO] [1783599913.901] [/local_avoidance]: [local_avoidance] DEACTIVATED
[WARN] [1783599913.925] [/px4_ctrl_bridge]: [px4_bridge] avoidance released -> published /planning/replan
[WARN] [1783599913.952] [/local_avoidance]: [local_avoidance] ACTIVATED  (min_dist=0.35 m, idx=617)
[INFO] [1783599914.002] [/local_avoidance]: [local_avoidance] DEACTIVATED
[WARN] [1783599914.025] [/px4_ctrl_bridge]: [px4_bridge] avoidance released -> published /planning/replan
[WARN] [1783599914.055] [/local_avoidance]: [local_avoidance] ACTIVATED  (min_dist=0.36 m, idx=6218)
[INFO] [1783599914.102] [/local_avoidance]: [local_avoidance] DEACTIVATED
[WARN] [1783599914.125] [/px4_ctrl_bridge]: [px4_bridge] avoidance released -> published /planning/replan
[WARN] [1783599914.152] [/local_avoidance]: [local_avoidance] ACTIVATED  (min_dist=0.35 m, idx=7118)
[INFO] [1783599914.227] [/local_avoidance]: [local_avoidance] DEACTIVATED
[WARN] [1783599914.252] [/local_avoidance]: [local_avoidance] ACTIVATED  (min_dist=0.35 m, idx=6576)
[WARN] [1783599914.255] [/px4_ctrl_bridge]: [px4_bridge] avoidance released -> published /planning/replan
[INFO] [1783599914.302] [/local_avoidance]: [local_avoidance] DEACTIVATED
[WARN] [1783599914.325] [/px4_ctrl_bridge]: [px4_bridge] avoidance released -> published /planning/replan
[WARN] [1783599914.355] [/local_avoidance]: [local_avoidance] ACTIVATED  (min_dist=0.35 m, idx=1744)
[INFO] [1783599914.401] [/local_avoidance]: [local_avoidance] DEACTIVATED
[WARN] [1783599914.425] [/px4_ctrl_bridge]: [px4_bridge] avoidance released -> published /planning/replan
[WARN] [1783599914.452] [/local_avoidance]: [local_avoidance] ACTIVATED  (min_dist=0.35 m, idx=7124)
[INFO] [1783599914.504] [/local_avoidance]: [local_avoidance] DEACTIVATED
[WARN] [1783599914.525] [/px4_ctrl_bridge]: [px4_bridge] avoidance released -> published /planning/replan
[WARN] [1783599914.552] [/local_avoidance]: [local_avoidance] ACTIVATED  (min_dist=0.35 m, idx=1973)
[INFO] [1783599914.602] [/local_avoidance]: [local_avoidance] DEACTIVATED
[WARN] [1783599914.625] [/px4_ctrl_bridge]: [px4_bridge] avoidance released -> published /planning/replan
[WARN] [1783599914.652] [/local_avoidance]: [local_avoidance] ACTIVATED  (min_dist=0.35 m, idx=1715)
[INFO] [1783599914.702] [/local_avoidance]: [local_avoidance] DEACTIVATED
[WARN] [1783599914.725] [/px4_ctrl_bridge]: [px4_bridge] avoidance released -> published /planning/replan
[WARN] [1783599914.752] [/local_avoidance]: [local_avoidance] ACTIVATED  (min_dist=0.35 m, idx=8269)
[INFO] [1783599914.802] [/local_avoidance]: [local_avoidance] DEACTIVATED
[WARN] [1783599914.825] [/px4_ctrl_bridge]: [px4_bridge] avoidance released -> published /planning/replan
[WARN] [1783599914.852] [/local_avoidance]: [local_avoidance] ACTIVATED  (min_dist=0.35 m, idx=2175)
[WARN] [1783599914.885] [/px4_ctrl_bridge]: [px4_bridge] AVOIDANCE ACTIVE -> forwarding /target_avoidance
[INFO] [1783599914.901] [/local_avoidance]: [local_avoidance] DEACTIVATED
[WARN] [1783599914.925] [/px4_ctrl_bridge]: [px4_bridge] avoidance released -> published /planning/replan
[WARN] [1783599914.952] [/local_avoidance]: [local_avoidance] ACTIVATED  (min_dist=0.35 m, idx=8815)
[INFO] [1783599915.002] [/local_avoidance]: [local_avoidance] DEACTIVATED
[WARN] [1783599915.025] [/px4_ctrl_bridge]: [px4_bridge] avoidance released -> published /planning/replan
[WARN] [1783599915.052] [/local_avoidance]: [local_avoidance] ACTIVATED  (min_dist=0.35 m, idx=2622)
[INFO] [1783599915.101] [/local_avoidance]: [local_avoidance] DEACTIVATED
[WARN] [1783599915.125] [/px4_ctrl_bridge]: [px4_bridge] avoidance released -> published /planning/replan
[WARN] [1783599915.154] [/local_avoidance]: [local_avoidance] ACTIVATED  (min_dist=0.35 m, idx=9279)
[INFO] [1783599915.202] [/local_avoidance]: [local_avoidance] DEACTIVATED
[WARN] [1783599915.225] [/px4_ctrl_bridge]: [px4_bridge] avoidance released -> published /planning/replan
[WARN] [1783599915.252] [/local_avoidance]: [local_avoidance] ACTIVATED  (min_dist=0.35 m, idx=8913)
[INFO] [1783599915.303] [/local_avoidance]: [local_avoidance] DEACTIVATED
[WARN] [1783599915.325] [/px4_ctrl_bridge]: [px4_bridge] avoidance released -> published /planning/replan
[WARN] [1783599915.352] [/local_avoidance]: [local_avoidance] ACTIVATED  (min_dist=0.35 m, idx=3868)
[INFO] [1783599915.401] [/local_avoidance]: [local_avoidance] DEACTIVATED
[WARN] [1783599915.425] [/px4_ctrl_bridge]: [px4_bridge] avoidance released -> published /planning/replan
[WARN] [1783599915.452] [/local_avoidance]: [local_avoidance] ACTIVATED  (min_dist=0.35 m, idx=3625)
[INFO] [1783599915.503] [/local_avoidance]: [local_avoidance] DEACTIVATED
[WARN] [1783599915.526] [/px4_ctrl_bridge]: [px4_bridge] avoidance released -> published /planning/replan
[WARN] [1783599915.552] [/local_avoidance]: [local_avoidance] ACTIVATED  (min_dist=0.35 m, idx=5002)
[INFO] [1783599915.602] [/local_avoidance]: [local_avoidance] DEACTIVATED
[WARN] [1783599915.625] [/px4_ctrl_bridge]: [px4_bridge] avoidance released -> published /planning/replan
[WARN] [1783599915.652] [/local_avoidance]: [local_avoidance] ACTIVATED  (min_dist=0.35 m, idx=4077)
[INFO] [1783599915.702] [/local_avoidance]: [local_avoidance] DEACTIVATED
[WARN] [1783599915.725] [/px4_ctrl_bridge]: [px4_bridge] avoidance released -> published /planning/replan
[WARN] [1783599915.752] [/local_avoidance]: [local_avoidance] ACTIVATED  (min_dist=0.36 m, idx=5579)
[INFO] [1783599915.826] [/local_avoidance]: [local_avoidance] DEACTIVATED
[WARN] [1783599915.852] [/local_avoidance]: [local_avoidance] ACTIVATED  (min_dist=0.35 m, idx=10144)
[WARN] [1783599915.855] [/px4_ctrl_bridge]: [px4_bridge] avoidance released -> published /planning/replan
[WARN] [1783599915.895] [/px4_ctrl_bridge]: [px4_bridge] AVOIDANCE ACTIVE -> forwarding /target_avoidance
[INFO] [1783599915.901] [/local_avoidance]: [local_avoidance] avoiding...  min_dist=0.37 m
[WARN] [1783599916.896] [/px4_ctrl_bridge]: [px4_bridge] AVOIDANCE ACTIVE -> forwarding /target_avoidance
[INFO] [1783599916.926] [/local_avoidance]: [local_avoidance] avoiding...  min_dist=0.35 m
[INFO] [1783599917.302] [/cloud_crop_bridge]: [CloudCrop] 2841 -> 589 pts (21%)
[WARN] [1783599917.906] [/px4_ctrl_bridge]: [px4_bridge] AVOIDANCE ACTIVE -> forwarding /target_avoidance
[INFO] [1783599917.952] [/local_avoidance]: [local_avoidance] avoiding...  min_dist=0.35 m
[INFO] [1783599918.552] [/local_avoidance]: [local_avoidance] DEACTIVATED
[WARN] [1783599918.576] [/px4_ctrl_bridge]: [px4_bridge] avoidance released -> published /planning/replan
[WARN] [1783599918.627] [/local_avoidance]: [local_avoidance] ACTIVATED  (min_dist=0.35 m, idx=216)
[INFO] [1783599918.752] [/local_avoidance]: [local_avoidance] DEACTIVATED
[WARN] [1783599918.777] [/px4_ctrl_bridge]: [px4_bridge] avoidance released -> published /planning/replan
[WARN] [1783599918.785] [/exploration_node]: wait for trigger.
[WARN] [1783599918.827] [/local_avoidance]: [local_avoidance] ACTIVATED  (min_dist=0.35 m, idx=6510)
[INFO] [1783599918.852] [/local_avoidance]: [local_avoidance] DEACTIVATED
[WARN] [1783599918.876] [/px4_ctrl_bridge]: [px4_bridge] avoidance released -> published /planning/replan
[WARN] [1783599918.905] [/local_avoidance]: [local_avoidance] ACTIVATED  (min_dist=0.35 m, idx=6249)
[WARN] [1783599918.925] [/px4_ctrl_bridge]: [px4_bridge] AVOIDANCE ACTIVE -> forwarding /target_avoidance
[INFO] [1783599918.976] [/local_avoidance]: [local_avoidance] DEACTIVATED
[WARN] [1783599919.002] [/local_avoidance]: [local_avoidance] ACTIVATED  (min_dist=0.35 m, idx=7439)
[WARN] [1783599919.005] [/px4_ctrl_bridge]: [px4_bridge] avoidance released -> published /planning/replan
[INFO] [1783599919.053] [/local_avoidance]: [local_avoidance] DEACTIVATED
[WARN] [1783599919.075] [/px4_ctrl_bridge]: [px4_bridge] avoidance released -> published /planning/replan
[WARN] [1783599919.102] [/local_avoidance]: [local_avoidance] ACTIVATED  (min_dist=0.35 m, idx=950)
[INFO] [1783599919.178] [/local_avoidance]: [local_avoidance] DEACTIVATED
[WARN] [1783599919.204] [/local_avoidance]: [local_avoidance] ACTIVATED  (min_dist=0.37 m, idx=1590)
[WARN] [1783599919.205] [/px4_ctrl_bridge]: [px4_bridge] avoidance released -> published /planning/replan
[INFO] [1783599919.252] [/local_avoidance]: [local_avoidance] DEACTIVATED
[WARN] [1783599919.275] [/px4_ctrl_bridge]: [px4_bridge] avoidance released -> published /planning/replan
[WARN] [1783599919.308] [/local_avoidance]: [local_avoidance] ACTIVATED  (min_dist=0.35 m, idx=8305)
[INFO] [1783599919.352] [/local_avoidance]: [local_avoidance] DEACTIVATED
[WARN] [1783599919.375] [/px4_ctrl_bridge]: [px4_bridge] avoidance released -> published /planning/replan
[WARN] [1783599919.401] [/local_avoidance]: [local_avoidance] ACTIVATED  (min_dist=0.35 m, idx=2406)
[INFO] [1783599919.451] [/local_avoidance]: [local_avoidance] DEACTIVATED
[WARN] [1783599919.475] [/px4_ctrl_bridge]: [px4_bridge] avoidance released -> published /planning/replan
[WARN] [1783599919.526] [/local_avoidance]: [local_avoidance] ACTIVATED  (min_dist=0.35 m, idx=7480)
[INFO] [1783599919.552] [/local_avoidance]: [local_avoidance] DEACTIVATED
[WARN] [1783599919.575] [/px4_ctrl_bridge]: [px4_bridge] avoidance released -> published /planning/replan
[WARN] [1783599919.603] [/local_avoidance]: [local_avoidance] ACTIVATED  (min_dist=0.36 m, idx=7168)
[INFO] [1783599919.651] [/local_avoidance]: [local_avoidance] DEACTIVATED
[WARN] [1783599919.675] [/px4_ctrl_bridge]: [px4_bridge] avoidance released -> published /planning/replan
[WARN] [1783599919.702] [/local_avoidance]: [local_avoidance] ACTIVATED  (min_dist=0.35 m, idx=2121)
[INFO] [1783599919.752] [/local_avoidance]: [local_avoidance] DEACTIVATED
[WARN] [1783599919.775] [/px4_ctrl_bridge]: [px4_bridge] avoidance released -> published /planning/replan
[WARN] [1783599919.801] [/local_avoidance]: [local_avoidance] ACTIVATED  (min_dist=0.36 m, idx=3402)
[INFO] [1783599919.851] [/local_avoidance]: [local_avoidance] DEACTIVATED
[WARN] [1783599919.875] [/px4_ctrl_bridge]: [px4_bridge] avoidance released -> published /planning/replan
[WARN] [1783599919.902] [/local_avoidance]: [local_avoidance] ACTIVATED  (min_dist=0.35 m, idx=8388)
[WARN] [1783599919.926] [/px4_ctrl_bridge]: [px4_bridge] AVOIDANCE ACTIVE -> forwarding /target_avoidance
[INFO] [1783599919.977] [/local_avoidance]: [local_avoidance] DEACTIVATED
[WARN] [1783599920.003] [/local_avoidance]: [local_avoidance] ACTIVATED  (min_dist=0.35 m, idx=8436)
[WARN] [1783599920.007] [/px4_ctrl_bridge]: [px4_bridge] avoidance released -> published /planning/replan
[INFO] [1783599920.051] [/local_avoidance]: [local_avoidance] DEACTIVATED
[WARN] [1783599920.076] [/px4_ctrl_bridge]: [px4_bridge] avoidance released -> published /planning/replan
[WARN] [1783599920.127] [/local_avoidance]: [local_avoidance] ACTIVATED  (min_dist=0.35 m, idx=3320)
[INFO] [1783599920.152] [/local_avoidance]: [local_avoidance] DEACTIVATED
[WARN] [1783599920.175] [/px4_ctrl_bridge]: [px4_bridge] avoidance released -> published /planning/replan
[WARN] [1783599920.202] [/local_avoidance]: [local_avoidance] ACTIVATED  (min_dist=0.35 m, idx=2551)
[INFO] [1783599920.253] [/local_avoidance]: [local_avoidance] DEACTIVATED
[WARN] [1783599920.275] [/px4_ctrl_bridge]: [px4_bridge] avoidance released -> published /planning/replan
[WARN] [1783599920.304] [/local_avoidance]: [local_avoidance] ACTIVATED  (min_dist=0.35 m, idx=9401)
[INFO] [1783599920.377] [/local_avoidance]: [local_avoidance] DEACTIVATED
[WARN] [1783599920.403] [/local_avoidance]: [local_avoidance] ACTIVATED  (min_dist=0.35 m, idx=3299)
[WARN] [1783599920.405] [/px4_ctrl_bridge]: [px4_bridge] avoidance released -> published /planning/replan
[INFO] [1783599920.452] [/local_avoidance]: [local_avoidance] DEACTIVATED
[WARN] [1783599920.475] [/px4_ctrl_bridge]: [px4_bridge] avoidance released -> published /planning/replan
[WARN] [1783599920.503] [/local_avoidance]: [local_avoidance] ACTIVATED  (min_dist=0.35 m, idx=10051)
[INFO] [1783599920.552] [/local_avoidance]: [local_avoidance] DEACTIVATED
[WARN] [1783599920.585] [/px4_ctrl_bridge]: [px4_bridge] avoidance released -> published /planning/replan
[WARN] [1783599920.602] [/local_avoidance]: [local_avoidance] ACTIVATED  (min_dist=0.35 m, idx=3758)
[INFO] [1783599920.653] [/local_avoidance]: [local_avoidance] DEACTIVATED
[WARN] [1783599920.677] [/px4_ctrl_bridge]: [px4_bridge] avoidance released -> published /planning/replan
[WARN] [1783599920.701] [/local_avoidance]: [local_avoidance] ACTIVATED  (min_dist=0.35 m, idx=4548)
[INFO] [1783599920.752] [/local_avoidance]: [local_avoidance] avoiding...  min_dist=0.35 m
[INFO] [1783599920.851] [/local_avoidance]: [local_avoidance] DEACTIVATED
[WARN] [1783599920.875] [/px4_ctrl_bridge]: [px4_bridge] avoidance released -> published /planning/replan
[WARN] [1783599920.902] [/local_avoidance]: [local_avoidance] ACTIVATED  (min_dist=0.36 m, idx=4892)
[WARN] [1783599920.935] [/px4_ctrl_bridge]: [px4_bridge] AVOIDANCE ACTIVE -> forwarding /target_avoidance
[INFO] [1783599921.151] [/local_avoidance]: [local_avoidance] DEACTIVATED
[INFO] [1783599921.165] [/mavros]: HP: requesting home position
[WARN] [1783599921.175] [/px4_ctrl_bridge]: [px4_bridge] avoidance released -> published /planning/replan
[WARN] [1783599921.201] [/local_avoidance]: [local_avoidance] ACTIVATED  (min_dist=0.35 m, idx=5109)
[INFO] [1783599921.803] [/local_avoidance]: [local_avoidance] avoiding...  min_dist=0.35 m
[WARN] [1783599921.935] [/px4_ctrl_bridge]: [px4_bridge] AVOIDANCE ACTIVE -> forwarding /target_avoidance
[INFO] [1783599922.306] [/cloud_crop_bridge]: [CloudCrop] 3020 -> 628 pts (21%)
[INFO] [1783599922.852] [/local_avoidance]: [local_avoidance] avoiding...  min_dist=0.35 m
[WARN] [1783599922.935] [/px4_ctrl_bridge]: [px4_bridge] AVOIDANCE ACTIVE -> forwarding /target_avoidance
[INFO] [1783599923.405] [/local_avoidance]: [local_avoidance] DEACTIVATED
[WARN] [1783599923.425] [/px4_ctrl_bridge]: [px4_bridge] avoidance released -> published /planning/replan
[WARN] [1783599923.451] [/local_avoidance]: [local_avoidance] ACTIVATED  (min_dist=0.36 m, idx=4860)
[INFO] [1783599923.603] [/local_avoidance]: [local_avoidance] DEACTIVATED
[WARN] [1783599923.625] [/px4_ctrl_bridge]: [px4_bridge] avoidance released -> published /planning/replan
[WARN] [1783599923.651] [/local_avoidance]: [local_avoidance] ACTIVATED  (min_dist=0.35 m, idx=5284)
[INFO] [1783599923.727] [/local_avoidance]: [local_avoidance] DEACTIVATED
[WARN] [1783599923.752] [/local_avoidance]: [local_avoidance] ACTIVATED  (min_dist=0.35 m, idx=944)
[WARN] [1783599923.755] [/px4_ctrl_bridge]: [px4_bridge] avoidance released -> published /planning/replan
[WARN] [1783599923.786] [/exploration_node]: wait for trigger.
[INFO] [1783599923.902] [/local_avoidance]: [local_avoidance] DEACTIVATED
[WARN] [1783599923.925] [/px4_ctrl_bridge]: [px4_bridge] avoidance released -> published /planning/replan
[WARN] [1783599923.952] [/local_avoidance]: [local_avoidance] ACTIVATED  (min_dist=0.35 m, idx=789)
[WARN] [1783599923.975] [/px4_ctrl_bridge]: [px4_bridge] AVOIDANCE ACTIVE -> forwarding /target_avoidance
[INFO] [1783599924.002] [/local_avoidance]: [local_avoidance] DEACTIVATED
[WARN] [1783599924.027] [/px4_ctrl_bridge]: [px4_bridge] avoidance released -> published /planning/replan
[WARN] [1783599924.051] [/local_avoidance]: [local_avoidance] ACTIVATED  (min_dist=0.35 m, idx=543)
[INFO] [1783599924.102] [/local_avoidance]: [local_avoidance] DEACTIVATED
[WARN] [1783599924.125] [/px4_ctrl_bridge]: [px4_bridge] avoidance released -> published /planning/replan
[WARN] [1783599924.153] [/local_avoidance]: [local_avoidance] ACTIVATED  (min_dist=0.35 m, idx=7089)
[INFO] [1783599924.230] [/local_avoidance]: [local_avoidance] DEACTIVATED
[WARN] [1783599924.255] [/local_avoidance]: [local_avoidance] ACTIVATED  (min_dist=0.35 m, idx=1379)
[WARN] [1783599924.255] [/px4_ctrl_bridge]: [px4_bridge] avoidance released -> published /planning/replan
[INFO] [1783599924.301] [/local_avoidance]: [local_avoidance] DEACTIVATED
[WARN] [1783599924.325] [/px4_ctrl_bridge]: [px4_bridge] avoidance released -> published /planning/replan
[WARN] [1783599924.351] [/local_avoidance]: [local_avoidance] ACTIVATED  (min_dist=0.35 m, idx=7751)
[INFO] [1783599924.429] [/local_avoidance]: [local_avoidance] DEACTIVATED
[WARN] [1783599924.452] [/local_avoidance]: [local_avoidance] ACTIVATED  (min_dist=0.35 m, idx=1922)
[WARN] [1783599924.455] [/px4_ctrl_bridge]: [px4_bridge] avoidance released -> published /planning/replan
[INFO] [1783599924.502] [/local_avoidance]: [local_avoidance] DEACTIVATED
[WARN] [1783599924.525] [/px4_ctrl_bridge]: [px4_bridge] avoidance released -> published /planning/replan
[WARN] [1783599924.552] [/local_avoidance]: [local_avoidance] ACTIVATED  (min_dist=0.35 m, idx=8087)
[INFO] [1783599924.602] [/local_avoidance]: [local_avoidance] DEACTIVATED
[WARN] [1783599924.625] [/px4_ctrl_bridge]: [px4_bridge] avoidance released -> published /planning/replan
[WARN] [1783599924.652] [/local_avoidance]: [local_avoidance] ACTIVATED  (min_dist=0.35 m, idx=1982)
[INFO] [1783599924.702] [/local_avoidance]: [local_avoidance] DEACTIVATED
[WARN] [1783599924.725] [/px4_ctrl_bridge]: [px4_bridge] avoidance released -> published /planning/replan
[WARN] [1783599924.752] [/local_avoidance]: [local_avoidance] ACTIVATED  (min_dist=0.35 m, idx=2986)
[INFO] [1783599924.802] [/local_avoidance]: [local_avoidance] DEACTIVATED
[WARN] [1783599924.825] [/px4_ctrl_bridge]: [px4_bridge] avoidance released -> published /planning/replan
[WARN] [1783599924.852] [/local_avoidance]: [local_avoidance] ACTIVATED  (min_dist=0.35 m, idx=8281)
[INFO] [1783599924.902] [/local_avoidance]: [local_avoidance] DEACTIVATED
[WARN] [1783599924.926] [/px4_ctrl_bridge]: [px4_bridge] avoidance released -> published /planning/replan
[WARN] [1783599924.951] [/local_avoidance]: [local_avoidance] ACTIVATED  (min_dist=0.36 m, idx=3443)
[WARN] [1783599924.975] [/px4_ctrl_bridge]: [px4_bridge] AVOIDANCE ACTIVE -> forwarding /target_avoidance
[INFO] [1783599925.002] [/local_avoidance]: [local_avoidance] DEACTIVATED
[WARN] [1783599925.025] [/px4_ctrl_bridge]: [px4_bridge] avoidance released -> published /planning/replan
[WARN] [1783599925.052] [/local_avoidance]: [local_avoidance] ACTIVATED  (min_dist=0.35 m, idx=2682)
[INFO] [1783599925.102] [/local_avoidance]: [local_avoidance] DEACTIVATED
[WARN] [1783599925.125] [/px4_ctrl_bridge]: [px4_bridge] avoidance released -> published /planning/replan
[WARN] [1783599925.152] [/local_avoidance]: [local_avoidance] ACTIVATED  (min_dist=0.36 m, idx=8262)
[INFO] [1783599925.203] [/local_avoidance]: [local_avoidance] DEACTIVATED
[WARN] [1783599925.225] [/px4_ctrl_bridge]: [px4_bridge] avoidance released -> published /planning/replan
[WARN] [1783599925.252] [/local_avoidance]: [local_avoidance] ACTIVATED  (min_dist=0.35 m, idx=9352)
[INFO] [1783599925.302] [/local_avoidance]: [local_avoidance] DEACTIVATED
[WARN] [1783599925.325] [/px4_ctrl_bridge]: [px4_bridge] avoidance released -> published /planning/replan
[WARN] [1783599925.352] [/local_avoidance]: [local_avoidance] ACTIVATED  (min_dist=0.35 m, idx=4444)
[INFO] [1783599925.402] [/local_avoidance]: [local_avoidance] DEACTIVATED
[WARN] [1783599925.425] [/px4_ctrl_bridge]: [px4_bridge] avoidance released -> published /planning/replan
[WARN] [1783599925.452] [/local_avoidance]: [local_avoidance] ACTIVATED  (min_dist=0.35 m, idx=9517)
[INFO] [1783599925.527] [/local_avoidance]: [local_avoidance] DEACTIVATED
[WARN] [1783599925.554] [/local_avoidance]: [local_avoidance] ACTIVATED  (min_dist=0.35 m, idx=9552)
[WARN] [1783599925.556] [/px4_ctrl_bridge]: [px4_bridge] avoidance released -> published /planning/replan
[INFO] [1783599925.602] [/local_avoidance]: [local_avoidance] DEACTIVATED
[WARN] [1783599925.625] [/px4_ctrl_bridge]: [px4_bridge] avoidance released -> published /planning/replan
[WARN] [1783599925.652] [/local_avoidance]: [local_avoidance] ACTIVATED  (min_dist=0.35 m, idx=8751)
[INFO] [1783599925.703] [/local_avoidance]: [local_avoidance] avoiding...  min_dist=0.37 m
[INFO] [1783599925.802] [/local_avoidance]: [local_avoidance] DEACTIVATED
[WARN] [1783599925.825] [/px4_ctrl_bridge]: [px4_bridge] avoidance released -> published /planning/replan
[WARN] [1783599925.853] [/local_avoidance]: [local_avoidance] ACTIVATED  (min_dist=0.35 m, idx=4968)
[WARN] [1783599925.985] [/px4_ctrl_bridge]: [px4_bridge] AVOIDANCE ACTIVE -> forwarding /target_avoidance
[INFO] [1783599926.006] [/local_avoidance]: [local_avoidance] DEACTIVATED
[WARN] [1783599926.025] [/px4_ctrl_bridge]: [px4_bridge] avoidance released -> published /planning/replan
[WARN] [1783599926.052] [/local_avoidance]: [local_avoidance] ACTIVATED  (min_dist=0.35 m, idx=5028)
[INFO] [1783599926.752] [/local_avoidance]: [local_avoidance] avoiding...  min_dist=0.35 m
[WARN] [1783599926.995] [/px4_ctrl_bridge]: [px4_bridge] AVOIDANCE ACTIVE -> forwarding /target_avoidance
[INFO] [1783599927.352] [/cloud_crop_bridge]: [CloudCrop] 2948 -> 501 pts (17%)
[INFO] [1783599927.752] [/local_avoidance]: [local_avoidance] avoiding...  min_dist=0.35 m
[WARN] [1783599927.997] [/px4_ctrl_bridge]: [px4_bridge] AVOIDANCE ACTIVE -> forwarding /target_avoidance
[INFO] [1783599928.553] [/local_avoidance]: [local_avoidance] DEACTIVATED
[WARN] [1783599928.575] [/px4_ctrl_bridge]: [px4_bridge] avoidance released -> published /planning/replan
[WARN] [1783599928.601] [/local_avoidance]: [local_avoidance] ACTIVATED  (min_dist=0.36 m, idx=704)
[INFO] [1783599928.752] [/local_avoidance]: [local_avoidance] DEACTIVATED
[WARN] [1783599928.775] [/px4_ctrl_bridge]: [px4_bridge] avoidance released -> published /planning/replan
[WARN] [1783599928.795] [/exploration_node]: wait for trigger.
[WARN] [1783599928.801] [/local_avoidance]: [local_avoidance] ACTIVATED  (min_dist=0.36 m, idx=854)
[INFO] [1783599928.877] [/local_avoidance]: [local_avoidance] DEACTIVATED
[WARN] [1783599928.904] [/local_avoidance]: [local_avoidance] ACTIVATED  (min_dist=0.35 m, idx=765)
[WARN] [1783599928.905] [/px4_ctrl_bridge]: [px4_bridge] avoidance released -> published /planning/replan
[INFO] [1783599928.951] [/local_avoidance]: [local_avoidance] DEACTIVATED
[WARN] [1783599928.975] [/px4_ctrl_bridge]: [px4_bridge] avoidance released -> published /planning/replan
[WARN] [1783599929.001] [/local_avoidance]: [local_avoidance] ACTIVATED  (min_dist=0.35 m, idx=1770)
[WARN] [1783599929.025] [/px4_ctrl_bridge]: [px4_bridge] AVOIDANCE ACTIVE -> forwarding /target_avoidance
[INFO] [1783599929.051] [/local_avoidance]: [local_avoidance] DEACTIVATED
[WARN] [1783599929.077] [/px4_ctrl_bridge]: [px4_bridge] avoidance released -> published /planning/replan
[WARN] [1783599929.127] [/local_avoidance]: [local_avoidance] ACTIVATED  (min_dist=0.35 m, idx=6756)
[INFO] [1783599929.152] [/local_avoidance]: [local_avoidance] DEACTIVATED
[WARN] [1783599929.155] [/exploration_node]: [EV] [1783599929.155][   +181.6s][WAIT_TRIGGER] Avoidance: Activated  <->  Deactivated | cycling x1668 over 180.6s
[WARN] [1783599929.175] [/px4_ctrl_bridge]: [px4_bridge] avoidance released -> published /planning/replan
[WARN] [1783599929.202] [/local_avoidance]: [local_avoidance] ACTIVATED  (min_dist=0.35 m, idx=6504)
[INFO] [1783599929.251] [/local_avoidance]: [local_avoidance] DEACTIVATED
[WARN] [1783599929.275] [/px4_ctrl_bridge]: [px4_bridge] avoidance released -> published /planning/replan
[WARN] [1783599929.301] [/local_avoidance]: [local_avoidance] ACTIVATED  (min_dist=0.35 m, idx=1588)
[INFO] [1783599929.352] [/local_avoidance]: [local_avoidance] DEACTIVATED
[WARN] [1783599929.385] [/px4_ctrl_bridge]: [px4_bridge] avoidance released -> published /planning/replan
[WARN] [1783599929.402] [/local_avoidance]: [local_avoidance] ACTIVATED  (min_dist=0.35 m, idx=1111)
[INFO] [1783599929.452] [/local_avoidance]: [local_avoidance] DEACTIVATED
[WARN] [1783599929.475] [/px4_ctrl_bridge]: [px4_bridge] avoidance released -> published /planning/replan
[WARN] [1783599929.528] [/local_avoidance]: [local_avoidance] ACTIVATED  (min_dist=0.35 m, idx=1917)
[INFO] [1783599929.552] [/local_avoidance]: [local_avoidance] DEACTIVATED
[WARN] [1783599929.575] [/px4_ctrl_bridge]: [px4_bridge] avoidance released -> published /planning/replan
[WARN] [1783599929.627] [/local_avoidance]: [local_avoidance] ACTIVATED  (min_dist=0.35 m, idx=1371)
[INFO] [1783599929.652] [/local_avoidance]: [local_avoidance] DEACTIVATED
[WARN] [1783599929.675] [/px4_ctrl_bridge]: [px4_bridge] avoidance released -> published /planning/replan
[WARN] [1783599929.702] [/local_avoidance]: [local_avoidance] ACTIVATED  (min_dist=0.35 m, idx=8221)
[INFO] [1783599929.776] [/local_avoidance]: [local_avoidance] DEACTIVATED
[WARN] [1783599929.802] [/local_avoidance]: [local_avoidance] ACTIVATED  (min_dist=0.35 m, idx=1899)
[WARN] [1783599929.805] [/px4_ctrl_bridge]: [px4_bridge] avoidance released -> published /planning/replan
[INFO] [1783599929.853] [/local_avoidance]: [local_avoidance] DEACTIVATED
[WARN] [1783599929.875] [/px4_ctrl_bridge]: [px4_bridge] avoidance released -> published /planning/replan
[WARN] [1783599929.901] [/local_avoidance]: [local_avoidance] ACTIVATED  (min_dist=0.35 m, idx=8975)
[INFO] [1783599929.951] [/local_avoidance]: [local_avoidance] DEACTIVATED
[WARN] [1783599929.975] [/px4_ctrl_bridge]: [px4_bridge] avoidance released -> published /planning/replan
[WARN] [1783599930.002] [/local_avoidance]: [local_avoidance] ACTIVATED  (min_dist=0.35 m, idx=2570)
[WARN] [1783599930.035] [/px4_ctrl_bridge]: [px4_bridge] AVOIDANCE ACTIVE -> forwarding /target_avoidance
[INFO] [1783599930.052] [/local_avoidance]: [local_avoidance] DEACTIVATED
[WARN] [1783599930.075] [/px4_ctrl_bridge]: [px4_bridge] avoidance released -> published /planning/replan
[WARN] [1783599930.101] [/local_avoidance]: [local_avoidance] ACTIVATED  (min_dist=0.35 m, idx=9123)
[INFO] [1783599930.152] [/local_avoidance]: [local_avoidance] DEACTIVATED
[WARN] [1783599930.175] [/px4_ctrl_bridge]: [px4_bridge] avoidance released -> published /planning/replan
[WARN] [1783599930.201] [/local_avoidance]: [local_avoidance] ACTIVATED  (min_dist=0.35 m, idx=2818)
[INFO] [1783599930.252] [/local_avoidance]: [local_avoidance] DEACTIVATED
[WARN] [1783599930.275] [/px4_ctrl_bridge]: [px4_bridge] avoidance released -> published /planning/replan
[WARN] [1783599930.302] [/local_avoidance]: [local_avoidance] ACTIVATED  (min_dist=0.36 m, idx=4023)
[INFO] [1783599930.377] [/local_avoidance]: [local_avoidance] DEACTIVATED
[WARN] [1783599930.402] [/local_avoidance]: [local_avoidance] ACTIVATED  (min_dist=0.35 m, idx=3669)
[WARN] [1783599930.406] [/px4_ctrl_bridge]: [px4_bridge] avoidance released -> published /planning/replan
[INFO] [1783599930.478] [/local_avoidance]: [local_avoidance] DEACTIVATED
[WARN] [1783599930.503] [/local_avoidance]: [local_avoidance] ACTIVATED  (min_dist=0.36 m, idx=8534)
[WARN] [1783599930.506] [/px4_ctrl_bridge]: [px4_bridge] avoidance released -> published /planning/replan
[INFO] [1783599930.552] [/local_avoidance]: [local_avoidance] DEACTIVATED
[WARN] [1783599930.575] [/px4_ctrl_bridge]: [px4_bridge] avoidance released -> published /planning/replan
[WARN] [1783599930.602] [/local_avoidance]: [local_avoidance] ACTIVATED  (min_dist=0.35 m, idx=3921)
[INFO] [1783599930.652] [/local_avoidance]: [local_avoidance] DEACTIVATED
[WARN] [1783599930.675] [/px4_ctrl_bridge]: [px4_bridge] avoidance released -> published /planning/replan
[WARN] [1783599930.702] [/local_avoidance]: [local_avoidance] ACTIVATED  (min_dist=0.35 m, idx=5014)
[INFO] [1783599930.753] [/local_avoidance]: [local_avoidance] DEACTIVATED
[WARN] [1783599930.775] [/px4_ctrl_bridge]: [px4_bridge] avoidance released -> published /planning/replan
[WARN] [1783599930.802] [/local_avoidance]: [local_avoidance] ACTIVATED  (min_dist=0.35 m, idx=10092)
[INFO] [1783599930.852] [/local_avoidance]: [local_avoidance] avoiding...  min_dist=0.37 m
[INFO] [1783599930.952] [/local_avoidance]: [local_avoidance] DEACTIVATED
[WARN] [1783599930.975] [/px4_ctrl_bridge]: [px4_bridge] avoidance released -> published /planning/replan
[WARN] [1783599931.002] [/local_avoidance]: [local_avoidance] ACTIVATED  (min_dist=0.35 m, idx=4729)
[WARN] [1783599931.035] [/px4_ctrl_bridge]: [px4_bridge] AVOIDANCE ACTIVE -> forwarding /target_avoidance
[INFO] [1783599931.162] [/mavros]: HP: requesting home position
[INFO] [1783599931.852] [/local_avoidance]: [local_avoidance] avoiding...  min_dist=0.35 m
[WARN] [1783599932.045] [/px4_ctrl_bridge]: [px4_bridge] AVOIDANCE ACTIVE -> forwarding /target_avoidance
[INFO] [1783599932.358] [/cloud_crop_bridge]: [CloudCrop] 2800 -> 535 pts (19%)
[INFO] [1783599932.901] [/local_avoidance]: [local_avoidance] avoiding...  min_dist=0.35 m
[WARN] [1783599933.045] [/px4_ctrl_bridge]: [px4_bridge] AVOIDANCE ACTIVE -> forwarding /target_avoidance
[INFO] [1783599933.704] [/local_avoidance]: [local_avoidance] DEACTIVATED
[WARN] [1783599933.725] [/px4_ctrl_bridge]: [px4_bridge] avoidance released -> published /planning/replan
[WARN] [1783599933.754] [/local_avoidance]: [local_avoidance] ACTIVATED  (min_dist=0.35 m, idx=6450)
[INFO] [1783599933.802] [/local_avoidance]: [local_avoidance] DEACTIVATED
[WARN] [1783599933.805] [/exploration_node]: wait for trigger.
[WARN] [1783599933.825] [/px4_ctrl_bridge]: [px4_bridge] avoidance released -> published /planning/replan
[WARN] [1783599933.854] [/local_avoidance]: [local_avoidance] ACTIVATED  (min_dist=0.35 m, idx=6101)
[INFO] [1783599933.901] [/local_avoidance]: [local_avoidance] DEACTIVATED
[WARN] [1783599933.925] [/px4_ctrl_bridge]: [px4_bridge] avoidance released -> published /planning/replan
[WARN] [1783599933.952] [/local_avoidance]: [local_avoidance] ACTIVATED  (min_dist=0.35 m, idx=6823)
[INFO] [1783599934.002] [/local_avoidance]: [local_avoidance] DEACTIVATED
[WARN] [1783599934.025] [/px4_ctrl_bridge]: [px4_bridge] avoidance released -> published /planning/replan
[WARN] [1783599934.052] [/local_avoidance]: [local_avoidance] ACTIVATED  (min_dist=0.35 m, idx=902)
[WARN] [1783599934.075] [/px4_ctrl_bridge]: [px4_bridge] AVOIDANCE ACTIVE -> forwarding /target_avoidance
[INFO] [1783599934.102] [/local_avoidance]: [local_avoidance] DEACTIVATED
[WARN] [1783599934.130] [/px4_ctrl_bridge]: [px4_bridge] avoidance released -> published /planning/replan
[WARN] [1783599934.152] [/local_avoidance]: [local_avoidance] ACTIVATED  (min_dist=0.35 m, idx=7367)
[INFO] [1783599934.202] [/local_avoidance]: [local_avoidance] DEACTIVATED
[WARN] [1783599934.225] [/px4_ctrl_bridge]: [px4_bridge] avoidance released -> published /planning/replan
[WARN] [1783599934.252] [/local_avoidance]: [local_avoidance] ACTIVATED  (min_dist=0.35 m, idx=1265)
[INFO] [1783599934.327] [/local_avoidance]: [local_avoidance] DEACTIVATED
[WARN] [1783599934.352] [/local_avoidance]: [local_avoidance] ACTIVATED  (min_dist=0.36 m, idx=2763)
[WARN] [1783599934.355] [/px4_ctrl_bridge]: [px4_bridge] avoidance released -> published /planning/replan
[INFO] [1783599934.401] [/local_avoidance]: [local_avoidance] DEACTIVATED
[WARN] [1783599934.425] [/px4_ctrl_bridge]: [px4_bridge] avoidance released -> published /planning/replan
[WARN] [1783599934.476] [/local_avoidance]: [local_avoidance] ACTIVATED  (min_dist=0.35 m, idx=1505)
[INFO] [1783599934.502] [/local_avoidance]: [local_avoidance] DEACTIVATED
[WARN] [1783599934.525] [/px4_ctrl_bridge]: [px4_bridge] avoidance released -> published /planning/replan
[WARN] [1783599934.552] [/local_avoidance]: [local_avoidance] ACTIVATED  (min_dist=0.36 m, idx=7194)
[INFO] [1783599934.603] [/local_avoidance]: [local_avoidance] DEACTIVATED
[WARN] [1783599934.625] [/px4_ctrl_bridge]: [px4_bridge] avoidance released -> published /planning/replan
[WARN] [1783599934.658] [/local_avoidance]: [local_avoidance] ACTIVATED  (min_dist=0.35 m, idx=7884)
[INFO] [1783599934.702] [/local_avoidance]: [local_avoidance] DEACTIVATED
[WARN] [1783599934.725] [/px4_ctrl_bridge]: [px4_bridge] avoidance released -> published /planning/replan
[WARN] [1783599934.752] [/local_avoidance]: [local_avoidance] ACTIVATED  (min_dist=0.35 m, idx=7552)
[INFO] [1783599934.802] [/local_avoidance]: [local_avoidance] DEACTIVATED
[WARN] [1783599934.825] [/px4_ctrl_bridge]: [px4_bridge] avoidance released -> published /planning/replan
[WARN] [1783599934.852] [/local_avoidance]: [local_avoidance] ACTIVATED  (min_dist=0.35 m, idx=2620)
[INFO] [1783599934.906] [/local_avoidance]: [local_avoidance] DEACTIVATED
[WARN] [1783599934.925] [/px4_ctrl_bridge]: [px4_bridge] avoidance released -> published /planning/replan
[WARN] [1783599934.955] [/local_avoidance]: [local_avoidance] ACTIVATED  (min_dist=0.35 m, idx=8092)
[INFO] [1783599935.003] [/local_avoidance]: [local_avoidance] DEACTIVATED
[WARN] [1783599935.025] [/px4_ctrl_bridge]: [px4_bridge] avoidance released -> published /planning/replan
[WARN] [1783599935.056] [/local_avoidance]: [local_avoidance] ACTIVATED  (min_dist=0.35 m, idx=8910)
[WARN] [1783599935.075] [/px4_ctrl_bridge]: [px4_bridge] AVOIDANCE ACTIVE -> forwarding /target_avoidance
[INFO] [1783599935.101] [/local_avoidance]: [local_avoidance] DEACTIVATED
[WARN] [1783599935.125] [/px4_ctrl_bridge]: [px4_bridge] avoidance released -> published /planning/replan
[WARN] [1783599935.152] [/local_avoidance]: [local_avoidance] ACTIVATED  (min_dist=0.35 m, idx=8536)
[INFO] [1783599935.202] [/local_avoidance]: [local_avoidance] DEACTIVATED
[WARN] [1783599935.225] [/px4_ctrl_bridge]: [px4_bridge] avoidance released -> published /planning/replan
[WARN] [1783599935.254] [/local_avoidance]: [local_avoidance] ACTIVATED  (min_dist=0.35 m, idx=9822)
[INFO] [1783599935.302] [/local_avoidance]: [local_avoidance] DEACTIVATED
[WARN] [1783599935.325] [/px4_ctrl_bridge]: [px4_bridge] avoidance released -> published /planning/replan
[WARN] [1783599935.351] [/local_avoidance]: [local_avoidance] ACTIVATED  (min_dist=0.35 m, idx=2947)
[INFO] [1783599935.402] [/local_avoidance]: [local_avoidance] DEACTIVATED
[WARN] [1783599935.425] [/px4_ctrl_bridge]: [px4_bridge] avoidance released -> published /planning/replan
[WARN] [1783599935.451] [/local_avoidance]: [local_avoidance] ACTIVATED  (min_dist=0.35 m, idx=3944)
[INFO] [1783599935.527] [/local_avoidance]: [local_avoidance] DEACTIVATED
[WARN] [1783599935.553] [/local_avoidance]: [local_avoidance] ACTIVATED  (min_dist=0.35 m, idx=4279)
[WARN] [1783599935.553] [/px4_ctrl_bridge]: [px4_bridge] avoidance released -> published /planning/replan
[INFO] [1783599935.603] [/local_avoidance]: [local_avoidance] DEACTIVATED
[WARN] [1783599935.625] [/px4_ctrl_bridge]: [px4_bridge] avoidance released -> published /planning/replan
[WARN] [1783599935.652] [/local_avoidance]: [local_avoidance] ACTIVATED  (min_dist=0.35 m, idx=4304)
[INFO] [1783599935.726] [/local_avoidance]: [local_avoidance] avoiding...  min_dist=0.35 m
[INFO] [1783599935.802] [/local_avoidance]: [local_avoidance] DEACTIVATED
[WARN] [1783599935.825] [/px4_ctrl_bridge]: [px4_bridge] avoidance released -> published /planning/replan
[WARN] [1783599935.852] [/local_avoidance]: [local_avoidance] ACTIVATED  (min_dist=0.35 m, idx=4844)
[WARN] [1783599936.075] [/px4_ctrl_bridge]: [px4_bridge] AVOIDANCE ACTIVE -> forwarding /target_avoidance
[INFO] [1783599936.158] [/exploration_node]: [EV] [1783599936.158][   +188.6s][WAIT_TRIGGER] BATT 23.5V | voltage=23.72V percent=51% (still repeating x16 over 30.0s)
[INFO] [1783599936.753] [/local_avoidance]: [local_avoidance] avoiding...  min_dist=0.35 m
[WARN] [1783599937.085] [/px4_ctrl_bridge]: [px4_bridge] AVOIDANCE ACTIVE -> forwarding /target_avoidance
[INFO] [1783599937.403] [/cloud_crop_bridge]: [CloudCrop] 2846 -> 621 pts (22%)
[INFO] [1783599937.802] [/local_avoidance]: [local_avoidance] avoiding...  min_dist=0.35 m
[WARN] [1783599938.095] [/px4_ctrl_bridge]: [px4_bridge] AVOIDANCE ACTIVE -> forwarding /target_avoidance
[INFO] [1783599938.151] [/local_avoidance]: [local_avoidance] DEACTIVATED
[WARN] [1783599938.178] [/px4_ctrl_bridge]: [px4_bridge] avoidance released -> published /planning/replan
[WARN] [1783599938.202] [/local_avoidance]: [local_avoidance] ACTIVATED  (min_dist=0.37 m, idx=4595)
[INFO] [1783599938.352] [/local_avoidance]: [local_avoidance] DEACTIVATED
[WARN] [1783599938.375] [/px4_ctrl_bridge]: [px4_bridge] avoidance released -> published /planning/replan
[WARN] [1783599938.402] [/local_avoidance]: [local_avoidance] ACTIVATED  (min_dist=0.35 m, idx=4796)
[INFO] [1783599938.552] [/local_avoidance]: [local_avoidance] DEACTIVATED
[WARN] [1783599938.575] [/px4_ctrl_bridge]: [px4_bridge] avoidance released -> published /planning/replan
[WARN] [1783599938.603] [/local_avoidance]: [local_avoidance] ACTIVATED  (min_dist=0.35 m, idx=5244)
[INFO] [1783599938.652] [/local_avoidance]: [local_avoidance] DEACTIVATED
[WARN] [1783599938.675] [/px4_ctrl_bridge]: [px4_bridge] avoidance released -> published /planning/replan
[WARN] [1783599938.702] [/local_avoidance]: [local_avoidance] ACTIVATED  (min_dist=0.35 m, idx=6020)
[INFO] [1783599938.752] [/local_avoidance]: [local_avoidance] DEACTIVATED
[WARN] [1783599938.775] [/px4_ctrl_bridge]: [px4_bridge] avoidance released -> published /planning/replan
[WARN] [1783599938.801] [/local_avoidance]: [local_avoidance] ACTIVATED  (min_dist=0.35 m, idx=5688)
[WARN] [1783599938.815] [/exploration_node]: wait for trigger.
[INFO] [1783599938.853] [/local_avoidance]: [local_avoidance] DEACTIVATED
[WARN] [1783599938.875] [/px4_ctrl_bridge]: [px4_bridge] avoidance released -> published /planning/replan
[WARN] [1783599938.902] [/local_avoidance]: [local_avoidance] ACTIVATED  (min_dist=0.35 m, idx=948)
[INFO] [1783599938.951] [/local_avoidance]: [local_avoidance] DEACTIVATED
[WARN] [1783599938.975] [/px4_ctrl_bridge]: [px4_bridge] avoidance released -> published /planning/replan
[WARN] [1783599939.001] [/local_avoidance]: [local_avoidance] ACTIVATED  (min_dist=0.35 m, idx=279)
[INFO] [1783599939.078] [/local_avoidance]: [local_avoidance] DEACTIVATED
[WARN] [1783599939.103] [/local_avoidance]: [local_avoidance] ACTIVATED  (min_dist=0.35 m, idx=6937)
[WARN] [1783599939.105] [/px4_ctrl_bridge]: [px4_bridge] avoidance released -> published /planning/replan
[WARN] [1783599939.125] [/px4_ctrl_bridge]: [px4_bridge] AVOIDANCE ACTIVE -> forwarding /target_avoidance
[INFO] [1783599939.152] [/local_avoidance]: [local_avoidance] DEACTIVATED
[WARN] [1783599939.175] [/px4_ctrl_bridge]: [px4_bridge] avoidance released -> published /planning/replan
[WARN] [1783599939.202] [/local_avoidance]: [local_avoidance] ACTIVATED  (min_dist=0.35 m, idx=735)
[INFO] [1783599939.251] [/local_avoidance]: [local_avoidance] DEACTIVATED
[WARN] [1783599939.275] [/px4_ctrl_bridge]: [px4_bridge] avoidance released -> published /planning/replan
[WARN] [1783599939.302] [/local_avoidance]: [local_avoidance] ACTIVATED  (min_dist=0.35 m, idx=7703)
[INFO] [1783599939.351] [/local_avoidance]: [local_avoidance] DEACTIVATED
[WARN] [1783599939.375] [/px4_ctrl_bridge]: [px4_bridge] avoidance released -> published /planning/replan
[WARN] [1783599939.401] [/local_avoidance]: [local_avoidance] ACTIVATED  (min_dist=0.35 m, idx=1194)
[INFO] [1783599939.452] [/local_avoidance]: [local_avoidance] DEACTIVATED
[WARN] [1783599939.475] [/px4_ctrl_bridge]: [px4_bridge] avoidance released -> published /planning/replan
[WARN] [1783599939.502] [/local_avoidance]: [local_avoidance] ACTIVATED  (min_dist=0.35 m, idx=2088)
[INFO] [1783599939.551] [/local_avoidance]: [local_avoidance] DEACTIVATED
[WARN] [1783599939.575] [/px4_ctrl_bridge]: [px4_bridge] avoidance released -> published /planning/replan
[WARN] [1783599939.602] [/local_avoidance]: [local_avoidance] ACTIVATED  (min_dist=0.35 m, idx=1630)
[INFO] [1783599939.651] [/local_avoidance]: [local_avoidance] DEACTIVATED
[WARN] [1783599939.675] [/px4_ctrl_bridge]: [px4_bridge] avoidance released -> published /planning/replan
[WARN] [1783599939.701] [/local_avoidance]: [local_avoidance] ACTIVATED  (min_dist=0.35 m, idx=8483)
[INFO] [1783599939.777] [/local_avoidance]: [local_avoidance] DEACTIVATED
[WARN] [1783599939.801] [/local_avoidance]: [local_avoidance] ACTIVATED  (min_dist=0.35 m, idx=2677)
[WARN] [1783599939.810] [/px4_ctrl_bridge]: [px4_bridge] avoidance released -> published /planning/replan
[INFO] [1783599939.852] [/local_avoidance]: [local_avoidance] DEACTIVATED
[WARN] [1783599939.875] [/px4_ctrl_bridge]: [px4_bridge] avoidance released -> published /planning/replan
[WARN] [1783599939.927] [/local_avoidance]: [local_avoidance] ACTIVATED  (min_dist=0.35 m, idx=3670)
[INFO] [1783599939.952] [/local_avoidance]: [local_avoidance] DEACTIVATED
[WARN] [1783599939.976] [/px4_ctrl_bridge]: [px4_bridge] avoidance released -> published /planning/replan
[WARN] [1783599940.002] [/local_avoidance]: [local_avoidance] ACTIVATED  (min_dist=0.35 m, idx=2641)
[INFO] [1783599940.052] [/local_avoidance]: [local_avoidance] DEACTIVATED
[WARN] [1783599940.075] [/px4_ctrl_bridge]: [px4_bridge] avoidance released -> published /planning/replan
[WARN] [1783599940.102] [/local_avoidance]: [local_avoidance] ACTIVATED  (min_dist=0.35 m, idx=3863)
[WARN] [1783599940.126] [/px4_ctrl_bridge]: [px4_bridge] AVOIDANCE ACTIVE -> forwarding /target_avoidance
[INFO] [1783599940.151] [/local_avoidance]: [local_avoidance] DEACTIVATED
[WARN] [1783599940.175] [/px4_ctrl_bridge]: [px4_bridge] avoidance released -> published /planning/replan
[WARN] [1783599940.201] [/local_avoidance]: [local_avoidance] ACTIVATED  (min_dist=0.35 m, idx=8832)
[INFO] [1783599940.277] [/local_avoidance]: [local_avoidance] DEACTIVATED
[WARN] [1783599940.302] [/local_avoidance]: [local_avoidance] ACTIVATED  (min_dist=0.36 m, idx=8596)
[WARN] [1783599940.305] [/px4_ctrl_bridge]: [px4_bridge] avoidance released -> published /planning/replan
[INFO] [1783599940.353] [/local_avoidance]: [local_avoidance] DEACTIVATED
[WARN] [1783599940.377] [/px4_ctrl_bridge]: [px4_bridge] avoidance released -> published /planning/replan
[WARN] [1783599940.402] [/local_avoidance]: [local_avoidance] ACTIVATED  (min_dist=0.35 m, idx=9364)
[INFO] [1783599940.452] [/local_avoidance]: [local_avoidance] DEACTIVATED
[WARN] [1783599940.476] [/px4_ctrl_bridge]: [px4_bridge] avoidance released -> published /planning/replan
[WARN] [1783599940.502] [/local_avoidance]: [local_avoidance] ACTIVATED  (min_dist=0.35 m, idx=9128)
[INFO] [1783599940.554] [/local_avoidance]: [local_avoidance] DEACTIVATED
[WARN] [1783599940.575] [/px4_ctrl_bridge]: [px4_bridge] avoidance released -> published /planning/replan
[WARN] [1783599940.602] [/local_avoidance]: [local_avoidance] ACTIVATED  (min_dist=0.35 m, idx=9833)
[INFO] [1783599940.654] [/local_avoidance]: [local_avoidance] DEACTIVATED
[WARN] [1783599940.675] [/px4_ctrl_bridge]: [px4_bridge] avoidance released -> published /planning/replan
[WARN] [1783599940.702] [/local_avoidance]: [local_avoidance] ACTIVATED  (min_dist=0.35 m, idx=3519)
[INFO] [1783599940.751] [/local_avoidance]: [local_avoidance] DEACTIVATED
[WARN] [1783599940.775] [/px4_ctrl_bridge]: [px4_bridge] avoidance released -> published /planning/replan
[WARN] [1783599940.802] [/local_avoidance]: [local_avoidance] ACTIVATED  (min_dist=0.37 m, idx=4367)
[INFO] [1783599940.851] [/local_avoidance]: [local_avoidance] avoiding...  min_dist=0.36 m
[INFO] [1783599940.951] [/local_avoidance]: [local_avoidance] DEACTIVATED
[WARN] [1783599940.975] [/px4_ctrl_bridge]: [px4_bridge] avoidance released -> published /planning/replan
[WARN] [1783599941.002] [/local_avoidance]: [local_avoidance] ACTIVATED  (min_dist=0.35 m, idx=4972)
[WARN] [1783599941.135] [/px4_ctrl_bridge]: [px4_bridge] AVOIDANCE ACTIVE -> forwarding /target_avoidance
[INFO] [1783599941.161] [/mavros]: HP: requesting home position
[INFO] [1783599941.852] [/local_avoidance]: [local_avoidance] avoiding...  min_dist=0.37 m
[WARN] [1783599942.135] [/px4_ctrl_bridge]: [px4_bridge] AVOIDANCE ACTIVE -> forwarding /target_avoidance
[INFO] [1783599942.404] [/cloud_crop_bridge]: [CloudCrop] 3041 -> 604 pts (20%)
[INFO] [1783599942.901] [/local_avoidance]: [local_avoidance] avoiding...  min_dist=0.35 m
[WARN] [1783599943.137] [/px4_ctrl_bridge]: [px4_bridge] AVOIDANCE ACTIVE -> forwarding /target_avoidance
[INFO] [1783599943.502] [/local_avoidance]: [local_avoidance] DEACTIVATED
[WARN] [1783599943.526] [/px4_ctrl_bridge]: [px4_bridge] avoidance released -> published /planning/replan
[WARN] [1783599943.552] [/local_avoidance]: [local_avoidance] ACTIVATED  (min_dist=0.36 m, idx=247)
[INFO] [1783599943.730] [/local_avoidance]: [local_avoidance] DEACTIVATED
[WARN] [1783599943.751] [/local_avoidance]: [local_avoidance] ACTIVATED  (min_dist=0.37 m, idx=1391)
[WARN] [1783599943.755] [/px4_ctrl_bridge]: [px4_bridge] avoidance released -> published /planning/replan
[INFO] [1783599943.801] [/local_avoidance]: [local_avoidance] DEACTIVATED
[WARN] [1783599943.825] [/exploration_node]: wait for trigger.
[WARN] [1783599943.825] [/px4_ctrl_bridge]: [px4_bridge] avoidance released -> published /planning/replan
[WARN] [1783599943.853] [/local_avoidance]: [local_avoidance] ACTIVATED  (min_dist=0.35 m, idx=537)
[INFO] [1783599943.903] [/local_avoidance]: [local_avoidance] DEACTIVATED
[WARN] [1783599943.925] [/px4_ctrl_bridge]: [px4_bridge] avoidance released -> published /planning/replan
[WARN] [1783599943.952] [/local_avoidance]: [local_avoidance] ACTIVATED  (min_dist=0.35 m, idx=1622)
[INFO] [1783599944.002] [/local_avoidance]: [local_avoidance] DEACTIVATED
[WARN] [1783599944.036] [/px4_ctrl_bridge]: [px4_bridge] avoidance released -> published /planning/replan
[WARN] [1783599944.052] [/local_avoidance]: [local_avoidance] ACTIVATED  (min_dist=0.35 m, idx=7494)
[INFO] [1783599944.101] [/local_avoidance]: [local_avoidance] DEACTIVATED
[WARN] [1783599944.125] [/px4_ctrl_bridge]: [px4_bridge] avoidance released -> published /planning/replan
[WARN] [1783599944.152] [/local_avoidance]: [local_avoidance] ACTIVATED  (min_dist=0.36 m, idx=6384)
[WARN] [1783599944.175] [/px4_ctrl_bridge]: [px4_bridge] AVOIDANCE ACTIVE -> forwarding /target_avoidance
[INFO] [1783599944.201] [/local_avoidance]: [local_avoidance] DEACTIVATED
[WARN] [1783599944.225] [/px4_ctrl_bridge]: [px4_bridge] avoidance released -> published /planning/replan
[WARN] [1783599944.252] [/local_avoidance]: [local_avoidance] ACTIVATED  (min_dist=0.35 m, idx=1536)
[INFO] [1783599944.302] [/local_avoidance]: [local_avoidance] DEACTIVATED
[WARN] [1783599944.325] [/px4_ctrl_bridge]: [px4_bridge] avoidance released -> published /planning/replan
[WARN] [1783599944.352] [/local_avoidance]: [local_avoidance] ACTIVATED  (min_dist=0.35 m, idx=6812)
[INFO] [1783599944.401] [/local_avoidance]: [local_avoidance] DEACTIVATED
[WARN] [1783599944.425] [/px4_ctrl_bridge]: [px4_bridge] avoidance released -> published /planning/replan
[WARN] [1783599944.477] [/local_avoidance]: [local_avoidance] ACTIVATED  (min_dist=0.35 m, idx=2080)
[INFO] [1783599944.504] [/local_avoidance]: [local_avoidance] DEACTIVATED
[WARN] [1783599944.525] [/px4_ctrl_bridge]: [px4_bridge] avoidance released -> published /planning/replan
[WARN] [1783599944.552] [/local_avoidance]: [local_avoidance] ACTIVATED  (min_dist=0.35 m, idx=1211)
[INFO] [1783599944.602] [/local_avoidance]: [local_avoidance] DEACTIVATED
[WARN] [1783599944.625] [/px4_ctrl_bridge]: [px4_bridge] avoidance released -> published /planning/replan
[WARN] [1783599944.676] [/local_avoidance]: [local_avoidance] ACTIVATED  (min_dist=0.35 m, idx=2228)
[INFO] [1783599944.702] [/local_avoidance]: [local_avoidance] DEACTIVATED
[WARN] [1783599944.725] [/px4_ctrl_bridge]: [px4_bridge] avoidance released -> published /planning/replan
[WARN] [1783599944.752] [/local_avoidance]: [local_avoidance] ACTIVATED  (min_dist=0.35 m, idx=1967)
[INFO] [1783599944.802] [/local_avoidance]: [local_avoidance] DEACTIVATED
[WARN] [1783599944.825] [/px4_ctrl_bridge]: [px4_bridge] avoidance released -> published /planning/replan
[WARN] [1783599944.852] [/local_avoidance]: [local_avoidance] ACTIVATED  (min_dist=0.35 m, idx=8525)
[INFO] [1783599944.902] [/local_avoidance]: [local_avoidance] DEACTIVATED
[WARN] [1783599944.925] [/px4_ctrl_bridge]: [px4_bridge] avoidance released -> published /planning/replan
[WARN] [1783599944.952] [/local_avoidance]: [local_avoidance] ACTIVATED  (min_dist=0.35 m, idx=2211)
[INFO] [1783599945.026] [/local_avoidance]: [local_avoidance] DEACTIVATED
[WARN] [1783599945.054] [/local_avoidance]: [local_avoidance] ACTIVATED  (min_dist=0.35 m, idx=3132)
[WARN] [1783599945.057] [/px4_ctrl_bridge]: [px4_bridge] avoidance released -> published /planning/replan
[INFO] [1783599945.101] [/local_avoidance]: [local_avoidance] DEACTIVATED
[WARN] [1783599945.125] [/px4_ctrl_bridge]: [px4_bridge] avoidance released -> published /planning/replan
[WARN] [1783599945.151] [/local_avoidance]: [local_avoidance] ACTIVATED  (min_dist=0.35 m, idx=2666)
[WARN] [1783599945.175] [/px4_ctrl_bridge]: [px4_bridge] AVOIDANCE ACTIVE -> forwarding /target_avoidance
[INFO] [1783599945.202] [/local_avoidance]: [local_avoidance] DEACTIVATED
[WARN] [1783599945.225] [/px4_ctrl_bridge]: [px4_bridge] avoidance released -> published /planning/replan
[WARN] [1783599945.251] [/local_avoidance]: [local_avoidance] ACTIVATED  (min_dist=0.35 m, idx=9531)
[INFO] [1783599945.306] [/local_avoidance]: [local_avoidance] DEACTIVATED
[WARN] [1783599945.325] [/px4_ctrl_bridge]: [px4_bridge] avoidance released -> published /planning/replan
[WARN] [1783599945.377] [/local_avoidance]: [local_avoidance] ACTIVATED  (min_dist=0.35 m, idx=9257)
[INFO] [1783599945.403] [/local_avoidance]: [local_avoidance] DEACTIVATED
[WARN] [1783599945.425] [/px4_ctrl_bridge]: [px4_bridge] avoidance released -> published /planning/replan
[WARN] [1783599945.452] [/local_avoidance]: [local_avoidance] ACTIVATED  (min_dist=0.35 m, idx=8814)
[INFO] [1783599945.527] [/local_avoidance]: [local_avoidance] DEACTIVATED
[WARN] [1783599945.556] [/px4_ctrl_bridge]: [px4_bridge] avoidance released -> published /planning/replan
[WARN] [1783599945.555] [/local_avoidance]: [local_avoidance] ACTIVATED  (min_dist=0.35 m, idx=4238)
[INFO] [1783599945.603] [/local_avoidance]: [local_avoidance] DEACTIVATED
[WARN] [1783599945.626] [/px4_ctrl_bridge]: [px4_bridge] avoidance released -> published /planning/replan
[WARN] [1783599945.652] [/local_avoidance]: [local_avoidance] ACTIVATED  (min_dist=0.36 m, idx=9238)
[INFO] [1783599945.702] [/local_avoidance]: [local_avoidance] DEACTIVATED
[WARN] [1783599945.725] [/px4_ctrl_bridge]: [px4_bridge] avoidance released -> published /planning/replan
[WARN] [1783599945.752] [/local_avoidance]: [local_avoidance] ACTIVATED  (min_dist=0.35 m, idx=4321)
[INFO] [1783599945.802] [/local_avoidance]: [local_avoidance] avoiding...  min_dist=0.38 m
[INFO] [1783599945.903] [/local_avoidance]: [local_avoidance] DEACTIVATED
[WARN] [1783599945.936] [/px4_ctrl_bridge]: [px4_bridge] avoidance released -> published /planning/replan
[WARN] [1783599945.953] [/local_avoidance]: [local_avoidance] ACTIVATED  (min_dist=0.35 m, idx=6009)
[WARN] [1783599946.185] [/px4_ctrl_bridge]: [px4_bridge] AVOIDANCE ACTIVE -> forwarding /target_avoidance
[INFO] [1783599946.802] [/local_avoidance]: [local_avoidance] avoiding...  min_dist=0.35 m
[WARN] [1783599947.195] [/px4_ctrl_bridge]: [px4_bridge] AVOIDANCE ACTIVE -> forwarding /target_avoidance
[INFO] [1783599947.404] [/cloud_crop_bridge]: [CloudCrop] 2708 -> 596 pts (22%)
[INFO] [1783599947.852] [/local_avoidance]: [local_avoidance] avoiding...  min_dist=0.35 m
[WARN] [1783599948.197] [/px4_ctrl_bridge]: [px4_bridge] AVOIDANCE ACTIVE -> forwarding /target_avoidance
[INFO] [1783599948.654] [/local_avoidance]: [local_avoidance] DEACTIVATED
[WARN] [1783599948.675] [/px4_ctrl_bridge]: [px4_bridge] avoidance released -> published /planning/replan
[WARN] [1783599948.702] [/local_avoidance]: [local_avoidance] ACTIVATED  (min_dist=0.35 m, idx=6602)
[WARN] [1783599948.835] [/exploration_node]: wait for trigger.
[INFO] [1783599948.851] [/local_avoidance]: [local_avoidance] DEACTIVATED
[WARN] [1783599948.875] [/px4_ctrl_bridge]: [px4_bridge] avoidance released -> published /planning/replan
[WARN] [1783599948.902] [/local_avoidance]: [local_avoidance] ACTIVATED  (min_dist=0.35 m, idx=7055)
[INFO] [1783599948.958] [/local_avoidance]: [local_avoidance] DEACTIVATED
[WARN] [1783599948.975] [/px4_ctrl_bridge]: [px4_bridge] avoidance released -> published /planning/replan
[WARN] [1783599949.002] [/local_avoidance]: [local_avoidance] ACTIVATED  (min_dist=0.35 m, idx=6789)
[INFO] [1783599949.052] [/local_avoidance]: [local_avoidance] DEACTIVATED
[WARN] [1783599949.075] [/px4_ctrl_bridge]: [px4_bridge] avoidance released -> published /planning/replan
[WARN] [1783599949.103] [/local_avoidance]: [local_avoidance] ACTIVATED  (min_dist=0.35 m, idx=1452)
[INFO] [1783599949.152] [/local_avoidance]: [local_avoidance] DEACTIVATED
[WARN] [1783599949.185] [/px4_ctrl_bridge]: [px4_bridge] avoidance released -> published /planning/replan
[WARN] [1783599949.226] [/local_avoidance]: [local_avoidance] ACTIVATED  (min_dist=0.35 m, idx=1106)
[INFO] [1783599949.251] [/local_avoidance]: [local_avoidance] DEACTIVATED
[WARN] [1783599949.255] [/px4_ctrl_bridge]: [px4_bridge] AVOIDANCE ACTIVE -> forwarding /target_avoidance
[WARN] [1783599949.275] [/px4_ctrl_bridge]: [px4_bridge] avoidance released -> published /planning/replan
[WARN] [1783599949.302] [/local_avoidance]: [local_avoidance] ACTIVATED  (min_dist=0.35 m, idx=1823)
[INFO] [1783599949.352] [/local_avoidance]: [local_avoidance] DEACTIVATED
[WARN] [1783599949.375] [/px4_ctrl_bridge]: [px4_bridge] avoidance released -> published /planning/replan
[WARN] [1783599949.402] [/local_avoidance]: [local_avoidance] ACTIVATED  (min_dist=0.35 m, idx=1661)
[INFO] [1783599949.452] [/local_avoidance]: [local_avoidance] DEACTIVATED
[WARN] [1783599949.475] [/px4_ctrl_bridge]: [px4_bridge] avoidance released -> published /planning/replan
[WARN] [1783599949.501] [/local_avoidance]: [local_avoidance] ACTIVATED  (min_dist=0.35 m, idx=2647)
[INFO] [1783599949.552] [/local_avoidance]: [local_avoidance] DEACTIVATED
[WARN] [1783599949.575] [/px4_ctrl_bridge]: [px4_bridge] avoidance released -> published /planning/replan
[WARN] [1783599949.602] [/local_avoidance]: [local_avoidance] ACTIVATED  (min_dist=0.35 m, idx=2109)
[INFO] [1783599949.652] [/local_avoidance]: [local_avoidance] DEACTIVATED
[WARN] [1783599949.675] [/px4_ctrl_bridge]: [px4_bridge] avoidance released -> published /planning/replan
[WARN] [1783599949.728] [/local_avoidance]: [local_avoidance] ACTIVATED  (min_dist=0.36 m, idx=7974)
[INFO] [1783599949.752] [/local_avoidance]: [local_avoidance] DEACTIVATED
[WARN] [1783599949.785] [/px4_ctrl_bridge]: [px4_bridge] avoidance released -> published /planning/replan
[WARN] [1783599949.802] [/local_avoidance]: [local_avoidance] ACTIVATED  (min_dist=0.35 m, idx=8176)
[INFO] [1783599949.856] [/local_avoidance]: [local_avoidance] DEACTIVATED
[WARN] [1783599949.878] [/px4_ctrl_bridge]: [px4_bridge] avoidance released -> published /planning/replan
[WARN] [1783599949.901] [/local_avoidance]: [local_avoidance] ACTIVATED  (min_dist=0.35 m, idx=8224)
[INFO] [1783599949.951] [/local_avoidance]: [local_avoidance] DEACTIVATED
[WARN] [1783599949.975] [/px4_ctrl_bridge]: [px4_bridge] avoidance released -> published /planning/replan
[WARN] [1783599950.002] [/local_avoidance]: [local_avoidance] ACTIVATED  (min_dist=0.35 m, idx=3005)
[INFO] [1783599950.053] [/local_avoidance]: [local_avoidance] DEACTIVATED
[WARN] [1783599950.075] [/px4_ctrl_bridge]: [px4_bridge] avoidance released -> published /planning/replan
[WARN] [1783599950.104] [/local_avoidance]: [local_avoidance] ACTIVATED  (min_dist=0.35 m, idx=8400)
[INFO] [1783599950.151] [/local_avoidance]: [local_avoidance] DEACTIVATED
[WARN] [1783599950.175] [/px4_ctrl_bridge]: [px4_bridge] avoidance released -> published /planning/replan
[WARN] [1783599950.202] [/local_avoidance]: [local_avoidance] ACTIVATED  (min_dist=0.35 m, idx=9093)
[WARN] [1783599950.256] [/px4_ctrl_bridge]: [px4_bridge] AVOIDANCE ACTIVE -> forwarding /target_avoidance
[INFO] [1783599950.277] [/local_avoidance]: [local_avoidance] DEACTIVATED
[WARN] [1783599950.302] [/local_avoidance]: [local_avoidance] ACTIVATED  (min_dist=0.35 m, idx=3463)
[WARN] [1783599950.306] [/px4_ctrl_bridge]: [px4_bridge] avoidance released -> published /planning/replan
[INFO] [1783599950.352] [/local_avoidance]: [local_avoidance] DEACTIVATED
[WARN] [1783599950.375] [/px4_ctrl_bridge]: [px4_bridge] avoidance released -> published /planning/replan
[WARN] [1783599950.404] [/local_avoidance]: [local_avoidance] ACTIVATED  (min_dist=0.35 m, idx=9646)
[INFO] [1783599950.451] [/local_avoidance]: [local_avoidance] DEACTIVATED
[WARN] [1783599950.475] [/px4_ctrl_bridge]: [px4_bridge] avoidance released -> published /planning/replan
[WARN] [1783599950.501] [/local_avoidance]: [local_avoidance] ACTIVATED  (min_dist=0.35 m, idx=3239)
[INFO] [1783599950.554] [/local_avoidance]: [local_avoidance] DEACTIVATED
[WARN] [1783599950.575] [/px4_ctrl_bridge]: [px4_bridge] avoidance released -> published /planning/replan
[WARN] [1783599950.603] [/local_avoidance]: [local_avoidance] ACTIVATED  (min_dist=0.35 m, idx=10106)
[INFO] [1783599950.651] [/local_avoidance]: [local_avoidance] avoiding...  min_dist=0.35 m
[INFO] [1783599951.161] [/mavros]: HP: requesting home position
[WARN] [1783599951.265] [/px4_ctrl_bridge]: [px4_bridge] AVOIDANCE ACTIVE -> forwarding /target_avoidance
[INFO] [1783599951.652] [/local_avoidance]: [local_avoidance] avoiding...  min_dist=0.36 m
[WARN] [1783599952.269] [/px4_ctrl_bridge]: [px4_bridge] AVOIDANCE ACTIVE -> forwarding /target_avoidance
[INFO] [1783599952.453] [/cloud_crop_bridge]: [CloudCrop] 2833 -> 592 pts (21%)
[INFO] [1783599952.652] [/local_avoidance]: [local_avoidance] avoiding...  min_dist=0.35 m
[WARN] [1783599953.275] [/px4_ctrl_bridge]: [px4_bridge] AVOIDANCE ACTIVE -> forwarding /target_avoidance
[INFO] [1783599953.302] [/local_avoidance]: [local_avoidance] DEACTIVATED
[WARN] [1783599953.325] [/px4_ctrl_bridge]: [px4_bridge] avoidance released -> published /planning/replan
[WARN] [1783599953.351] [/local_avoidance]: [local_avoidance] ACTIVATED  (min_dist=0.37 m, idx=457)
[INFO] [1783599953.501] [/local_avoidance]: [local_avoidance] DEACTIVATED
[WARN] [1783599953.525] [/px4_ctrl_bridge]: [px4_bridge] avoidance released -> published /planning/replan
[WARN] [1783599953.552] [/local_avoidance]: [local_avoidance] ACTIVATED  (min_dist=0.36 m, idx=495)
[INFO] [1783599953.602] [/local_avoidance]: [local_avoidance] DEACTIVATED
[WARN] [1783599953.625] [/px4_ctrl_bridge]: [px4_bridge] avoidance released -> published /planning/replan
[WARN] [1783599953.651] [/local_avoidance]: [local_avoidance] ACTIVATED  (min_dist=0.35 m, idx=6348)
[INFO] [1783599953.702] [/local_avoidance]: [local_avoidance] DEACTIVATED
[WARN] [1783599953.725] [/px4_ctrl_bridge]: [px4_bridge] avoidance released -> published /planning/replan
[WARN] [1783599953.781] [/local_avoidance]: [local_avoidance] ACTIVATED  (min_dist=0.35 m, idx=1460)
[INFO] [1783599953.801] [/local_avoidance]: [local_avoidance] DEACTIVATED
[WARN] [1783599953.825] [/px4_ctrl_bridge]: [px4_bridge] avoidance released -> published /planning/replan
[WARN] [1783599953.835] [/exploration_node]: wait for trigger.
[WARN] [1783599953.852] [/local_avoidance]: [local_avoidance] ACTIVATED  (min_dist=0.35 m, idx=6429)
[INFO] [1783599953.902] [/local_avoidance]: [local_avoidance] DEACTIVATED
[WARN] [1783599953.925] [/px4_ctrl_bridge]: [px4_bridge] avoidance released -> published /planning/replan
[WARN] [1783599953.952] [/local_avoidance]: [local_avoidance] ACTIVATED  (min_dist=0.36 m, idx=6272)
[INFO] [1783599954.002] [/local_avoidance]: [local_avoidance] DEACTIVATED
[WARN] [1783599954.025] [/px4_ctrl_bridge]: [px4_bridge] avoidance released -> published /planning/replan
[WARN] [1783599954.076] [/local_avoidance]: [local_avoidance] ACTIVATED  (min_dist=0.35 m, idx=1044)
[INFO] [1783599954.101] [/local_avoidance]: [local_avoidance] DEACTIVATED
[WARN] [1783599954.125] [/px4_ctrl_bridge]: [px4_bridge] avoidance released -> published /planning/replan
[WARN] [1783599954.152] [/local_avoidance]: [local_avoidance] ACTIVATED  (min_dist=0.35 m, idx=683)
[INFO] [1783599954.202] [/local_avoidance]: [local_avoidance] DEACTIVATED
[WARN] [1783599954.225] [/px4_ctrl_bridge]: [px4_bridge] avoidance released -> published /planning/replan
[WARN] [1783599954.252] [/local_avoidance]: [local_avoidance] ACTIVATED  (min_dist=0.35 m, idx=7442)
[WARN] [1783599954.275] [/px4_ctrl_bridge]: [px4_bridge] AVOIDANCE ACTIVE -> forwarding /target_avoidance
[INFO] [1783599954.302] [/local_avoidance]: [local_avoidance] DEACTIVATED
[WARN] [1783599954.325] [/px4_ctrl_bridge]: [px4_bridge] avoidance released -> published /planning/replan
[WARN] [1783599954.352] [/local_avoidance]: [local_avoidance] ACTIVATED  (min_dist=0.35 m, idx=1138)
[INFO] [1783599954.401] [/local_avoidance]: [local_avoidance] DEACTIVATED
[WARN] [1783599954.425] [/px4_ctrl_bridge]: [px4_bridge] avoidance released -> published /planning/replan
[WARN] [1783599954.453] [/local_avoidance]: [local_avoidance] ACTIVATED  (min_dist=0.35 m, idx=7982)
[INFO] [1783599954.503] [/local_avoidance]: [local_avoidance] DEACTIVATED
[WARN] [1783599954.525] [/px4_ctrl_bridge]: [px4_bridge] avoidance released -> published /planning/replan
[WARN] [1783599954.552] [/local_avoidance]: [local_avoidance] ACTIVATED  (min_dist=0.35 m, idx=1870)
[INFO] [1783599954.602] [/local_avoidance]: [local_avoidance] DEACTIVATED
[WARN] [1783599954.635] [/px4_ctrl_bridge]: [px4_bridge] avoidance released -> published /planning/replan
[WARN] [1783599954.652] [/local_avoidance]: [local_avoidance] ACTIVATED  (min_dist=0.35 m, idx=2484)
[INFO] [1783599954.702] [/local_avoidance]: [local_avoidance] DEACTIVATED
[WARN] [1783599954.725] [/px4_ctrl_bridge]: [px4_bridge] avoidance released -> published /planning/replan
[WARN] [1783599954.752] [/local_avoidance]: [local_avoidance] ACTIVATED  (min_dist=0.36 m, idx=2334)
[INFO] [1783599954.802] [/local_avoidance]: [local_avoidance] DEACTIVATED
[WARN] [1783599954.825] [/px4_ctrl_bridge]: [px4_bridge] avoidance released -> published /planning/replan
[WARN] [1783599954.852] [/local_avoidance]: [local_avoidance] ACTIVATED  (min_dist=0.35 m, idx=3356)
[INFO] [1783599954.902] [/local_avoidance]: [local_avoidance] DEACTIVATED
[WARN] [1783599954.925] [/px4_ctrl_bridge]: [px4_bridge] avoidance released -> published /planning/replan
[WARN] [1783599954.952] [/local_avoidance]: [local_avoidance] ACTIVATED  (min_dist=0.35 m, idx=2881)
[INFO] [1783599955.026] [/local_avoidance]: [local_avoidance] DEACTIVATED
[WARN] [1783599955.052] [/local_avoidance]: [local_avoidance] ACTIVATED  (min_dist=0.36 m, idx=8283)
[WARN] [1783599955.055] [/px4_ctrl_bridge]: [px4_bridge] avoidance released -> published /planning/replan
[INFO] [1783599955.102] [/local_avoidance]: [local_avoidance] DEACTIVATED
[WARN] [1783599955.125] [/px4_ctrl_bridge]: [px4_bridge] avoidance released -> published /planning/replan
[WARN] [1783599955.152] [/local_avoidance]: [local_avoidance] ACTIVATED  (min_dist=0.35 m, idx=3314)
[INFO] [1783599955.202] [/local_avoidance]: [local_avoidance] DEACTIVATED
[WARN] [1783599955.225] [/px4_ctrl_bridge]: [px4_bridge] avoidance released -> published /planning/replan
[WARN] [1783599955.252] [/local_avoidance]: [local_avoidance] ACTIVATED  (min_dist=0.35 m, idx=8820)
[WARN] [1783599955.285] [/px4_ctrl_bridge]: [px4_bridge] AVOIDANCE ACTIVE -> forwarding /target_avoidance
[INFO] [1783599955.302] [/local_avoidance]: [local_avoidance] DEACTIVATED
[WARN] [1783599955.325] [/px4_ctrl_bridge]: [px4_bridge] avoidance released -> published /planning/replan
[WARN] [1783599955.352] [/local_avoidance]: [local_avoidance] ACTIVATED  (min_dist=0.35 m, idx=9324)
[INFO] [1783599955.403] [/local_avoidance]: [local_avoidance] DEACTIVATED
[WARN] [1783599955.425] [/px4_ctrl_bridge]: [px4_bridge] avoidance released -> published /planning/replan
[WARN] [1783599955.451] [/local_avoidance]: [local_avoidance] ACTIVATED  (min_dist=0.35 m, idx=9076)
[INFO] [1783599955.502] [/local_avoidance]: [local_avoidance] DEACTIVATED
[WARN] [1783599955.525] [/px4_ctrl_bridge]: [px4_bridge] avoidance released -> published /planning/replan
[WARN] [1783599955.552] [/local_avoidance]: [local_avoidance] ACTIVATED  (min_dist=0.35 m, idx=9982)
[INFO] [1783599955.602] [/local_avoidance]: [local_avoidance] DEACTIVATED
[WARN] [1783599955.625] [/px4_ctrl_bridge]: [px4_bridge] avoidance released -> published /planning/replan
[WARN] [1783599955.652] [/local_avoidance]: [local_avoidance] ACTIVATED  (min_dist=0.35 m, idx=9612)
[INFO] [1783599955.701] [/local_avoidance]: [local_avoidance] DEACTIVATED
[WARN] [1783599955.725] [/px4_ctrl_bridge]: [px4_bridge] avoidance released -> published /planning/replan
[WARN] [1783599955.752] [/local_avoidance]: [local_avoidance] ACTIVATED  (min_dist=0.35 m, idx=9187)
[INFO] [1783599955.802] [/local_avoidance]: [local_avoidance] avoiding...  min_dist=0.35 m
[WARN] [1783599956.295] [/px4_ctrl_bridge]: [px4_bridge] AVOIDANCE ACTIVE -> forwarding /target_avoidance
[INFO] [1783599956.802] [/local_avoidance]: [local_avoidance] avoiding...  min_dist=0.37 m
[WARN] [1783599957.296] [/px4_ctrl_bridge]: [px4_bridge] AVOIDANCE ACTIVE -> forwarding /target_avoidance
[INFO] [1783599957.454] [/cloud_crop_bridge]: [CloudCrop] 2960 -> 517 pts (17%)
[INFO] [1783599957.805] [/local_avoidance]: [local_avoidance] avoiding...  min_dist=0.35 m
[WARN] [1783599958.306] [/px4_ctrl_bridge]: [px4_bridge] AVOIDANCE ACTIVE -> forwarding /target_avoidance
[INFO] [1783599958.453] [/local_avoidance]: [local_avoidance] DEACTIVATED
[WARN] [1783599958.475] [/px4_ctrl_bridge]: [px4_bridge] avoidance released -> published /planning/replan
[WARN] [1783599958.503] [/local_avoidance]: [local_avoidance] ACTIVATED  (min_dist=0.35 m, idx=272)
[INFO] [1783599958.680] [/local_avoidance]: [local_avoidance] DEACTIVATED
[WARN] [1783599958.702] [/local_avoidance]: [local_avoidance] ACTIVATED  (min_dist=0.35 m, idx=1111)
[WARN] [1783599958.705] [/px4_ctrl_bridge]: [px4_bridge] avoidance released -> published /planning/replan
[INFO] [1783599958.752] [/local_avoidance]: [local_avoidance] DEACTIVATED
[WARN] [1783599958.775] [/px4_ctrl_bridge]: [px4_bridge] avoidance released -> published /planning/replan
[WARN] [1783599958.802] [/local_avoidance]: [local_avoidance] ACTIVATED  (min_dist=0.35 m, idx=6458)
[WARN] [1783599958.845] [/exploration_node]: wait for trigger.
[INFO] [1783599958.851] [/local_avoidance]: [local_avoidance] DEACTIVATED
[WARN] [1783599958.885] [/px4_ctrl_bridge]: [px4_bridge] avoidance released -> published /planning/replan
[WARN] [1783599958.902] [/local_avoidance]: [local_avoidance] ACTIVATED  (min_dist=0.37 m, idx=6104)
[INFO] [1783599958.951] [/local_avoidance]: [local_avoidance] DEACTIVATED
[WARN] [1783599958.975] [/px4_ctrl_bridge]: [px4_bridge] avoidance released -> published /planning/replan
[WARN] [1783599959.001] [/local_avoidance]: [local_avoidance] ACTIVATED  (min_dist=0.35 m, idx=6660)
[INFO] [1783599959.076] [/local_avoidance]: [local_avoidance] DEACTIVATED
[WARN] [1783599959.102] [/local_avoidance]: [local_avoidance] ACTIVATED  (min_dist=0.35 m, idx=6749)
[WARN] [1783599959.106] [/px4_ctrl_bridge]: [px4_bridge] avoidance released -> published /planning/replan
[INFO] [1783599959.152] [/local_avoidance]: [local_avoidance] DEACTIVATED
[INFO] [1783599959.175] [/exploration_node]: [EV] [1783599959.175][   +211.6s][WAIT_TRIGGER] Avoidance: Deactivated  <->  Activated | cycling x1943 over 210.6s
[WARN] [1783599959.175] [/px4_ctrl_bridge]: [px4_bridge] avoidance released -> published /planning/replan
[WARN] [1783599959.202] [/local_avoidance]: [local_avoidance] ACTIVATED  (min_dist=0.35 m, idx=7100)
[INFO] [1783599959.254] [/local_avoidance]: [local_avoidance] DEACTIVATED
[WARN] [1783599959.275] [/px4_ctrl_bridge]: [px4_bridge] avoidance released -> published /planning/replan
[WARN] [1783599959.302] [/local_avoidance]: [local_avoidance] ACTIVATED  (min_dist=0.35 m, idx=6764)
[WARN] [1783599959.325] [/px4_ctrl_bridge]: [px4_bridge] AVOIDANCE ACTIVE -> forwarding /target_avoidance
[INFO] [1783599959.352] [/local_avoidance]: [local_avoidance] DEACTIVATED
[WARN] [1783599959.375] [/px4_ctrl_bridge]: [px4_bridge] avoidance released -> published /planning/replan
[WARN] [1783599959.426] [/local_avoidance]: [local_avoidance] ACTIVATED  (min_dist=0.35 m, idx=1932)
[INFO] [1783599959.452] [/local_avoidance]: [local_avoidance] DEACTIVATED
[WARN] [1783599959.475] [/px4_ctrl_bridge]: [px4_bridge] avoidance released -> published /planning/replan
[WARN] [1783599959.502] [/local_avoidance]: [local_avoidance] ACTIVATED  (min_dist=0.35 m, idx=7304)
[INFO] [1783599959.577] [/local_avoidance]: [local_avoidance] DEACTIVATED
[WARN] [1783599959.601] [/local_avoidance]: [local_avoidance] ACTIVATED  (min_dist=0.35 m, idx=8209)
[WARN] [1783599959.605] [/px4_ctrl_bridge]: [px4_bridge] avoidance released -> published /planning/replan
[INFO] [1783599959.653] [/local_avoidance]: [local_avoidance] DEACTIVATED
[WARN] [1783599959.675] [/px4_ctrl_bridge]: [px4_bridge] avoidance released -> published /planning/replan
[WARN] [1783599959.704] [/local_avoidance]: [local_avoidance] ACTIVATED  (min_dist=0.35 m, idx=3071)
[INFO] [1783599959.755] [/local_avoidance]: [local_avoidance] DEACTIVATED
[WARN] [1783599959.775] [/px4_ctrl_bridge]: [px4_bridge] avoidance released -> published /planning/replan
[WARN] [1783599959.803] [/local_avoidance]: [local_avoidance] ACTIVATED  (min_dist=0.35 m, idx=3003)
[INFO] [1783599959.852] [/local_avoidance]: [local_avoidance] DEACTIVATED
[WARN] [1783599959.875] [/px4_ctrl_bridge]: [px4_bridge] avoidance released -> published /planning/replan
[WARN] [1783599959.928] [/local_avoidance]: [local_avoidance] ACTIVATED  (min_dist=0.35 m, idx=2439)
[INFO] [1783599959.954] [/local_avoidance]: [local_avoidance] DEACTIVATED
[WARN] [1783599959.975] [/px4_ctrl_bridge]: [px4_bridge] avoidance released -> published /planning/replan
[WARN] [1783599960.001] [/local_avoidance]: [local_avoidance] ACTIVATED  (min_dist=0.35 m, idx=9591)
[INFO] [1783599960.051] [/local_avoidance]: [local_avoidance] DEACTIVATED
[WARN] [1783599960.085] [/px4_ctrl_bridge]: [px4_bridge] avoidance released -> published /planning/replan
[WARN] [1783599960.130] [/local_avoidance]: [local_avoidance] ACTIVATED  (min_dist=0.35 m, idx=2914)
[INFO] [1783599960.153] [/local_avoidance]: [local_avoidance] DEACTIVATED
[WARN] [1783599960.175] [/px4_ctrl_bridge]: [px4_bridge] avoidance released -> published /planning/replan
[WARN] [1783599960.202] [/local_avoidance]: [local_avoidance] ACTIVATED  (min_dist=0.35 m, idx=9475)
[INFO] [1783599960.253] [/local_avoidance]: [local_avoidance] DEACTIVATED
[WARN] [1783599960.276] [/px4_ctrl_bridge]: [px4_bridge] avoidance released -> published /planning/replan
[WARN] [1783599960.302] [/local_avoidance]: [local_avoidance] ACTIVATED  (min_dist=0.35 m, idx=3258)
[WARN] [1783599960.336] [/px4_ctrl_bridge]: [px4_bridge] AVOIDANCE ACTIVE -> forwarding /target_avoidance
[INFO] [1783599960.352] [/local_avoidance]: [local_avoidance] DEACTIVATED
[WARN] [1783599960.375] [/px4_ctrl_bridge]: [px4_bridge] avoidance released -> published /planning/replan
[WARN] [1783599960.402] [/local_avoidance]: [local_avoidance] ACTIVATED  (min_dist=0.36 m, idx=8863)
[INFO] [1783599960.455] [/local_avoidance]: [local_avoidance] DEACTIVATED
[WARN] [1783599960.475] [/px4_ctrl_bridge]: [px4_bridge] avoidance released -> published /planning/replan
[WARN] [1783599960.503] [/local_avoidance]: [local_avoidance] ACTIVATED  (min_dist=0.35 m, idx=8427)
[INFO] [1783599960.551] [/local_avoidance]: [local_avoidance] DEACTIVATED
[WARN] [1783599960.575] [/px4_ctrl_bridge]: [px4_bridge] avoidance released -> published /planning/replan
[WARN] [1783599960.601] [/local_avoidance]: [local_avoidance] ACTIVATED  (min_dist=0.36 m, idx=4913)
[INFO] [1783599960.652] [/local_avoidance]: [local_avoidance] DEACTIVATED
[WARN] [1783599960.675] [/px4_ctrl_bridge]: [px4_bridge] avoidance released -> published /planning/replan
[WARN] [1783599960.702] [/local_avoidance]: [local_avoidance] ACTIVATED  (min_dist=0.35 m, idx=8941)
[INFO] [1783599960.752] [/local_avoidance]: [local_avoidance] DEACTIVATED
[WARN] [1783599960.775] [/px4_ctrl_bridge]: [px4_bridge] avoidance released -> published /planning/replan
[WARN] [1783599960.802] [/local_avoidance]: [local_avoidance] ACTIVATED  (min_dist=0.36 m, idx=9750)
[INFO] [1783599960.852] [/local_avoidance]: [local_avoidance] DEACTIVATED
[WARN] [1783599960.875] [/px4_ctrl_bridge]: [px4_bridge] avoidance released -> published /planning/replan
[WARN] [1783599960.902] [/local_avoidance]: [local_avoidance] ACTIVATED  (min_dist=0.35 m, idx=5020)
[INFO] [1783599960.952] [/local_avoidance]: [local_avoidance] avoiding...  min_dist=0.35 m
[INFO] [1783599961.161] [/mavros]: HP: requesting home position
[WARN] [1783599961.347] [/px4_ctrl_bridge]: [px4_bridge] AVOIDANCE ACTIVE -> forwarding /target_avoidance
[INFO] [1783599961.953] [/local_avoidance]: [local_avoidance] avoiding...  min_dist=0.35 m
[WARN] [1783599962.356] [/px4_ctrl_bridge]: [px4_bridge] AVOIDANCE ACTIVE -> forwarding /target_avoidance
[INFO] [1783599962.454] [/cloud_crop_bridge]: [CloudCrop] 2804 -> 618 pts (22%)
[INFO] [1783599963.002] [/local_avoidance]: [local_avoidance] avoiding...  min_dist=0.35 m
[WARN] [1783599963.365] [/px4_ctrl_bridge]: [px4_bridge] AVOIDANCE ACTIVE -> forwarding /target_avoidance
[INFO] [1783599963.602] [/local_avoidance]: [local_avoidance] DEACTIVATED
[WARN] [1783599963.625] [/px4_ctrl_bridge]: [px4_bridge] avoidance released -> published /planning/replan
[WARN] [1783599963.653] [/local_avoidance]: [local_avoidance] ACTIVATED  (min_dist=0.35 m, idx=508)
[INFO] [1783599963.702] [/local_avoidance]: [local_avoidance] DEACTIVATED
[WARN] [1783599963.725] [/px4_ctrl_bridge]: [px4_bridge] avoidance released -> published /planning/replan
[WARN] [1783599963.754] [/local_avoidance]: [local_avoidance] ACTIVATED  (min_dist=0.35 m, idx=38)
[INFO] [1783599963.801] [/local_avoidance]: [local_avoidance] DEACTIVATED
[WARN] [1783599963.825] [/px4_ctrl_bridge]: [px4_bridge] avoidance released -> published /planning/replan
[WARN] [1783599963.845] [/exploration_node]: wait for trigger.
[WARN] [1783599963.856] [/local_avoidance]: [local_avoidance] ACTIVATED  (min_dist=0.35 m, idx=952)
[INFO] [1783599963.902] [/local_avoidance]: [local_avoidance] DEACTIVATED
[WARN] [1783599963.925] [/px4_ctrl_bridge]: [px4_bridge] avoidance released -> published /planning/replan
[WARN] [1783599963.952] [/local_avoidance]: [local_avoidance] ACTIVATED  (min_dist=0.35 m, idx=6545)
[INFO] [1783599964.002] [/local_avoidance]: [local_avoidance] DEACTIVATED
[WARN] [1783599964.035] [/px4_ctrl_bridge]: [px4_bridge] avoidance released -> published /planning/replan
[WARN] [1783599964.076] [/local_avoidance]: [local_avoidance] ACTIVATED  (min_dist=0.35 m, idx=2452)
[INFO] [1783599964.102] [/local_avoidance]: [local_avoidance] DEACTIVATED
[WARN] [1783599964.135] [/px4_ctrl_bridge]: [px4_bridge] avoidance released -> published /planning/replan
[WARN] [1783599964.152] [/local_avoidance]: [local_avoidance] ACTIVATED  (min_dist=0.35 m, idx=6989)
[INFO] [1783599964.202] [/local_avoidance]: [local_avoidance] DEACTIVATED
[WARN] [1783599964.225] [/px4_ctrl_bridge]: [px4_bridge] avoidance released -> published /planning/replan
[WARN] [1783599964.252] [/local_avoidance]: [local_avoidance] ACTIVATED  (min_dist=0.35 m, idx=2272)
[INFO] [1783599964.302] [/local_avoidance]: [local_avoidance] DEACTIVATED
[WARN] [1783599964.325] [/px4_ctrl_bridge]: [px4_bridge] avoidance released -> published /planning/replan
[WARN] [1783599964.352] [/local_avoidance]: [local_avoidance] ACTIVATED  (min_dist=0.35 m, idx=1406)
[WARN] [1783599964.376] [/px4_ctrl_bridge]: [px4_bridge] AVOIDANCE ACTIVE -> forwarding /target_avoidance
[INFO] [1783599964.402] [/local_avoidance]: [local_avoidance] DEACTIVATED
[WARN] [1783599964.425] [/px4_ctrl_bridge]: [px4_bridge] avoidance released -> published /planning/replan
[WARN] [1783599964.452] [/local_avoidance]: [local_avoidance] ACTIVATED  (min_dist=0.36 m, idx=2311)
[INFO] [1783599964.502] [/local_avoidance]: [local_avoidance] DEACTIVATED
[WARN] [1783599964.527] [/px4_ctrl_bridge]: [px4_bridge] avoidance released -> published /planning/replan
[WARN] [1783599964.553] [/local_avoidance]: [local_avoidance] ACTIVATED  (min_dist=0.35 m, idx=7884)
[INFO] [1783599964.604] [/local_avoidance]: [local_avoidance] DEACTIVATED
[WARN] [1783599964.626] [/px4_ctrl_bridge]: [px4_bridge] avoidance released -> published /planning/replan
[WARN] [1783599964.652] [/local_avoidance]: [local_avoidance] ACTIVATED  (min_dist=0.35 m, idx=7547)
[INFO] [1783599964.701] [/local_avoidance]: [local_avoidance] DEACTIVATED
[WARN] [1783599964.725] [/px4_ctrl_bridge]: [px4_bridge] avoidance released -> published /planning/replan
[WARN] [1783599964.752] [/local_avoidance]: [local_avoidance] ACTIVATED  (min_dist=0.35 m, idx=2512)
[INFO] [1783599964.802] [/local_avoidance]: [local_avoidance] DEACTIVATED
[WARN] [1783599964.825] [/px4_ctrl_bridge]: [px4_bridge] avoidance released -> published /planning/replan
[WARN] [1783599964.853] [/local_avoidance]: [local_avoidance] ACTIVATED  (min_dist=0.35 m, idx=7980)
[INFO] [1783599964.907] [/local_avoidance]: [local_avoidance] DEACTIVATED
[WARN] [1783599964.925] [/px4_ctrl_bridge]: [px4_bridge] avoidance released -> published /planning/replan
[WARN] [1783599964.952] [/local_avoidance]: [local_avoidance] ACTIVATED  (min_dist=0.35 m, idx=8668)
[INFO] [1783599965.002] [/local_avoidance]: [local_avoidance] DEACTIVATED
[WARN] [1783599965.025] [/px4_ctrl_bridge]: [px4_bridge] avoidance released -> published /planning/replan
[WARN] [1783599965.052] [/local_avoidance]: [local_avoidance] ACTIVATED  (min_dist=0.35 m, idx=8424)
[INFO] [1783599965.101] [/local_avoidance]: [local_avoidance] DEACTIVATED
[WARN] [1783599965.125] [/px4_ctrl_bridge]: [px4_bridge] avoidance released -> published /planning/replan
[WARN] [1783599965.152] [/local_avoidance]: [local_avoidance] ACTIVATED  (min_dist=0.35 m, idx=9129)
[INFO] [1783599965.226] [/local_avoidance]: [local_avoidance] DEACTIVATED
[WARN] [1783599965.253] [/local_avoidance]: [local_avoidance] ACTIVATED  (min_dist=0.35 m, idx=8892)
[WARN] [1783599965.255] [/px4_ctrl_bridge]: [px4_bridge] avoidance released -> published /planning/replan
[INFO] [1783599965.303] [/local_avoidance]: [local_avoidance] DEACTIVATED
[WARN] [1783599965.326] [/px4_ctrl_bridge]: [px4_bridge] avoidance released -> published /planning/replan
[WARN] [1783599965.351] [/local_avoidance]: [local_avoidance] ACTIVATED  (min_dist=0.35 m, idx=3856)
[WARN] [1783599965.385] [/px4_ctrl_bridge]: [px4_bridge] AVOIDANCE ACTIVE -> forwarding /target_avoidance
[INFO] [1783599965.403] [/local_avoidance]: [local_avoidance] DEACTIVATED
[WARN] [1783599965.425] [/px4_ctrl_bridge]: [px4_bridge] avoidance released -> published /planning/replan
[WARN] [1783599965.452] [/local_avoidance]: [local_avoidance] ACTIVATED  (min_dist=0.35 m, idx=3491)
[INFO] [1783599965.526] [/local_avoidance]: [local_avoidance] DEACTIVATED
[WARN] [1783599965.551] [/local_avoidance]: [local_avoidance] ACTIVATED  (min_dist=0.35 m, idx=10226)
[WARN] [1783599965.555] [/px4_ctrl_bridge]: [px4_bridge] avoidance released -> published /planning/replan
[INFO] [1783599965.602] [/local_avoidance]: [local_avoidance] avoiding...  min_dist=0.35 m
[INFO] [1783599965.702] [/local_avoidance]: [local_avoidance] DEACTIVATED
[WARN] [1783599965.725] [/px4_ctrl_bridge]: [px4_bridge] avoidance released -> published /planning/replan
[WARN] [1783599965.752] [/local_avoidance]: [local_avoidance] ACTIVATED  (min_dist=0.35 m, idx=4832)
[INFO] [1783599966.002] [/local_avoidance]: [local_avoidance] DEACTIVATED
[WARN] [1783599966.025] [/px4_ctrl_bridge]: [px4_bridge] avoidance released -> published /planning/replan
[WARN] [1783599966.054] [/local_avoidance]: [local_avoidance] ACTIVATED  (min_dist=0.35 m, idx=4945)
[WARN] [1783599966.395] [/px4_ctrl_bridge]: [px4_bridge] AVOIDANCE ACTIVE -> forwarding /target_avoidance
[INFO] [1783599966.603] [/local_avoidance]: [local_avoidance] avoiding...  min_dist=0.37 m
[WARN] [1783599967.405] [/px4_ctrl_bridge]: [px4_bridge] AVOIDANCE ACTIVE -> forwarding /target_avoidance
[INFO] [1783599967.458] [/cloud_crop_bridge]: [CloudCrop] 3009 -> 526 pts (17%)
[INFO] [1783599967.652] [/local_avoidance]: [local_avoidance] avoiding...  min_dist=0.35 m
[INFO] [1783599968.153] [/exploration_node]: [EV] [1783599968.153][   +220.6s][WAIT_TRIGGER] BATT 23.5V | voltage=23.72V percent=51% (still repeating x16 over 30.0s)
[WARN] [1783599968.409] [/px4_ctrl_bridge]: [px4_bridge] AVOIDANCE ACTIVE -> forwarding /target_avoidance
[INFO] [1783599968.452] [/local_avoidance]: [local_avoidance] DEACTIVATED
[WARN] [1783599968.475] [/px4_ctrl_bridge]: [px4_bridge] avoidance released -> published /planning/replan
[WARN] [1783599968.501] [/local_avoidance]: [local_avoidance] ACTIVATED  (min_dist=0.36 m, idx=5244)
[INFO] [1783599968.552] [/local_avoidance]: [local_avoidance] DEACTIVATED
[WARN] [1783599968.575] [/px4_ctrl_bridge]: [px4_bridge] avoidance released -> published /planning/replan
[WARN] [1783599968.601] [/local_avoidance]: [local_avoidance] ACTIVATED  (min_dist=0.35 m, idx=5916)
[INFO] [1783599968.652] [/local_avoidance]: [local_avoidance] DEACTIVATED
[WARN] [1783599968.675] [/px4_ctrl_bridge]: [px4_bridge] avoidance released -> published /planning/replan
[WARN] [1783599968.702] [/local_avoidance]: [local_avoidance] ACTIVATED  (min_dist=0.35 m, idx=5772)
[INFO] [1783599968.752] [/local_avoidance]: [local_avoidance] DEACTIVATED
[WARN] [1783599968.785] [/px4_ctrl_bridge]: [px4_bridge] avoidance released -> published /planning/replan
[WARN] [1783599968.802] [/local_avoidance]: [local_avoidance] ACTIVATED  (min_dist=0.35 m, idx=752)
[INFO] [1783599968.852] [/local_avoidance]: [local_avoidance] DEACTIVATED
[WARN] [1783599968.855] [/exploration_node]: wait for trigger.
[WARN] [1783599968.875] [/px4_ctrl_bridge]: [px4_bridge] avoidance released -> published /planning/replan
[WARN] [1783599968.902] [/local_avoidance]: [local_avoidance] ACTIVATED  (min_dist=0.35 m, idx=6312)
[INFO] [1783599968.977] [/local_avoidance]: [local_avoidance] DEACTIVATED
[WARN] [1783599969.002] [/local_avoidance]: [local_avoidance] ACTIVATED  (min_dist=0.35 m, idx=7113)
[WARN] [1783599969.007] [/px4_ctrl_bridge]: [px4_bridge] avoidance released -> published /planning/replan
[INFO] [1783599969.052] [/local_avoidance]: [local_avoidance] DEACTIVATED
[WARN] [1783599969.075] [/px4_ctrl_bridge]: [px4_bridge] avoidance released -> published /planning/replan
[WARN] [1783599969.102] [/local_avoidance]: [local_avoidance] ACTIVATED  (min_dist=0.35 m, idx=6680)
[INFO] [1783599969.152] [/local_avoidance]: [local_avoidance] DEACTIVATED
[WARN] [1783599969.176] [/px4_ctrl_bridge]: [px4_bridge] avoidance released -> published /planning/replan
[WARN] [1783599969.227] [/local_avoidance]: [local_avoidance] ACTIVATED  (min_dist=0.35 m, idx=7766)
[INFO] [1783599969.252] [/local_avoidance]: [local_avoidance] DEACTIVATED
[WARN] [1783599969.275] [/px4_ctrl_bridge]: [px4_bridge] avoidance released -> published /planning/replan
[WARN] [1783599969.303] [/local_avoidance]: [local_avoidance] ACTIVATED  (min_dist=0.35 m, idx=1167)
[INFO] [1783599969.354] [/local_avoidance]: [local_avoidance] DEACTIVATED
[WARN] [1783599969.376] [/px4_ctrl_bridge]: [px4_bridge] avoidance released -> published /planning/replan
[WARN] [1783599969.405] [/local_avoidance]: [local_avoidance] ACTIVATED  (min_dist=0.35 m, idx=8023)
[WARN] [1783599969.435] [/px4_ctrl_bridge]: [px4_bridge] AVOIDANCE ACTIVE -> forwarding /target_avoidance
[INFO] [1783599969.452] [/local_avoidance]: [local_avoidance] DEACTIVATED
[WARN] [1783599969.475] [/px4_ctrl_bridge]: [px4_bridge] avoidance released -> published /planning/replan
[WARN] [1783599969.501] [/local_avoidance]: [local_avoidance] ACTIVATED  (min_dist=0.35 m, idx=1626)
[INFO] [1783599969.551] [/local_avoidance]: [local_avoidance] DEACTIVATED
[WARN] [1783599969.575] [/px4_ctrl_bridge]: [px4_bridge] avoidance released -> published /planning/replan
[WARN] [1783599969.601] [/local_avoidance]: [local_avoidance] ACTIVATED  (min_dist=0.35 m, idx=8375)
[INFO] [1783599969.678] [/local_avoidance]: [local_avoidance] DEACTIVATED
[WARN] [1783599969.705] [/local_avoidance]: [local_avoidance] ACTIVATED  (min_dist=0.35 m, idx=2558)
[WARN] [1783599969.706] [/px4_ctrl_bridge]: [px4_bridge] avoidance released -> published /planning/replan
[INFO] [1783599969.751] [/local_avoidance]: [local_avoidance] DEACTIVATED
[WARN] [1783599969.775] [/px4_ctrl_bridge]: [px4_bridge] avoidance released -> published /planning/replan
[WARN] [1783599969.802] [/local_avoidance]: [local_avoidance] ACTIVATED  (min_dist=0.35 m, idx=3395)
[INFO] [1783599969.853] [/local_avoidance]: [local_avoidance] DEACTIVATED
[WARN] [1783599969.875] [/px4_ctrl_bridge]: [px4_bridge] avoidance released -> published /planning/replan
[WARN] [1783599969.901] [/local_avoidance]: [local_avoidance] ACTIVATED  (min_dist=0.35 m, idx=2622)
[INFO] [1783599969.952] [/local_avoidance]: [local_avoidance] DEACTIVATED
[WARN] [1783599969.985] [/px4_ctrl_bridge]: [px4_bridge] avoidance released -> published /planning/replan
[WARN] [1783599970.003] [/local_avoidance]: [local_avoidance] ACTIVATED  (min_dist=0.35 m, idx=3443)
[INFO] [1783599970.052] [/local_avoidance]: [local_avoidance] DEACTIVATED
[WARN] [1783599970.075] [/px4_ctrl_bridge]: [px4_bridge] avoidance released -> published /planning/replan
[WARN] [1783599970.108] [/local_avoidance]: [local_avoidance] ACTIVATED  (min_dist=0.35 m, idx=9030)
[INFO] [1783599970.152] [/local_avoidance]: [local_avoidance] DEACTIVATED
[WARN] [1783599970.175] [/px4_ctrl_bridge]: [px4_bridge] avoidance released -> published /planning/replan
[WARN] [1783599970.202] [/local_avoidance]: [local_avoidance] ACTIVATED  (min_dist=0.35 m, idx=8616)
[INFO] [1783599970.254] [/local_avoidance]: [local_avoidance] DEACTIVATED
[WARN] [1783599970.275] [/px4_ctrl_bridge]: [px4_bridge] avoidance released -> published /planning/replan
[WARN] [1783599970.301] [/local_avoidance]: [local_avoidance] ACTIVATED  (min_dist=0.35 m, idx=9470)
[INFO] [1783599970.352] [/local_avoidance]: [local_avoidance] DEACTIVATED
[WARN] [1783599970.375] [/px4_ctrl_bridge]: [px4_bridge] avoidance released -> published /planning/replan
[WARN] [1783599970.402] [/local_avoidance]: [local_avoidance] ACTIVATED  (min_dist=0.37 m, idx=9240)
[WARN] [1783599970.445] [/px4_ctrl_bridge]: [px4_bridge] AVOIDANCE ACTIVE -> forwarding /target_avoidance
[INFO] [1783599970.451] [/local_avoidance]: [local_avoidance] DEACTIVATED
[WARN] [1783599970.475] [/px4_ctrl_bridge]: [px4_bridge] avoidance released -> published /planning/replan
[WARN] [1783599970.502] [/local_avoidance]: [local_avoidance] ACTIVATED  (min_dist=0.35 m, idx=3885)
[INFO] [1783599970.552] [/local_avoidance]: [local_avoidance] DEACTIVATED
[WARN] [1783599970.575] [/px4_ctrl_bridge]: [px4_bridge] avoidance released -> published /planning/replan
[WARN] [1783599970.602] [/local_avoidance]: [local_avoidance] ACTIVATED  (min_dist=0.35 m, idx=5772)
[INFO] [1783599970.651] [/local_avoidance]: [local_avoidance] DEACTIVATED
[WARN] [1783599970.675] [/px4_ctrl_bridge]: [px4_bridge] avoidance released -> published /planning/replan
[WARN] [1783599970.702] [/local_avoidance]: [local_avoidance] ACTIVATED  (min_dist=0.35 m, idx=4636)
[INFO] [1783599970.752] [/local_avoidance]: [local_avoidance] avoiding...  min_dist=0.35 m
[INFO] [1783599971.161] [/mavros]: HP: requesting home position
[WARN] [1783599971.455] [/px4_ctrl_bridge]: [px4_bridge] AVOIDANCE ACTIVE -> forwarding /target_avoidance
[INFO] [1783599971.755] [/local_avoidance]: [local_avoidance] avoiding...  min_dist=0.36 m
[WARN] [1783599972.465] [/px4_ctrl_bridge]: [px4_bridge] AVOIDANCE ACTIVE -> forwarding /target_avoidance
[INFO] [1783599972.506] [/cloud_crop_bridge]: [CloudCrop] 3090 -> 502 pts (16%)
[INFO] [1783599972.802] [/local_avoidance]: [local_avoidance] avoiding...  min_dist=0.36 m
[INFO] [1783599973.402] [/local_avoidance]: [local_avoidance] DEACTIVATED
[WARN] [1783599973.425] [/px4_ctrl_bridge]: [px4_bridge] avoidance released -> published /planning/replan
[WARN] [1783599973.451] [/local_avoidance]: [local_avoidance] ACTIVATED  (min_dist=0.35 m, idx=6259)
[WARN] [1783599973.475] [/px4_ctrl_bridge]: [px4_bridge] AVOIDANCE ACTIVE -> forwarding /target_avoidance
[INFO] [1783599973.602] [/local_avoidance]: [local_avoidance] DEACTIVATED
[WARN] [1783599973.625] [/px4_ctrl_bridge]: [px4_bridge] avoidance released -> published /planning/replan
[WARN] [1783599973.652] [/local_avoidance]: [local_avoidance] ACTIVATED  (min_dist=0.36 m, idx=1062)
[INFO] [1783599973.702] [/local_avoidance]: [local_avoidance] DEACTIVATED
[WARN] [1783599973.725] [/px4_ctrl_bridge]: [px4_bridge] avoidance released -> published /planning/replan
[WARN] [1783599973.751] [/local_avoidance]: [local_avoidance] ACTIVATED  (min_dist=0.35 m, idx=613)
[INFO] [1783599973.801] [/local_avoidance]: [local_avoidance] DEACTIVATED
[WARN] [1783599973.825] [/px4_ctrl_bridge]: [px4_bridge] avoidance released -> published /planning/replan
[WARN] [1783599973.852] [/local_avoidance]: [local_avoidance] ACTIVATED  (min_dist=0.36 m, idx=5982)
[WARN] [1783599973.857] [/exploration_node]: wait for trigger.
[INFO] [1783599973.902] [/local_avoidance]: [local_avoidance] DEACTIVATED
[WARN] [1783599973.925] [/px4_ctrl_bridge]: [px4_bridge] avoidance released -> published /planning/replan
[WARN] [1783599973.953] [/local_avoidance]: [local_avoidance] ACTIVATED  (min_dist=0.35 m, idx=1065)
[INFO] [1783599974.026] [/local_avoidance]: [local_avoidance] DEACTIVATED
[WARN] [1783599974.051] [/local_avoidance]: [local_avoidance] ACTIVATED  (min_dist=0.35 m, idx=2168)
[WARN] [1783599974.055] [/px4_ctrl_bridge]: [px4_bridge] avoidance released -> published /planning/replan
[INFO] [1783599974.102] [/local_avoidance]: [local_avoidance] DEACTIVATED
[WARN] [1783599974.125] [/px4_ctrl_bridge]: [px4_bridge] avoidance released -> published /planning/replan
[WARN] [1783599974.151] [/local_avoidance]: [local_avoidance] ACTIVATED  (min_dist=0.35 m, idx=7032)
[INFO] [1783599974.202] [/local_avoidance]: [local_avoidance] DEACTIVATED
[WARN] [1783599974.225] [/px4_ctrl_bridge]: [px4_bridge] avoidance released -> published /planning/replan
[WARN] [1783599974.252] [/local_avoidance]: [local_avoidance] ACTIVATED  (min_dist=0.35 m, idx=6812)
[INFO] [1783599974.302] [/local_avoidance]: [local_avoidance] DEACTIVATED
[WARN] [1783599974.325] [/px4_ctrl_bridge]: [px4_bridge] avoidance released -> published /planning/replan
[WARN] [1783599974.352] [/local_avoidance]: [local_avoidance] ACTIVATED  (min_dist=0.35 m, idx=2632)
[INFO] [1783599974.403] [/local_avoidance]: [local_avoidance] DEACTIVATED
[WARN] [1783599974.425] [/px4_ctrl_bridge]: [px4_bridge] avoidance released -> published /planning/replan
[WARN] [1783599974.451] [/local_avoidance]: [local_avoidance] ACTIVATED  (min_dist=0.35 m, idx=1303)
[WARN] [1783599974.486] [/px4_ctrl_bridge]: [px4_bridge] AVOIDANCE ACTIVE -> forwarding /target_avoidance
[INFO] [1783599974.501] [/local_avoidance]: [local_avoidance] DEACTIVATED
[WARN] [1783599974.525] [/px4_ctrl_bridge]: [px4_bridge] avoidance released -> published /planning/replan
[WARN] [1783599974.552] [/local_avoidance]: [local_avoidance] ACTIVATED  (min_dist=0.35 m, idx=8061)
[INFO] [1783599974.602] [/local_avoidance]: [local_avoidance] DEACTIVATED
[WARN] [1783599974.625] [/px4_ctrl_bridge]: [px4_bridge] avoidance released -> published /planning/replan
[WARN] [1783599974.653] [/local_avoidance]: [local_avoidance] ACTIVATED  (min_dist=0.35 m, idx=1755)
[INFO] [1783599974.703] [/local_avoidance]: [local_avoidance] DEACTIVATED
[WARN] [1783599974.725] [/px4_ctrl_bridge]: [px4_bridge] avoidance released -> published /planning/replan
[WARN] [1783599974.751] [/local_avoidance]: [local_avoidance] ACTIVATED  (min_dist=0.35 m, idx=2764)
[INFO] [1783599974.802] [/local_avoidance]: [local_avoidance] DEACTIVATED
[WARN] [1783599974.825] [/px4_ctrl_bridge]: [px4_bridge] avoidance released -> published /planning/replan
[WARN] [1783599974.851] [/local_avoidance]: [local_avoidance] ACTIVATED  (min_dist=0.35 m, idx=2507)
[INFO] [1783599974.902] [/local_avoidance]: [local_avoidance] DEACTIVATED
[WARN] [1783599974.925] [/px4_ctrl_bridge]: [px4_bridge] avoidance released -> published /planning/replan
[WARN] [1783599974.977] [/local_avoidance]: [local_avoidance] ACTIVATED  (min_dist=0.35 m, idx=3208)
[INFO] [1783599975.001] [/local_avoidance]: [local_avoidance] DEACTIVATED
[WARN] [1783599975.025] [/px4_ctrl_bridge]: [px4_bridge] avoidance released -> published /planning/replan
[WARN] [1783599975.052] [/local_avoidance]: [local_avoidance] ACTIVATED  (min_dist=0.35 m, idx=2758)
[INFO] [1783599975.102] [/local_avoidance]: [local_avoidance] DEACTIVATED
[WARN] [1783599975.125] [/px4_ctrl_bridge]: [px4_bridge] avoidance released -> published /planning/replan
[WARN] [1783599975.152] [/local_avoidance]: [local_avoidance] ACTIVATED  (min_dist=0.35 m, idx=9498)
[INFO] [1783599975.201] [/local_avoidance]: [local_avoidance] DEACTIVATED
[WARN] [1783599975.225] [/px4_ctrl_bridge]: [px4_bridge] avoidance released -> published /planning/replan
[WARN] [1783599975.251] [/local_avoidance]: [local_avoidance] ACTIVATED  (min_dist=0.35 m, idx=7923)
[INFO] [1783599975.301] [/local_avoidance]: [local_avoidance] DEACTIVATED
[WARN] [1783599975.326] [/px4_ctrl_bridge]: [px4_bridge] avoidance released -> published /planning/replan
[WARN] [1783599975.351] [/local_avoidance]: [local_avoidance] ACTIVATED  (min_dist=0.35 m, idx=10539)
[INFO] [1783599975.403] [/local_avoidance]: [local_avoidance] DEACTIVATED
[WARN] [1783599975.425] [/px4_ctrl_bridge]: [px4_bridge] avoidance released -> published /planning/replan
[WARN] [1783599975.452] [/local_avoidance]: [local_avoidance] ACTIVATED  (min_dist=0.35 m, idx=9697)
[WARN] [1783599975.486] [/px4_ctrl_bridge]: [px4_bridge] AVOIDANCE ACTIVE -> forwarding /target_avoidance
[INFO] [1783599975.501] [/local_avoidance]: [local_avoidance] DEACTIVATED
[WARN] [1783599975.525] [/px4_ctrl_bridge]: [px4_bridge] avoidance released -> published /planning/replan
[WARN] [1783599975.552] [/local_avoidance]: [local_avoidance] ACTIVATED  (min_dist=0.36 m, idx=4963)
[INFO] [1783599975.601] [/local_avoidance]: [local_avoidance] DEACTIVATED
[WARN] [1783599975.625] [/px4_ctrl_bridge]: [px4_bridge] avoidance released -> published /planning/replan
[WARN] [1783599975.651] [/local_avoidance]: [local_avoidance] ACTIVATED  (min_dist=0.35 m, idx=4117)
[INFO] [1783599975.701] [/local_avoidance]: [local_avoidance] avoiding...  min_dist=0.36 m
[INFO] [1783599975.801] [/local_avoidance]: [local_avoidance] DEACTIVATED
[WARN] [1783599975.825] [/px4_ctrl_bridge]: [px4_bridge] avoidance released -> published /planning/replan
[WARN] [1783599975.852] [/local_avoidance]: [local_avoidance] ACTIVATED  (min_dist=0.35 m, idx=4665)
[INFO] [1783599976.003] [/local_avoidance]: [local_avoidance] DEACTIVATED
[WARN] [1783599976.035] [/px4_ctrl_bridge]: [px4_bridge] avoidance released -> published /planning/replan
[WARN] [1783599976.052] [/local_avoidance]: [local_avoidance] ACTIVATED  (min_dist=0.35 m, idx=5101)
[WARN] [1783599976.496] [/px4_ctrl_bridge]: [px4_bridge] AVOIDANCE ACTIVE -> forwarding /target_avoidance
[INFO] [1783599976.727] [/local_avoidance]: [local_avoidance] avoiding...  min_dist=0.35 m
[WARN] [1783599977.505] [/px4_ctrl_bridge]: [px4_bridge] AVOIDANCE ACTIVE -> forwarding /target_avoidance
[INFO] [1783599977.554] [/cloud_crop_bridge]: [CloudCrop] 3044 -> 513 pts (17%)
[INFO] [1783599977.755] [/local_avoidance]: [local_avoidance] avoiding...  min_dist=0.35 m
[WARN] [1783599978.515] [/px4_ctrl_bridge]: [px4_bridge] AVOIDANCE ACTIVE -> forwarding /target_avoidance
[INFO] [1783599978.577] [/local_avoidance]: [local_avoidance] DEACTIVATED
[WARN] [1783599978.602] [/local_avoidance]: [local_avoidance] ACTIVATED  (min_dist=0.35 m, idx=736)
[WARN] [1783599978.605] [/px4_ctrl_bridge]: [px4_bridge] avoidance released -> published /planning/replan
[INFO] [1783599978.681] [/local_avoidance]: [local_avoidance] DEACTIVATED
[WARN] [1783599978.705] [/local_avoidance]: [local_avoidance] ACTIVATED  (min_dist=0.35 m, idx=6570)
[WARN] [1783599978.706] [/px4_ctrl_bridge]: [px4_bridge] avoidance released -> published /planning/replan
[INFO] [1783599978.752] [/local_avoidance]: [local_avoidance] DEACTIVATED
[WARN] [1783599978.775] [/px4_ctrl_bridge]: [px4_bridge] avoidance released -> published /planning/replan
[WARN] [1783599978.801] [/local_avoidance]: [local_avoidance] ACTIVATED  (min_dist=0.35 m, idx=6754)
[INFO] [1783599978.852] [/local_avoidance]: [local_avoidance] DEACTIVATED
[WARN] [1783599978.866] [/exploration_node]: wait for trigger.
[WARN] [1783599978.875] [/px4_ctrl_bridge]: [px4_bridge] avoidance released -> published /planning/replan
[WARN] [1783599978.904] [/local_avoidance]: [local_avoidance] ACTIVATED  (min_dist=0.35 m, idx=538)
[INFO] [1783599978.954] [/local_avoidance]: [local_avoidance] DEACTIVATED
[WARN] [1783599978.976] [/px4_ctrl_bridge]: [px4_bridge] avoidance released -> published /planning/replan
[WARN] [1783599979.002] [/local_avoidance]: [local_avoidance] ACTIVATED  (min_dist=0.35 m, idx=7299)
[INFO] [1783599979.052] [/local_avoidance]: [local_avoidance] DEACTIVATED
[WARN] [1783599979.075] [/px4_ctrl_bridge]: [px4_bridge] avoidance released -> published /planning/replan
[WARN] [1783599979.103] [/local_avoidance]: [local_avoidance] ACTIVATED  (min_dist=0.35 m, idx=5711)
[INFO] [1783599979.152] [/local_avoidance]: [local_avoidance] DEACTIVATED
[WARN] [1783599979.175] [/px4_ctrl_bridge]: [px4_bridge] avoidance released -> published /planning/replan
[WARN] [1783599979.201] [/local_avoidance]: [local_avoidance] ACTIVATED  (min_dist=0.35 m, idx=7847)
[INFO] [1783599979.252] [/local_avoidance]: [local_avoidance] DEACTIVATED
[WARN] [1783599979.275] [/px4_ctrl_bridge]: [px4_bridge] avoidance released -> published /planning/replan
[WARN] [1783599979.303] [/local_avoidance]: [local_avoidance] ACTIVATED  (min_dist=0.35 m, idx=1649)
[INFO] [1783599979.351] [/local_avoidance]: [local_avoidance] DEACTIVATED
[WARN] [1783599979.375] [/px4_ctrl_bridge]: [px4_bridge] avoidance released -> published /planning/replan
[WARN] [1783599979.402] [/local_avoidance]: [local_avoidance] ACTIVATED  (min_dist=0.37 m, idx=2366)
[INFO] [1783599979.451] [/local_avoidance]: [local_avoidance] DEACTIVATED
[WARN] [1783599979.475] [/px4_ctrl_bridge]: [px4_bridge] avoidance released -> published /planning/replan
[WARN] [1783599979.501] [/local_avoidance]: [local_avoidance] ACTIVATED  (min_dist=0.35 m, idx=1893)
[WARN] [1783599979.525] [/px4_ctrl_bridge]: [px4_bridge] AVOIDANCE ACTIVE -> forwarding /target_avoidance
[INFO] [1783599979.551] [/local_avoidance]: [local_avoidance] DEACTIVATED
[WARN] [1783599979.575] [/px4_ctrl_bridge]: [px4_bridge] avoidance released -> published /planning/replan
[WARN] [1783599979.604] [/local_avoidance]: [local_avoidance] ACTIVATED  (min_dist=0.35 m, idx=3200)
[INFO] [1783599979.652] [/local_avoidance]: [local_avoidance] DEACTIVATED
[WARN] [1783599979.675] [/px4_ctrl_bridge]: [px4_bridge] avoidance released -> published /planning/replan
[WARN] [1783599979.702] [/local_avoidance]: [local_avoidance] ACTIVATED  (min_dist=0.35 m, idx=2453)
[INFO] [1783599979.752] [/local_avoidance]: [local_avoidance] DEACTIVATED
[WARN] [1783599979.785] [/px4_ctrl_bridge]: [px4_bridge] avoidance released -> published /planning/replan
[WARN] [1783599979.801] [/local_avoidance]: [local_avoidance] ACTIVATED  (min_dist=0.35 m, idx=7924)
[INFO] [1783599979.853] [/local_avoidance]: [local_avoidance] DEACTIVATED
[WARN] [1783599979.875] [/px4_ctrl_bridge]: [px4_bridge] avoidance released -> published /planning/replan
[WARN] [1783599979.902] [/local_avoidance]: [local_avoidance] ACTIVATED  (min_dist=0.35 m, idx=3100)
[INFO] [1783599979.956] [/local_avoidance]: [local_avoidance] DEACTIVATED
[WARN] [1783599979.975] [/px4_ctrl_bridge]: [px4_bridge] avoidance released -> published /planning/replan
[WARN] [1783599980.001] [/local_avoidance]: [local_avoidance] ACTIVATED  (min_dist=0.35 m, idx=4093)
[INFO] [1783599980.052] [/local_avoidance]: [local_avoidance] DEACTIVATED
[WARN] [1783599980.076] [/px4_ctrl_bridge]: [px4_bridge] avoidance released -> published /planning/replan
[WARN] [1783599980.104] [/local_avoidance]: [local_avoidance] ACTIVATED  (min_dist=0.35 m, idx=3333)
[INFO] [1783599980.152] [/local_avoidance]: [local_avoidance] DEACTIVATED
[WARN] [1783599980.175] [/px4_ctrl_bridge]: [px4_bridge] avoidance released -> published /planning/replan
[WARN] [1783599980.202] [/local_avoidance]: [local_avoidance] ACTIVATED  (min_dist=0.35 m, idx=8936)
[INFO] [1783599980.252] [/local_avoidance]: [local_avoidance] DEACTIVATED
[WARN] [1783599980.275] [/px4_ctrl_bridge]: [px4_bridge] avoidance released -> published /planning/replan
[WARN] [1783599980.302] [/local_avoidance]: [local_avoidance] ACTIVATED  (min_dist=0.35 m, idx=3788)
[INFO] [1783599980.352] [/local_avoidance]: [local_avoidance] DEACTIVATED
[WARN] [1783599980.376] [/px4_ctrl_bridge]: [px4_bridge] avoidance released -> published /planning/replan
[WARN] [1783599980.401] [/local_avoidance]: [local_avoidance] ACTIVATED  (min_dist=0.35 m, idx=3535)
[INFO] [1783599980.452] [/local_avoidance]: [local_avoidance] DEACTIVATED
[WARN] [1783599980.475] [/px4_ctrl_bridge]: [px4_bridge] avoidance released -> published /planning/replan
[WARN] [1783599980.504] [/local_avoidance]: [local_avoidance] ACTIVATED  (min_dist=0.35 m, idx=10169)
[WARN] [1783599980.535] [/px4_ctrl_bridge]: [px4_bridge] AVOIDANCE ACTIVE -> forwarding /target_avoidance
[INFO] [1783599980.552] [/local_avoidance]: [local_avoidance] avoiding...  min_dist=0.35 m
[INFO] [1783599980.651] [/local_avoidance]: [local_avoidance] DEACTIVATED
[WARN] [1783599980.675] [/px4_ctrl_bridge]: [px4_bridge] avoidance released -> published /planning/replan
[WARN] [1783599980.702] [/local_avoidance]: [local_avoidance] ACTIVATED  (min_dist=0.35 m, idx=4792)
[INFO] [1783599981.161] [/mavros]: HP: requesting home position
[WARN] [1783599981.546] [/px4_ctrl_bridge]: [px4_bridge] AVOIDANCE ACTIVE -> forwarding /target_avoidance
[INFO] [1783599981.606] [/local_avoidance]: [local_avoidance] avoiding...  min_dist=0.35 m
[WARN] [1783599982.555] [/px4_ctrl_bridge]: [px4_bridge] AVOIDANCE ACTIVE -> forwarding /target_avoidance
[INFO] [1783599982.556] [/cloud_crop_bridge]: [CloudCrop] 2767 -> 598 pts (22%)
[INFO] [1783599982.653] [/local_avoidance]: [local_avoidance] avoiding...  min_dist=0.35 m
[INFO] [1783599983.202] [/local_avoidance]: [local_avoidance] DEACTIVATED
[WARN] [1783599983.225] [/px4_ctrl_bridge]: [px4_bridge] avoidance released -> published /planning/replan
[WARN] [1783599983.252] [/local_avoidance]: [local_avoidance] ACTIVATED  (min_dist=0.36 m, idx=4802)
[INFO] [1783599983.401] [/local_avoidance]: [local_avoidance] DEACTIVATED
[WARN] [1783599983.425] [/px4_ctrl_bridge]: [px4_bridge] avoidance released -> published /planning/replan
[WARN] [1783599983.477] [/local_avoidance]: [local_avoidance] ACTIVATED  (min_dist=0.35 m, idx=5321)
[INFO] [1783599983.526] [/local_avoidance]: [local_avoidance] DEACTIVATED
[WARN] [1783599983.556] [/px4_ctrl_bridge]: [px4_bridge] avoidance released -> published /planning/replan
[WARN] [1783599983.556] [/local_avoidance]: [local_avoidance] ACTIVATED  (min_dist=0.35 m, idx=632)
[WARN] [1783599983.575] [/px4_ctrl_bridge]: [px4_bridge] AVOIDANCE ACTIVE -> forwarding /target_avoidance
[INFO] [1783599983.602] [/local_avoidance]: [local_avoidance] DEACTIVATED
[WARN] [1783599983.625] [/px4_ctrl_bridge]: [px4_bridge] avoidance released -> published /planning/replan
[WARN] [1783599983.652] [/local_avoidance]: [local_avoidance] ACTIVATED  (min_dist=0.35 m, idx=5708)
[INFO] [1783599983.703] [/local_avoidance]: [local_avoidance] DEACTIVATED
[WARN] [1783599983.725] [/px4_ctrl_bridge]: [px4_bridge] avoidance released -> published /planning/replan
[WARN] [1783599983.754] [/local_avoidance]: [local_avoidance] ACTIVATED  (min_dist=0.35 m, idx=892)
[INFO] [1783599983.802] [/local_avoidance]: [local_avoidance] DEACTIVATED
[WARN] [1783599983.825] [/px4_ctrl_bridge]: [px4_bridge] avoidance released -> published /planning/replan
[WARN] [1783599983.852] [/local_avoidance]: [local_avoidance] ACTIVATED  (min_dist=0.35 m, idx=211)
[WARN] [1783599983.866] [/exploration_node]: wait for trigger.
[INFO] [1783599983.905] [/local_avoidance]: [local_avoidance] DEACTIVATED
[WARN] [1783599983.925] [/px4_ctrl_bridge]: [px4_bridge] avoidance released -> published /planning/replan
[WARN] [1783599983.953] [/local_avoidance]: [local_avoidance] ACTIVATED  (min_dist=0.35 m, idx=6962)
[INFO] [1783599984.001] [/local_avoidance]: [local_avoidance] DEACTIVATED
[WARN] [1783599984.025] [/px4_ctrl_bridge]: [px4_bridge] avoidance released -> published /planning/replan
[WARN] [1783599984.052] [/local_avoidance]: [local_avoidance] ACTIVATED  (min_dist=0.35 m, idx=667)
[INFO] [1783599984.103] [/local_avoidance]: [local_avoidance] DEACTIVATED
[WARN] [1783599984.125] [/px4_ctrl_bridge]: [px4_bridge] avoidance released -> published /planning/replan
[WARN] [1783599984.152] [/local_avoidance]: [local_avoidance] ACTIVATED  (min_dist=0.35 m, idx=7409)
[INFO] [1783599984.202] [/local_avoidance]: [local_avoidance] DEACTIVATED
[WARN] [1783599984.225] [/px4_ctrl_bridge]: [px4_bridge] avoidance released -> published /planning/replan
[WARN] [1783599984.252] [/local_avoidance]: [local_avoidance] ACTIVATED  (min_dist=0.35 m, idx=1327)
[INFO] [1783599984.302] [/local_avoidance]: [local_avoidance] DEACTIVATED
[WARN] [1783599984.325] [/px4_ctrl_bridge]: [px4_bridge] avoidance released -> published /planning/replan
[WARN] [1783599984.352] [/local_avoidance]: [local_avoidance] ACTIVATED  (min_dist=0.35 m, idx=2024)
[INFO] [1783599984.404] [/local_avoidance]: [local_avoidance] DEACTIVATED
[WARN] [1783599984.425] [/px4_ctrl_bridge]: [px4_bridge] avoidance released -> published /planning/replan
[WARN] [1783599984.453] [/local_avoidance]: [local_avoidance] ACTIVATED  (min_dist=0.35 m, idx=6387)
[INFO] [1783599984.502] [/local_avoidance]: [local_avoidance] DEACTIVATED
[WARN] [1783599984.525] [/px4_ctrl_bridge]: [px4_bridge] avoidance released -> published /planning/replan
[WARN] [1783599984.553] [/local_avoidance]: [local_avoidance] ACTIVATED  (min_dist=0.35 m, idx=8423)
[WARN] [1783599984.586] [/px4_ctrl_bridge]: [px4_bridge] AVOIDANCE ACTIVE -> forwarding /target_avoidance
[INFO] [1783599984.602] [/local_avoidance]: [local_avoidance] DEACTIVATED
[WARN] [1783599984.625] [/px4_ctrl_bridge]: [px4_bridge] avoidance released -> published /planning/replan
[WARN] [1783599984.652] [/local_avoidance]: [local_avoidance] ACTIVATED  (min_dist=0.35 m, idx=6839)
[INFO] [1783599984.727] [/local_avoidance]: [local_avoidance] DEACTIVATED
[WARN] [1783599984.753] [/local_avoidance]: [local_avoidance] ACTIVATED  (min_dist=0.35 m, idx=3020)
[WARN] [1783599984.755] [/px4_ctrl_bridge]: [px4_bridge] avoidance released -> published /planning/replan
[INFO] [1783599984.802] [/local_avoidance]: [local_avoidance] DEACTIVATED
[WARN] [1783599984.825] [/px4_ctrl_bridge]: [px4_bridge] avoidance released -> published /planning/replan
[WARN] [1783599984.855] [/local_avoidance]: [local_avoidance] ACTIVATED  (min_dist=0.35 m, idx=2773)
[INFO] [1783599984.902] [/local_avoidance]: [local_avoidance] DEACTIVATED
[WARN] [1783599984.925] [/px4_ctrl_bridge]: [px4_bridge] avoidance released -> published /planning/replan
[WARN] [1783599984.952] [/local_avoidance]: [local_avoidance] ACTIVATED  (min_dist=0.36 m, idx=3893)
[INFO] [1783599985.007] [/local_avoidance]: [local_avoidance] DEACTIVATED
[WARN] [1783599985.025] [/px4_ctrl_bridge]: [px4_bridge] avoidance released -> published /planning/replan
[WARN] [1783599985.053] [/local_avoidance]: [local_avoidance] ACTIVATED  (min_dist=0.35 m, idx=3025)
[INFO] [1783599985.104] [/local_avoidance]: [local_avoidance] DEACTIVATED
[WARN] [1783599985.125] [/px4_ctrl_bridge]: [px4_bridge] avoidance released -> published /planning/replan
[WARN] [1783599985.152] [/local_avoidance]: [local_avoidance] ACTIVATED  (min_dist=0.37 m, idx=4345)
[INFO] [1783599985.201] [/local_avoidance]: [local_avoidance] DEACTIVATED
[WARN] [1783599985.225] [/px4_ctrl_bridge]: [px4_bridge] avoidance released -> published /planning/replan
[WARN] [1783599985.254] [/local_avoidance]: [local_avoidance] ACTIVATED  (min_dist=0.35 m, idx=9296)
[INFO] [1783599985.327] [/local_avoidance]: [local_avoidance] DEACTIVATED
[WARN] [1783599985.352] [/local_avoidance]: [local_avoidance] ACTIVATED  (min_dist=0.35 m, idx=9064)
[WARN] [1783599985.355] [/px4_ctrl_bridge]: [px4_bridge] avoidance released -> published /planning/replan
[INFO] [1783599985.403] [/local_avoidance]: [local_avoidance] DEACTIVATED
[WARN] [1783599985.425] [/px4_ctrl_bridge]: [px4_bridge] avoidance released -> published /planning/replan
[WARN] [1783599985.451] [/local_avoidance]: [local_avoidance] ACTIVATED  (min_dist=0.35 m, idx=9748)
[INFO] [1783599985.501] [/local_avoidance]: [local_avoidance] DEACTIVATED
[WARN] [1783599985.525] [/px4_ctrl_bridge]: [px4_bridge] avoidance released -> published /planning/replan
[WARN] [1783599985.555] [/local_avoidance]: [local_avoidance] ACTIVATED  (min_dist=0.35 m, idx=9512)
[WARN] [1783599985.595] [/px4_ctrl_bridge]: [px4_bridge] AVOIDANCE ACTIVE -> forwarding /target_avoidance
[INFO] [1783599985.601] [/local_avoidance]: [local_avoidance] DEACTIVATED
[WARN] [1783599985.625] [/px4_ctrl_bridge]: [px4_bridge] avoidance released -> published /planning/replan
[WARN] [1783599985.652] [/local_avoidance]: [local_avoidance] ACTIVATED  (min_dist=0.35 m, idx=4592)
[INFO] [1783599985.704] [/local_avoidance]: [local_avoidance] avoiding...  min_dist=0.35 m
[INFO] [1783599985.801] [/local_avoidance]: [local_avoidance] DEACTIVATED
[WARN] [1783599985.825] [/px4_ctrl_bridge]: [px4_bridge] avoidance released -> published /planning/replan
[WARN] [1783599985.852] [/local_avoidance]: [local_avoidance] ACTIVATED  (min_dist=0.35 m, idx=4847)
[WARN] [1783599986.595] [/px4_ctrl_bridge]: [px4_bridge] AVOIDANCE ACTIVE -> forwarding /target_avoidance
[INFO] [1783599986.752] [/local_avoidance]: [local_avoidance] avoiding...  min_dist=0.35 m
[INFO] [1783599987.556] [/cloud_crop_bridge]: [CloudCrop] 3055 -> 499 pts (16%)
[WARN] [1783599987.605] [/px4_ctrl_bridge]: [px4_bridge] AVOIDANCE ACTIVE -> forwarding /target_avoidance
[INFO] [1783599987.802] [/local_avoidance]: [local_avoidance] avoiding...  min_dist=0.35 m
[INFO] [1783599988.351] [/local_avoidance]: [local_avoidance] DEACTIVATED
[WARN] [1783599988.375] [/px4_ctrl_bridge]: [px4_bridge] avoidance released -> published /planning/replan
[WARN] [1783599988.401] [/local_avoidance]: [local_avoidance] ACTIVATED  (min_dist=0.35 m, idx=260)
[INFO] [1783599988.552] [/local_avoidance]: [local_avoidance] DEACTIVATED
[WARN] [1783599988.575] [/px4_ctrl_bridge]: [px4_bridge] avoidance released -> published /planning/replan
[WARN] [1783599988.604] [/local_avoidance]: [local_avoidance] ACTIVATED  (min_dist=0.36 m, idx=627)
[WARN] [1783599988.625] [/px4_ctrl_bridge]: [px4_bridge] AVOIDANCE ACTIVE -> forwarding /target_avoidance
[INFO] [1783599988.652] [/local_avoidance]: [local_avoidance] DEACTIVATED
[WARN] [1783599988.680] [/px4_ctrl_bridge]: [px4_bridge] avoidance released -> published /planning/replan
[WARN] [1783599988.727] [/local_avoidance]: [local_avoidance] ACTIVATED  (min_dist=0.35 m, idx=6313)
[INFO] [1783599988.752] [/local_avoidance]: [local_avoidance] DEACTIVATED
[WARN] [1783599988.775] [/px4_ctrl_bridge]: [px4_bridge] avoidance released -> published /planning/replan
[WARN] [1783599988.801] [/local_avoidance]: [local_avoidance] ACTIVATED  (min_dist=0.36 m, idx=1487)
[INFO] [1783599988.852] [/local_avoidance]: [local_avoidance] DEACTIVATED
[WARN] [1783599988.875] [/exploration_node]: wait for trigger.
[WARN] [1783599988.875] [/px4_ctrl_bridge]: [px4_bridge] avoidance released -> published /planning/replan
[WARN] [1783599988.927] [/local_avoidance]: [local_avoidance] ACTIVATED  (min_dist=0.35 m, idx=932)
[INFO] [1783599988.951] [/local_avoidance]: [local_avoidance] DEACTIVATED
[WARN] [1783599988.975] [/px4_ctrl_bridge]: [px4_bridge] avoidance released -> published /planning/replan
[WARN] [1783599989.002] [/local_avoidance]: [local_avoidance] ACTIVATED  (min_dist=0.35 m, idx=6308)
[INFO] [1783599989.051] [/local_avoidance]: [local_avoidance] DEACTIVATED
[WARN] [1783599989.075] [/px4_ctrl_bridge]: [px4_bridge] avoidance released -> published /planning/replan
[WARN] [1783599989.101] [/local_avoidance]: [local_avoidance] ACTIVATED  (min_dist=0.35 m, idx=1476)
[INFO] [1783599989.151] [/local_avoidance]: [local_avoidance] DEACTIVATED
[WARN] [1783599989.177] [/px4_ctrl_bridge]: [px4_bridge] avoidance released -> published /planning/replan
[INFO] [1783599989.185] [/exploration_node]: [EV] [1783599989.185][   +241.6s][WAIT_TRIGGER] Avoidance: Deactivated  <->  Activated | cycling x2223 over 240.6s
[WARN] [1783599989.201] [/local_avoidance]: [local_avoidance] ACTIVATED  (min_dist=0.35 m, idx=2059)
[INFO] [1783599989.252] [/local_avoidance]: [local_avoidance] DEACTIVATED
[WARN] [1783599989.275] [/px4_ctrl_bridge]: [px4_bridge] avoidance released -> published /planning/replan
[WARN] [1783599989.302] [/local_avoidance]: [local_avoidance] ACTIVATED  (min_dist=0.35 m, idx=1717)
[INFO] [1783599989.353] [/local_avoidance]: [local_avoidance] DEACTIVATED
[WARN] [1783599989.375] [/px4_ctrl_bridge]: [px4_bridge] avoidance released -> published /planning/replan
[WARN] [1783599989.403] [/local_avoidance]: [local_avoidance] ACTIVATED  (min_dist=0.35 m, idx=7300)
[INFO] [1783599989.452] [/local_avoidance]: [local_avoidance] DEACTIVATED
[WARN] [1783599989.475] [/px4_ctrl_bridge]: [px4_bridge] avoidance released -> published /planning/replan
[WARN] [1783599989.502] [/local_avoidance]: [local_avoidance] ACTIVATED  (min_dist=0.35 m, idx=2153)
[INFO] [1783599989.552] [/local_avoidance]: [local_avoidance] DEACTIVATED
[WARN] [1783599989.575] [/px4_ctrl_bridge]: [px4_bridge] avoidance released -> published /planning/replan
[WARN] [1783599989.602] [/local_avoidance]: [local_avoidance] ACTIVATED  (min_dist=0.35 m, idx=1699)
[WARN] [1783599989.625] [/px4_ctrl_bridge]: [px4_bridge] AVOIDANCE ACTIVE -> forwarding /target_avoidance
[INFO] [1783599989.651] [/local_avoidance]: [local_avoidance] DEACTIVATED
[WARN] [1783599989.676] [/px4_ctrl_bridge]: [px4_bridge] avoidance released -> published /planning/replan
[WARN] [1783599989.727] [/local_avoidance]: [local_avoidance] ACTIVATED  (min_dist=0.35 m, idx=8663)
[INFO] [1783599989.751] [/local_avoidance]: [local_avoidance] DEACTIVATED
[WARN] [1783599989.775] [/px4_ctrl_bridge]: [px4_bridge] avoidance released -> published /planning/replan
[WARN] [1783599989.802] [/local_avoidance]: [local_avoidance] ACTIVATED  (min_dist=0.35 m, idx=8275)
[INFO] [1783599989.851] [/local_avoidance]: [local_avoidance] DEACTIVATED
[WARN] [1783599989.875] [/px4_ctrl_bridge]: [px4_bridge] avoidance released -> published /planning/replan
[WARN] [1783599989.926] [/local_avoidance]: [local_avoidance] ACTIVATED  (min_dist=0.35 m, idx=9207)
[INFO] [1783599989.951] [/local_avoidance]: [local_avoidance] DEACTIVATED
[WARN] [1783599989.975] [/px4_ctrl_bridge]: [px4_bridge] avoidance released -> published /planning/replan
[WARN] [1783599990.002] [/local_avoidance]: [local_avoidance] ACTIVATED  (min_dist=0.35 m, idx=4051)
[INFO] [1783599990.052] [/local_avoidance]: [local_avoidance] DEACTIVATED
[WARN] [1783599990.075] [/px4_ctrl_bridge]: [px4_bridge] avoidance released -> published /planning/replan
[WARN] [1783599990.101] [/local_avoidance]: [local_avoidance] ACTIVATED  (min_dist=0.35 m, idx=3600)
[INFO] [1783599990.153] [/local_avoidance]: [local_avoidance] DEACTIVATED
[WARN] [1783599990.175] [/px4_ctrl_bridge]: [px4_bridge] avoidance released -> published /planning/replan
[WARN] [1783599990.202] [/local_avoidance]: [local_avoidance] ACTIVATED  (min_dist=0.35 m, idx=9189)
[INFO] [1783599990.252] [/local_avoidance]: [local_avoidance] DEACTIVATED
[WARN] [1783599990.276] [/px4_ctrl_bridge]: [px4_bridge] avoidance released -> published /planning/replan
[WARN] [1783599990.301] [/local_avoidance]: [local_avoidance] ACTIVATED  (min_dist=0.35 m, idx=4048)
[INFO] [1783599990.351] [/local_avoidance]: [local_avoidance] DEACTIVATED
[WARN] [1783599990.375] [/px4_ctrl_bridge]: [px4_bridge] avoidance released -> published /planning/replan
[WARN] [1783599990.402] [/local_avoidance]: [local_avoidance] ACTIVATED  (min_dist=0.35 m, idx=3794)
[INFO] [1783599990.453] [/local_avoidance]: [local_avoidance] DEACTIVATED
[WARN] [1783599990.478] [/px4_ctrl_bridge]: [px4_bridge] avoidance released -> published /planning/replan
[WARN] [1783599990.502] [/local_avoidance]: [local_avoidance] ACTIVATED  (min_dist=0.36 m, idx=4798)
[INFO] [1783599990.552] [/local_avoidance]: [local_avoidance] DEACTIVATED
[WARN] [1783599990.577] [/px4_ctrl_bridge]: [px4_bridge] avoidance released -> published /planning/replan
[WARN] [1783599990.602] [/local_avoidance]: [local_avoidance] ACTIVATED  (min_dist=0.35 m, idx=4053)
[WARN] [1783599990.635] [/px4_ctrl_bridge]: [px4_bridge] AVOIDANCE ACTIVE -> forwarding /target_avoidance
[INFO] [1783599990.651] [/local_avoidance]: [local_avoidance] DEACTIVATED
[WARN] [1783599990.675] [/px4_ctrl_bridge]: [px4_bridge] avoidance released -> published /planning/replan
[WARN] [1783599990.704] [/local_avoidance]: [local_avoidance] ACTIVATED  (min_dist=0.36 m, idx=9718)
[INFO] [1783599990.754] [/local_avoidance]: [local_avoidance] DEACTIVATED
[WARN] [1783599990.776] [/px4_ctrl_bridge]: [px4_bridge] avoidance released -> published /planning/replan
[WARN] [1783599990.801] [/local_avoidance]: [local_avoidance] ACTIVATED  (min_dist=0.35 m, idx=4509)
[INFO] [1783599990.853] [/local_avoidance]: [local_avoidance] avoiding...  min_dist=0.35 m
[INFO] [1783599991.161] [/mavros]: HP: requesting home position
[WARN] [1783599991.647] [/px4_ctrl_bridge]: [px4_bridge] AVOIDANCE ACTIVE -> forwarding /target_avoidance
[INFO] [1783599991.854] [/local_avoidance]: [local_avoidance] avoiding...  min_dist=0.35 m
[INFO] [1783599992.600] [/cloud_crop_bridge]: [CloudCrop] 3042 -> 466 pts (15%)
[WARN] [1783599992.655] [/px4_ctrl_bridge]: [px4_bridge] AVOIDANCE ACTIVE -> forwarding /target_avoidance
[INFO] [1783599992.901] [/local_avoidance]: [local_avoidance] avoiding...  min_dist=0.35 m
[INFO] [1783599993.002] [/local_avoidance]: [local_avoidance] DEACTIVATED
[WARN] [1783599993.035] [/px4_ctrl_bridge]: [px4_bridge] avoidance released -> published /planning/replan
[WARN] [1783599993.052] [/local_avoidance]: [local_avoidance] ACTIVATED  (min_dist=0.35 m, idx=4720)
[INFO] [1783599993.201] [/local_avoidance]: [local_avoidance] DEACTIVATED
[WARN] [1783599993.225] [/px4_ctrl_bridge]: [px4_bridge] avoidance released -> published /planning/replan
[WARN] [1783599993.252] [/local_avoidance]: [local_avoidance] ACTIVATED  (min_dist=0.35 m, idx=4996)
[INFO] [1783599993.502] [/local_avoidance]: [local_avoidance] DEACTIVATED
[WARN] [1783599993.525] [/px4_ctrl_bridge]: [px4_bridge] avoidance released -> published /planning/replan
[WARN] [1783599993.557] [/local_avoidance]: [local_avoidance] ACTIVATED  (min_dist=0.35 m, idx=292)
[WARN] [1783599993.655] [/px4_ctrl_bridge]: [px4_bridge] AVOIDANCE ACTIVE -> forwarding /target_avoidance
[INFO] [1783599993.702] [/local_avoidance]: [local_avoidance] DEACTIVATED
[WARN] [1783599993.725] [/px4_ctrl_bridge]: [px4_bridge] avoidance released -> published /planning/replan
[WARN] [1783599993.752] [/local_avoidance]: [local_avoidance] ACTIVATED  (min_dist=0.35 m, idx=852)
[INFO] [1783599993.802] [/local_avoidance]: [local_avoidance] DEACTIVATED
[WARN] [1783599993.825] [/px4_ctrl_bridge]: [px4_bridge] avoidance released -> published /planning/replan
[WARN] [1783599993.852] [/local_avoidance]: [local_avoidance] ACTIVATED  (min_dist=0.35 m, idx=1638)
[WARN] [1783599993.875] [/exploration_node]: wait for trigger.
[INFO] [1783599993.902] [/local_avoidance]: [local_avoidance] DEACTIVATED
[WARN] [1783599993.930] [/px4_ctrl_bridge]: [px4_bridge] avoidance released -> published /planning/replan
[WARN] [1783599993.951] [/local_avoidance]: [local_avoidance] ACTIVATED  (min_dist=0.35 m, idx=1872)
[INFO] [1783599994.002] [/local_avoidance]: [local_avoidance] DEACTIVATED
[WARN] [1783599994.035] [/px4_ctrl_bridge]: [px4_bridge] avoidance released -> published /planning/replan
[WARN] [1783599994.051] [/local_avoidance]: [local_avoidance] ACTIVATED  (min_dist=0.35 m, idx=6977)
[INFO] [1783599994.101] [/local_avoidance]: [local_avoidance] DEACTIVATED
[WARN] [1783599994.125] [/px4_ctrl_bridge]: [px4_bridge] avoidance released -> published /planning/replan
[WARN] [1783599994.176] [/local_avoidance]: [local_avoidance] ACTIVATED  (min_dist=0.36 m, idx=1759)
[INFO] [1783599994.202] [/local_avoidance]: [local_avoidance] DEACTIVATED
[WARN] [1783599994.225] [/px4_ctrl_bridge]: [px4_bridge] avoidance released -> published /planning/replan
[WARN] [1783599994.251] [/local_avoidance]: [local_avoidance] ACTIVATED  (min_dist=0.35 m, idx=7429)
[INFO] [1783599994.304] [/local_avoidance]: [local_avoidance] DEACTIVATED
[WARN] [1783599994.325] [/px4_ctrl_bridge]: [px4_bridge] avoidance released -> published /planning/replan
[WARN] [1783599994.351] [/local_avoidance]: [local_avoidance] ACTIVATED  (min_dist=0.36 m, idx=2314)
[INFO] [1783599994.402] [/local_avoidance]: [local_avoidance] DEACTIVATED
[WARN] [1783599994.425] [/px4_ctrl_bridge]: [px4_bridge] avoidance released -> published /planning/replan
[WARN] [1783599994.452] [/local_avoidance]: [local_avoidance] ACTIVATED  (min_dist=0.35 m, idx=1853)
[INFO] [1783599994.502] [/local_avoidance]: [local_avoidance] DEACTIVATED
[WARN] [1783599994.525] [/px4_ctrl_bridge]: [px4_bridge] avoidance released -> published /planning/replan
[WARN] [1783599994.557] [/local_avoidance]: [local_avoidance] ACTIVATED  (min_dist=0.35 m, idx=7430)
[INFO] [1783599994.604] [/local_avoidance]: [local_avoidance] DEACTIVATED
[WARN] [1783599994.625] [/px4_ctrl_bridge]: [px4_bridge] avoidance released -> published /planning/replan
[WARN] [1783599994.652] [/local_avoidance]: [local_avoidance] ACTIVATED  (min_dist=0.35 m, idx=2301)
[WARN] [1783599994.675] [/px4_ctrl_bridge]: [px4_bridge] AVOIDANCE ACTIVE -> forwarding /target_avoidance
[INFO] [1783599994.703] [/local_avoidance]: [local_avoidance] DEACTIVATED
[WARN] [1783599994.725] [/px4_ctrl_bridge]: [px4_bridge] avoidance released -> published /planning/replan
[WARN] [1783599994.758] [/local_avoidance]: [local_avoidance] ACTIVATED  (min_dist=0.36 m, idx=7896)
[INFO] [1783599994.801] [/local_avoidance]: [local_avoidance] DEACTIVATED
[WARN] [1783599994.825] [/px4_ctrl_bridge]: [px4_bridge] avoidance released -> published /planning/replan
[WARN] [1783599994.851] [/local_avoidance]: [local_avoidance] ACTIVATED  (min_dist=0.35 m, idx=4085)
[INFO] [1783599994.929] [/local_avoidance]: [local_avoidance] DEACTIVATED
[WARN] [1783599994.952] [/local_avoidance]: [local_avoidance] ACTIVATED  (min_dist=0.35 m, idx=8900)
[WARN] [1783599994.955] [/px4_ctrl_bridge]: [px4_bridge] avoidance released -> published /planning/replan
[INFO] [1783599995.001] [/local_avoidance]: [local_avoidance] DEACTIVATED
[WARN] [1783599995.025] [/px4_ctrl_bridge]: [px4_bridge] avoidance released -> published /planning/replan
[WARN] [1783599995.052] [/local_avoidance]: [local_avoidance] ACTIVATED  (min_dist=0.35 m, idx=4028)
[INFO] [1783599995.102] [/local_avoidance]: [local_avoidance] DEACTIVATED
[WARN] [1783599995.125] [/px4_ctrl_bridge]: [px4_bridge] avoidance released -> published /planning/replan
[WARN] [1783599995.153] [/local_avoidance]: [local_avoidance] ACTIVATED  (min_dist=0.35 m, idx=2731)
[INFO] [1783599995.201] [/local_avoidance]: [local_avoidance] DEACTIVATED
[WARN] [1783599995.225] [/px4_ctrl_bridge]: [px4_bridge] avoidance released -> published /planning/replan
[WARN] [1783599995.253] [/local_avoidance]: [local_avoidance] ACTIVATED  (min_dist=0.35 m, idx=9581)
[INFO] [1783599995.302] [/local_avoidance]: [local_avoidance] DEACTIVATED
[WARN] [1783599995.325] [/px4_ctrl_bridge]: [px4_bridge] avoidance released -> published /planning/replan
[WARN] [1783599995.352] [/local_avoidance]: [local_avoidance] ACTIVATED  (min_dist=0.35 m, idx=9328)
[INFO] [1783599995.404] [/local_avoidance]: [local_avoidance] DEACTIVATED
[WARN] [1783599995.425] [/px4_ctrl_bridge]: [px4_bridge] avoidance released -> published /planning/replan
[WARN] [1783599995.453] [/local_avoidance]: [local_avoidance] ACTIVATED  (min_dist=0.35 m, idx=10025)
[INFO] [1783599995.502] [/local_avoidance]: [local_avoidance] avoiding...  min_dist=0.35 m
[INFO] [1783599995.602] [/local_avoidance]: [local_avoidance] DEACTIVATED
[WARN] [1783599995.625] [/px4_ctrl_bridge]: [px4_bridge] avoidance released -> published /planning/replan
[WARN] [1783599995.652] [/local_avoidance]: [local_avoidance] ACTIVATED  (min_dist=0.35 m, idx=4636)
[WARN] [1783599995.675] [/px4_ctrl_bridge]: [px4_bridge] AVOIDANCE ACTIVE -> forwarding /target_avoidance
[INFO] [1783599996.530] [/local_avoidance]: [local_avoidance] avoiding...  min_dist=0.36 m
[WARN] [1783599996.675] [/px4_ctrl_bridge]: [px4_bridge] AVOIDANCE ACTIVE -> forwarding /target_avoidance
[INFO] [1783599997.551] [/local_avoidance]: [local_avoidance] avoiding...  min_dist=0.35 m
[INFO] [1783599997.651] [/cloud_crop_bridge]: [CloudCrop] 3103 -> 527 pts (17%)
[WARN] [1783599997.675] [/px4_ctrl_bridge]: [px4_bridge] AVOIDANCE ACTIVE -> forwarding /target_avoidance
[INFO] [1783599998.154] [/exploration_node]: [EV] [1783599998.154][   +250.6s][WAIT_TRIGGER] BATT 23.5V | voltage=23.72V percent=51% (still repeating x15 over 28.0s)
[INFO] [1783599998.352] [/local_avoidance]: [local_avoidance] DEACTIVATED
[WARN] [1783599998.375] [/px4_ctrl_bridge]: [px4_bridge] avoidance released -> published /planning/replan
[WARN] [1783599998.403] [/local_avoidance]: [local_avoidance] ACTIVATED  (min_dist=0.35 m, idx=836)
[INFO] [1783599998.552] [/local_avoidance]: [local_avoidance] DEACTIVATED
[WARN] [1783599998.575] [/px4_ctrl_bridge]: [px4_bridge] avoidance released -> published /planning/replan
[WARN] [1783599998.602] [/local_avoidance]: [local_avoidance] ACTIVATED  (min_dist=0.35 m, idx=5576)
[WARN] [1783599998.676] [/px4_ctrl_bridge]: [px4_bridge] AVOIDANCE ACTIVE -> forwarding /target_avoidance
[INFO] [1783599998.676] [/local_avoidance]: [local_avoidance] DEACTIVATED
[WARN] [1783599998.701] [/local_avoidance]: [local_avoidance] ACTIVATED  (min_dist=0.35 m, idx=6356)
[WARN] [1783599998.705] [/px4_ctrl_bridge]: [px4_bridge] avoidance released -> published /planning/replan
[INFO] [1783599998.751] [/local_avoidance]: [local_avoidance] DEACTIVATED
[WARN] [1783599998.775] [/px4_ctrl_bridge]: [px4_bridge] avoidance released -> published /planning/replan
[WARN] [1783599998.801] [/local_avoidance]: [local_avoidance] ACTIVATED  (min_dist=0.35 m, idx=6112)
[WARN] [1783599998.875] [/exploration_node]: wait for trigger.
[INFO] [1783599998.876] [/local_avoidance]: [local_avoidance] DEACTIVATED
[WARN] [1783599998.903] [/local_avoidance]: [local_avoidance] ACTIVATED  (min_dist=0.35 m, idx=6817)
[WARN] [1783599998.905] [/px4_ctrl_bridge]: [px4_bridge] avoidance released -> published /planning/replan
[INFO] [1783599998.955] [/local_avoidance]: [local_avoidance] DEACTIVATED
[WARN] [1783599998.975] [/px4_ctrl_bridge]: [px4_bridge] avoidance released -> published /planning/replan
[WARN] [1783599999.001] [/local_avoidance]: [local_avoidance] ACTIVATED  (min_dist=0.35 m, idx=6556)
[INFO] [1783599999.054] [/local_avoidance]: [local_avoidance] DEACTIVATED
[WARN] [1783599999.075] [/px4_ctrl_bridge]: [px4_bridge] avoidance released -> published /planning/replan
[WARN] [1783599999.101] [/local_avoidance]: [local_avoidance] ACTIVATED  (min_dist=0.35 m, idx=7278)
[INFO] [1783599999.154] [/local_avoidance]: [local_avoidance] DEACTIVATED
[WARN] [1783599999.175] [/px4_ctrl_bridge]: [px4_bridge] avoidance released -> published /planning/replan
[WARN] [1783599999.201] [/local_avoidance]: [local_avoidance] ACTIVATED  (min_dist=0.35 m, idx=959)
[INFO] [1783599999.251] [/local_avoidance]: [local_avoidance] DEACTIVATED
[WARN] [1783599999.275] [/px4_ctrl_bridge]: [px4_bridge] avoidance released -> published /planning/replan
[WARN] [1783599999.301] [/local_avoidance]: [local_avoidance] ACTIVATED  (min_dist=0.35 m, idx=1884)
[INFO] [1783599999.351] [/local_avoidance]: [local_avoidance] DEACTIVATED
[WARN] [1783599999.375] [/px4_ctrl_bridge]: [px4_bridge] avoidance released -> published /planning/replan
[WARN] [1783599999.401] [/local_avoidance]: [local_avoidance] ACTIVATED  (min_dist=0.35 m, idx=1526)
[INFO] [1783599999.452] [/local_avoidance]: [local_avoidance] DEACTIVATED
[WARN] [1783599999.475] [/px4_ctrl_bridge]: [px4_bridge] avoidance released -> published /planning/replan
[WARN] [1783599999.502] [/local_avoidance]: [local_avoidance] ACTIVATED  (min_dist=0.35 m, idx=2416)
[INFO] [1783599999.553] [/local_avoidance]: [local_avoidance] DEACTIVATED
[WARN] [1783599999.575] [/px4_ctrl_bridge]: [px4_bridge] avoidance released -> published /planning/replan
[WARN] [1783599999.603] [/local_avoidance]: [local_avoidance] ACTIVATED  (min_dist=0.35 m, idx=1966)
[INFO] [1783599999.652] [/local_avoidance]: [local_avoidance] DEACTIVATED
[WARN] [1783599999.676] [/px4_ctrl_bridge]: [px4_bridge] avoidance released -> published /planning/replan
[WARN] [1783599999.703] [/local_avoidance]: [local_avoidance] ACTIVATED  (min_dist=0.35 m, idx=2868)
[WARN] [1783599999.725] [/px4_ctrl_bridge]: [px4_bridge] AVOIDANCE ACTIVE -> forwarding /target_avoidance
[INFO] [1783599999.754] [/local_avoidance]: [local_avoidance] DEACTIVATED
[WARN] [1783599999.775] [/px4_ctrl_bridge]: [px4_bridge] avoidance released -> published /planning/replan
[WARN] [1783599999.802] [/local_avoidance]: [local_avoidance] ACTIVATED  (min_dist=0.35 m, idx=2625)
[INFO] [1783599999.853] [/local_avoidance]: [local_avoidance] DEACTIVATED
[WARN] [1783599999.875] [/px4_ctrl_bridge]: [px4_bridge] avoidance released -> published /planning/replan
[WARN] [1783599999.902] [/local_avoidance]: [local_avoidance] ACTIVATED  (min_dist=0.37 m, idx=3631)
[INFO] [1783599999.953] [/local_avoidance]: [local_avoidance] DEACTIVATED
[WARN] [1783599999.985] [/px4_ctrl_bridge]: [px4_bridge] avoidance released -> published /planning/replan
[WARN] [1783600000.002] [/local_avoidance]: [local_avoidance] ACTIVATED  (min_dist=0.35 m, idx=2877)
[INFO] [1783600000.051] [/local_avoidance]: [local_avoidance] DEACTIVATED
[WARN] [1783600000.075] [/px4_ctrl_bridge]: [px4_bridge] avoidance released -> published /planning/replan
[WARN] [1783600000.102] [/local_avoidance]: [local_avoidance] ACTIVATED  (min_dist=0.35 m, idx=8538)
[INFO] [1783600000.151] [/local_avoidance]: [local_avoidance] DEACTIVATED
[WARN] [1783600000.175] [/px4_ctrl_bridge]: [px4_bridge] avoidance released -> published /planning/replan
[WARN] [1783600000.201] [/local_avoidance]: [local_avoidance] ACTIVATED  (min_dist=0.35 m, idx=3309)
[INFO] [1783600000.251] [/local_avoidance]: [local_avoidance] DEACTIVATED
[WARN] [1783600000.275] [/px4_ctrl_bridge]: [px4_bridge] avoidance released -> published /planning/replan
[WARN] [1783600000.302] [/local_avoidance]: [local_avoidance] ACTIVATED  (min_dist=0.35 m, idx=8990)
[INFO] [1783600000.353] [/local_avoidance]: [local_avoidance] DEACTIVATED
[WARN] [1783600000.375] [/px4_ctrl_bridge]: [px4_bridge] avoidance released -> published /planning/replan
[WARN] [1783600000.402] [/local_avoidance]: [local_avoidance] ACTIVATED  (min_dist=0.35 m, idx=4069)
[INFO] [1783600000.453] [/local_avoidance]: [local_avoidance] DEACTIVATED
[WARN] [1783600000.475] [/px4_ctrl_bridge]: [px4_bridge] avoidance released -> published /planning/replan
[WARN] [1783600000.502] [/local_avoidance]: [local_avoidance] ACTIVATED  (min_dist=0.35 m, idx=9413)
[INFO] [1783600000.551] [/local_avoidance]: [local_avoidance] DEACTIVATED
[WARN] [1783600000.575] [/px4_ctrl_bridge]: [px4_bridge] avoidance released -> published /planning/replan
[WARN] [1783600000.601] [/local_avoidance]: [local_avoidance] ACTIVATED  (min_dist=0.35 m, idx=4517)
[INFO] [1783600000.652] [/local_avoidance]: [local_avoidance] avoiding...  min_dist=0.35 m
[WARN] [1783600000.737] [/px4_ctrl_bridge]: [px4_bridge] AVOIDANCE ACTIVE -> forwarding /target_avoidance
[INFO] [1783600000.751] [/local_avoidance]: [local_avoidance] DEACTIVATED
[WARN] [1783600000.775] [/px4_ctrl_bridge]: [px4_bridge] avoidance released -> published /planning/replan
[WARN] [1783600000.828] [/local_avoidance]: [local_avoidance] ACTIVATED  (min_dist=0.35 m, idx=4988)
[INFO] [1783600001.161] [/mavros]: HP: requesting home position
[INFO] [1783600001.652] [/local_avoidance]: [local_avoidance] avoiding...  min_dist=0.35 m
[WARN] [1783600001.745] [/px4_ctrl_bridge]: [px4_bridge] AVOIDANCE ACTIVE -> forwarding /target_avoidance
[INFO] [1783600002.654] [/cloud_crop_bridge]: [CloudCrop] 2752 -> 627 pts (23%)
[INFO] [1783600002.677] [/local_avoidance]: [local_avoidance] avoiding...  min_dist=0.36 m
[WARN] [1783600002.747] [/px4_ctrl_bridge]: [px4_bridge] AVOIDANCE ACTIVE -> forwarding /target_avoidance
[INFO] [1783600003.302] [/local_avoidance]: [local_avoidance] DEACTIVATED
[WARN] [1783600003.326] [/px4_ctrl_bridge]: [px4_bridge] avoidance released -> published /planning/replan
[WARN] [1783600003.352] [/local_avoidance]: [local_avoidance] ACTIVATED  (min_dist=0.35 m, idx=120)
[INFO] [1783600003.503] [/local_avoidance]: [local_avoidance] DEACTIVATED
[WARN] [1783600003.535] [/px4_ctrl_bridge]: [px4_bridge] avoidance released -> published /planning/replan
[WARN] [1783600003.552] [/local_avoidance]: [local_avoidance] ACTIVATED  (min_dist=0.36 m, idx=1364)
[INFO] [1783600003.603] [/local_avoidance]: [local_avoidance] DEACTIVATED
[WARN] [1783600003.625] [/px4_ctrl_bridge]: [px4_bridge] avoidance released -> published /planning/replan
[WARN] [1783600003.652] [/local_avoidance]: [local_avoidance] ACTIVATED  (min_dist=0.35 m, idx=214)
[INFO] [1783600003.704] [/local_avoidance]: [local_avoidance] DEACTIVATED
[WARN] [1783600003.728] [/px4_ctrl_bridge]: [px4_bridge] avoidance released -> published /planning/replan
[WARN] [1783600003.752] [/local_avoidance]: [local_avoidance] ACTIVATED  (min_dist=0.36 m, idx=1434)
[WARN] [1783600003.775] [/px4_ctrl_bridge]: [px4_bridge] AVOIDANCE ACTIVE -> forwarding /target_avoidance
[INFO] [1783600003.802] [/local_avoidance]: [local_avoidance] DEACTIVATED
[WARN] [1783600003.825] [/px4_ctrl_bridge]: [px4_bridge] avoidance released -> published /planning/replan
[WARN] [1783600003.853] [/local_avoidance]: [local_avoidance] ACTIVATED  (min_dist=0.35 m, idx=5345)
[WARN] [1783600003.875] [/exploration_node]: wait for trigger.
[INFO] [1783600003.903] [/local_avoidance]: [local_avoidance] DEACTIVATED
[WARN] [1783600003.925] [/px4_ctrl_bridge]: [px4_bridge] avoidance released -> published /planning/replan
[WARN] [1783600003.952] [/local_avoidance]: [local_avoidance] ACTIVATED  (min_dist=0.35 m, idx=1964)
[INFO] [1783600004.002] [/local_avoidance]: [local_avoidance] DEACTIVATED
[WARN] [1783600004.025] [/px4_ctrl_bridge]: [px4_bridge] avoidance released -> published /planning/replan
[WARN] [1783600004.052] [/local_avoidance]: [local_avoidance] ACTIVATED  (min_dist=0.35 m, idx=1405)
[INFO] [1783600004.102] [/local_avoidance]: [local_avoidance] DEACTIVATED
[WARN] [1783600004.125] [/px4_ctrl_bridge]: [px4_bridge] avoidance released -> published /planning/replan
[WARN] [1783600004.153] [/local_avoidance]: [local_avoidance] ACTIVATED  (min_dist=0.35 m, idx=6716)
[INFO] [1783600004.202] [/local_avoidance]: [local_avoidance] DEACTIVATED
[WARN] [1783600004.225] [/px4_ctrl_bridge]: [px4_bridge] avoidance released -> published /planning/replan
[WARN] [1783600004.278] [/local_avoidance]: [local_avoidance] ACTIVATED  (min_dist=0.35 m, idx=1573)
[INFO] [1783600004.302] [/local_avoidance]: [local_avoidance] DEACTIVATED
[WARN] [1783600004.325] [/px4_ctrl_bridge]: [px4_bridge] avoidance released -> published /planning/replan
[WARN] [1783600004.352] [/local_avoidance]: [local_avoidance] ACTIVATED  (min_dist=0.35 m, idx=1099)
[INFO] [1783600004.401] [/local_avoidance]: [local_avoidance] DEACTIVATED
[WARN] [1783600004.425] [/px4_ctrl_bridge]: [px4_bridge] avoidance released -> published /planning/replan
[WARN] [1783600004.451] [/local_avoidance]: [local_avoidance] ACTIVATED  (min_dist=0.35 m, idx=2324)
[INFO] [1783600004.502] [/local_avoidance]: [local_avoidance] DEACTIVATED
[WARN] [1783600004.525] [/px4_ctrl_bridge]: [px4_bridge] avoidance released -> published /planning/replan
[WARN] [1783600004.552] [/local_avoidance]: [local_avoidance] ACTIVATED  (min_dist=0.35 m, idx=1551)
[INFO] [1783600004.602] [/local_avoidance]: [local_avoidance] DEACTIVATED
[WARN] [1783600004.625] [/px4_ctrl_bridge]: [px4_bridge] avoidance released -> published /planning/replan
[WARN] [1783600004.677] [/local_avoidance]: [local_avoidance] ACTIVATED  (min_dist=0.35 m, idx=8393)
[INFO] [1783600004.701] [/local_avoidance]: [local_avoidance] DEACTIVATED
[WARN] [1783600004.725] [/px4_ctrl_bridge]: [px4_bridge] avoidance released -> published /planning/replan
[WARN] [1783600004.755] [/local_avoidance]: [local_avoidance] ACTIVATED  (min_dist=0.35 m, idx=8143)
[WARN] [1783600004.776] [/px4_ctrl_bridge]: [px4_bridge] AVOIDANCE ACTIVE -> forwarding /target_avoidance
[INFO] [1783600004.801] [/local_avoidance]: [local_avoidance] DEACTIVATED
[WARN] [1783600004.825] [/px4_ctrl_bridge]: [px4_bridge] avoidance released -> published /planning/replan
[WARN] [1783600004.851] [/local_avoidance]: [local_avoidance] ACTIVATED  (min_dist=0.35 m, idx=9055)
[INFO] [1783600004.902] [/local_avoidance]: [local_avoidance] DEACTIVATED
[WARN] [1783600004.925] [/px4_ctrl_bridge]: [px4_bridge] avoidance released -> published /planning/replan
[WARN] [1783600004.953] [/local_avoidance]: [local_avoidance] ACTIVATED  (min_dist=0.35 m, idx=2819)
[INFO] [1783600005.002] [/local_avoidance]: [local_avoidance] DEACTIVATED
[WARN] [1783600005.025] [/px4_ctrl_bridge]: [px4_bridge] avoidance released -> published /planning/replan
[WARN] [1783600005.077] [/local_avoidance]: [local_avoidance] ACTIVATED  (min_dist=0.35 m, idx=3452)
[INFO] [1783600005.103] [/local_avoidance]: [local_avoidance] DEACTIVATED
[WARN] [1783600005.125] [/px4_ctrl_bridge]: [px4_bridge] avoidance released -> published /planning/replan
[WARN] [1783600005.181] [/local_avoidance]: [local_avoidance] ACTIVATED  (min_dist=0.35 m, idx=3006)
[INFO] [1783600005.201] [/local_avoidance]: [local_avoidance] DEACTIVATED
[WARN] [1783600005.225] [/px4_ctrl_bridge]: [px4_bridge] avoidance released -> published /planning/replan
[WARN] [1783600005.252] [/local_avoidance]: [local_avoidance] ACTIVATED  (min_dist=0.35 m, idx=9763)
[INFO] [1783600005.301] [/local_avoidance]: [local_avoidance] DEACTIVATED
[WARN] [1783600005.325] [/px4_ctrl_bridge]: [px4_bridge] avoidance released -> published /planning/replan
[WARN] [1783600005.353] [/local_avoidance]: [local_avoidance] ACTIVATED  (min_dist=0.35 m, idx=9489)
[INFO] [1783600005.426] [/local_avoidance]: [local_avoidance] DEACTIVATED
[WARN] [1783600005.452] [/local_avoidance]: [local_avoidance] ACTIVATED  (min_dist=0.35 m, idx=4964)
[WARN] [1783600005.455] [/px4_ctrl_bridge]: [px4_bridge] avoidance released -> published /planning/replan
[INFO] [1783600005.502] [/local_avoidance]: [local_avoidance] DEACTIVATED
[WARN] [1783600005.525] [/px4_ctrl_bridge]: [px4_bridge] avoidance released -> published /planning/replan
[WARN] [1783600005.553] [/local_avoidance]: [local_avoidance] ACTIVATED  (min_dist=0.35 m, idx=4101)
[INFO] [1783600005.631] [/local_avoidance]: [local_avoidance] DEACTIVATED
[WARN] [1783600005.652] [/local_avoidance]: [local_avoidance] ACTIVATED  (min_dist=0.37 m, idx=9865)
[WARN] [1783600005.656] [/px4_ctrl_bridge]: [px4_bridge] avoidance released -> published /planning/replan
[INFO] [1783600005.702] [/local_avoidance]: [local_avoidance] DEACTIVATED
[WARN] [1783600005.725] [/px4_ctrl_bridge]: [px4_bridge] avoidance released -> published /planning/replan
[WARN] [1783600005.752] [/local_avoidance]: [local_avoidance] ACTIVATED  (min_dist=0.35 m, idx=4705)
[WARN] [1783600005.785] [/px4_ctrl_bridge]: [px4_bridge] AVOIDANCE ACTIVE -> forwarding /target_avoidance
[INFO] [1783600005.803] [/local_avoidance]: [local_avoidance] avoiding...  min_dist=0.35 m
[INFO] [1783600005.902] [/local_avoidance]: [local_avoidance] DEACTIVATED
[WARN] [1783600005.925] [/px4_ctrl_bridge]: [px4_bridge] avoidance released -> published /planning/replan
[WARN] [1783600005.953] [/local_avoidance]: [local_avoidance] ACTIVATED  (min_dist=0.35 m, idx=4897)
[WARN] [1783600006.785] [/px4_ctrl_bridge]: [px4_bridge] AVOIDANCE ACTIVE -> forwarding /target_avoidance
[INFO] [1783600006.852] [/local_avoidance]: [local_avoidance] avoiding...  min_dist=0.35 m
[INFO] [1783600007.700] [/cloud_crop_bridge]: [CloudCrop] 2708 -> 618 pts (23%)
[WARN] [1783600007.795] [/px4_ctrl_bridge]: [px4_bridge] AVOIDANCE ACTIVE -> forwarding /target_avoidance
[INFO] [1783600007.879] [/local_avoidance]: [local_avoidance] avoiding...  min_dist=0.35 m
[INFO] [1783600008.152] [/local_avoidance]: [local_avoidance] DEACTIVATED
[WARN] [1783600008.175] [/px4_ctrl_bridge]: [px4_bridge] avoidance released -> published /planning/replan
[WARN] [1783600008.204] [/local_avoidance]: [local_avoidance] ACTIVATED  (min_dist=0.35 m, idx=4828)
[INFO] [1783600008.452] [/local_avoidance]: [local_avoidance] DEACTIVATED
[WARN] [1783600008.475] [/px4_ctrl_bridge]: [px4_bridge] avoidance released -> published /planning/replan
[WARN] [1783600008.502] [/local_avoidance]: [local_avoidance] ACTIVATED  (min_dist=0.35 m, idx=6085)
[INFO] [1783600008.652] [/local_avoidance]: [local_avoidance] DEACTIVATED
[WARN] [1783600008.675] [/px4_ctrl_bridge]: [px4_bridge] avoidance released -> published /planning/replan
[WARN] [1783600008.701] [/local_avoidance]: [local_avoidance] ACTIVATED  (min_dist=0.35 m, idx=6751)
[INFO] [1783600008.754] [/local_avoidance]: [local_avoidance] DEACTIVATED
[WARN] [1783600008.785] [/px4_ctrl_bridge]: [px4_bridge] avoidance released -> published /planning/replan
[WARN] [1783600008.802] [/local_avoidance]: [local_avoidance] ACTIVATED  (min_dist=0.35 m, idx=246)
[WARN] [1783600008.835] [/px4_ctrl_bridge]: [px4_bridge] AVOIDANCE ACTIVE -> forwarding /target_avoidance
[INFO] [1783600008.851] [/local_avoidance]: [local_avoidance] DEACTIVATED
[WARN] [1783600008.875] [/px4_ctrl_bridge]: [px4_bridge] avoidance released -> published /planning/replan
[WARN] [1783600008.885] [/exploration_node]: wait for trigger.
[WARN] [1783600008.902] [/local_avoidance]: [local_avoidance] ACTIVATED  (min_dist=0.35 m, idx=1240)
[INFO] [1783600008.952] [/local_avoidance]: [local_avoidance] DEACTIVATED
[WARN] [1783600008.975] [/px4_ctrl_bridge]: [px4_bridge] avoidance released -> published /planning/replan
[WARN] [1783600009.002] [/local_avoidance]: [local_avoidance] ACTIVATED  (min_dist=0.35 m, idx=894)
[INFO] [1783600009.051] [/local_avoidance]: [local_avoidance] DEACTIVATED
[WARN] [1783600009.075] [/px4_ctrl_bridge]: [px4_bridge] avoidance released -> published /planning/replan
[WARN] [1783600009.101] [/local_avoidance]: [local_avoidance] ACTIVATED  (min_dist=0.35 m, idx=7547)
[INFO] [1783600009.151] [/local_avoidance]: [local_avoidance] DEACTIVATED
[WARN] [1783600009.175] [/px4_ctrl_bridge]: [px4_bridge] avoidance released -> published /planning/replan
[WARN] [1783600009.203] [/local_avoidance]: [local_avoidance] ACTIVATED  (min_dist=0.35 m, idx=1434)
[INFO] [1783600009.253] [/local_avoidance]: [local_avoidance] DEACTIVATED
[WARN] [1783600009.275] [/px4_ctrl_bridge]: [px4_bridge] avoidance released -> published /planning/replan
[WARN] [1783600009.302] [/local_avoidance]: [local_avoidance] ACTIVATED  (min_dist=0.36 m, idx=2464)
[INFO] [1783600009.352] [/local_avoidance]: [local_avoidance] DEACTIVATED
[WARN] [1783600009.375] [/px4_ctrl_bridge]: [px4_bridge] avoidance released -> published /planning/replan
[WARN] [1783600009.402] [/local_avoidance]: [local_avoidance] ACTIVATED  (min_dist=0.35 m, idx=1897)
[INFO] [1783600009.452] [/local_avoidance]: [local_avoidance] DEACTIVATED
[WARN] [1783600009.475] [/px4_ctrl_bridge]: [px4_bridge] avoidance released -> published /planning/replan
[WARN] [1783600009.502] [/local_avoidance]: [local_avoidance] ACTIVATED  (min_dist=0.35 m, idx=2893)
[INFO] [1783600009.551] [/local_avoidance]: [local_avoidance] DEACTIVATED
[WARN] [1783600009.575] [/px4_ctrl_bridge]: [px4_bridge] avoidance released -> published /planning/replan
[WARN] [1783600009.602] [/local_avoidance]: [local_avoidance] ACTIVATED  (min_dist=0.35 m, idx=7964)
[INFO] [1783600009.652] [/local_avoidance]: [local_avoidance] DEACTIVATED
[WARN] [1783600009.675] [/px4_ctrl_bridge]: [px4_bridge] avoidance released -> published /planning/replan
[WARN] [1783600009.702] [/local_avoidance]: [local_avoidance] ACTIVATED  (min_dist=0.35 m, idx=7736)
[INFO] [1783600009.751] [/local_avoidance]: [local_avoidance] DEACTIVATED
[WARN] [1783600009.775] [/px4_ctrl_bridge]: [px4_bridge] avoidance released -> published /planning/replan
[WARN] [1783600009.802] [/local_avoidance]: [local_avoidance] ACTIVATED  (min_dist=0.35 m, idx=8630)
[WARN] [1783600009.845] [/px4_ctrl_bridge]: [px4_bridge] AVOIDANCE ACTIVE -> forwarding /target_avoidance
[INFO] [1783600009.852] [/local_avoidance]: [local_avoidance] DEACTIVATED
[WARN] [1783600009.875] [/px4_ctrl_bridge]: [px4_bridge] avoidance released -> published /planning/replan
[WARN] [1783600009.902] [/local_avoidance]: [local_avoidance] ACTIVATED  (min_dist=0.35 m, idx=8168)
[INFO] [1783600009.952] [/local_avoidance]: [local_avoidance] DEACTIVATED
[WARN] [1783600009.975] [/px4_ctrl_bridge]: [px4_bridge] avoidance released -> published /planning/replan
[WARN] [1783600010.002] [/local_avoidance]: [local_avoidance] ACTIVATED  (min_dist=0.35 m, idx=8864)
[INFO] [1783600010.052] [/local_avoidance]: [local_avoidance] DEACTIVATED
[WARN] [1783600010.075] [/px4_ctrl_bridge]: [px4_bridge] avoidance released -> published /planning/replan
[WARN] [1783600010.102] [/local_avoidance]: [local_avoidance] ACTIVATED  (min_dist=0.35 m, idx=8636)
[INFO] [1783600010.156] [/local_avoidance]: [local_avoidance] DEACTIVATED
[WARN] [1783600010.175] [/px4_ctrl_bridge]: [px4_bridge] avoidance released -> published /planning/replan
[WARN] [1783600010.201] [/local_avoidance]: [local_avoidance] ACTIVATED  (min_dist=0.35 m, idx=3808)
[INFO] [1783600010.277] [/local_avoidance]: [local_avoidance] DEACTIVATED
[WARN] [1783600010.302] [/local_avoidance]: [local_avoidance] ACTIVATED  (min_dist=0.35 m, idx=3331)
[WARN] [1783600010.305] [/px4_ctrl_bridge]: [px4_bridge] avoidance released -> published /planning/replan
[INFO] [1783600010.352] [/local_avoidance]: [local_avoidance] DEACTIVATED
[WARN] [1783600010.375] [/px4_ctrl_bridge]: [px4_bridge] avoidance released -> published /planning/replan
[WARN] [1783600010.427] [/local_avoidance]: [local_avoidance] ACTIVATED  (min_dist=0.35 m, idx=9882)
[INFO] [1783600010.451] [/local_avoidance]: [local_avoidance] DEACTIVATED
[WARN] [1783600010.475] [/px4_ctrl_bridge]: [px4_bridge] avoidance released -> published /planning/replan
[WARN] [1783600010.502] [/local_avoidance]: [local_avoidance] ACTIVATED  (min_dist=0.35 m, idx=3567)
[INFO] [1783600010.552] [/local_avoidance]: [local_avoidance] DEACTIVATED
[WARN] [1783600010.575] [/px4_ctrl_bridge]: [px4_bridge] avoidance released -> published /planning/replan
[WARN] [1783600010.603] [/local_avoidance]: [local_avoidance] ACTIVATED  (min_dist=0.35 m, idx=4492)
[INFO] [1783600010.653] [/local_avoidance]: [local_avoidance] avoiding...  min_dist=0.35 m
[INFO] [1783600010.753] [/local_avoidance]: [local_avoidance] DEACTIVATED
[WARN] [1783600010.776] [/px4_ctrl_bridge]: [px4_bridge] avoidance released -> published /planning/replan
[WARN] [1783600010.802] [/local_avoidance]: [local_avoidance] ACTIVATED  (min_dist=0.35 m, idx=5036)
[WARN] [1783600010.857] [/px4_ctrl_bridge]: [px4_bridge] AVOIDANCE ACTIVE -> forwarding /target_avoidance
[INFO] [1783600011.161] [/mavros]: HP: requesting home position
[INFO] [1783600011.653] [/local_avoidance]: [local_avoidance] avoiding...  min_dist=0.35 m
[WARN] [1783600011.867] [/px4_ctrl_bridge]: [px4_bridge] AVOIDANCE ACTIVE -> forwarding /target_avoidance
[INFO] [1783600012.677] [/local_avoidance]: [local_avoidance] avoiding...  min_dist=0.36 m
[INFO] [1783600012.701] [/cloud_crop_bridge]: [CloudCrop] 3052 -> 417 pts (14%)
[WARN] [1783600012.876] [/px4_ctrl_bridge]: [px4_bridge] AVOIDANCE ACTIVE -> forwarding /target_avoidance
[INFO] [1783600013.307] [/local_avoidance]: [local_avoidance] DEACTIVATED
[WARN] [1783600013.325] [/px4_ctrl_bridge]: [px4_bridge] avoidance released -> published /planning/replan
[WARN] [1783600013.353] [/local_avoidance]: [local_avoidance] ACTIVATED  (min_dist=0.37 m, idx=291)
[INFO] [1783600013.502] [/local_avoidance]: [local_avoidance] DEACTIVATED
[WARN] [1783600013.525] [/px4_ctrl_bridge]: [px4_bridge] avoidance released -> published /planning/replan
[WARN] [1783600013.577] [/local_avoidance]: [local_avoidance] ACTIVATED  (min_dist=0.35 m, idx=5520)
[INFO] [1783600013.602] [/local_avoidance]: [local_avoidance] DEACTIVATED
[WARN] [1783600013.625] [/px4_ctrl_bridge]: [px4_bridge] avoidance released -> published /planning/replan
[WARN] [1783600013.652] [/local_avoidance]: [local_avoidance] ACTIVATED  (min_dist=0.35 m, idx=6209)
[INFO] [1783600013.727] [/local_avoidance]: [local_avoidance] DEACTIVATED
[WARN] [1783600013.753] [/local_avoidance]: [local_avoidance] ACTIVATED  (min_dist=0.35 m, idx=6071)
[WARN] [1783600013.756] [/px4_ctrl_bridge]: [px4_bridge] avoidance released -> published /planning/replan
[INFO] [1783600013.803] [/local_avoidance]: [local_avoidance] DEACTIVATED
[WARN] [1783600013.826] [/px4_ctrl_bridge]: [px4_bridge] avoidance released -> published /planning/replan
[WARN] [1783600013.852] [/local_avoidance]: [local_avoidance] ACTIVATED  (min_dist=0.35 m, idx=821)
[WARN] [1783600013.885] [/px4_ctrl_bridge]: [px4_bridge] AVOIDANCE ACTIVE -> forwarding /target_avoidance
[WARN] [1783600013.887] [/exploration_node]: wait for trigger.
[INFO] [1783600013.901] [/local_avoidance]: [local_avoidance] DEACTIVATED
[WARN] [1783600013.925] [/px4_ctrl_bridge]: [px4_bridge] avoidance released -> published /planning/replan
[WARN] [1783600013.952] [/local_avoidance]: [local_avoidance] ACTIVATED  (min_dist=0.35 m, idx=6516)
[INFO] [1783600014.004] [/local_avoidance]: [local_avoidance] DEACTIVATED
[WARN] [1783600014.025] [/px4_ctrl_bridge]: [px4_bridge] avoidance released -> published /planning/replan
[WARN] [1783600014.052] [/local_avoidance]: [local_avoidance] ACTIVATED  (min_dist=0.35 m, idx=7222)
[INFO] [1783600014.126] [/local_avoidance]: [local_avoidance] DEACTIVATED
[WARN] [1783600014.151] [/local_avoidance]: [local_avoidance] ACTIVATED  (min_dist=0.35 m, idx=999)
[WARN] [1783600014.155] [/px4_ctrl_bridge]: [px4_bridge] avoidance released -> published /planning/replan
[INFO] [1783600014.202] [/local_avoidance]: [local_avoidance] DEACTIVATED
[WARN] [1783600014.225] [/px4_ctrl_bridge]: [px4_bridge] avoidance released -> published /planning/replan
[WARN] [1783600014.253] [/local_avoidance]: [local_avoidance] ACTIVATED  (min_dist=0.35 m, idx=1824)
[INFO] [1783600014.303] [/local_avoidance]: [local_avoidance] DEACTIVATED
[WARN] [1783600014.335] [/px4_ctrl_bridge]: [px4_bridge] avoidance released -> published /planning/replan
[WARN] [1783600014.352] [/local_avoidance]: [local_avoidance] ACTIVATED  (min_dist=0.35 m, idx=1567)
[INFO] [1783600014.403] [/local_avoidance]: [local_avoidance] DEACTIVATED
[WARN] [1783600014.425] [/px4_ctrl_bridge]: [px4_bridge] avoidance released -> published /planning/replan
[WARN] [1783600014.476] [/local_avoidance]: [local_avoidance] ACTIVATED  (min_dist=0.35 m, idx=2272)
[INFO] [1783600014.502] [/local_avoidance]: [local_avoidance] DEACTIVATED
[WARN] [1783600014.525] [/px4_ctrl_bridge]: [px4_bridge] avoidance released -> published /planning/replan
[WARN] [1783600014.553] [/local_avoidance]: [local_avoidance] ACTIVATED  (min_dist=0.35 m, idx=1818)
[INFO] [1783600014.602] [/local_avoidance]: [local_avoidance] DEACTIVATED
[WARN] [1783600014.625] [/px4_ctrl_bridge]: [px4_bridge] avoidance released -> published /planning/replan
[WARN] [1783600014.651] [/local_avoidance]: [local_avoidance] ACTIVATED  (min_dist=0.35 m, idx=8575)
[INFO] [1783600014.702] [/local_avoidance]: [local_avoidance] DEACTIVATED
[WARN] [1783600014.725] [/px4_ctrl_bridge]: [px4_bridge] avoidance released -> published /planning/replan
[WARN] [1783600014.753] [/local_avoidance]: [local_avoidance] ACTIVATED  (min_dist=0.35 m, idx=2466)
[INFO] [1783600014.803] [/local_avoidance]: [local_avoidance] DEACTIVATED
[WARN] [1783600014.825] [/px4_ctrl_bridge]: [px4_bridge] avoidance released -> published /planning/replan
[WARN] [1783600014.854] [/local_avoidance]: [local_avoidance] ACTIVATED  (min_dist=0.35 m, idx=3283)
[WARN] [1783600014.885] [/px4_ctrl_bridge]: [px4_bridge] AVOIDANCE ACTIVE -> forwarding /target_avoidance
[INFO] [1783600014.901] [/local_avoidance]: [local_avoidance] DEACTIVATED
[WARN] [1783600014.925] [/px4_ctrl_bridge]: [px4_bridge] avoidance released -> published /planning/replan
[WARN] [1783600014.979] [/local_avoidance]: [local_avoidance] ACTIVATED  (min_dist=0.35 m, idx=2714)
[INFO] [1783600015.003] [/local_avoidance]: [local_avoidance] DEACTIVATED
[WARN] [1783600015.025] [/px4_ctrl_bridge]: [px4_bridge] avoidance released -> published /planning/replan
[WARN] [1783600015.052] [/local_avoidance]: [local_avoidance] ACTIVATED  (min_dist=0.36 m, idx=4043)
[INFO] [1783600015.102] [/local_avoidance]: [local_avoidance] DEACTIVATED
[WARN] [1783600015.135] [/px4_ctrl_bridge]: [px4_bridge] avoidance released -> published /planning/replan
[WARN] [1783600015.152] [/local_avoidance]: [local_avoidance] ACTIVATED  (min_dist=0.35 m, idx=9492)
[INFO] [1783600015.202] [/local_avoidance]: [local_avoidance] DEACTIVATED
[WARN] [1783600015.225] [/px4_ctrl_bridge]: [px4_bridge] avoidance released -> published /planning/replan
[WARN] [1783600015.251] [/local_avoidance]: [local_avoidance] ACTIVATED  (min_dist=0.36 m, idx=8776)
[INFO] [1783600015.303] [/local_avoidance]: [local_avoidance] DEACTIVATED
[WARN] [1783600015.325] [/px4_ctrl_bridge]: [px4_bridge] avoidance released -> published /planning/replan
[WARN] [1783600015.352] [/local_avoidance]: [local_avoidance] ACTIVATED  (min_dist=0.35 m, idx=9548)
[INFO] [1783600015.406] [/local_avoidance]: [local_avoidance] DEACTIVATED
[WARN] [1783600015.425] [/px4_ctrl_bridge]: [px4_bridge] avoidance released -> published /planning/replan
[WARN] [1783600015.478] [/local_avoidance]: [local_avoidance] ACTIVATED  (min_dist=0.36 m, idx=4615)
[INFO] [1783600015.502] [/local_avoidance]: [local_avoidance] avoiding...  min_dist=0.35 m
[INFO] [1783600015.702] [/local_avoidance]: [local_avoidance] DEACTIVATED
[WARN] [1783600015.726] [/px4_ctrl_bridge]: [px4_bridge] avoidance released -> published /planning/replan
[WARN] [1783600015.752] [/local_avoidance]: [local_avoidance] ACTIVATED  (min_dist=0.35 m, idx=4936)
[WARN] [1783600015.885] [/px4_ctrl_bridge]: [px4_bridge] AVOIDANCE ACTIVE -> forwarding /target_avoidance
[INFO] [1783600016.508] [/local_avoidance]: [local_avoidance] avoiding...  min_dist=0.35 m
[WARN] [1783600016.885] [/px4_ctrl_bridge]: [px4_bridge] AVOIDANCE ACTIVE -> forwarding /target_avoidance
[INFO] [1783600017.554] [/local_avoidance]: [local_avoidance] avoiding...  min_dist=0.36 m
[INFO] [1783600017.755] [/cloud_crop_bridge]: [CloudCrop] 3087 -> 523 pts (17%)
[WARN] [1783600017.895] [/px4_ctrl_bridge]: [px4_bridge] AVOIDANCE ACTIVE -> forwarding /target_avoidance
[INFO] [1783600018.451] [/local_avoidance]: [local_avoidance] DEACTIVATED
[WARN] [1783600018.475] [/px4_ctrl_bridge]: [px4_bridge] avoidance released -> published /planning/replan
[WARN] [1783600018.506] [/local_avoidance]: [local_avoidance] ACTIVATED  (min_dist=0.35 m, idx=6363)
[INFO] [1783600018.552] [/local_avoidance]: [local_avoidance] DEACTIVATED
[WARN] [1783600018.575] [/px4_ctrl_bridge]: [px4_bridge] avoidance released -> published /planning/replan
[WARN] [1783600018.602] [/local_avoidance]: [local_avoidance] ACTIVATED  (min_dist=0.35 m, idx=453)
[INFO] [1783600018.677] [/local_avoidance]: [local_avoidance] DEACTIVATED
[WARN] [1783600018.702] [/local_avoidance]: [local_avoidance] ACTIVATED  (min_dist=0.36 m, idx=1261)
[WARN] [1783600018.705] [/px4_ctrl_bridge]: [px4_bridge] avoidance released -> published /planning/replan
[INFO] [1783600018.753] [/local_avoidance]: [local_avoidance] DEACTIVATED
[WARN] [1783600018.778] [/px4_ctrl_bridge]: [px4_bridge] avoidance released -> published /planning/replan
[WARN] [1783600018.802] [/local_avoidance]: [local_avoidance] ACTIVATED  (min_dist=0.35 m, idx=617)
[INFO] [1783600018.852] [/local_avoidance]: [local_avoidance] DEACTIVATED
[WARN] [1783600018.875] [/px4_ctrl_bridge]: [px4_bridge] avoidance released -> published /planning/replan
[WARN] [1783600018.895] [/exploration_node]: wait for trigger.
[WARN] [1783600018.903] [/local_avoidance]: [local_avoidance] ACTIVATED  (min_dist=0.36 m, idx=6148)
[WARN] [1783600018.926] [/px4_ctrl_bridge]: [px4_bridge] AVOIDANCE ACTIVE -> forwarding /target_avoidance
[INFO] [1783600018.952] [/local_avoidance]: [local_avoidance] DEACTIVATED
[WARN] [1783600018.975] [/px4_ctrl_bridge]: [px4_bridge] avoidance released -> published /planning/replan
[WARN] [1783600019.003] [/local_avoidance]: [local_avoidance] ACTIVATED  (min_dist=0.35 m, idx=1069)
[INFO] [1783600019.052] [/local_avoidance]: [local_avoidance] DEACTIVATED
[WARN] [1783600019.075] [/px4_ctrl_bridge]: [px4_bridge] avoidance released -> published /planning/replan
[WARN] [1783600019.103] [/local_avoidance]: [local_avoidance] ACTIVATED  (min_dist=0.36 m, idx=6552)
[INFO] [1783600019.152] [/local_avoidance]: [local_avoidance] DEACTIVATED
[WARN] [1783600019.175] [/px4_ctrl_bridge]: [px4_bridge] avoidance released -> published /planning/replan
[WARN] [1783600019.202] [/local_avoidance]: [local_avoidance] ACTIVATED  (min_dist=0.35 m, idx=7332)
[WARN] [1783600019.235] [/exploration_node]: [EV] [1783600019.235][   +271.7s][WAIT_TRIGGER] Avoidance: Activated  <->  Deactivated | cycling x2502 over 270.6s
[INFO] [1783600019.252] [/local_avoidance]: [local_avoidance] DEACTIVATED
[WARN] [1783600019.275] [/px4_ctrl_bridge]: [px4_bridge] avoidance released -> published /planning/replan
[WARN] [1783600019.302] [/local_avoidance]: [local_avoidance] ACTIVATED  (min_dist=0.36 m, idx=7096)
[INFO] [1783600019.377] [/local_avoidance]: [local_avoidance] DEACTIVATED
[WARN] [1783600019.404] [/local_avoidance]: [local_avoidance] ACTIVATED  (min_dist=0.35 m, idx=2264)
[WARN] [1783600019.405] [/px4_ctrl_bridge]: [px4_bridge] avoidance released -> published /planning/replan
[INFO] [1783600019.453] [/local_avoidance]: [local_avoidance] DEACTIVATED
[WARN] [1783600019.475] [/px4_ctrl_bridge]: [px4_bridge] avoidance released -> published /planning/replan
[WARN] [1783600019.527] [/local_avoidance]: [local_avoidance] ACTIVATED  (min_dist=0.35 m, idx=1487)
[INFO] [1783600019.553] [/local_avoidance]: [local_avoidance] DEACTIVATED
[WARN] [1783600019.575] [/px4_ctrl_bridge]: [px4_bridge] avoidance released -> published /planning/replan
[WARN] [1783600019.602] [/local_avoidance]: [local_avoidance] ACTIVATED  (min_dist=0.35 m, idx=2401)
[INFO] [1783600019.655] [/local_avoidance]: [local_avoidance] DEACTIVATED
[WARN] [1783600019.675] [/px4_ctrl_bridge]: [px4_bridge] avoidance released -> published /planning/replan
[WARN] [1783600019.702] [/local_avoidance]: [local_avoidance] ACTIVATED  (min_dist=0.35 m, idx=8000)
[INFO] [1783600019.752] [/local_avoidance]: [local_avoidance] DEACTIVATED
[WARN] [1783600019.775] [/px4_ctrl_bridge]: [px4_bridge] avoidance released -> published /planning/replan
[WARN] [1783600019.806] [/local_avoidance]: [local_avoidance] ACTIVATED  (min_dist=0.35 m, idx=9011)
[INFO] [1783600019.852] [/local_avoidance]: [local_avoidance] DEACTIVATED
[WARN] [1783600019.885] [/px4_ctrl_bridge]: [px4_bridge] avoidance released -> published /planning/replan
[WARN] [1783600019.926] [/local_avoidance]: [local_avoidance] ACTIVATED  (min_dist=0.35 m, idx=3751)
[INFO] [1783600019.952] [/local_avoidance]: [local_avoidance] DEACTIVATED
[WARN] [1783600019.955] [/px4_ctrl_bridge]: [px4_bridge] AVOIDANCE ACTIVE -> forwarding /target_avoidance
[WARN] [1783600019.975] [/px4_ctrl_bridge]: [px4_bridge] avoidance released -> published /planning/replan
[WARN] [1783600020.001] [/local_avoidance]: [local_avoidance] ACTIVATED  (min_dist=0.35 m, idx=9246)
[INFO] [1783600020.076] [/local_avoidance]: [local_avoidance] DEACTIVATED
[WARN] [1783600020.101] [/local_avoidance]: [local_avoidance] ACTIVATED  (min_dist=0.35 m, idx=3439)
[WARN] [1783600020.105] [/px4_ctrl_bridge]: [px4_bridge] avoidance released -> published /planning/replan
[INFO] [1783600020.153] [/local_avoidance]: [local_avoidance] DEACTIVATED
[WARN] [1783600020.175] [/px4_ctrl_bridge]: [px4_bridge] avoidance released -> published /planning/replan
[WARN] [1783600020.202] [/local_avoidance]: [local_avoidance] ACTIVATED  (min_dist=0.35 m, idx=3848)
[INFO] [1783600020.277] [/local_avoidance]: [local_avoidance] DEACTIVATED
[WARN] [1783600020.302] [/local_avoidance]: [local_avoidance] ACTIVATED  (min_dist=0.35 m, idx=3582)
[WARN] [1783600020.305] [/px4_ctrl_bridge]: [px4_bridge] avoidance released -> published /planning/replan
[INFO] [1783600020.377] [/local_avoidance]: [local_avoidance] DEACTIVATED
[WARN] [1783600020.401] [/local_avoidance]: [local_avoidance] ACTIVATED  (min_dist=0.35 m, idx=10155)
[WARN] [1783600020.405] [/px4_ctrl_bridge]: [px4_bridge] avoidance released -> published /planning/replan
[INFO] [1783600020.452] [/local_avoidance]: [local_avoidance] DEACTIVATED
[WARN] [1783600020.476] [/px4_ctrl_bridge]: [px4_bridge] avoidance released -> published /planning/replan
[WARN] [1783600020.502] [/local_avoidance]: [local_avoidance] ACTIVATED  (min_dist=0.35 m, idx=4149)
[INFO] [1783600020.577] [/local_avoidance]: [local_avoidance] DEACTIVATED
[WARN] [1783600020.602] [/local_avoidance]: [local_avoidance] ACTIVATED  (min_dist=0.36 m, idx=9713)
[WARN] [1783600020.605] [/px4_ctrl_bridge]: [px4_bridge] avoidance released -> published /planning/replan
[INFO] [1783600020.652] [/local_avoidance]: [local_avoidance] DEACTIVATED
[WARN] [1783600020.675] [/px4_ctrl_bridge]: [px4_bridge] avoidance released -> published /planning/replan
[WARN] [1783600020.702] [/local_avoidance]: [local_avoidance] ACTIVATED  (min_dist=0.35 m, idx=4297)
[INFO] [1783600020.751] [/local_avoidance]: [local_avoidance] avoiding...  min_dist=0.38 m
[INFO] [1783600020.852] [/local_avoidance]: [local_avoidance] DEACTIVATED
[WARN] [1783600020.876] [/px4_ctrl_bridge]: [px4_bridge] avoidance released -> published /planning/replan
[WARN] [1783600020.902] [/local_avoidance]: [local_avoidance] ACTIVATED  (min_dist=0.35 m, idx=5127)
[WARN] [1783600020.955] [/px4_ctrl_bridge]: [px4_bridge] AVOIDANCE ACTIVE -> forwarding /target_avoidance
[INFO] [1783600021.162] [/mavros]: HP: requesting home position
[INFO] [1783600021.752] [/local_avoidance]: [local_avoidance] avoiding...  min_dist=0.35 m
[WARN] [1783600021.965] [/px4_ctrl_bridge]: [px4_bridge] AVOIDANCE ACTIVE -> forwarding /target_avoidance
[INFO] [1783600022.806] [/cloud_crop_bridge]: [CloudCrop] 3037 -> 406 pts (13%)
[INFO] [1783600022.827] [/local_avoidance]: [local_avoidance] avoiding...  min_dist=0.35 m
[WARN] [1783600022.965] [/px4_ctrl_bridge]: [px4_bridge] AVOIDANCE ACTIVE -> forwarding /target_avoidance
[INFO] [1783600023.126] [/local_avoidance]: [local_avoidance] DEACTIVATED
[WARN] [1783600023.152] [/local_avoidance]: [local_avoidance] ACTIVATED  (min_dist=0.35 m, idx=4976)
[WARN] [1783600023.155] [/px4_ctrl_bridge]: [px4_bridge] avoidance released -> published /planning/replan
[INFO] [1783600023.203] [/local_avoidance]: [local_avoidance] DEACTIVATED
[WARN] [1783600023.225] [/px4_ctrl_bridge]: [px4_bridge] avoidance released -> published /planning/replan
[WARN] [1783600023.253] [/local_avoidance]: [local_avoidance] ACTIVATED  (min_dist=0.35 m, idx=6073)
[INFO] [1783600023.404] [/local_avoidance]: [local_avoidance] DEACTIVATED
[WARN] [1783600023.425] [/px4_ctrl_bridge]: [px4_bridge] avoidance released -> published /planning/replan
[WARN] [1783600023.452] [/local_avoidance]: [local_avoidance] ACTIVATED  (min_dist=0.35 m, idx=6045)
[INFO] [1783600023.601] [/local_avoidance]: [local_avoidance] DEACTIVATED
[WARN] [1783600023.625] [/px4_ctrl_bridge]: [px4_bridge] avoidance released -> published /planning/replan
[WARN] [1783600023.654] [/local_avoidance]: [local_avoidance] ACTIVATED  (min_dist=0.35 m, idx=6494)
[INFO] [1783600023.703] [/local_avoidance]: [local_avoidance] DEACTIVATED
[WARN] [1783600023.725] [/px4_ctrl_bridge]: [px4_bridge] avoidance released -> published /planning/replan
[WARN] [1783600023.753] [/local_avoidance]: [local_avoidance] ACTIVATED  (min_dist=0.35 m, idx=391)
[INFO] [1783600023.802] [/local_avoidance]: [local_avoidance] DEACTIVATED
[WARN] [1783600023.826] [/px4_ctrl_bridge]: [px4_bridge] avoidance released -> published /planning/replan
[WARN] [1783600023.852] [/local_avoidance]: [local_avoidance] ACTIVATED  (min_dist=0.35 m, idx=7035)
[WARN] [1783600023.897] [/exploration_node]: wait for trigger.
[INFO] [1783600023.902] [/local_avoidance]: [local_avoidance] DEACTIVATED
[WARN] [1783600023.925] [/px4_ctrl_bridge]: [px4_bridge] avoidance released -> published /planning/replan
[WARN] [1783600023.951] [/local_avoidance]: [local_avoidance] ACTIVATED  (min_dist=0.35 m, idx=1206)
[WARN] [1783600023.975] [/px4_ctrl_bridge]: [px4_bridge] AVOIDANCE ACTIVE -> forwarding /target_avoidance
[INFO] [1783600024.002] [/local_avoidance]: [local_avoidance] DEACTIVATED
[WARN] [1783600024.035] [/px4_ctrl_bridge]: [px4_bridge] avoidance released -> published /planning/replan
[WARN] [1783600024.052] [/local_avoidance]: [local_avoidance] ACTIVATED  (min_dist=0.35 m, idx=7483)
[INFO] [1783600024.102] [/local_avoidance]: [local_avoidance] DEACTIVATED
[WARN] [1783600024.125] [/px4_ctrl_bridge]: [px4_bridge] avoidance released -> published /planning/replan
[WARN] [1783600024.176] [/local_avoidance]: [local_avoidance] ACTIVATED  (min_dist=0.35 m, idx=7225)
[INFO] [1783600024.202] [/local_avoidance]: [local_avoidance] DEACTIVATED
[WARN] [1783600024.225] [/px4_ctrl_bridge]: [px4_bridge] avoidance released -> published /planning/replan
[WARN] [1783600024.251] [/local_avoidance]: [local_avoidance] ACTIVATED  (min_dist=0.36 m, idx=2110)
[INFO] [1783600024.303] [/local_avoidance]: [local_avoidance] DEACTIVATED
[WARN] [1783600024.335] [/px4_ctrl_bridge]: [px4_bridge] avoidance released -> published /planning/replan
[WARN] [1783600024.351] [/local_avoidance]: [local_avoidance] ACTIVATED  (min_dist=0.35 m, idx=6351)
[INFO] [1783600024.403] [/local_avoidance]: [local_avoidance] DEACTIVATED
[WARN] [1783600024.425] [/px4_ctrl_bridge]: [px4_bridge] avoidance released -> published /planning/replan
[WARN] [1783600024.452] [/local_avoidance]: [local_avoidance] ACTIVATED  (min_dist=0.36 m, idx=7398)
[INFO] [1783600024.503] [/local_avoidance]: [local_avoidance] DEACTIVATED
[WARN] [1783600024.525] [/px4_ctrl_bridge]: [px4_bridge] avoidance released -> published /planning/replan
[WARN] [1783600024.552] [/local_avoidance]: [local_avoidance] ACTIVATED  (min_dist=0.35 m, idx=2289)
[INFO] [1783600024.602] [/local_avoidance]: [local_avoidance] DEACTIVATED
[WARN] [1783600024.625] [/px4_ctrl_bridge]: [px4_bridge] avoidance released -> published /planning/replan
[WARN] [1783600024.651] [/local_avoidance]: [local_avoidance] ACTIVATED  (min_dist=0.36 m, idx=3413)
[INFO] [1783600024.731] [/local_avoidance]: [local_avoidance] DEACTIVATED
[WARN] [1783600024.753] [/local_avoidance]: [local_avoidance] ACTIVATED  (min_dist=0.35 m, idx=8368)
[WARN] [1783600024.755] [/px4_ctrl_bridge]: [px4_bridge] avoidance released -> published /planning/replan
[INFO] [1783600024.801] [/local_avoidance]: [local_avoidance] DEACTIVATED
[WARN] [1783600024.825] [/px4_ctrl_bridge]: [px4_bridge] avoidance released -> published /planning/replan
[WARN] [1783600024.856] [/local_avoidance]: [local_avoidance] ACTIVATED  (min_dist=0.35 m, idx=8116)
[INFO] [1783600024.927] [/local_avoidance]: [local_avoidance] DEACTIVATED
[WARN] [1783600024.952] [/local_avoidance]: [local_avoidance] ACTIVATED  (min_dist=0.35 m, idx=3192)
[WARN] [1783600024.955] [/px4_ctrl_bridge]: [px4_bridge] avoidance released -> published /planning/replan
[WARN] [1783600024.985] [/px4_ctrl_bridge]: [px4_bridge] AVOIDANCE ACTIVE -> forwarding /target_avoidance
[INFO] [1783600025.003] [/local_avoidance]: [local_avoidance] DEACTIVATED
[WARN] [1783600025.026] [/px4_ctrl_bridge]: [px4_bridge] avoidance released -> published /planning/replan
[WARN] [1783600025.052] [/local_avoidance]: [local_avoidance] ACTIVATED  (min_dist=0.35 m, idx=2527)
[INFO] [1783600025.103] [/local_avoidance]: [local_avoidance] DEACTIVATED
[WARN] [1783600025.125] [/px4_ctrl_bridge]: [px4_bridge] avoidance released -> published /planning/replan
[WARN] [1783600025.154] [/local_avoidance]: [local_avoidance] ACTIVATED  (min_dist=0.35 m, idx=3848)
[INFO] [1783600025.202] [/local_avoidance]: [local_avoidance] DEACTIVATED
[WARN] [1783600025.225] [/px4_ctrl_bridge]: [px4_bridge] avoidance released -> published /planning/replan
[WARN] [1783600025.277] [/local_avoidance]: [local_avoidance] ACTIVATED  (min_dist=0.35 m, idx=3067)
[INFO] [1783600025.302] [/local_avoidance]: [local_avoidance] DEACTIVATED
[WARN] [1783600025.325] [/px4_ctrl_bridge]: [px4_bridge] avoidance released -> published /planning/replan
[WARN] [1783600025.352] [/local_avoidance]: [local_avoidance] ACTIVATED  (min_dist=0.35 m, idx=9821)
[INFO] [1783600025.406] [/local_avoidance]: [local_avoidance] DEACTIVATED
[WARN] [1783600025.428] [/px4_ctrl_bridge]: [px4_bridge] avoidance released -> published /planning/replan
[WARN] [1783600025.452] [/local_avoidance]: [local_avoidance] ACTIVATED  (min_dist=0.35 m, idx=3723)
[INFO] [1783600025.502] [/local_avoidance]: [local_avoidance] DEACTIVATED
[WARN] [1783600025.527] [/px4_ctrl_bridge]: [px4_bridge] avoidance released -> published /planning/replan
[WARN] [1783600025.553] [/local_avoidance]: [local_avoidance] ACTIVATED  (min_dist=0.35 m, idx=4835)
[INFO] [1783600025.602] [/local_avoidance]: [local_avoidance] avoiding...  min_dist=0.35 m
[WARN] [1783600025.985] [/px4_ctrl_bridge]: [px4_bridge] AVOIDANCE ACTIVE -> forwarding /target_avoidance
[INFO] [1783600026.604] [/local_avoidance]: [local_avoidance] avoiding...  min_dist=0.36 m
[WARN] [1783600026.995] [/px4_ctrl_bridge]: [px4_bridge] AVOIDANCE ACTIVE -> forwarding /target_avoidance
[INFO] [1783600027.654] [/local_avoidance]: [local_avoidance] avoiding...  min_dist=0.36 m
[INFO] [1783600027.811] [/cloud_crop_bridge]: [CloudCrop] 2830 -> 711 pts (25%)
[WARN] [1783600027.995] [/px4_ctrl_bridge]: [px4_bridge] AVOIDANCE ACTIVE -> forwarding /target_avoidance
[INFO] [1783600028.252] [/local_avoidance]: [local_avoidance] DEACTIVATED
[WARN] [1783600028.276] [/px4_ctrl_bridge]: [px4_bridge] avoidance released -> published /planning/replan
[WARN] [1783600028.304] [/local_avoidance]: [local_avoidance] ACTIVATED  (min_dist=0.36 m, idx=4914)
[INFO] [1783600028.452] [/local_avoidance]: [local_avoidance] DEACTIVATED
[WARN] [1783600028.475] [/px4_ctrl_bridge]: [px4_bridge] avoidance released -> published /planning/replan
[WARN] [1783600028.502] [/local_avoidance]: [local_avoidance] ACTIVATED  (min_dist=0.36 m, idx=5468)
[INFO] [1783600028.552] [/local_avoidance]: [local_avoidance] DEACTIVATED
[WARN] [1783600028.575] [/px4_ctrl_bridge]: [px4_bridge] avoidance released -> published /planning/replan
[WARN] [1783600028.601] [/local_avoidance]: [local_avoidance] ACTIVATED  (min_dist=0.35 m, idx=6248)
[INFO] [1783600028.652] [/local_avoidance]: [local_avoidance] DEACTIVATED
[WARN] [1783600028.675] [/px4_ctrl_bridge]: [px4_bridge] avoidance released -> published /planning/replan
[WARN] [1783600028.705] [/local_avoidance]: [local_avoidance] ACTIVATED  (min_dist=0.35 m, idx=6012)
[INFO] [1783600028.753] [/local_avoidance]: [local_avoidance] DEACTIVATED
[WARN] [1783600028.775] [/px4_ctrl_bridge]: [px4_bridge] avoidance released -> published /planning/replan
[WARN] [1783600028.802] [/local_avoidance]: [local_avoidance] ACTIVATED  (min_dist=0.35 m, idx=6609)
[INFO] [1783600028.852] [/local_avoidance]: [local_avoidance] DEACTIVATED
[WARN] [1783600028.875] [/px4_ctrl_bridge]: [px4_bridge] avoidance released -> published /planning/replan
[WARN] [1783600028.903] [/local_avoidance]: [local_avoidance] ACTIVATED  (min_dist=0.35 m, idx=6460)
[WARN] [1783600028.905] [/exploration_node]: wait for trigger.
[INFO] [1783600028.952] [/local_avoidance]: [local_avoidance] DEACTIVATED
[WARN] [1783600028.975] [/px4_ctrl_bridge]: [px4_bridge] avoidance released -> published /planning/replan
[WARN] [1783600029.004] [/local_avoidance]: [local_avoidance] ACTIVATED  (min_dist=0.35 m, idx=7165)
[WARN] [1783600029.025] [/px4_ctrl_bridge]: [px4_bridge] AVOIDANCE ACTIVE -> forwarding /target_avoidance
[INFO] [1783600029.051] [/local_avoidance]: [local_avoidance] DEACTIVATED
[WARN] [1783600029.085] [/px4_ctrl_bridge]: [px4_bridge] avoidance released -> published /planning/replan
[WARN] [1783600029.103] [/local_avoidance]: [local_avoidance] ACTIVATED  (min_dist=0.35 m, idx=863)
[INFO] [1783600029.151] [/local_avoidance]: [local_avoidance] DEACTIVATED
[WARN] [1783600029.175] [/px4_ctrl_bridge]: [px4_bridge] avoidance released -> published /planning/replan
[WARN] [1783600029.203] [/local_avoidance]: [local_avoidance] ACTIVATED  (min_dist=0.35 m, idx=2059)
[INFO] [1783600029.253] [/local_avoidance]: [local_avoidance] DEACTIVATED
[WARN] [1783600029.275] [/px4_ctrl_bridge]: [px4_bridge] avoidance released -> published /planning/replan
[WARN] [1783600029.302] [/local_avoidance]: [local_avoidance] ACTIVATED  (min_dist=0.35 m, idx=1515)
[INFO] [1783600029.376] [/local_avoidance]: [local_avoidance] DEACTIVATED
[WARN] [1783600029.405] [/px4_ctrl_bridge]: [px4_bridge] avoidance released -> published /planning/replan
[WARN] [1783600029.405] [/local_avoidance]: [local_avoidance] ACTIVATED  (min_dist=0.35 m, idx=8735)
[INFO] [1783600029.453] [/local_avoidance]: [local_avoidance] DEACTIVATED
[WARN] [1783600029.476] [/px4_ctrl_bridge]: [px4_bridge] avoidance released -> published /planning/replan
[WARN] [1783600029.502] [/local_avoidance]: [local_avoidance] ACTIVATED  (min_dist=0.35 m, idx=1866)
[INFO] [1783600029.552] [/local_avoidance]: [local_avoidance] DEACTIVATED
[WARN] [1783600029.575] [/px4_ctrl_bridge]: [px4_bridge] avoidance released -> published /planning/replan
[WARN] [1783600029.603] [/local_avoidance]: [local_avoidance] ACTIVATED  (min_dist=0.35 m, idx=8907)
[INFO] [1783600029.652] [/local_avoidance]: [local_avoidance] DEACTIVATED
[WARN] [1783600029.675] [/px4_ctrl_bridge]: [px4_bridge] avoidance released -> published /planning/replan
[WARN] [1783600029.702] [/local_avoidance]: [local_avoidance] ACTIVATED  (min_dist=0.35 m, idx=7031)
[INFO] [1783600029.752] [/local_avoidance]: [local_avoidance] DEACTIVATED
[WARN] [1783600029.775] [/px4_ctrl_bridge]: [px4_bridge] avoidance released -> published /planning/replan
[WARN] [1783600029.803] [/local_avoidance]: [local_avoidance] ACTIVATED  (min_dist=0.36 m, idx=3632)
[INFO] [1783600029.852] [/local_avoidance]: [local_avoidance] DEACTIVATED
[WARN] [1783600029.875] [/px4_ctrl_bridge]: [px4_bridge] avoidance released -> published /planning/replan
[WARN] [1783600029.903] [/local_avoidance]: [local_avoidance] ACTIVATED  (min_dist=0.35 m, idx=2754)
[INFO] [1783600029.952] [/local_avoidance]: [local_avoidance] DEACTIVATED
[WARN] [1783600029.975] [/px4_ctrl_bridge]: [px4_bridge] avoidance released -> published /planning/replan
[WARN] [1783600030.004] [/local_avoidance]: [local_avoidance] ACTIVATED  (min_dist=0.36 m, idx=3579)
[WARN] [1783600030.035] [/px4_ctrl_bridge]: [px4_bridge] AVOIDANCE ACTIVE -> forwarding /target_avoidance
[INFO] [1783600030.051] [/local_avoidance]: [local_avoidance] DEACTIVATED
[WARN] [1783600030.075] [/px4_ctrl_bridge]: [px4_bridge] avoidance released -> published /planning/replan
[WARN] [1783600030.102] [/local_avoidance]: [local_avoidance] ACTIVATED  (min_dist=0.35 m, idx=3214)
[INFO] [1783600030.150] [/exploration_node]: [EV] [1783600030.150][   +282.6s][WAIT_TRIGGER] BATT 23.5V | voltage=23.72V percent=51% (still repeating x16 over 30.0s)
[INFO] [1783600030.151] [/local_avoidance]: [local_avoidance] DEACTIVATED
[WARN] [1783600030.175] [/px4_ctrl_bridge]: [px4_bridge] avoidance released -> published /planning/replan
[WARN] [1783600030.202] [/local_avoidance]: [local_avoidance] ACTIVATED  (min_dist=0.35 m, idx=9266)
[INFO] [1783600030.251] [/local_avoidance]: [local_avoidance] DEACTIVATED
[WARN] [1783600030.275] [/px4_ctrl_bridge]: [px4_bridge] avoidance released -> published /planning/replan
[WARN] [1783600030.302] [/local_avoidance]: [local_avoidance] ACTIVATED  (min_dist=0.35 m, idx=3921)
[INFO] [1783600030.353] [/local_avoidance]: [local_avoidance] DEACTIVATED
[WARN] [1783600030.375] [/px4_ctrl_bridge]: [px4_bridge] avoidance released -> published /planning/replan
[WARN] [1783600030.429] [/local_avoidance]: [local_avoidance] ACTIVATED  (min_dist=0.35 m, idx=9256)
[INFO] [1783600030.452] [/local_avoidance]: [local_avoidance] DEACTIVATED
[WARN] [1783600030.475] [/px4_ctrl_bridge]: [px4_bridge] avoidance released -> published /planning/replan
[WARN] [1783600030.502] [/local_avoidance]: [local_avoidance] ACTIVATED  (min_dist=0.35 m, idx=9944)
[INFO] [1783600030.551] [/local_avoidance]: [local_avoidance] avoiding...  min_dist=0.38 m
[INFO] [1783600030.651] [/local_avoidance]: [local_avoidance] DEACTIVATED
[WARN] [1783600030.675] [/px4_ctrl_bridge]: [px4_bridge] avoidance released -> published /planning/replan
[WARN] [1783600030.702] [/local_avoidance]: [local_avoidance] ACTIVATED  (min_dist=0.35 m, idx=5340)
[WARN] [1783600031.045] [/px4_ctrl_bridge]: [px4_bridge] AVOIDANCE ACTIVE -> forwarding /target_avoidance
[INFO] [1783600031.161] [/mavros]: HP: requesting home position
[INFO] [1783600031.552] [/local_avoidance]: [local_avoidance] avoiding...  min_dist=0.35 m
[WARN] [1783600032.046] [/px4_ctrl_bridge]: [px4_bridge] AVOIDANCE ACTIVE -> forwarding /target_avoidance
[INFO] [1783600032.602] [/local_avoidance]: [local_avoidance] avoiding...  min_dist=0.37 m
[INFO] [1783600032.852] [/cloud_crop_bridge]: [CloudCrop] 2752 -> 720 pts (26%)
[WARN] [1783600033.055] [/px4_ctrl_bridge]: [px4_bridge] AVOIDANCE ACTIVE -> forwarding /target_avoidance
[INFO] [1783600033.402] [/local_avoidance]: [local_avoidance] DEACTIVATED
[WARN] [1783600033.425] [/px4_ctrl_bridge]: [px4_bridge] avoidance released -> published /planning/replan
[WARN] [1783600033.452] [/local_avoidance]: [local_avoidance] ACTIVATED  (min_dist=0.35 m, idx=375)
[INFO] [1783600033.602] [/local_avoidance]: [local_avoidance] DEACTIVATED
[WARN] [1783600033.625] [/px4_ctrl_bridge]: [px4_bridge] avoidance released -> published /planning/replan
[WARN] [1783600033.652] [/local_avoidance]: [local_avoidance] ACTIVATED  (min_dist=0.36 m, idx=919)
[INFO] [1783600033.701] [/local_avoidance]: [local_avoidance] DEACTIVATED
[WARN] [1783600033.725] [/px4_ctrl_bridge]: [px4_bridge] avoidance released -> published /planning/replan
[WARN] [1783600033.752] [/local_avoidance]: [local_avoidance] ACTIVATED  (min_dist=0.35 m, idx=657)
[INFO] [1783600033.826] [/local_avoidance]: [local_avoidance] DEACTIVATED
[WARN] [1783600033.856] [/px4_ctrl_bridge]: [px4_bridge] avoidance released -> published /planning/replan
[WARN] [1783600033.857] [/local_avoidance]: [local_avoidance] ACTIVATED  (min_dist=0.35 m, idx=1753)
[INFO] [1783600033.902] [/local_avoidance]: [local_avoidance] DEACTIVATED
[WARN] [1783600033.905] [/exploration_node]: wait for trigger.
[WARN] [1783600033.925] [/px4_ctrl_bridge]: [px4_bridge] avoidance released -> published /planning/replan
[WARN] [1783600033.952] [/local_avoidance]: [local_avoidance] ACTIVATED  (min_dist=0.35 m, idx=6920)
[INFO] [1783600034.002] [/local_avoidance]: [local_avoidance] DEACTIVATED
[WARN] [1783600034.025] [/px4_ctrl_bridge]: [px4_bridge] avoidance released -> published /planning/replan
[WARN] [1783600034.052] [/local_avoidance]: [local_avoidance] ACTIVATED  (min_dist=0.35 m, idx=6500)
[WARN] [1783600034.075] [/px4_ctrl_bridge]: [px4_bridge] AVOIDANCE ACTIVE -> forwarding /target_avoidance
[INFO] [1783600034.102] [/local_avoidance]: [local_avoidance] DEACTIVATED
[WARN] [1783600034.125] [/px4_ctrl_bridge]: [px4_bridge] avoidance released -> published /planning/replan
[WARN] [1783600034.153] [/local_avoidance]: [local_avoidance] ACTIVATED  (min_dist=0.35 m, idx=1668)
[INFO] [1783600034.202] [/local_avoidance]: [local_avoidance] DEACTIVATED
[WARN] [1783600034.225] [/px4_ctrl_bridge]: [px4_bridge] avoidance released -> published /planning/replan
[WARN] [1783600034.251] [/local_avoidance]: [local_avoidance] ACTIVATED  (min_dist=0.36 m, idx=6960)
[INFO] [1783600034.302] [/local_avoidance]: [local_avoidance] DEACTIVATED
[WARN] [1783600034.325] [/px4_ctrl_bridge]: [px4_bridge] avoidance released -> published /planning/replan
[WARN] [1783600034.377] [/local_avoidance]: [local_avoidance] ACTIVATED  (min_dist=0.35 m, idx=3246)
[INFO] [1783600034.402] [/local_avoidance]: [local_avoidance] DEACTIVATED
[WARN] [1783600034.425] [/px4_ctrl_bridge]: [px4_bridge] avoidance released -> published /planning/replan
[WARN] [1783600034.460] [/local_avoidance]: [local_avoidance] ACTIVATED  (min_dist=0.35 m, idx=7492)
[INFO] [1783600034.502] [/local_avoidance]: [local_avoidance] DEACTIVATED
[WARN] [1783600034.525] [/px4_ctrl_bridge]: [px4_bridge] avoidance released -> published /planning/replan
[WARN] [1783600034.551] [/local_avoidance]: [local_avoidance] ACTIVATED  (min_dist=0.35 m, idx=8189)
[INFO] [1783600034.602] [/local_avoidance]: [local_avoidance] DEACTIVATED
[WARN] [1783600034.625] [/px4_ctrl_bridge]: [px4_bridge] avoidance released -> published /planning/replan
[WARN] [1783600034.651] [/local_avoidance]: [local_avoidance] ACTIVATED  (min_dist=0.35 m, idx=1887)
[INFO] [1783600034.702] [/local_avoidance]: [local_avoidance] DEACTIVATED
[WARN] [1783600034.735] [/px4_ctrl_bridge]: [px4_bridge] avoidance released -> published /planning/replan
[WARN] [1783600034.753] [/local_avoidance]: [local_avoidance] ACTIVATED  (min_dist=0.35 m, idx=7565)
[INFO] [1783600034.802] [/local_avoidance]: [local_avoidance] DEACTIVATED
[WARN] [1783600034.825] [/px4_ctrl_bridge]: [px4_bridge] avoidance released -> published /planning/replan
[WARN] [1783600034.852] [/local_avoidance]: [local_avoidance] ACTIVATED  (min_dist=0.35 m, idx=2427)
[INFO] [1783600034.902] [/local_avoidance]: [local_avoidance] DEACTIVATED
[WARN] [1783600034.925] [/px4_ctrl_bridge]: [px4_bridge] avoidance released -> published /planning/replan
[WARN] [1783600034.951] [/local_avoidance]: [local_avoidance] ACTIVATED  (min_dist=0.35 m, idx=3824)
[INFO] [1783600035.002] [/local_avoidance]: [local_avoidance] DEACTIVATED
[WARN] [1783600035.025] [/px4_ctrl_bridge]: [px4_bridge] avoidance released -> published /planning/replan
[WARN] [1783600035.052] [/local_avoidance]: [local_avoidance] ACTIVATED  (min_dist=0.35 m, idx=2890)
[WARN] [1783600035.075] [/px4_ctrl_bridge]: [px4_bridge] AVOIDANCE ACTIVE -> forwarding /target_avoidance
[INFO] [1783600035.102] [/local_avoidance]: [local_avoidance] DEACTIVATED
[WARN] [1783600035.125] [/px4_ctrl_bridge]: [px4_bridge] avoidance released -> published /planning/replan
[WARN] [1783600035.152] [/local_avoidance]: [local_avoidance] ACTIVATED  (min_dist=0.35 m, idx=9638)
[INFO] [1783600035.204] [/local_avoidance]: [local_avoidance] DEACTIVATED
[WARN] [1783600035.225] [/px4_ctrl_bridge]: [px4_bridge] avoidance released -> published /planning/replan
[WARN] [1783600035.252] [/local_avoidance]: [local_avoidance] ACTIVATED  (min_dist=0.35 m, idx=9385)
[INFO] [1783600035.302] [/local_avoidance]: [local_avoidance] DEACTIVATED
[WARN] [1783600035.326] [/px4_ctrl_bridge]: [px4_bridge] avoidance released -> published /planning/replan
[WARN] [1783600035.351] [/local_avoidance]: [local_avoidance] ACTIVATED  (min_dist=0.35 m, idx=4240)
[INFO] [1783600035.401] [/local_avoidance]: [local_avoidance] DEACTIVATED
[WARN] [1783600035.425] [/px4_ctrl_bridge]: [px4_bridge] avoidance released -> published /planning/replan
[WARN] [1783600035.456] [/local_avoidance]: [local_avoidance] ACTIVATED  (min_dist=0.35 m, idx=4093)
[INFO] [1783600035.502] [/local_avoidance]: [local_avoidance] DEACTIVATED
[WARN] [1783600035.535] [/px4_ctrl_bridge]: [px4_bridge] avoidance released -> published /planning/replan
[WARN] [1783600035.552] [/local_avoidance]: [local_avoidance] ACTIVATED  (min_dist=0.37 m, idx=4703)
[INFO] [1783600035.602] [/local_avoidance]: [local_avoidance] DEACTIVATED
[WARN] [1783600035.625] [/px4_ctrl_bridge]: [px4_bridge] avoidance released -> published /planning/replan
[WARN] [1783600035.652] [/local_avoidance]: [local_avoidance] ACTIVATED  (min_dist=0.35 m, idx=4541)
[INFO] [1783600035.704] [/local_avoidance]: [local_avoidance] avoiding...  min_dist=0.35 m
[INFO] [1783600035.803] [/local_avoidance]: [local_avoidance] DEACTIVATED
[WARN] [1783600035.825] [/px4_ctrl_bridge]: [px4_bridge] avoidance released -> published /planning/replan
[WARN] [1783600035.853] [/local_avoidance]: [local_avoidance] ACTIVATED  (min_dist=0.35 m, idx=5189)
[WARN] [1783600036.085] [/px4_ctrl_bridge]: [px4_bridge] AVOIDANCE ACTIVE -> forwarding /target_avoidance
[INFO] [1783600036.752] [/local_avoidance]: [local_avoidance] avoiding...  min_dist=0.35 m
[WARN] [1783600037.095] [/px4_ctrl_bridge]: [px4_bridge] AVOIDANCE ACTIVE -> forwarding /target_avoidance
[INFO] [1783600037.803] [/local_avoidance]: [local_avoidance] avoiding...  min_dist=0.35 m
[INFO] [1783600037.910] [/cloud_crop_bridge]: [CloudCrop] 2739 -> 690 pts (25%)
[INFO] [1783600038.053] [/local_avoidance]: [local_avoidance] DEACTIVATED
[WARN] [1783600038.075] [/px4_ctrl_bridge]: [px4_bridge] avoidance released -> published /planning/replan
[WARN] [1783600038.102] [/local_avoidance]: [local_avoidance] ACTIVATED  (min_dist=0.35 m, idx=4728)
[WARN] [1783600038.125] [/px4_ctrl_bridge]: [px4_bridge] AVOIDANCE ACTIVE -> forwarding /target_avoidance
[INFO] [1783600038.352] [/local_avoidance]: [local_avoidance] DEACTIVATED
[WARN] [1783600038.375] [/px4_ctrl_bridge]: [px4_bridge] avoidance released -> published /planning/replan
[WARN] [1783600038.405] [/local_avoidance]: [local_avoidance] ACTIVATED  (min_dist=0.35 m, idx=136)
[INFO] [1783600038.553] [/local_avoidance]: [local_avoidance] DEACTIVATED
[WARN] [1783600038.575] [/px4_ctrl_bridge]: [px4_bridge] avoidance released -> published /planning/replan
[WARN] [1783600038.605] [/local_avoidance]: [local_avoidance] ACTIVATED  (min_dist=0.35 m, idx=588)
[INFO] [1783600038.651] [/local_avoidance]: [local_avoidance] DEACTIVATED
[WARN] [1783600038.675] [/px4_ctrl_bridge]: [px4_bridge] avoidance released -> published /planning/replan
[WARN] [1783600038.702] [/local_avoidance]: [local_avoidance] ACTIVATED  (min_dist=0.35 m, idx=431)
[INFO] [1783600038.752] [/local_avoidance]: [local_avoidance] DEACTIVATED
[WARN] [1783600038.775] [/px4_ctrl_bridge]: [px4_bridge] avoidance released -> published /planning/replan
[WARN] [1783600038.802] [/local_avoidance]: [local_avoidance] ACTIVATED  (min_dist=0.35 m, idx=7191)
[INFO] [1783600038.853] [/local_avoidance]: [local_avoidance] DEACTIVATED
[WARN] [1783600038.875] [/px4_ctrl_bridge]: [px4_bridge] avoidance released -> published /planning/replan
[WARN] [1783600038.902] [/local_avoidance]: [local_avoidance] ACTIVATED  (min_dist=0.35 m, idx=582)
[WARN] [1783600038.907] [/exploration_node]: wait for trigger.
[INFO] [1783600038.952] [/local_avoidance]: [local_avoidance] DEACTIVATED
[WARN] [1783600038.975] [/px4_ctrl_bridge]: [px4_bridge] avoidance released -> published /planning/replan
[WARN] [1783600039.001] [/local_avoidance]: [local_avoidance] ACTIVATED  (min_dist=0.35 m, idx=1588)
[INFO] [1783600039.077] [/local_avoidance]: [local_avoidance] DEACTIVATED
[WARN] [1783600039.102] [/local_avoidance]: [local_avoidance] ACTIVATED  (min_dist=0.35 m, idx=1810)
[WARN] [1783600039.105] [/px4_ctrl_bridge]: [px4_bridge] avoidance released -> published /planning/replan
[WARN] [1783600039.135] [/px4_ctrl_bridge]: [px4_bridge] AVOIDANCE ACTIVE -> forwarding /target_avoidance
[INFO] [1783600039.153] [/local_avoidance]: [local_avoidance] DEACTIVATED
[WARN] [1783600039.175] [/px4_ctrl_bridge]: [px4_bridge] avoidance released -> published /planning/replan
[WARN] [1783600039.202] [/local_avoidance]: [local_avoidance] ACTIVATED  (min_dist=0.37 m, idx=2008)
[INFO] [1783600039.251] [/local_avoidance]: [local_avoidance] DEACTIVATED
[WARN] [1783600039.275] [/px4_ctrl_bridge]: [px4_bridge] avoidance released -> published /planning/replan
[WARN] [1783600039.304] [/local_avoidance]: [local_avoidance] ACTIVATED  (min_dist=0.35 m, idx=1785)
[INFO] [1783600039.354] [/local_avoidance]: [local_avoidance] DEACTIVATED
[WARN] [1783600039.375] [/px4_ctrl_bridge]: [px4_bridge] avoidance released -> published /planning/replan
[WARN] [1783600039.402] [/local_avoidance]: [local_avoidance] ACTIVATED  (min_dist=0.35 m, idx=2977)
[INFO] [1783600039.452] [/local_avoidance]: [local_avoidance] DEACTIVATED
[WARN] [1783600039.485] [/px4_ctrl_bridge]: [px4_bridge] avoidance released -> published /planning/replan
[WARN] [1783600039.527] [/local_avoidance]: [local_avoidance] ACTIVATED  (min_dist=0.35 m, idx=2237)
[INFO] [1783600039.552] [/local_avoidance]: [local_avoidance] DEACTIVATED
[WARN] [1783600039.585] [/px4_ctrl_bridge]: [px4_bridge] avoidance released -> published /planning/replan
[WARN] [1783600039.626] [/local_avoidance]: [local_avoidance] ACTIVATED  (min_dist=0.36 m, idx=7718)
[INFO] [1783600039.652] [/local_avoidance]: [local_avoidance] DEACTIVATED
[WARN] [1783600039.675] [/px4_ctrl_bridge]: [px4_bridge] avoidance released -> published /planning/replan
[WARN] [1783600039.702] [/local_avoidance]: [local_avoidance] ACTIVATED  (min_dist=0.35 m, idx=2481)
[INFO] [1783600039.752] [/local_avoidance]: [local_avoidance] DEACTIVATED
[WARN] [1783600039.775] [/px4_ctrl_bridge]: [px4_bridge] avoidance released -> published /planning/replan
[WARN] [1783600039.826] [/local_avoidance]: [local_avoidance] ACTIVATED  (min_dist=0.35 m, idx=9132)
[INFO] [1783600039.852] [/local_avoidance]: [local_avoidance] DEACTIVATED
[WARN] [1783600039.875] [/px4_ctrl_bridge]: [px4_bridge] avoidance released -> published /planning/replan
[WARN] [1783600039.904] [/local_avoidance]: [local_avoidance] ACTIVATED  (min_dist=0.35 m, idx=3144)
[INFO] [1783600039.952] [/local_avoidance]: [local_avoidance] DEACTIVATED
[WARN] [1783600039.975] [/px4_ctrl_bridge]: [px4_bridge] avoidance released -> published /planning/replan
[WARN] [1783600040.001] [/local_avoidance]: [local_avoidance] ACTIVATED  (min_dist=0.36 m, idx=8620)
[INFO] [1783600040.051] [/local_avoidance]: [local_avoidance] DEACTIVATED
[WARN] [1783600040.075] [/px4_ctrl_bridge]: [px4_bridge] avoidance released -> published /planning/replan
[WARN] [1783600040.102] [/local_avoidance]: [local_avoidance] ACTIVATED  (min_dist=0.35 m, idx=11032)
[WARN] [1783600040.135] [/px4_ctrl_bridge]: [px4_bridge] AVOIDANCE ACTIVE -> forwarding /target_avoidance
[INFO] [1783600040.151] [/local_avoidance]: [local_avoidance] DEACTIVATED
[WARN] [1783600040.176] [/px4_ctrl_bridge]: [px4_bridge] avoidance released -> published /planning/replan
[WARN] [1783600040.202] [/local_avoidance]: [local_avoidance] ACTIVATED  (min_dist=0.36 m, idx=2915)
[INFO] [1783600040.277] [/local_avoidance]: [local_avoidance] DEACTIVATED
[WARN] [1783600040.302] [/local_avoidance]: [local_avoidance] ACTIVATED  (min_dist=0.35 m, idx=10057)
[WARN] [1783600040.305] [/px4_ctrl_bridge]: [px4_bridge] avoidance released -> published /planning/replan
[INFO] [1783600040.379] [/local_avoidance]: [local_avoidance] DEACTIVATED
[WARN] [1783600040.405] [/local_avoidance]: [local_avoidance] ACTIVATED  (min_dist=0.35 m, idx=3451)
[WARN] [1783600040.406] [/px4_ctrl_bridge]: [px4_bridge] avoidance released -> published /planning/replan
[INFO] [1783600040.452] [/local_avoidance]: [local_avoidance] DEACTIVATED
[WARN] [1783600040.475] [/px4_ctrl_bridge]: [px4_bridge] avoidance released -> published /planning/replan
[WARN] [1783600040.502] [/local_avoidance]: [local_avoidance] ACTIVATED  (min_dist=0.35 m, idx=4384)
[INFO] [1783600040.554] [/local_avoidance]: [local_avoidance] avoiding...  min_dist=0.35 m
[INFO] [1783600040.652] [/local_avoidance]: [local_avoidance] DEACTIVATED
[WARN] [1783600040.675] [/px4_ctrl_bridge]: [px4_bridge] avoidance released -> published /planning/replan
[WARN] [1783600040.702] [/local_avoidance]: [local_avoidance] ACTIVATED  (min_dist=0.36 m, idx=4912)
[INFO] [1783600040.952] [/local_avoidance]: [local_avoidance] DEACTIVATED
[WARN] [1783600040.975] [/px4_ctrl_bridge]: [px4_bridge] avoidance released -> published /planning/replan
[WARN] [1783600041.002] [/local_avoidance]: [local_avoidance] ACTIVATED  (min_dist=0.35 m, idx=4830)
[WARN] [1783600041.136] [/px4_ctrl_bridge]: [px4_bridge] AVOIDANCE ACTIVE -> forwarding /target_avoidance
[INFO] [1783600041.162] [/mavros]: HP: requesting home position
[INFO] [1783600041.602] [/local_avoidance]: [local_avoidance] avoiding...  min_dist=0.35 m
[WARN] [1783600042.145] [/px4_ctrl_bridge]: [px4_bridge] AVOIDANCE ACTIVE -> forwarding /target_avoidance
[INFO] [1783600042.652] [/local_avoidance]: [local_avoidance] avoiding...  min_dist=0.35 m
[INFO] [1783600042.951] [/cloud_crop_bridge]: [CloudCrop] 2664 -> 713 pts (27%)
[INFO] [1783600043.029] [/local_avoidance]: [local_avoidance] DEACTIVATED
[WARN] [1783600043.052] [/local_avoidance]: [local_avoidance] ACTIVATED  (min_dist=0.35 m, idx=505)
[WARN] [1783600043.056] [/px4_ctrl_bridge]: [px4_bridge] avoidance released -> published /planning/replan
[WARN] [1783600043.155] [/px4_ctrl_bridge]: [px4_bridge] AVOIDANCE ACTIVE -> forwarding /target_avoidance
[INFO] [1783600043.203] [/local_avoidance]: [local_avoidance] DEACTIVATED
[WARN] [1783600043.225] [/px4_ctrl_bridge]: [px4_bridge] avoidance released -> published /planning/replan
[WARN] [1783600043.252] [/local_avoidance]: [local_avoidance] ACTIVATED  (min_dist=0.37 m, idx=179)
[INFO] [1783600043.402] [/local_avoidance]: [local_avoidance] DEACTIVATED
[WARN] [1783600043.425] [/px4_ctrl_bridge]: [px4_bridge] avoidance released -> published /planning/replan
[WARN] [1783600043.451] [/local_avoidance]: [local_avoidance] ACTIVATED  (min_dist=0.35 m, idx=5419)
[INFO] [1783600043.503] [/local_avoidance]: [local_avoidance] DEACTIVATED
[WARN] [1783600043.525] [/px4_ctrl_bridge]: [px4_bridge] avoidance released -> published /planning/replan
[WARN] [1783600043.577] [/local_avoidance]: [local_avoidance] ACTIVATED  (min_dist=0.35 m, idx=281)
[INFO] [1783600043.602] [/local_avoidance]: [local_avoidance] DEACTIVATED
[WARN] [1783600043.625] [/px4_ctrl_bridge]: [px4_bridge] avoidance released -> published /planning/replan
[WARN] [1783600043.652] [/local_avoidance]: [local_avoidance] ACTIVATED  (min_dist=0.35 m, idx=6040)
[INFO] [1783600043.702] [/local_avoidance]: [local_avoidance] DEACTIVATED
[WARN] [1783600043.725] [/px4_ctrl_bridge]: [px4_bridge] avoidance released -> published /planning/replan
[WARN] [1783600043.752] [/local_avoidance]: [local_avoidance] ACTIVATED  (min_dist=0.35 m, idx=6640)
[INFO] [1783600043.802] [/local_avoidance]: [local_avoidance] DEACTIVATED
[WARN] [1783600043.825] [/px4_ctrl_bridge]: [px4_bridge] avoidance released -> published /planning/replan
[WARN] [1783600043.852] [/local_avoidance]: [local_avoidance] ACTIVATED  (min_dist=0.36 m, idx=6412)
[INFO] [1783600043.903] [/local_avoidance]: [local_avoidance] DEACTIVATED
[WARN] [1783600043.915] [/exploration_node]: wait for trigger.
[WARN] [1783600043.925] [/px4_ctrl_bridge]: [px4_bridge] avoidance released -> published /planning/replan
[WARN] [1783600043.953] [/local_avoidance]: [local_avoidance] ACTIVATED  (min_dist=0.35 m, idx=1261)
[INFO] [1783600044.002] [/local_avoidance]: [local_avoidance] DEACTIVATED
[WARN] [1783600044.035] [/px4_ctrl_bridge]: [px4_bridge] avoidance released -> published /planning/replan
[WARN] [1783600044.052] [/local_avoidance]: [local_avoidance] ACTIVATED  (min_dist=0.35 m, idx=6852)
[INFO] [1783600044.107] [/local_avoidance]: [local_avoidance] DEACTIVATED
[WARN] [1783600044.125] [/px4_ctrl_bridge]: [px4_bridge] avoidance released -> published /planning/replan
[WARN] [1783600044.178] [/local_avoidance]: [local_avoidance] ACTIVATED  (min_dist=0.35 m, idx=1712)
[INFO] [1783600044.202] [/local_avoidance]: [local_avoidance] DEACTIVATED
[WARN] [1783600044.205] [/px4_ctrl_bridge]: [px4_bridge] AVOIDANCE ACTIVE -> forwarding /target_avoidance
[WARN] [1783600044.225] [/px4_ctrl_bridge]: [px4_bridge] avoidance released -> published /planning/replan
[WARN] [1783600044.254] [/local_avoidance]: [local_avoidance] ACTIVATED  (min_dist=0.35 m, idx=1559)
[INFO] [1783600044.302] [/local_avoidance]: [local_avoidance] DEACTIVATED
[WARN] [1783600044.325] [/px4_ctrl_bridge]: [px4_bridge] avoidance released -> published /planning/replan
[WARN] [1783600044.352] [/local_avoidance]: [local_avoidance] ACTIVATED  (min_dist=0.35 m, idx=2172)
[INFO] [1783600044.427] [/local_avoidance]: [local_avoidance] DEACTIVATED
[WARN] [1783600044.452] [/local_avoidance]: [local_avoidance] ACTIVATED  (min_dist=0.35 m, idx=2102)
[WARN] [1783600044.455] [/px4_ctrl_bridge]: [px4_bridge] avoidance released -> published /planning/replan
[INFO] [1783600044.505] [/local_avoidance]: [local_avoidance] DEACTIVATED
[WARN] [1783600044.525] [/px4_ctrl_bridge]: [px4_bridge] avoidance released -> published /planning/replan
[WARN] [1783600044.560] [/local_avoidance]: [local_avoidance] ACTIVATED  (min_dist=0.35 m, idx=2808)
[INFO] [1783600044.602] [/local_avoidance]: [local_avoidance] DEACTIVATED
[WARN] [1783600044.627] [/px4_ctrl_bridge]: [px4_bridge] avoidance released -> published /planning/replan
[WARN] [1783600044.652] [/local_avoidance]: [local_avoidance] ACTIVATED  (min_dist=0.35 m, idx=8301)
[INFO] [1783600044.701] [/local_avoidance]: [local_avoidance] DEACTIVATED
[WARN] [1783600044.725] [/px4_ctrl_bridge]: [px4_bridge] avoidance released -> published /planning/replan
[WARN] [1783600044.753] [/local_avoidance]: [local_avoidance] ACTIVATED  (min_dist=0.36 m, idx=3480)
[INFO] [1783600044.805] [/local_avoidance]: [local_avoidance] DEACTIVATED
[WARN] [1783600044.825] [/px4_ctrl_bridge]: [px4_bridge] avoidance released -> published /planning/replan
[WARN] [1783600044.852] [/local_avoidance]: [local_avoidance] ACTIVATED  (min_dist=0.35 m, idx=8749)
[INFO] [1783600044.902] [/local_avoidance]: [local_avoidance] DEACTIVATED
[WARN] [1783600044.925] [/px4_ctrl_bridge]: [px4_bridge] avoidance released -> published /planning/replan
[WARN] [1783600044.952] [/local_avoidance]: [local_avoidance] ACTIVATED  (min_dist=0.36 m, idx=3934)
[INFO] [1783600045.002] [/local_avoidance]: [local_avoidance] DEACTIVATED
[WARN] [1783600045.025] [/px4_ctrl_bridge]: [px4_bridge] avoidance released -> published /planning/replan
[WARN] [1783600045.052] [/local_avoidance]: [local_avoidance] ACTIVATED  (min_dist=0.35 m, idx=3365)
[INFO] [1783600045.128] [/local_avoidance]: [local_avoidance] DEACTIVATED
[WARN] [1783600045.152] [/local_avoidance]: [local_avoidance] ACTIVATED  (min_dist=0.36 m, idx=9018)
[WARN] [1783600045.155] [/px4_ctrl_bridge]: [px4_bridge] avoidance released -> published /planning/replan
[INFO] [1783600045.202] [/local_avoidance]: [local_avoidance] DEACTIVATED
[WARN] [1783600045.215] [/px4_ctrl_bridge]: [px4_bridge] AVOIDANCE ACTIVE -> forwarding /target_avoidance
[WARN] [1783600045.225] [/px4_ctrl_bridge]: [px4_bridge] avoidance released -> published /planning/replan
[WARN] [1783600045.252] [/local_avoidance]: [local_avoidance] ACTIVATED  (min_dist=0.35 m, idx=4005)
[INFO] [1783600045.302] [/local_avoidance]: [local_avoidance] DEACTIVATED
[WARN] [1783600045.325] [/px4_ctrl_bridge]: [px4_bridge] avoidance released -> published /planning/replan
[WARN] [1783600045.352] [/local_avoidance]: [local_avoidance] ACTIVATED  (min_dist=0.36 m, idx=9108)
[INFO] [1783600045.427] [/local_avoidance]: [local_avoidance] DEACTIVATED
[WARN] [1783600045.452] [/local_avoidance]: [local_avoidance] ACTIVATED  (min_dist=0.35 m, idx=9888)
[WARN] [1783600045.455] [/px4_ctrl_bridge]: [px4_bridge] avoidance released -> published /planning/replan
[INFO] [1783600045.507] [/local_avoidance]: [local_avoidance] DEACTIVATED
[WARN] [1783600045.525] [/px4_ctrl_bridge]: [px4_bridge] avoidance released -> published /planning/replan
[WARN] [1783600045.551] [/local_avoidance]: [local_avoidance] ACTIVATED  (min_dist=0.35 m, idx=9640)
[INFO] [1783600045.604] [/local_avoidance]: [local_avoidance] DEACTIVATED
[WARN] [1783600045.625] [/px4_ctrl_bridge]: [px4_bridge] avoidance released -> published /planning/replan
[WARN] [1783600045.652] [/local_avoidance]: [local_avoidance] ACTIVATED  (min_dist=0.35 m, idx=4513)
[INFO] [1783600045.702] [/local_avoidance]: [local_avoidance] avoiding...  min_dist=0.35 m
[WARN] [1783600046.215] [/px4_ctrl_bridge]: [px4_bridge] AVOIDANCE ACTIVE -> forwarding /target_avoidance
[INFO] [1783600046.752] [/local_avoidance]: [local_avoidance] avoiding...  min_dist=0.35 m
[WARN] [1783600047.225] [/px4_ctrl_bridge]: [px4_bridge] AVOIDANCE ACTIVE -> forwarding /target_avoidance
[INFO] [1783600047.752] [/local_avoidance]: [local_avoidance] avoiding...  min_dist=0.35 m
[INFO] [1783600047.960] [/cloud_crop_bridge]: [CloudCrop] 3155 -> 408 pts (13%)
[WARN] [1783600048.225] [/px4_ctrl_bridge]: [px4_bridge] AVOIDANCE ACTIVE -> forwarding /target_avoidance
[INFO] [1783600048.353] [/local_avoidance]: [local_avoidance] DEACTIVATED
[WARN] [1783600048.377] [/px4_ctrl_bridge]: [px4_bridge] avoidance released -> published /planning/replan
[WARN] [1783600048.403] [/local_avoidance]: [local_avoidance] ACTIVATED  (min_dist=0.35 m, idx=6351)
[INFO] [1783600048.552] [/local_avoidance]: [local_avoidance] DEACTIVATED
[WARN] [1783600048.575] [/px4_ctrl_bridge]: [px4_bridge] avoidance released -> published /planning/replan
[WARN] [1783600048.605] [/local_avoidance]: [local_avoidance] ACTIVATED  (min_dist=0.36 m, idx=863)
[INFO] [1783600048.652] [/local_avoidance]: [local_avoidance] DEACTIVATED
[WARN] [1783600048.675] [/px4_ctrl_bridge]: [px4_bridge] avoidance released -> published /planning/replan
[WARN] [1783600048.702] [/local_avoidance]: [local_avoidance] ACTIVATED  (min_dist=0.35 m, idx=605)
[INFO] [1783600048.752] [/local_avoidance]: [local_avoidance] DEACTIVATED
[WARN] [1783600048.775] [/px4_ctrl_bridge]: [px4_bridge] avoidance released -> published /planning/replan
[WARN] [1783600048.802] [/local_avoidance]: [local_avoidance] ACTIVATED  (min_dist=0.37 m, idx=1819)
[INFO] [1783600048.852] [/local_avoidance]: [local_avoidance] DEACTIVATED
[WARN] [1783600048.875] [/px4_ctrl_bridge]: [px4_bridge] avoidance released -> published /planning/replan
[WARN] [1783600048.902] [/local_avoidance]: [local_avoidance] ACTIVATED  (min_dist=0.35 m, idx=1053)
[WARN] [1783600048.916] [/exploration_node]: wait for trigger.
[INFO] [1783600048.952] [/local_avoidance]: [local_avoidance] DEACTIVATED
[WARN] [1783600048.975] [/px4_ctrl_bridge]: [px4_bridge] avoidance released -> published /planning/replan
[WARN] [1783600049.002] [/local_avoidance]: [local_avoidance] ACTIVATED  (min_dist=0.36 m, idx=1763)
[INFO] [1783600049.054] [/local_avoidance]: [local_avoidance] DEACTIVATED
[WARN] [1783600049.075] [/px4_ctrl_bridge]: [px4_bridge] avoidance released -> published /planning/replan
[WARN] [1783600049.101] [/local_avoidance]: [local_avoidance] ACTIVATED  (min_dist=0.35 m, idx=1704)
[INFO] [1783600049.152] [/local_avoidance]: [local_avoidance] DEACTIVATED
[WARN] [1783600049.175] [/px4_ctrl_bridge]: [px4_bridge] avoidance released -> published /planning/replan
[WARN] [1783600049.202] [/local_avoidance]: [local_avoidance] ACTIVATED  (min_dist=0.36 m, idx=2728)
[WARN] [1783600049.235] [/px4_ctrl_bridge]: [px4_bridge] AVOIDANCE ACTIVE -> forwarding /target_avoidance
[INFO] [1783600049.251] [/local_avoidance]: [local_avoidance] DEACTIVATED
[INFO] [1783600049.275] [/exploration_node]: [EV] [1783600049.275][   +301.7s][WAIT_TRIGGER] Avoidance: Deactivated  <->  Activated | cycling x2787 over 300.7s
[WARN] [1783600049.275] [/px4_ctrl_bridge]: [px4_bridge] avoidance released -> published /planning/replan
[WARN] [1783600049.302] [/local_avoidance]: [local_avoidance] ACTIVATED  (min_dist=0.35 m, idx=7689)
[INFO] [1783600049.352] [/local_avoidance]: [local_avoidance] DEACTIVATED
[WARN] [1783600049.375] [/px4_ctrl_bridge]: [px4_bridge] avoidance released -> published /planning/replan
[WARN] [1783600049.401] [/local_avoidance]: [local_avoidance] ACTIVATED  (min_dist=0.36 m, idx=7440)
[INFO] [1783600049.453] [/local_avoidance]: [local_avoidance] DEACTIVATED
[WARN] [1783600049.475] [/px4_ctrl_bridge]: [px4_bridge] avoidance released -> published /planning/replan
[WARN] [1783600049.502] [/local_avoidance]: [local_avoidance] ACTIVATED  (min_dist=0.35 m, idx=2704)
[INFO] [1783600049.552] [/local_avoidance]: [local_avoidance] DEACTIVATED
[WARN] [1783600049.575] [/px4_ctrl_bridge]: [px4_bridge] avoidance released -> published /planning/replan
[WARN] [1783600049.603] [/local_avoidance]: [local_avoidance] ACTIVATED  (min_dist=0.35 m, idx=8464)
[INFO] [1783600049.654] [/local_avoidance]: [local_avoidance] DEACTIVATED
[WARN] [1783600049.675] [/px4_ctrl_bridge]: [px4_bridge] avoidance released -> published /planning/replan
[WARN] [1783600049.702] [/local_avoidance]: [local_avoidance] ACTIVATED  (min_dist=0.35 m, idx=8799)
[INFO] [1783600049.752] [/local_avoidance]: [local_avoidance] DEACTIVATED
[WARN] [1783600049.775] [/px4_ctrl_bridge]: [px4_bridge] avoidance released -> published /planning/replan
[WARN] [1783600049.802] [/local_avoidance]: [local_avoidance] ACTIVATED  (min_dist=0.35 m, idx=8415)
[INFO] [1783600049.852] [/local_avoidance]: [local_avoidance] DEACTIVATED
[WARN] [1783600049.875] [/px4_ctrl_bridge]: [px4_bridge] avoidance released -> published /planning/replan
[WARN] [1783600049.902] [/local_avoidance]: [local_avoidance] ACTIVATED  (min_dist=0.35 m, idx=9351)
[INFO] [1783600049.952] [/local_avoidance]: [local_avoidance] DEACTIVATED
[WARN] [1783600049.975] [/px4_ctrl_bridge]: [px4_bridge] avoidance released -> published /planning/replan
[WARN] [1783600050.001] [/local_avoidance]: [local_avoidance] ACTIVATED  (min_dist=0.35 m, idx=2723)
[INFO] [1783600050.052] [/local_avoidance]: [local_avoidance] DEACTIVATED
[WARN] [1783600050.075] [/px4_ctrl_bridge]: [px4_bridge] avoidance released -> published /planning/replan
[WARN] [1783600050.102] [/local_avoidance]: [local_avoidance] ACTIVATED  (min_dist=0.35 m, idx=3644)
[INFO] [1783600050.153] [/local_avoidance]: [local_avoidance] DEACTIVATED
[WARN] [1783600050.175] [/px4_ctrl_bridge]: [px4_bridge] avoidance released -> published /planning/replan
[WARN] [1783600050.202] [/local_avoidance]: [local_avoidance] ACTIVATED  (min_dist=0.35 m, idx=3382)
[WARN] [1783600050.245] [/px4_ctrl_bridge]: [px4_bridge] AVOIDANCE ACTIVE -> forwarding /target_avoidance
[INFO] [1783600050.276] [/local_avoidance]: [local_avoidance] DEACTIVATED
[WARN] [1783600050.302] [/local_avoidance]: [local_avoidance] ACTIVATED  (min_dist=0.35 m, idx=4678)
[WARN] [1783600050.305] [/px4_ctrl_bridge]: [px4_bridge] avoidance released -> published /planning/replan
[INFO] [1783600050.352] [/local_avoidance]: [local_avoidance] DEACTIVATED
[WARN] [1783600050.375] [/px4_ctrl_bridge]: [px4_bridge] avoidance released -> published /planning/replan
[WARN] [1783600050.410] [/local_avoidance]: [local_avoidance] ACTIVATED  (min_dist=0.35 m, idx=3842)
[INFO] [1783600050.451] [/local_avoidance]: [local_avoidance] avoiding...  min_dist=0.39 m
[INFO] [1783600050.552] [/local_avoidance]: [local_avoidance] DEACTIVATED
[WARN] [1783600050.575] [/px4_ctrl_bridge]: [px4_bridge] avoidance released -> published /planning/replan
[WARN] [1783600050.627] [/local_avoidance]: [local_avoidance] ACTIVATED  (min_dist=0.35 m, idx=4186)
[INFO] [1783600050.752] [/local_avoidance]: [local_avoidance] DEACTIVATED
[WARN] [1783600050.775] [/px4_ctrl_bridge]: [px4_bridge] avoidance released -> published /planning/replan
[WARN] [1783600050.802] [/local_avoidance]: [local_avoidance] ACTIVATED  (min_dist=0.35 m, idx=4629)
[INFO] [1783600051.161] [/mavros]: HP: requesting home position
[WARN] [1783600051.245] [/px4_ctrl_bridge]: [px4_bridge] AVOIDANCE ACTIVE -> forwarding /target_avoidance
[INFO] [1783600051.452] [/local_avoidance]: [local_avoidance] avoiding...  min_dist=0.35 m
[WARN] [1783600052.245] [/px4_ctrl_bridge]: [px4_bridge] AVOIDANCE ACTIVE -> forwarding /target_avoidance
[INFO] [1783600052.452] [/local_avoidance]: [local_avoidance] avoiding...  min_dist=0.37 m
[INFO] [1783600053.003] [/cloud_crop_bridge]: [CloudCrop] 3185 -> 406 pts (13%)
[INFO] [1783600053.206] [/local_avoidance]: [local_avoidance] DEACTIVATED
[WARN] [1783600053.225] [/px4_ctrl_bridge]: [px4_bridge] avoidance released -> published /planning/replan
[WARN] [1783600053.252] [/local_avoidance]: [local_avoidance] ACTIVATED  (min_dist=0.35 m, idx=5320)
[WARN] [1783600053.275] [/px4_ctrl_bridge]: [px4_bridge] AVOIDANCE ACTIVE -> forwarding /target_avoidance
[INFO] [1783600053.302] [/local_avoidance]: [local_avoidance] DEACTIVATED
[WARN] [1783600053.325] [/px4_ctrl_bridge]: [px4_bridge] avoidance released -> published /planning/replan
[WARN] [1783600053.353] [/local_avoidance]: [local_avoidance] ACTIVATED  (min_dist=0.35 m, idx=84)
[INFO] [1783600053.455] [/local_avoidance]: [local_avoidance] avoiding...  min_dist=0.35 m
[INFO] [1783600053.502] [/local_avoidance]: [local_avoidance] DEACTIVATED
[WARN] [1783600053.535] [/px4_ctrl_bridge]: [px4_bridge] avoidance released -> published /planning/replan
[WARN] [1783600053.555] [/local_avoidance]: [local_avoidance] ACTIVATED  (min_dist=0.35 m, idx=6477)
[INFO] [1783600053.602] [/local_avoidance]: [local_avoidance] DEACTIVATED
[WARN] [1783600053.625] [/px4_ctrl_bridge]: [px4_bridge] avoidance released -> published /planning/replan
[WARN] [1783600053.652] [/local_avoidance]: [local_avoidance] ACTIVATED  (min_dist=0.35 m, idx=159)
[INFO] [1783600053.727] [/local_avoidance]: [local_avoidance] DEACTIVATED
[WARN] [1783600053.752] [/local_avoidance]: [local_avoidance] ACTIVATED  (min_dist=0.35 m, idx=1184)
[WARN] [1783600053.755] [/px4_ctrl_bridge]: [px4_bridge] avoidance released -> published /planning/replan
[INFO] [1783600053.802] [/local_avoidance]: [local_avoidance] DEACTIVATED
[WARN] [1783600053.825] [/px4_ctrl_bridge]: [px4_bridge] avoidance released -> published /planning/replan
[WARN] [1783600053.852] [/local_avoidance]: [local_avoidance] ACTIVATED  (min_dist=0.35 m, idx=614)
[INFO] [1783600053.910] [/local_avoidance]: [local_avoidance] DEACTIVATED
[WARN] [1783600053.925] [/exploration_node]: wait for trigger.
[WARN] [1783600053.925] [/px4_ctrl_bridge]: [px4_bridge] avoidance released -> published /planning/replan
[WARN] [1783600053.953] [/local_avoidance]: [local_avoidance] ACTIVATED  (min_dist=0.35 m, idx=7483)
[INFO] [1783600054.002] [/local_avoidance]: [local_avoidance] DEACTIVATED
[WARN] [1783600054.025] [/px4_ctrl_bridge]: [px4_bridge] avoidance released -> published /planning/replan
[WARN] [1783600054.052] [/local_avoidance]: [local_avoidance] ACTIVATED  (min_dist=0.35 m, idx=1082)
[INFO] [1783600054.103] [/local_avoidance]: [local_avoidance] DEACTIVATED
[WARN] [1783600054.135] [/px4_ctrl_bridge]: [px4_bridge] avoidance released -> published /planning/replan
[WARN] [1783600054.152] [/local_avoidance]: [local_avoidance] ACTIVATED  (min_dist=0.35 m, idx=2370)
[INFO] [1783600054.231] [/local_avoidance]: [local_avoidance] DEACTIVATED
[WARN] [1783600054.255] [/px4_ctrl_bridge]: [px4_bridge] avoidance released -> published /planning/replan
[WARN] [1783600054.276] [/local_avoidance]: [local_avoidance] ACTIVATED  (min_dist=0.35 m, idx=1718)
[INFO] [1783600054.304] [/local_avoidance]: [local_avoidance] DEACTIVATED
[WARN] [1783600054.305] [/px4_ctrl_bridge]: [px4_bridge] AVOIDANCE ACTIVE -> forwarding /target_avoidance
[WARN] [1783600054.325] [/px4_ctrl_bridge]: [px4_bridge] avoidance released -> published /planning/replan
[WARN] [1783600054.351] [/local_avoidance]: [local_avoidance] ACTIVATED  (min_dist=0.36 m, idx=2439)
[INFO] [1783600054.403] [/local_avoidance]: [local_avoidance] DEACTIVATED
[WARN] [1783600054.425] [/px4_ctrl_bridge]: [px4_bridge] avoidance released -> published /planning/replan
[WARN] [1783600054.453] [/local_avoidance]: [local_avoidance] ACTIVATED  (min_dist=0.35 m, idx=2285)
[INFO] [1783600054.527] [/local_avoidance]: [local_avoidance] DEACTIVATED
[WARN] [1783600054.551] [/local_avoidance]: [local_avoidance] ACTIVATED  (min_dist=0.35 m, idx=7742)
[WARN] [1783600054.555] [/px4_ctrl_bridge]: [px4_bridge] avoidance released -> published /planning/replan
[INFO] [1783600054.601] [/local_avoidance]: [local_avoidance] DEACTIVATED
[WARN] [1783600054.627] [/px4_ctrl_bridge]: [px4_bridge] avoidance released -> published /planning/replan
[WARN] [1783600054.653] [/local_avoidance]: [local_avoidance] ACTIVATED  (min_dist=0.35 m, idx=2529)
[INFO] [1783600054.702] [/local_avoidance]: [local_avoidance] DEACTIVATED
[WARN] [1783600054.725] [/px4_ctrl_bridge]: [px4_bridge] avoidance released -> published /planning/replan
[WARN] [1783600054.755] [/local_avoidance]: [local_avoidance] ACTIVATED  (min_dist=0.35 m, idx=8165)
[INFO] [1783600054.804] [/local_avoidance]: [local_avoidance] DEACTIVATED
[WARN] [1783600054.835] [/px4_ctrl_bridge]: [px4_bridge] avoidance released -> published /planning/replan
[WARN] [1783600054.852] [/local_avoidance]: [local_avoidance] ACTIVATED  (min_dist=0.35 m, idx=9852)
[INFO] [1783600054.904] [/local_avoidance]: [local_avoidance] DEACTIVATED
[WARN] [1783600054.925] [/px4_ctrl_bridge]: [px4_bridge] avoidance released -> published /planning/replan
[WARN] [1783600054.952] [/local_avoidance]: [local_avoidance] ACTIVATED  (min_dist=0.35 m, idx=8652)
[INFO] [1783600055.002] [/local_avoidance]: [local_avoidance] DEACTIVATED
[WARN] [1783600055.035] [/px4_ctrl_bridge]: [px4_bridge] avoidance released -> published /planning/replan
[WARN] [1783600055.057] [/local_avoidance]: [local_avoidance] ACTIVATED  (min_dist=0.35 m, idx=9369)
[INFO] [1783600055.102] [/local_avoidance]: [local_avoidance] DEACTIVATED
[WARN] [1783600055.125] [/px4_ctrl_bridge]: [px4_bridge] avoidance released -> published /planning/replan
[WARN] [1783600055.152] [/local_avoidance]: [local_avoidance] ACTIVATED  (min_dist=0.35 m, idx=9116)
[INFO] [1783600055.202] [/local_avoidance]: [local_avoidance] DEACTIVATED
[WARN] [1783600055.236] [/px4_ctrl_bridge]: [px4_bridge] avoidance released -> published /planning/replan
[WARN] [1783600055.252] [/local_avoidance]: [local_avoidance] ACTIVATED  (min_dist=0.35 m, idx=4165)
[INFO] [1783600055.302] [/local_avoidance]: [local_avoidance] DEACTIVATED
[WARN] [1783600055.305] [/px4_ctrl_bridge]: [px4_bridge] AVOIDANCE ACTIVE -> forwarding /target_avoidance
[WARN] [1783600055.335] [/px4_ctrl_bridge]: [px4_bridge] avoidance released -> published /planning/replan
[WARN] [1783600055.351] [/local_avoidance]: [local_avoidance] ACTIVATED  (min_dist=0.35 m, idx=9556)
[INFO] [1783600055.405] [/local_avoidance]: [local_avoidance] DEACTIVATED
[WARN] [1783600055.425] [/px4_ctrl_bridge]: [px4_bridge] avoidance released -> published /planning/replan
[WARN] [1783600055.453] [/local_avoidance]: [local_avoidance] ACTIVATED  (min_dist=0.35 m, idx=4803)
[INFO] [1783600055.504] [/local_avoidance]: [local_avoidance] avoiding...  min_dist=0.35 m
[INFO] [1783600055.603] [/local_avoidance]: [local_avoidance] DEACTIVATED
[WARN] [1783600055.625] [/px4_ctrl_bridge]: [px4_bridge] avoidance released -> published /planning/replan
[WARN] [1783600055.678] [/local_avoidance]: [local_avoidance] ACTIVATED  (min_dist=0.35 m, idx=4868)
[WARN] [1783600056.305] [/px4_ctrl_bridge]: [px4_bridge] AVOIDANCE ACTIVE -> forwarding /target_avoidance
[INFO] [1783600056.552] [/local_avoidance]: [local_avoidance] avoiding...  min_dist=0.35 m
[WARN] [1783600057.306] [/px4_ctrl_bridge]: [px4_bridge] AVOIDANCE ACTIVE -> forwarding /target_avoidance
[INFO] [1783600057.554] [/local_avoidance]: [local_avoidance] avoiding...  min_dist=0.35 m
[INFO] [1783600058.008] [/cloud_crop_bridge]: [CloudCrop] 2638 -> 704 pts (27%)
[INFO] [1783600058.151] [/local_avoidance]: [local_avoidance] DEACTIVATED
[WARN] [1783600058.185] [/px4_ctrl_bridge]: [px4_bridge] avoidance released -> published /planning/replan
[WARN] [1783600058.202] [/local_avoidance]: [local_avoidance] ACTIVATED  (min_dist=0.35 m, idx=5387)
[WARN] [1783600058.315] [/px4_ctrl_bridge]: [px4_bridge] AVOIDANCE ACTIVE -> forwarding /target_avoidance
[INFO] [1783600058.352] [/local_avoidance]: [local_avoidance] DEACTIVATED
[WARN] [1783600058.375] [/px4_ctrl_bridge]: [px4_bridge] avoidance released -> published /planning/replan
[WARN] [1783600058.402] [/local_avoidance]: [local_avoidance] ACTIVATED  (min_dist=0.36 m, idx=1072)
[INFO] [1783600058.452] [/local_avoidance]: [local_avoidance] DEACTIVATED
[WARN] [1783600058.475] [/px4_ctrl_bridge]: [px4_bridge] avoidance released -> published /planning/replan
[WARN] [1783600058.504] [/local_avoidance]: [local_avoidance] ACTIVATED  (min_dist=0.35 m, idx=7502)
[INFO] [1783600058.551] [/local_avoidance]: [local_avoidance] DEACTIVATED
[WARN] [1783600058.575] [/px4_ctrl_bridge]: [px4_bridge] avoidance released -> published /planning/replan
[WARN] [1783600058.602] [/local_avoidance]: [local_avoidance] ACTIVATED  (min_dist=0.35 m, idx=5812)
[INFO] [1783600058.652] [/local_avoidance]: [local_avoidance] DEACTIVATED
[WARN] [1783600058.675] [/px4_ctrl_bridge]: [px4_bridge] avoidance released -> published /planning/replan
[WARN] [1783600058.705] [/local_avoidance]: [local_avoidance] ACTIVATED  (min_dist=0.35 m, idx=6488)
[INFO] [1783600058.752] [/local_avoidance]: [local_avoidance] DEACTIVATED
[WARN] [1783600058.775] [/px4_ctrl_bridge]: [px4_bridge] avoidance released -> published /planning/replan
[WARN] [1783600058.802] [/local_avoidance]: [local_avoidance] ACTIVATED  (min_dist=0.35 m, idx=1984)
[INFO] [1783600058.852] [/local_avoidance]: [local_avoidance] DEACTIVATED
[WARN] [1783600058.875] [/px4_ctrl_bridge]: [px4_bridge] avoidance released -> published /planning/replan
[WARN] [1783600058.903] [/local_avoidance]: [local_avoidance] ACTIVATED  (min_dist=0.35 m, idx=1320)
[WARN] [1783600058.925] [/exploration_node]: wait for trigger.
[INFO] [1783600058.959] [/local_avoidance]: [local_avoidance] DEACTIVATED
[WARN] [1783600058.978] [/px4_ctrl_bridge]: [px4_bridge] avoidance released -> published /planning/replan
[WARN] [1783600059.002] [/local_avoidance]: [local_avoidance] ACTIVATED  (min_dist=0.35 m, idx=1051)
[INFO] [1783600059.052] [/local_avoidance]: [local_avoidance] DEACTIVATED
[WARN] [1783600059.075] [/px4_ctrl_bridge]: [px4_bridge] avoidance released -> published /planning/replan
[WARN] [1783600059.105] [/local_avoidance]: [local_avoidance] ACTIVATED  (min_dist=0.35 m, idx=7602)
[INFO] [1783600059.152] [/local_avoidance]: [local_avoidance] DEACTIVATED
[WARN] [1783600059.175] [/px4_ctrl_bridge]: [px4_bridge] avoidance released -> published /planning/replan
[WARN] [1783600059.202] [/local_avoidance]: [local_avoidance] ACTIVATED  (min_dist=0.35 m, idx=1283)
[INFO] [1783600059.252] [/local_avoidance]: [local_avoidance] DEACTIVATED
[WARN] [1783600059.276] [/px4_ctrl_bridge]: [px4_bridge] avoidance released -> published /planning/replan
[WARN] [1783600059.302] [/local_avoidance]: [local_avoidance] ACTIVATED  (min_dist=0.35 m, idx=8051)
[WARN] [1783600059.325] [/px4_ctrl_bridge]: [px4_bridge] AVOIDANCE ACTIVE -> forwarding /target_avoidance
[INFO] [1783600059.377] [/local_avoidance]: [local_avoidance] DEACTIVATED
[WARN] [1783600059.404] [/local_avoidance]: [local_avoidance] ACTIVATED  (min_dist=0.35 m, idx=2154)
[WARN] [1783600059.407] [/px4_ctrl_bridge]: [px4_bridge] avoidance released -> published /planning/replan
[INFO] [1783600059.453] [/local_avoidance]: [local_avoidance] DEACTIVATED
[WARN] [1783600059.475] [/px4_ctrl_bridge]: [px4_bridge] avoidance released -> published /planning/replan
[WARN] [1783600059.502] [/local_avoidance]: [local_avoidance] ACTIVATED  (min_dist=0.35 m, idx=2552)
[INFO] [1783600059.551] [/local_avoidance]: [local_avoidance] DEACTIVATED
[WARN] [1783600059.575] [/px4_ctrl_bridge]: [px4_bridge] avoidance released -> published /planning/replan
[WARN] [1783600059.602] [/local_avoidance]: [local_avoidance] ACTIVATED  (min_dist=0.35 m, idx=8245)
[INFO] [1783600059.652] [/local_avoidance]: [local_avoidance] DEACTIVATED
[WARN] [1783600059.675] [/px4_ctrl_bridge]: [px4_bridge] avoidance released -> published /planning/replan
[WARN] [1783600059.701] [/local_avoidance]: [local_avoidance] ACTIVATED  (min_dist=0.35 m, idx=3104)
[INFO] [1783600059.778] [/local_avoidance]: [local_avoidance] DEACTIVATED
[WARN] [1783600059.805] [/local_avoidance]: [local_avoidance] ACTIVATED  (min_dist=0.35 m, idx=2662)
[WARN] [1783600059.806] [/px4_ctrl_bridge]: [px4_bridge] avoidance released -> published /planning/replan
[INFO] [1783600059.853] [/local_avoidance]: [local_avoidance] DEACTIVATED
[WARN] [1783600059.875] [/px4_ctrl_bridge]: [px4_bridge] avoidance released -> published /planning/replan
[WARN] [1783600059.902] [/local_avoidance]: [local_avoidance] ACTIVATED  (min_dist=0.36 m, idx=3953)
[INFO] [1783600059.981] [/local_avoidance]: [local_avoidance] DEACTIVATED
[WARN] [1783600060.001] [/local_avoidance]: [local_avoidance] ACTIVATED  (min_dist=0.35 m, idx=3413)
[WARN] [1783600060.006] [/px4_ctrl_bridge]: [px4_bridge] avoidance released -> published /planning/replan
[INFO] [1783600060.051] [/local_avoidance]: [local_avoidance] DEACTIVATED
[WARN] [1783600060.075] [/px4_ctrl_bridge]: [px4_bridge] avoidance released -> published /planning/replan
[WARN] [1783600060.106] [/local_avoidance]: [local_avoidance] ACTIVATED  (min_dist=0.37 m, idx=4015)
[INFO] [1783600060.151] [/local_avoidance]: [local_avoidance] DEACTIVATED
[WARN] [1783600060.175] [/px4_ctrl_bridge]: [px4_bridge] avoidance released -> published /planning/replan
[WARN] [1783600060.201] [/local_avoidance]: [local_avoidance] ACTIVATED  (min_dist=0.35 m, idx=3569)
[INFO] [1783600060.253] [/local_avoidance]: [local_avoidance] DEACTIVATED
[WARN] [1783600060.275] [/px4_ctrl_bridge]: [px4_bridge] avoidance released -> published /planning/replan
[WARN] [1783600060.302] [/local_avoidance]: [local_avoidance] ACTIVATED  (min_dist=0.36 m, idx=9248)
[WARN] [1783600060.336] [/px4_ctrl_bridge]: [px4_bridge] AVOIDANCE ACTIVE -> forwarding /target_avoidance
[INFO] [1783600060.355] [/local_avoidance]: [local_avoidance] DEACTIVATED
[WARN] [1783600060.375] [/px4_ctrl_bridge]: [px4_bridge] avoidance released -> published /planning/replan
[WARN] [1783600060.402] [/local_avoidance]: [local_avoidance] ACTIVATED  (min_dist=0.35 m, idx=9920)
[INFO] [1783600060.453] [/local_avoidance]: [local_avoidance] avoiding...  min_dist=0.38 m
[INFO] [1783600060.579] [/local_avoidance]: [local_avoidance] DEACTIVATED
[WARN] [1783600060.602] [/local_avoidance]: [local_avoidance] ACTIVATED  (min_dist=0.35 m, idx=4860)
[WARN] [1783600060.606] [/px4_ctrl_bridge]: [px4_bridge] avoidance released -> published /planning/replan
[INFO] [1783600061.162] [/mavros]: HP: requesting home position
[WARN] [1783600061.345] [/px4_ctrl_bridge]: [px4_bridge] AVOIDANCE ACTIVE -> forwarding /target_avoidance
[INFO] [1783600061.502] [/local_avoidance]: [local_avoidance] avoiding...  min_dist=0.35 m
[INFO] [1783600062.140] [/exploration_node]: [EV] [1783600062.140][   +314.6s][WAIT_TRIGGER] BATT 23.5V | voltage=23.72V percent=51% (still repeating x16 over 30.0s)
[WARN] [1783600062.355] [/px4_ctrl_bridge]: [px4_bridge] AVOIDANCE ACTIVE -> forwarding /target_avoidance
[INFO] [1783600062.502] [/local_avoidance]: [local_avoidance] avoiding...  min_dist=0.35 m
[INFO] [1783600063.052] [/cloud_crop_bridge]: [CloudCrop] 2675 -> 731 pts (27%)
[INFO] [1783600063.303] [/local_avoidance]: [local_avoidance] DEACTIVATED
[WARN] [1783600063.335] [/px4_ctrl_bridge]: [px4_bridge] avoidance released -> published /planning/replan
[WARN] [1783600063.376] [/local_avoidance]: [local_avoidance] ACTIVATED  (min_dist=0.35 m, idx=444)
[INFO] [1783600063.402] [/local_avoidance]: [local_avoidance] DEACTIVATED
[WARN] [1783600063.406] [/px4_ctrl_bridge]: [px4_bridge] AVOIDANCE ACTIVE -> forwarding /target_avoidance
[WARN] [1783600063.425] [/px4_ctrl_bridge]: [px4_bridge] avoidance released -> published /planning/replan
[WARN] [1783600063.452] [/local_avoidance]: [local_avoidance] ACTIVATED  (min_dist=0.35 m, idx=282)
[INFO] [1783600063.502] [/local_avoidance]: [local_avoidance] DEACTIVATED
[WARN] [1783600063.525] [/px4_ctrl_bridge]: [px4_bridge] avoidance released -> published /planning/replan
[WARN] [1783600063.553] [/local_avoidance]: [local_avoidance] ACTIVATED  (min_dist=0.35 m, idx=6751)
[INFO] [1783600063.626] [/local_avoidance]: [local_avoidance] DEACTIVATED
[WARN] [1783600063.652] [/local_avoidance]: [local_avoidance] ACTIVATED  (min_dist=0.35 m, idx=6589)
[WARN] [1783600063.656] [/px4_ctrl_bridge]: [px4_bridge] avoidance released -> published /planning/replan
[INFO] [1783600063.702] [/local_avoidance]: [local_avoidance] DEACTIVATED
[WARN] [1783600063.725] [/px4_ctrl_bridge]: [px4_bridge] avoidance released -> published /planning/replan
[WARN] [1783600063.754] [/local_avoidance]: [local_avoidance] ACTIVATED  (min_dist=0.36 m, idx=6143)
[INFO] [1783600063.802] [/local_avoidance]: [local_avoidance] DEACTIVATED
[WARN] [1783600063.825] [/px4_ctrl_bridge]: [px4_bridge] avoidance released -> published /planning/replan
[WARN] [1783600063.852] [/local_avoidance]: [local_avoidance] ACTIVATED  (min_dist=0.35 m, idx=5707)
[INFO] [1783600063.927] [/local_avoidance]: [local_avoidance] DEACTIVATED
[WARN] [1783600063.928] [/exploration_node]: wait for trigger.
[WARN] [1783600063.952] [/local_avoidance]: [local_avoidance] ACTIVATED  (min_dist=0.37 m, idx=2298)
[WARN] [1783600063.955] [/px4_ctrl_bridge]: [px4_bridge] avoidance released -> published /planning/replan
[INFO] [1783600064.004] [/local_avoidance]: [local_avoidance] DEACTIVATED
[WARN] [1783600064.025] [/px4_ctrl_bridge]: [px4_bridge] avoidance released -> published /planning/replan
[WARN] [1783600064.056] [/local_avoidance]: [local_avoidance] ACTIVATED  (min_dist=0.35 m, idx=1645)
[INFO] [1783600064.103] [/local_avoidance]: [local_avoidance] DEACTIVATED
[WARN] [1783600064.125] [/px4_ctrl_bridge]: [px4_bridge] avoidance released -> published /planning/replan
[WARN] [1783600064.151] [/local_avoidance]: [local_avoidance] ACTIVATED  (min_dist=0.37 m, idx=6623)
[INFO] [1783600064.202] [/local_avoidance]: [local_avoidance] DEACTIVATED
[WARN] [1783600064.225] [/px4_ctrl_bridge]: [px4_bridge] avoidance released -> published /planning/replan
[WARN] [1783600064.276] [/local_avoidance]: [local_avoidance] ACTIVATED  (min_dist=0.35 m, idx=7721)
[INFO] [1783600064.302] [/local_avoidance]: [local_avoidance] DEACTIVATED
[WARN] [1783600064.325] [/px4_ctrl_bridge]: [px4_bridge] avoidance released -> published /planning/replan
[WARN] [1783600064.358] [/local_avoidance]: [local_avoidance] ACTIVATED  (min_dist=0.35 m, idx=7484)
[INFO] [1783600064.402] [/local_avoidance]: [local_avoidance] DEACTIVATED
[WARN] [1783600064.415] [/px4_ctrl_bridge]: [px4_bridge] AVOIDANCE ACTIVE -> forwarding /target_avoidance
[WARN] [1783600064.425] [/px4_ctrl_bridge]: [px4_bridge] avoidance released -> published /planning/replan
[WARN] [1783600064.459] [/local_avoidance]: [local_avoidance] ACTIVATED  (min_dist=0.35 m, idx=8172)
[INFO] [1783600064.502] [/local_avoidance]: [local_avoidance] DEACTIVATED
[WARN] [1783600064.525] [/px4_ctrl_bridge]: [px4_bridge] avoidance released -> published /planning/replan
[WARN] [1783600064.552] [/local_avoidance]: [local_avoidance] ACTIVATED  (min_dist=0.35 m, idx=1887)
[INFO] [1783600064.604] [/local_avoidance]: [local_avoidance] DEACTIVATED
[WARN] [1783600064.625] [/px4_ctrl_bridge]: [px4_bridge] avoidance released -> published /planning/replan
[WARN] [1783600064.654] [/local_avoidance]: [local_avoidance] ACTIVATED  (min_dist=0.35 m, idx=8939)
[INFO] [1783600064.702] [/local_avoidance]: [local_avoidance] DEACTIVATED
[WARN] [1783600064.725] [/px4_ctrl_bridge]: [px4_bridge] avoidance released -> published /planning/replan
[WARN] [1783600064.752] [/local_avoidance]: [local_avoidance] ACTIVATED  (min_dist=0.35 m, idx=2331)
[INFO] [1783600064.802] [/local_avoidance]: [local_avoidance] DEACTIVATED
[WARN] [1783600064.825] [/px4_ctrl_bridge]: [px4_bridge] avoidance released -> published /planning/replan
[WARN] [1783600064.852] [/local_avoidance]: [local_avoidance] ACTIVATED  (min_dist=0.35 m, idx=9190)
[INFO] [1783600064.902] [/local_avoidance]: [local_avoidance] DEACTIVATED
[WARN] [1783600064.925] [/px4_ctrl_bridge]: [px4_bridge] avoidance released -> published /planning/replan
[WARN] [1783600064.952] [/local_avoidance]: [local_avoidance] ACTIVATED  (min_dist=0.35 m, idx=4239)
[INFO] [1783600065.001] [/local_avoidance]: [local_avoidance] DEACTIVATED
[WARN] [1783600065.025] [/px4_ctrl_bridge]: [px4_bridge] avoidance released -> published /planning/replan
[WARN] [1783600065.052] [/local_avoidance]: [local_avoidance] ACTIVATED  (min_dist=0.35 m, idx=9647)
[INFO] [1783600065.102] [/local_avoidance]: [local_avoidance] DEACTIVATED
[WARN] [1783600065.125] [/px4_ctrl_bridge]: [px4_bridge] avoidance released -> published /planning/replan
[WARN] [1783600065.157] [/local_avoidance]: [local_avoidance] ACTIVATED  (min_dist=0.35 m, idx=3534)
[INFO] [1783600065.202] [/local_avoidance]: [local_avoidance] DEACTIVATED
[WARN] [1783600065.225] [/px4_ctrl_bridge]: [px4_bridge] avoidance released -> published /planning/replan
[WARN] [1783600065.252] [/local_avoidance]: [local_avoidance] ACTIVATED  (min_dist=0.35 m, idx=10079)
[INFO] [1783600065.302] [/local_avoidance]: [local_avoidance] DEACTIVATED
[WARN] [1783600065.325] [/px4_ctrl_bridge]: [px4_bridge] avoidance released -> published /planning/replan
[WARN] [1783600065.353] [/local_avoidance]: [local_avoidance] ACTIVATED  (min_dist=0.35 m, idx=3978)
[INFO] [1783600065.408] [/local_avoidance]: [local_avoidance] DEACTIVATED
[WARN] [1783600065.425] [/px4_ctrl_bridge]: [px4_bridge] avoidance released -> published /planning/replan
[WARN] [1783600065.452] [/local_avoidance]: [local_avoidance] ACTIVATED  (min_dist=0.36 m, idx=5081)
[WARN] [1783600065.475] [/px4_ctrl_bridge]: [px4_bridge] AVOIDANCE ACTIVE -> forwarding /target_avoidance
[INFO] [1783600065.504] [/local_avoidance]: [local_avoidance] DEACTIVATED
[WARN] [1783600065.525] [/px4_ctrl_bridge]: [px4_bridge] avoidance released -> published /planning/replan
[WARN] [1783600065.552] [/local_avoidance]: [local_avoidance] ACTIVATED  (min_dist=0.35 m, idx=4226)
[INFO] [1783600065.603] [/local_avoidance]: [local_avoidance] avoiding...  min_dist=0.36 m
[WARN] [1783600066.485] [/px4_ctrl_bridge]: [px4_bridge] AVOIDANCE ACTIVE -> forwarding /target_avoidance
[INFO] [1783600066.652] [/local_avoidance]: [local_avoidance] avoiding...  min_dist=0.35 m
[WARN] [1783600067.486] [/px4_ctrl_bridge]: [px4_bridge] AVOIDANCE ACTIVE -> forwarding /target_avoidance
[INFO] [1783600067.703] [/local_avoidance]: [local_avoidance] avoiding...  min_dist=0.35 m
[INFO] [1783600068.052] [/cloud_crop_bridge]: [CloudCrop] 3155 -> 393 pts (12%)
[INFO] [1783600068.152] [/local_avoidance]: [local_avoidance] DEACTIVATED
[WARN] [1783600068.175] [/px4_ctrl_bridge]: [px4_bridge] avoidance released -> published /planning/replan
[WARN] [1783600068.201] [/local_avoidance]: [local_avoidance] ACTIVATED  (min_dist=0.35 m, idx=5076)
[INFO] [1783600068.252] [/local_avoidance]: [local_avoidance] DEACTIVATED
[WARN] [1783600068.275] [/px4_ctrl_bridge]: [px4_bridge] avoidance released -> published /planning/replan
[WARN] [1783600068.302] [/local_avoidance]: [local_avoidance] ACTIVATED  (min_dist=0.35 m, idx=140)
[INFO] [1783600068.452] [/local_avoidance]: [local_avoidance] DEACTIVATED
[WARN] [1783600068.475] [/px4_ctrl_bridge]: [px4_bridge] avoidance released -> published /planning/replan
[WARN] [1783600068.502] [/local_avoidance]: [local_avoidance] ACTIVATED  (min_dist=0.35 m, idx=6425)
[WARN] [1783600068.525] [/px4_ctrl_bridge]: [px4_bridge] AVOIDANCE ACTIVE -> forwarding /target_avoidance
[INFO] [1783600068.552] [/local_avoidance]: [local_avoidance] DEACTIVATED
[WARN] [1783600068.575] [/px4_ctrl_bridge]: [px4_bridge] avoidance released -> published /planning/replan
[WARN] [1783600068.605] [/local_avoidance]: [local_avoidance] ACTIVATED  (min_dist=0.35 m, idx=107)
[INFO] [1783600068.656] [/local_avoidance]: [local_avoidance] DEACTIVATED
[WARN] [1783600068.675] [/px4_ctrl_bridge]: [px4_bridge] avoidance released -> published /planning/replan
[WARN] [1783600068.701] [/local_avoidance]: [local_avoidance] ACTIVATED  (min_dist=0.35 m, idx=1128)
[INFO] [1783600068.752] [/local_avoidance]: [local_avoidance] DEACTIVATED
[WARN] [1783600068.775] [/px4_ctrl_bridge]: [px4_bridge] avoidance released -> published /planning/replan
[WARN] [1783600068.801] [/local_avoidance]: [local_avoidance] ACTIVATED  (min_dist=0.35 m, idx=778)
[INFO] [1783600068.851] [/local_avoidance]: [local_avoidance] DEACTIVATED
[WARN] [1783600068.875] [/px4_ctrl_bridge]: [px4_bridge] avoidance released -> published /planning/replan
[WARN] [1783600068.904] [/local_avoidance]: [local_avoidance] ACTIVATED  (min_dist=0.35 m, idx=1572)
[WARN] [1783600068.935] [/exploration_node]: wait for trigger.
[INFO] [1783600068.976] [/local_avoidance]: [local_avoidance] DEACTIVATED
[WARN] [1783600069.002] [/local_avoidance]: [local_avoidance] ACTIVATED  (min_dist=0.35 m, idx=1014)
[WARN] [1783600069.005] [/px4_ctrl_bridge]: [px4_bridge] avoidance released -> published /planning/replan
[INFO] [1783600069.078] [/local_avoidance]: [local_avoidance] DEACTIVATED
[WARN] [1783600069.102] [/local_avoidance]: [local_avoidance] ACTIVATED  (min_dist=0.37 m, idx=6723)
[WARN] [1783600069.105] [/px4_ctrl_bridge]: [px4_bridge] avoidance released -> published /planning/replan
[INFO] [1783600069.151] [/local_avoidance]: [local_avoidance] DEACTIVATED
[WARN] [1783600069.175] [/px4_ctrl_bridge]: [px4_bridge] avoidance released -> published /planning/replan
[WARN] [1783600069.202] [/local_avoidance]: [local_avoidance] ACTIVATED  (min_dist=0.35 m, idx=1781)
[INFO] [1783600069.252] [/local_avoidance]: [local_avoidance] DEACTIVATED
[WARN] [1783600069.275] [/px4_ctrl_bridge]: [px4_bridge] avoidance released -> published /planning/replan
[WARN] [1783600069.326] [/local_avoidance]: [local_avoidance] ACTIVATED  (min_dist=0.36 m, idx=2387)
[INFO] [1783600069.351] [/local_avoidance]: [local_avoidance] DEACTIVATED
[WARN] [1783600069.375] [/px4_ctrl_bridge]: [px4_bridge] avoidance released -> published /planning/replan
[WARN] [1783600069.402] [/local_avoidance]: [local_avoidance] ACTIVATED  (min_dist=0.35 m, idx=8073)
[INFO] [1783600069.452] [/local_avoidance]: [local_avoidance] DEACTIVATED
[WARN] [1783600069.475] [/px4_ctrl_bridge]: [px4_bridge] avoidance released -> published /planning/replan
[WARN] [1783600069.502] [/local_avoidance]: [local_avoidance] ACTIVATED  (min_dist=0.36 m, idx=3343)
[WARN] [1783600069.535] [/px4_ctrl_bridge]: [px4_bridge] AVOIDANCE ACTIVE -> forwarding /target_avoidance
[INFO] [1783600069.552] [/local_avoidance]: [local_avoidance] DEACTIVATED
[WARN] [1783600069.585] [/px4_ctrl_bridge]: [px4_bridge] avoidance released -> published /planning/replan
[WARN] [1783600069.602] [/local_avoidance]: [local_avoidance] ACTIVATED  (min_dist=0.35 m, idx=8296)
[INFO] [1783600069.655] [/local_avoidance]: [local_avoidance] DEACTIVATED
[WARN] [1783600069.675] [/px4_ctrl_bridge]: [px4_bridge] avoidance released -> published /planning/replan
[WARN] [1783600069.702] [/local_avoidance]: [local_avoidance] ACTIVATED  (min_dist=0.36 m, idx=8151)
[INFO] [1783600069.752] [/local_avoidance]: [local_avoidance] DEACTIVATED
[WARN] [1783600069.775] [/px4_ctrl_bridge]: [px4_bridge] avoidance released -> published /planning/replan
[WARN] [1783600069.801] [/local_avoidance]: [local_avoidance] ACTIVATED  (min_dist=0.35 m, idx=3132)
[INFO] [1783600069.854] [/local_avoidance]: [local_avoidance] DEACTIVATED
[WARN] [1783600069.875] [/px4_ctrl_bridge]: [px4_bridge] avoidance released -> published /planning/replan
[WARN] [1783600069.902] [/local_avoidance]: [local_avoidance] ACTIVATED  (min_dist=0.35 m, idx=8500)
[INFO] [1783600069.955] [/local_avoidance]: [local_avoidance] DEACTIVATED
[WARN] [1783600069.975] [/px4_ctrl_bridge]: [px4_bridge] avoidance released -> published /planning/replan
[WARN] [1783600070.002] [/local_avoidance]: [local_avoidance] ACTIVATED  (min_dist=0.35 m, idx=9205)
[INFO] [1783600070.052] [/local_avoidance]: [local_avoidance] DEACTIVATED
[WARN] [1783600070.075] [/px4_ctrl_bridge]: [px4_bridge] avoidance released -> published /planning/replan
[WARN] [1783600070.102] [/local_avoidance]: [local_avoidance] ACTIVATED  (min_dist=0.35 m, idx=2903)
[INFO] [1783600070.151] [/local_avoidance]: [local_avoidance] DEACTIVATED
[WARN] [1783600070.175] [/px4_ctrl_bridge]: [px4_bridge] avoidance released -> published /planning/replan
[WARN] [1783600070.203] [/local_avoidance]: [local_avoidance] ACTIVATED  (min_dist=0.35 m, idx=4008)
[INFO] [1783600070.255] [/local_avoidance]: [local_avoidance] DEACTIVATED
[WARN] [1783600070.275] [/px4_ctrl_bridge]: [px4_bridge] avoidance released -> published /planning/replan
[WARN] [1783600070.303] [/local_avoidance]: [local_avoidance] ACTIVATED  (min_dist=0.35 m, idx=3659)
[INFO] [1783600070.357] [/local_avoidance]: [local_avoidance] DEACTIVATED
[WARN] [1783600070.375] [/px4_ctrl_bridge]: [px4_bridge] avoidance released -> published /planning/replan
[WARN] [1783600070.403] [/local_avoidance]: [local_avoidance] ACTIVATED  (min_dist=0.36 m, idx=4356)
[INFO] [1783600070.454] [/local_avoidance]: [local_avoidance] avoiding...  min_dist=0.35 m
[WARN] [1783600070.545] [/px4_ctrl_bridge]: [px4_bridge] AVOIDANCE ACTIVE -> forwarding /target_avoidance
[INFO] [1783600070.552] [/local_avoidance]: [local_avoidance] DEACTIVATED
[WARN] [1783600070.575] [/px4_ctrl_bridge]: [px4_bridge] avoidance released -> published /planning/replan
[WARN] [1783600070.602] [/local_avoidance]: [local_avoidance] ACTIVATED  (min_dist=0.35 m, idx=4824)
[INFO] [1783600071.161] [/mavros]: HP: requesting home position
[INFO] [1783600071.506] [/local_avoidance]: [local_avoidance] avoiding...  min_dist=0.35 m
[WARN] [1783600071.545] [/px4_ctrl_bridge]: [px4_bridge] AVOIDANCE ACTIVE -> forwarding /target_avoidance
[INFO] [1783600072.552] [/local_avoidance]: [local_avoidance] avoiding...  min_dist=0.35 m
[WARN] [1783600072.555] [/px4_ctrl_bridge]: [px4_bridge] AVOIDANCE ACTIVE -> forwarding /target_avoidance
[INFO] [1783600073.053] [/cloud_crop_bridge]: [CloudCrop] 2639 -> 712 pts (27%)
[INFO] [1783600073.102] [/local_avoidance]: [local_avoidance] DEACTIVATED
[WARN] [1783600073.125] [/px4_ctrl_bridge]: [px4_bridge] avoidance released -> published /planning/replan
[WARN] [1783600073.152] [/local_avoidance]: [local_avoidance] ACTIVATED  (min_dist=0.36 m, idx=561)
[INFO] [1783600073.327] [/local_avoidance]: [local_avoidance] DEACTIVATED
[WARN] [1783600073.355] [/local_avoidance]: [local_avoidance] ACTIVATED  (min_dist=0.35 m, idx=5590)
[WARN] [1783600073.356] [/px4_ctrl_bridge]: [px4_bridge] avoidance released -> published /planning/replan
[INFO] [1783600073.401] [/local_avoidance]: [local_avoidance] DEACTIVATED
[WARN] [1783600073.425] [/px4_ctrl_bridge]: [px4_bridge] avoidance released -> published /planning/replan
[WARN] [1783600073.452] [/local_avoidance]: [local_avoidance] ACTIVATED  (min_dist=0.35 m, idx=273)
[INFO] [1783600073.502] [/local_avoidance]: [local_avoidance] DEACTIVATED
[WARN] [1783600073.525] [/px4_ctrl_bridge]: [px4_bridge] avoidance released -> published /planning/replan
[WARN] [1783600073.552] [/local_avoidance]: [local_avoidance] ACTIVATED  (min_dist=0.35 m, idx=5897)
[WARN] [1783600073.575] [/px4_ctrl_bridge]: [px4_bridge] AVOIDANCE ACTIVE -> forwarding /target_avoidance
[INFO] [1783600073.602] [/local_avoidance]: [local_avoidance] DEACTIVATED
[WARN] [1783600073.625] [/px4_ctrl_bridge]: [px4_bridge] avoidance released -> published /planning/replan
[WARN] [1783600073.651] [/local_avoidance]: [local_avoidance] ACTIVATED  (min_dist=0.35 m, idx=6549)
[INFO] [1783600073.702] [/local_avoidance]: [local_avoidance] DEACTIVATED
[WARN] [1783600073.725] [/px4_ctrl_bridge]: [px4_bridge] avoidance released -> published /planning/replan
[WARN] [1783600073.752] [/local_avoidance]: [local_avoidance] ACTIVATED  (min_dist=0.35 m, idx=6296)
[INFO] [1783600073.827] [/local_avoidance]: [local_avoidance] DEACTIVATED
[WARN] [1783600073.852] [/local_avoidance]: [local_avoidance] ACTIVATED  (min_dist=0.35 m, idx=5414)
[WARN] [1783600073.855] [/px4_ctrl_bridge]: [px4_bridge] avoidance released -> published /planning/replan
[INFO] [1783600073.903] [/local_avoidance]: [local_avoidance] DEACTIVATED
[WARN] [1783600073.925] [/px4_ctrl_bridge]: [px4_bridge] avoidance released -> published /planning/replan
[WARN] [1783600073.945] [/exploration_node]: wait for trigger.
[WARN] [1783600073.953] [/local_avoidance]: [local_avoidance] ACTIVATED  (min_dist=0.35 m, idx=1283)
[INFO] [1783600074.002] [/local_avoidance]: [local_avoidance] DEACTIVATED
[WARN] [1783600074.025] [/px4_ctrl_bridge]: [px4_bridge] avoidance released -> published /planning/replan
[WARN] [1783600074.052] [/local_avoidance]: [local_avoidance] ACTIVATED  (min_dist=0.35 m, idx=7759)
[INFO] [1783600074.128] [/local_avoidance]: [local_avoidance] DEACTIVATED
[WARN] [1783600074.153] [/local_avoidance]: [local_avoidance] ACTIVATED  (min_dist=0.35 m, idx=1151)
[WARN] [1783600074.155] [/px4_ctrl_bridge]: [px4_bridge] avoidance released -> published /planning/replan
[INFO] [1783600074.202] [/local_avoidance]: [local_avoidance] DEACTIVATED
[WARN] [1783600074.225] [/px4_ctrl_bridge]: [px4_bridge] avoidance released -> published /planning/replan
[WARN] [1783600074.252] [/local_avoidance]: [local_avoidance] ACTIVATED  (min_dist=0.35 m, idx=8211)
[INFO] [1783600074.305] [/local_avoidance]: [local_avoidance] DEACTIVATED
[WARN] [1783600074.325] [/px4_ctrl_bridge]: [px4_bridge] avoidance released -> published /planning/replan
[WARN] [1783600074.354] [/local_avoidance]: [local_avoidance] ACTIVATED  (min_dist=0.35 m, idx=1706)
[INFO] [1783600074.401] [/local_avoidance]: [local_avoidance] DEACTIVATED
[WARN] [1783600074.425] [/px4_ctrl_bridge]: [px4_bridge] avoidance released -> published /planning/replan
[WARN] [1783600074.477] [/local_avoidance]: [local_avoidance] ACTIVATED  (min_dist=0.35 m, idx=8458)
[INFO] [1783600074.502] [/local_avoidance]: [local_avoidance] DEACTIVATED
[WARN] [1783600074.525] [/px4_ctrl_bridge]: [px4_bridge] avoidance released -> published /planning/replan
[WARN] [1783600074.551] [/local_avoidance]: [local_avoidance] ACTIVATED  (min_dist=0.35 m, idx=8197)
[WARN] [1783600074.585] [/px4_ctrl_bridge]: [px4_bridge] AVOIDANCE ACTIVE -> forwarding /target_avoidance
[INFO] [1783600074.603] [/local_avoidance]: [local_avoidance] DEACTIVATED
[WARN] [1783600074.628] [/px4_ctrl_bridge]: [px4_bridge] avoidance released -> published /planning/replan
[WARN] [1783600074.652] [/local_avoidance]: [local_avoidance] ACTIVATED  (min_dist=0.35 m, idx=8907)
[INFO] [1783600074.702] [/local_avoidance]: [local_avoidance] DEACTIVATED
[WARN] [1783600074.725] [/px4_ctrl_bridge]: [px4_bridge] avoidance released -> published /planning/replan
[WARN] [1783600074.754] [/local_avoidance]: [local_avoidance] ACTIVATED  (min_dist=0.35 m, idx=2794)
[INFO] [1783600074.805] [/local_avoidance]: [local_avoidance] DEACTIVATED
[WARN] [1783600074.825] [/px4_ctrl_bridge]: [px4_bridge] avoidance released -> published /planning/replan
[WARN] [1783600074.852] [/local_avoidance]: [local_avoidance] ACTIVATED  (min_dist=0.36 m, idx=3920)
[INFO] [1783600074.901] [/local_avoidance]: [local_avoidance] DEACTIVATED
[WARN] [1783600074.925] [/px4_ctrl_bridge]: [px4_bridge] avoidance released -> published /planning/replan
[WARN] [1783600074.951] [/local_avoidance]: [local_avoidance] ACTIVATED  (min_dist=0.35 m, idx=3357)
[INFO] [1783600075.002] [/local_avoidance]: [local_avoidance] DEACTIVATED
[WARN] [1783600075.025] [/px4_ctrl_bridge]: [px4_bridge] avoidance released -> published /planning/replan
[WARN] [1783600075.077] [/local_avoidance]: [local_avoidance] ACTIVATED  (min_dist=0.36 m, idx=8718)
[INFO] [1783600075.105] [/local_avoidance]: [local_avoidance] DEACTIVATED
[WARN] [1783600075.128] [/px4_ctrl_bridge]: [px4_bridge] avoidance released -> published /planning/replan
[WARN] [1783600075.151] [/local_avoidance]: [local_avoidance] ACTIVATED  (min_dist=0.35 m, idx=3597)
[INFO] [1783600075.201] [/local_avoidance]: [local_avoidance] DEACTIVATED
[WARN] [1783600075.226] [/px4_ctrl_bridge]: [px4_bridge] avoidance released -> published /planning/replan
[WARN] [1783600075.252] [/local_avoidance]: [local_avoidance] ACTIVATED  (min_dist=0.36 m, idx=5405)
[INFO] [1783600075.302] [/local_avoidance]: [local_avoidance] DEACTIVATED
[WARN] [1783600075.325] [/px4_ctrl_bridge]: [px4_bridge] avoidance released -> published /planning/replan
[WARN] [1783600075.353] [/local_avoidance]: [local_avoidance] ACTIVATED  (min_dist=0.35 m, idx=4061)
[INFO] [1783600075.402] [/local_avoidance]: [local_avoidance] DEACTIVATED
[WARN] [1783600075.426] [/px4_ctrl_bridge]: [px4_bridge] avoidance released -> published /planning/replan
[WARN] [1783600075.453] [/local_avoidance]: [local_avoidance] ACTIVATED  (min_dist=0.35 m, idx=9544)
[INFO] [1783600075.502] [/local_avoidance]: [local_avoidance] DEACTIVATED
[WARN] [1783600075.525] [/px4_ctrl_bridge]: [px4_bridge] avoidance released -> published /planning/replan
[WARN] [1783600075.552] [/local_avoidance]: [local_avoidance] ACTIVATED  (min_dist=0.35 m, idx=5000)
[WARN] [1783600075.585] [/px4_ctrl_bridge]: [px4_bridge] AVOIDANCE ACTIVE -> forwarding /target_avoidance
[INFO] [1783600075.628] [/local_avoidance]: [local_avoidance] avoiding...  min_dist=0.35 m
[INFO] [1783600075.703] [/local_avoidance]: [local_avoidance] DEACTIVATED
[WARN] [1783600075.725] [/px4_ctrl_bridge]: [px4_bridge] avoidance released -> published /planning/replan
[WARN] [1783600075.752] [/local_avoidance]: [local_avoidance] ACTIVATED  (min_dist=0.35 m, idx=5805)
[WARN] [1783600076.596] [/px4_ctrl_bridge]: [px4_bridge] AVOIDANCE ACTIVE -> forwarding /target_avoidance
[INFO] [1783600076.653] [/local_avoidance]: [local_avoidance] avoiding...  min_dist=0.35 m
[WARN] [1783600077.605] [/px4_ctrl_bridge]: [px4_bridge] AVOIDANCE ACTIVE -> forwarding /target_avoidance
[INFO] [1783600077.702] [/local_avoidance]: [local_avoidance] avoiding...  min_dist=0.35 m
[INFO] [1783600078.102] [/cloud_crop_bridge]: [CloudCrop] 2636 -> 751 pts (28%)
[INFO] [1783600078.252] [/local_avoidance]: [local_avoidance] DEACTIVATED
[WARN] [1783600078.276] [/px4_ctrl_bridge]: [px4_bridge] avoidance released -> published /planning/replan
[WARN] [1783600078.303] [/local_avoidance]: [local_avoidance] ACTIVATED  (min_dist=0.35 m, idx=292)
[INFO] [1783600078.452] [/local_avoidance]: [local_avoidance] DEACTIVATED
[WARN] [1783600078.478] [/px4_ctrl_bridge]: [px4_bridge] avoidance released -> published /planning/replan
[WARN] [1783600078.505] [/local_avoidance]: [local_avoidance] ACTIVATED  (min_dist=0.35 m, idx=7455)
[INFO] [1783600078.552] [/local_avoidance]: [local_avoidance] DEACTIVATED
[WARN] [1783600078.575] [/px4_ctrl_bridge]: [px4_bridge] avoidance released -> published /planning/replan
[WARN] [1783600078.601] [/local_avoidance]: [local_avoidance] ACTIVATED  (min_dist=0.35 m, idx=394)
[WARN] [1783600078.625] [/px4_ctrl_bridge]: [px4_bridge] AVOIDANCE ACTIVE -> forwarding /target_avoidance
[INFO] [1783600078.657] [/local_avoidance]: [local_avoidance] DEACTIVATED
[WARN] [1783600078.675] [/px4_ctrl_bridge]: [px4_bridge] avoidance released -> published /planning/replan
[WARN] [1783600078.702] [/local_avoidance]: [local_avoidance] ACTIVATED  (min_dist=0.35 m, idx=1586)
[INFO] [1783600078.779] [/local_avoidance]: [local_avoidance] DEACTIVATED
[WARN] [1783600078.802] [/local_avoidance]: [local_avoidance] ACTIVATED  (min_dist=0.35 m, idx=6772)
[WARN] [1783600078.805] [/px4_ctrl_bridge]: [px4_bridge] avoidance released -> published /planning/replan
[INFO] [1783600078.881] [/local_avoidance]: [local_avoidance] DEACTIVATED
[WARN] [1783600078.902] [/local_avoidance]: [local_avoidance] ACTIVATED  (min_dist=0.36 m, idx=6890)
[WARN] [1783600078.906] [/px4_ctrl_bridge]: [px4_bridge] avoidance released -> published /planning/replan
[INFO] [1783600078.955] [/local_avoidance]: [local_avoidance] DEACTIVATED
[WARN] [1783600078.955] [/exploration_node]: wait for trigger.
[WARN] [1783600078.986] [/px4_ctrl_bridge]: [px4_bridge] avoidance released -> published /planning/replan
[WARN] [1783600079.002] [/local_avoidance]: [local_avoidance] ACTIVATED  (min_dist=0.35 m, idx=7116)
[INFO] [1783600079.051] [/local_avoidance]: [local_avoidance] DEACTIVATED
[WARN] [1783600079.075] [/px4_ctrl_bridge]: [px4_bridge] avoidance released -> published /planning/replan
[WARN] [1783600079.101] [/local_avoidance]: [local_avoidance] ACTIVATED  (min_dist=0.35 m, idx=6929)
[INFO] [1783600079.152] [/local_avoidance]: [local_avoidance] DEACTIVATED
[WARN] [1783600079.175] [/px4_ctrl_bridge]: [px4_bridge] avoidance released -> published /planning/replan
[WARN] [1783600079.202] [/local_avoidance]: [local_avoidance] ACTIVATED  (min_dist=0.35 m, idx=1948)
[INFO] [1783600079.258] [/local_avoidance]: [local_avoidance] DEACTIVATED
[WARN] [1783600079.277] [/px4_ctrl_bridge]: [px4_bridge] avoidance released -> published /planning/replan
[INFO] [1783600079.285] [/exploration_node]: [EV] [1783600079.285][   +331.7s][WAIT_TRIGGER] Avoidance: Deactivated  <->  Activated | cycling x3067 over 330.7s
[WARN] [1783600079.302] [/local_avoidance]: [local_avoidance] ACTIVATED  (min_dist=0.35 m, idx=7332)
[INFO] [1783600079.354] [/local_avoidance]: [local_avoidance] DEACTIVATED
[WARN] [1783600079.375] [/px4_ctrl_bridge]: [px4_bridge] avoidance released -> published /planning/replan
[WARN] [1783600079.402] [/local_avoidance]: [local_avoidance] ACTIVATED  (min_dist=0.35 m, idx=2181)
[INFO] [1783600079.453] [/local_avoidance]: [local_avoidance] DEACTIVATED
[WARN] [1783600079.475] [/px4_ctrl_bridge]: [px4_bridge] avoidance released -> published /planning/replan
[WARN] [1783600079.502] [/local_avoidance]: [local_avoidance] ACTIVATED  (min_dist=0.35 m, idx=7876)
[INFO] [1783600079.552] [/local_avoidance]: [local_avoidance] DEACTIVATED
[WARN] [1783600079.575] [/px4_ctrl_bridge]: [px4_bridge] avoidance released -> published /planning/replan
[WARN] [1783600079.602] [/local_avoidance]: [local_avoidance] ACTIVATED  (min_dist=0.35 m, idx=8477)
[WARN] [1783600079.625] [/px4_ctrl_bridge]: [px4_bridge] AVOIDANCE ACTIVE -> forwarding /target_avoidance
[INFO] [1783600079.653] [/local_avoidance]: [local_avoidance] DEACTIVATED
[WARN] [1783600079.686] [/px4_ctrl_bridge]: [px4_bridge] avoidance released -> published /planning/replan
[WARN] [1783600079.704] [/local_avoidance]: [local_avoidance] ACTIVATED  (min_dist=0.35 m, idx=2187)
[INFO] [1783600079.751] [/local_avoidance]: [local_avoidance] DEACTIVATED
[WARN] [1783600079.775] [/px4_ctrl_bridge]: [px4_bridge] avoidance released -> published /planning/replan
[WARN] [1783600079.802] [/local_avoidance]: [local_avoidance] ACTIVATED  (min_dist=0.35 m, idx=3184)
[INFO] [1783600079.851] [/local_avoidance]: [local_avoidance] DEACTIVATED
[WARN] [1783600079.875] [/px4_ctrl_bridge]: [px4_bridge] avoidance released -> published /planning/replan
[WARN] [1783600079.902] [/local_avoidance]: [local_avoidance] ACTIVATED  (min_dist=0.35 m, idx=2931)
[INFO] [1783600079.952] [/local_avoidance]: [local_avoidance] DEACTIVATED
[WARN] [1783600079.975] [/px4_ctrl_bridge]: [px4_bridge] avoidance released -> published /planning/replan
[WARN] [1783600080.006] [/local_avoidance]: [local_avoidance] ACTIVATED  (min_dist=0.35 m, idx=3640)
[INFO] [1783600080.051] [/local_avoidance]: [local_avoidance] DEACTIVATED
[WARN] [1783600080.075] [/px4_ctrl_bridge]: [px4_bridge] avoidance released -> published /planning/replan
[WARN] [1783600080.102] [/local_avoidance]: [local_avoidance] ACTIVATED  (min_dist=0.35 m, idx=3378)
[INFO] [1783600080.151] [/local_avoidance]: [local_avoidance] DEACTIVATED
[WARN] [1783600080.175] [/px4_ctrl_bridge]: [px4_bridge] avoidance released -> published /planning/replan
[WARN] [1783600080.202] [/local_avoidance]: [local_avoidance] ACTIVATED  (min_dist=0.35 m, idx=4080)
[INFO] [1783600080.251] [/local_avoidance]: [local_avoidance] DEACTIVATED
[WARN] [1783600080.275] [/px4_ctrl_bridge]: [px4_bridge] avoidance released -> published /planning/replan
[WARN] [1783600080.302] [/local_avoidance]: [local_avoidance] ACTIVATED  (min_dist=0.35 m, idx=3826)
[INFO] [1783600080.352] [/local_avoidance]: [local_avoidance] DEACTIVATED
[WARN] [1783600080.375] [/px4_ctrl_bridge]: [px4_bridge] avoidance released -> published /planning/replan
[WARN] [1783600080.401] [/local_avoidance]: [local_avoidance] ACTIVATED  (min_dist=0.36 m, idx=4950)
[INFO] [1783600080.456] [/local_avoidance]: [local_avoidance] DEACTIVATED
[WARN] [1783600080.475] [/px4_ctrl_bridge]: [px4_bridge] avoidance released -> published /planning/replan
[WARN] [1783600080.501] [/local_avoidance]: [local_avoidance] ACTIVATED  (min_dist=0.35 m, idx=4074)
[INFO] [1783600080.551] [/local_avoidance]: [local_avoidance] avoiding...  min_dist=0.38 m
[WARN] [1783600080.626] [/px4_ctrl_bridge]: [px4_bridge] AVOIDANCE ACTIVE -> forwarding /target_avoidance
[INFO] [1783600080.654] [/local_avoidance]: [local_avoidance] DEACTIVATED
[WARN] [1783600080.675] [/px4_ctrl_bridge]: [px4_bridge] avoidance released -> published /planning/replan
[WARN] [1783600080.702] [/local_avoidance]: [local_avoidance] ACTIVATED  (min_dist=0.35 m, idx=4529)
[INFO] [1783600081.161] [/mavros]: HP: requesting home position
[INFO] [1783600081.552] [/local_avoidance]: [local_avoidance] avoiding...  min_dist=0.35 m
[WARN] [1783600081.635] [/px4_ctrl_bridge]: [px4_bridge] AVOIDANCE ACTIVE -> forwarding /target_avoidance
[INFO] [1783600082.552] [/local_avoidance]: [local_avoidance] avoiding...  min_dist=0.36 m
[WARN] [1783600082.635] [/px4_ctrl_bridge]: [px4_bridge] AVOIDANCE ACTIVE -> forwarding /target_avoidance
[INFO] [1783600082.903] [/local_avoidance]: [local_avoidance] DEACTIVATED
[WARN] [1783600082.935] [/px4_ctrl_bridge]: [px4_bridge] avoidance released -> published /planning/replan
[WARN] [1783600082.952] [/local_avoidance]: [local_avoidance] ACTIVATED  (min_dist=0.35 m, idx=4860)
[INFO] [1783600083.102] [/local_avoidance]: [local_avoidance] DEACTIVATED
[INFO] [1783600083.103] [/cloud_crop_bridge]: [CloudCrop] 3163 -> 403 pts (13%)
[WARN] [1783600083.125] [/px4_ctrl_bridge]: [px4_bridge] avoidance released -> published /planning/replan
[WARN] [1783600083.152] [/local_avoidance]: [local_avoidance] ACTIVATED  (min_dist=0.36 m, idx=5028)
[INFO] [1783600083.427] [/local_avoidance]: [local_avoidance] DEACTIVATED
[WARN] [1783600083.453] [/local_avoidance]: [local_avoidance] ACTIVATED  (min_dist=0.35 m, idx=6369)
[WARN] [1783600083.456] [/px4_ctrl_bridge]: [px4_bridge] avoidance released -> published /planning/replan
[INFO] [1783600083.502] [/local_avoidance]: [local_avoidance] DEACTIVATED
[WARN] [1783600083.525] [/px4_ctrl_bridge]: [px4_bridge] avoidance released -> published /planning/replan
[WARN] [1783600083.552] [/local_avoidance]: [local_avoidance] ACTIVATED  (min_dist=0.35 m, idx=67)
[INFO] [1783600083.626] [/local_avoidance]: [local_avoidance] DEACTIVATED
[WARN] [1783600083.645] [/px4_ctrl_bridge]: [px4_bridge] AVOIDANCE ACTIVE -> forwarding /target_avoidance
[WARN] [1783600083.652] [/local_avoidance]: [local_avoidance] ACTIVATED  (min_dist=0.35 m, idx=884)
[WARN] [1783600083.655] [/px4_ctrl_bridge]: [px4_bridge] avoidance released -> published /planning/replan
[INFO] [1783600083.701] [/local_avoidance]: [local_avoidance] DEACTIVATED
[WARN] [1783600083.725] [/px4_ctrl_bridge]: [px4_bridge] avoidance released -> published /planning/replan
[WARN] [1783600083.752] [/local_avoidance]: [local_avoidance] ACTIVATED  (min_dist=0.35 m, idx=499)
[INFO] [1783600083.801] [/local_avoidance]: [local_avoidance] DEACTIVATED
[WARN] [1783600083.825] [/px4_ctrl_bridge]: [px4_bridge] avoidance released -> published /planning/replan
[WARN] [1783600083.852] [/local_avoidance]: [local_avoidance] ACTIVATED  (min_dist=0.35 m, idx=7270)
[INFO] [1783600083.903] [/local_avoidance]: [local_avoidance] DEACTIVATED
[WARN] [1783600083.925] [/px4_ctrl_bridge]: [px4_bridge] avoidance released -> published /planning/replan
[WARN] [1783600083.955] [/local_avoidance]: [local_avoidance] ACTIVATED  (min_dist=0.35 m, idx=6167)
[WARN] [1783600083.956] [/exploration_node]: wait for trigger.
[INFO] [1783600084.002] [/local_avoidance]: [local_avoidance] DEACTIVATED
[WARN] [1783600084.025] [/px4_ctrl_bridge]: [px4_bridge] avoidance released -> published /planning/replan
[WARN] [1783600084.053] [/local_avoidance]: [local_avoidance] ACTIVATED  (min_dist=0.35 m, idx=1868)
[INFO] [1783600084.127] [/local_avoidance]: [local_avoidance] DEACTIVATED
[INFO] [1783600084.132] [/exploration_node]: [EV] [1783600084.132][   +336.6s][WAIT_TRIGGER] BATT 23.5V | voltage=23.71V percent=51% (repeated x10)
[WARN] [1783600084.155] [/local_avoidance]: [local_avoidance] ACTIVATED  (min_dist=0.35 m, idx=1614)
[WARN] [1783600084.155] [/px4_ctrl_bridge]: [px4_bridge] avoidance released -> published /planning/replan
[INFO] [1783600084.202] [/local_avoidance]: [local_avoidance] DEACTIVATED
[WARN] [1783600084.225] [/px4_ctrl_bridge]: [px4_bridge] avoidance released -> published /planning/replan
[WARN] [1783600084.251] [/local_avoidance]: [local_avoidance] ACTIVATED  (min_dist=0.37 m, idx=2740)
[INFO] [1783600084.302] [/local_avoidance]: [local_avoidance] DEACTIVATED
[WARN] [1783600084.325] [/px4_ctrl_bridge]: [px4_bridge] avoidance released -> published /planning/replan
[WARN] [1783600084.376] [/local_avoidance]: [local_avoidance] ACTIVATED  (min_dist=0.35 m, idx=1862)
[INFO] [1783600084.402] [/local_avoidance]: [local_avoidance] DEACTIVATED
[WARN] [1783600084.425] [/px4_ctrl_bridge]: [px4_bridge] avoidance released -> published /planning/replan
[WARN] [1783600084.452] [/local_avoidance]: [local_avoidance] ACTIVATED  (min_dist=0.35 m, idx=3169)
[INFO] [1783600084.501] [/local_avoidance]: [local_avoidance] DEACTIVATED
[WARN] [1783600084.526] [/px4_ctrl_bridge]: [px4_bridge] avoidance released -> published /planning/replan
[WARN] [1783600084.552] [/local_avoidance]: [local_avoidance] ACTIVATED  (min_dist=0.35 m, idx=3293)
[INFO] [1783600084.602] [/local_avoidance]: [local_avoidance] DEACTIVATED
[WARN] [1783600084.625] [/px4_ctrl_bridge]: [px4_bridge] avoidance released -> published /planning/replan
[WARN] [1783600084.677] [/local_avoidance]: [local_avoidance] ACTIVATED  (min_dist=0.36 m, idx=8006)
[INFO] [1783600084.702] [/local_avoidance]: [local_avoidance] DEACTIVATED
[WARN] [1783600084.705] [/px4_ctrl_bridge]: [px4_bridge] AVOIDANCE ACTIVE -> forwarding /target_avoidance
[WARN] [1783600084.725] [/px4_ctrl_bridge]: [px4_bridge] avoidance released -> published /planning/replan
[WARN] [1783600084.776] [/local_avoidance]: [local_avoidance] ACTIVATED  (min_dist=0.35 m, idx=8696)
[INFO] [1783600084.801] [/local_avoidance]: [local_avoidance] DEACTIVATED
[WARN] [1783600084.825] [/px4_ctrl_bridge]: [px4_bridge] avoidance released -> published /planning/replan
[WARN] [1783600084.852] [/local_avoidance]: [local_avoidance] ACTIVATED  (min_dist=0.35 m, idx=8364)
[INFO] [1783600084.931] [/local_avoidance]: [local_avoidance] DEACTIVATED
[WARN] [1783600084.955] [/local_avoidance]: [local_avoidance] ACTIVATED  (min_dist=0.35 m, idx=5142)
[WARN] [1783600084.956] [/px4_ctrl_bridge]: [px4_bridge] avoidance released -> published /planning/replan
[INFO] [1783600085.003] [/local_avoidance]: [local_avoidance] DEACTIVATED
[WARN] [1783600085.025] [/px4_ctrl_bridge]: [px4_bridge] avoidance released -> published /planning/replan
[WARN] [1783600085.055] [/local_avoidance]: [local_avoidance] ACTIVATED  (min_dist=0.35 m, idx=8904)
[INFO] [1783600085.102] [/local_avoidance]: [local_avoidance] DEACTIVATED
[WARN] [1783600085.125] [/px4_ctrl_bridge]: [px4_bridge] avoidance released -> published /planning/replan
[WARN] [1783600085.152] [/local_avoidance]: [local_avoidance] ACTIVATED  (min_dist=0.35 m, idx=9605)
[INFO] [1783600085.202] [/local_avoidance]: [local_avoidance] DEACTIVATED
[WARN] [1783600085.225] [/px4_ctrl_bridge]: [px4_bridge] avoidance released -> published /planning/replan
[WARN] [1783600085.252] [/local_avoidance]: [local_avoidance] ACTIVATED  (min_dist=0.35 m, idx=9356)
[INFO] [1783600085.305] [/local_avoidance]: [local_avoidance] DEACTIVATED
[WARN] [1783600085.326] [/px4_ctrl_bridge]: [px4_bridge] avoidance released -> published /planning/replan
[WARN] [1783600085.351] [/local_avoidance]: [local_avoidance] ACTIVATED  (min_dist=0.35 m, idx=4216)
[INFO] [1783600085.428] [/local_avoidance]: [local_avoidance] avoiding...  min_dist=0.36 m
[INFO] [1783600085.501] [/local_avoidance]: [local_avoidance] DEACTIVATED
[WARN] [1783600085.525] [/px4_ctrl_bridge]: [px4_bridge] avoidance released -> published /planning/replan
[WARN] [1783600085.551] [/local_avoidance]: [local_avoidance] ACTIVATED  (min_dist=0.35 m, idx=4660)
[WARN] [1783600085.715] [/px4_ctrl_bridge]: [px4_bridge] AVOIDANCE ACTIVE -> forwarding /target_avoidance
[INFO] [1783600086.135] [/exploration_node]: [EV] [1783600086.135][   +338.6s][WAIT_TRIGGER] BATT 23.5V | voltage=23.72V percent=51%
[INFO] [1783600086.452] [/local_avoidance]: [local_avoidance] avoiding...  min_dist=0.35 m
[WARN] [1783600086.726] [/px4_ctrl_bridge]: [px4_bridge] AVOIDANCE ACTIVE -> forwarding /target_avoidance
[INFO] [1783600087.454] [/local_avoidance]: [local_avoidance] avoiding...  min_dist=0.35 m
[WARN] [1783600087.736] [/px4_ctrl_bridge]: [px4_bridge] AVOIDANCE ACTIVE -> forwarding /target_avoidance
[INFO] [1783600088.153] [/cloud_crop_bridge]: [CloudCrop] 3158 -> 412 pts (13%)
[INFO] [1783600088.255] [/local_avoidance]: [local_avoidance] DEACTIVATED
[WARN] [1783600088.275] [/px4_ctrl_bridge]: [px4_bridge] avoidance released -> published /planning/replan
[WARN] [1783600088.301] [/local_avoidance]: [local_avoidance] ACTIVATED  (min_dist=0.35 m, idx=5134)
[INFO] [1783600088.352] [/local_avoidance]: [local_avoidance] DEACTIVATED
[WARN] [1783600088.375] [/px4_ctrl_bridge]: [px4_bridge] avoidance released -> published /planning/replan
[WARN] [1783600088.402] [/local_avoidance]: [local_avoidance] ACTIVATED  (min_dist=0.35 m, idx=5936)
[INFO] [1783600088.452] [/local_avoidance]: [local_avoidance] DEACTIVATED
[WARN] [1783600088.475] [/px4_ctrl_bridge]: [px4_bridge] avoidance released -> published /planning/replan
[WARN] [1783600088.503] [/local_avoidance]: [local_avoidance] ACTIVATED  (min_dist=0.35 m, idx=5653)
[INFO] [1783600088.552] [/local_avoidance]: [local_avoidance] DEACTIVATED
[WARN] [1783600088.575] [/px4_ctrl_bridge]: [px4_bridge] avoidance released -> published /planning/replan
[WARN] [1783600088.602] [/local_avoidance]: [local_avoidance] ACTIVATED  (min_dist=0.35 m, idx=6602)
[INFO] [1783600088.651] [/local_avoidance]: [local_avoidance] DEACTIVATED
[WARN] [1783600088.675] [/px4_ctrl_bridge]: [px4_bridge] avoidance released -> published /planning/replan
[WARN] [1783600088.702] [/local_avoidance]: [local_avoidance] ACTIVATED  (min_dist=0.35 m, idx=6140)
[WARN] [1783600088.745] [/px4_ctrl_bridge]: [px4_bridge] AVOIDANCE ACTIVE -> forwarding /target_avoidance
[INFO] [1783600088.751] [/local_avoidance]: [local_avoidance] DEACTIVATED
[WARN] [1783600088.775] [/px4_ctrl_bridge]: [px4_bridge] avoidance released -> published /planning/replan
[WARN] [1783600088.804] [/local_avoidance]: [local_avoidance] ACTIVATED  (min_dist=0.35 m, idx=6853)
[INFO] [1783600088.852] [/local_avoidance]: [local_avoidance] DEACTIVATED
[WARN] [1783600088.875] [/px4_ctrl_bridge]: [px4_bridge] avoidance released -> published /planning/replan
[WARN] [1783600088.911] [/local_avoidance]: [local_avoidance] ACTIVATED  (min_dist=0.35 m, idx=6683)
[INFO] [1783600088.953] [/local_avoidance]: [local_avoidance] DEACTIVATED
[WARN] [1783600088.965] [/exploration_node]: wait for trigger.
[WARN] [1783600088.975] [/px4_ctrl_bridge]: [px4_bridge] avoidance released -> published /planning/replan
[WARN] [1783600089.003] [/local_avoidance]: [local_avoidance] ACTIVATED  (min_dist=0.35 m, idx=7394)
[INFO] [1783600089.052] [/local_avoidance]: [local_avoidance] DEACTIVATED
[WARN] [1783600089.075] [/px4_ctrl_bridge]: [px4_bridge] avoidance released -> published /planning/replan
[WARN] [1783600089.103] [/local_avoidance]: [local_avoidance] ACTIVATED  (min_dist=0.35 m, idx=7148)
[INFO] [1783600089.153] [/local_avoidance]: [local_avoidance] DEACTIVATED
[WARN] [1783600089.176] [/px4_ctrl_bridge]: [px4_bridge] avoidance released -> published /planning/replan
[WARN] [1783600089.228] [/local_avoidance]: [local_avoidance] ACTIVATED  (min_dist=0.35 m, idx=7845)
[INFO] [1783600089.254] [/local_avoidance]: [local_avoidance] DEACTIVATED
[WARN] [1783600089.275] [/px4_ctrl_bridge]: [px4_bridge] avoidance released -> published /planning/replan
[WARN] [1783600089.301] [/local_avoidance]: [local_avoidance] ACTIVATED  (min_dist=0.35 m, idx=1539)
[INFO] [1783600089.351] [/local_avoidance]: [local_avoidance] DEACTIVATED
[WARN] [1783600089.375] [/px4_ctrl_bridge]: [px4_bridge] avoidance released -> published /planning/replan
[WARN] [1783600089.402] [/local_avoidance]: [local_avoidance] ACTIVATED  (min_dist=0.35 m, idx=8511)
[INFO] [1783600089.454] [/local_avoidance]: [local_avoidance] DEACTIVATED
[WARN] [1783600089.475] [/px4_ctrl_bridge]: [px4_bridge] avoidance released -> published /planning/replan
[WARN] [1783600089.502] [/local_avoidance]: [local_avoidance] ACTIVATED  (min_dist=0.35 m, idx=8041)
[INFO] [1783600089.576] [/local_avoidance]: [local_avoidance] DEACTIVATED
[WARN] [1783600089.602] [/local_avoidance]: [local_avoidance] ACTIVATED  (min_dist=0.35 m, idx=9331)
[WARN] [1783600089.605] [/px4_ctrl_bridge]: [px4_bridge] avoidance released -> published /planning/replan
[INFO] [1783600089.676] [/local_avoidance]: [local_avoidance] DEACTIVATED
[WARN] [1783600089.705] [/px4_ctrl_bridge]: [px4_bridge] avoidance released -> published /planning/replan
[WARN] [1783600089.727] [/local_avoidance]: [local_avoidance] ACTIVATED  (min_dist=0.35 m, idx=2934)
[INFO] [1783600089.753] [/local_avoidance]: [local_avoidance] DEACTIVATED
[WARN] [1783600089.755] [/px4_ctrl_bridge]: [px4_bridge] AVOIDANCE ACTIVE -> forwarding /target_avoidance
[WARN] [1783600089.775] [/px4_ctrl_bridge]: [px4_bridge] avoidance released -> published /planning/replan
[WARN] [1783600089.826] [/local_avoidance]: [local_avoidance] ACTIVATED  (min_dist=0.35 m, idx=9207)
[INFO] [1783600089.852] [/local_avoidance]: [local_avoidance] DEACTIVATED
[WARN] [1783600089.876] [/px4_ctrl_bridge]: [px4_bridge] avoidance released -> published /planning/replan
[WARN] [1783600089.902] [/local_avoidance]: [local_avoidance] ACTIVATED  (min_dist=0.35 m, idx=2906)
[INFO] [1783600089.977] [/local_avoidance]: [local_avoidance] DEACTIVATED
[WARN] [1783600090.002] [/local_avoidance]: [local_avoidance] ACTIVATED  (min_dist=0.35 m, idx=4194)
[WARN] [1783600090.005] [/px4_ctrl_bridge]: [px4_bridge] avoidance released -> published /planning/replan
[INFO] [1783600090.051] [/local_avoidance]: [local_avoidance] DEACTIVATED
[WARN] [1783600090.075] [/px4_ctrl_bridge]: [px4_bridge] avoidance released -> published /planning/replan
[WARN] [1783600090.127] [/local_avoidance]: [local_avoidance] ACTIVATED  (min_dist=0.35 m, idx=3557)
[INFO] [1783600090.153] [/local_avoidance]: [local_avoidance] DEACTIVATED
[WARN] [1783600090.175] [/px4_ctrl_bridge]: [px4_bridge] avoidance released -> published /planning/replan
[WARN] [1783600090.202] [/local_avoidance]: [local_avoidance] ACTIVATED  (min_dist=0.37 m, idx=4274)
[INFO] [1783600090.276] [/local_avoidance]: [local_avoidance] DEACTIVATED
[WARN] [1783600090.301] [/local_avoidance]: [local_avoidance] ACTIVATED  (min_dist=0.35 m, idx=10104)
[WARN] [1783600090.305] [/px4_ctrl_bridge]: [px4_bridge] avoidance released -> published /planning/replan
[INFO] [1783600090.352] [/local_avoidance]: [local_avoidance] DEACTIVATED
[WARN] [1783600090.375] [/px4_ctrl_bridge]: [px4_bridge] avoidance released -> published /planning/replan
[WARN] [1783600090.402] [/local_avoidance]: [local_avoidance] ACTIVATED  (min_dist=0.36 m, idx=9486)
[INFO] [1783600090.452] [/local_avoidance]: [local_avoidance] DEACTIVATED
[WARN] [1783600090.475] [/px4_ctrl_bridge]: [px4_bridge] avoidance released -> published /planning/replan
[WARN] [1783600090.502] [/local_avoidance]: [local_avoidance] ACTIVATED  (min_dist=0.35 m, idx=4656)
[INFO] [1783600090.577] [/local_avoidance]: [local_avoidance] avoiding...  min_dist=0.35 m
[INFO] [1783600090.655] [/local_avoidance]: [local_avoidance] DEACTIVATED
[WARN] [1783600090.675] [/px4_ctrl_bridge]: [px4_bridge] avoidance released -> published /planning/replan
[WARN] [1783600090.730] [/local_avoidance]: [local_avoidance] ACTIVATED  (min_dist=0.35 m, idx=5012)
[WARN] [1783600090.755] [/px4_ctrl_bridge]: [px4_bridge] AVOIDANCE ACTIVE -> forwarding /target_avoidance
[INFO] [1783600091.162] [/mavros]: HP: requesting home position
[INFO] [1783600091.602] [/local_avoidance]: [local_avoidance] avoiding...  min_dist=0.35 m
[WARN] [1783600091.765] [/px4_ctrl_bridge]: [px4_bridge] AVOIDANCE ACTIVE -> forwarding /target_avoidance
[INFO] [1783600092.602] [/local_avoidance]: [local_avoidance] avoiding...  min_dist=0.35 m
[WARN] [1783600092.775] [/px4_ctrl_bridge]: [px4_bridge] AVOIDANCE ACTIVE -> forwarding /target_avoidance
[INFO] [1783600093.002] [/local_avoidance]: [local_avoidance] DEACTIVATED
[WARN] [1783600093.025] [/px4_ctrl_bridge]: [px4_bridge] avoidance released -> published /planning/replan
[WARN] [1783600093.053] [/local_avoidance]: [local_avoidance] ACTIVATED  (min_dist=0.35 m, idx=6223)
[INFO] [1783600093.206] [/local_avoidance]: [local_avoidance] DEACTIVATED
[INFO] [1783600093.210] [/cloud_crop_bridge]: [CloudCrop] 3176 -> 337 pts (11%)
[WARN] [1783600093.225] [/px4_ctrl_bridge]: [px4_bridge] avoidance released -> published /planning/replan
[WARN] [1783600093.251] [/local_avoidance]: [local_avoidance] ACTIVATED  (min_dist=0.35 m, idx=6299)
[INFO] [1783600093.403] [/local_avoidance]: [local_avoidance] DEACTIVATED
[WARN] [1783600093.425] [/px4_ctrl_bridge]: [px4_bridge] avoidance released -> published /planning/replan
[WARN] [1783600093.451] [/local_avoidance]: [local_avoidance] ACTIVATED  (min_dist=0.35 m, idx=6543)
[INFO] [1783600093.502] [/local_avoidance]: [local_avoidance] DEACTIVATED
[WARN] [1783600093.525] [/px4_ctrl_bridge]: [px4_bridge] avoidance released -> published /planning/replan
[WARN] [1783600093.552] [/local_avoidance]: [local_avoidance] ACTIVATED  (min_dist=0.35 m, idx=6277)
[INFO] [1783600093.603] [/local_avoidance]: [local_avoidance] DEACTIVATED
[WARN] [1783600093.626] [/px4_ctrl_bridge]: [px4_bridge] avoidance released -> published /planning/replan
[WARN] [1783600093.652] [/local_avoidance]: [local_avoidance] ACTIVATED  (min_dist=0.36 m, idx=5406)
[INFO] [1783600093.702] [/local_avoidance]: [local_avoidance] DEACTIVATED
[WARN] [1783600093.725] [/px4_ctrl_bridge]: [px4_bridge] avoidance released -> published /planning/replan
[WARN] [1783600093.752] [/local_avoidance]: [local_avoidance] ACTIVATED  (min_dist=0.35 m, idx=893)
[WARN] [1783600093.775] [/px4_ctrl_bridge]: [px4_bridge] AVOIDANCE ACTIVE -> forwarding /target_avoidance
[INFO] [1783600093.802] [/local_avoidance]: [local_avoidance] DEACTIVATED
[WARN] [1783600093.825] [/px4_ctrl_bridge]: [px4_bridge] avoidance released -> published /planning/replan
[WARN] [1783600093.856] [/local_avoidance]: [local_avoidance] ACTIVATED  (min_dist=0.36 m, idx=2011)
[INFO] [1783600093.902] [/local_avoidance]: [local_avoidance] DEACTIVATED
[WARN] [1783600093.925] [/px4_ctrl_bridge]: [px4_bridge] avoidance released -> published /planning/replan
[WARN] [1783600093.952] [/local_avoidance]: [local_avoidance] ACTIVATED  (min_dist=0.35 m, idx=6980)
[WARN] [1783600093.970] [/exploration_node]: wait for trigger.
[INFO] [1783600094.029] [/local_avoidance]: [local_avoidance] DEACTIVATED
[WARN] [1783600094.052] [/local_avoidance]: [local_avoidance] ACTIVATED  (min_dist=0.36 m, idx=6744)
[WARN] [1783600094.056] [/px4_ctrl_bridge]: [px4_bridge] avoidance released -> published /planning/replan
[INFO] [1783600094.102] [/local_avoidance]: [local_avoidance] DEACTIVATED
[WARN] [1783600094.125] [/px4_ctrl_bridge]: [px4_bridge] avoidance released -> published /planning/replan
[WARN] [1783600094.152] [/local_avoidance]: [local_avoidance] ACTIVATED  (min_dist=0.35 m, idx=7630)
[INFO] [1783600094.202] [/local_avoidance]: [local_avoidance] DEACTIVATED
[WARN] [1783600094.225] [/px4_ctrl_bridge]: [px4_bridge] avoidance released -> published /planning/replan
[WARN] [1783600094.251] [/local_avoidance]: [local_avoidance] ACTIVATED  (min_dist=0.35 m, idx=7233)
[INFO] [1783600094.306] [/local_avoidance]: [local_avoidance] DEACTIVATED
[WARN] [1783600094.325] [/px4_ctrl_bridge]: [px4_bridge] avoidance released -> published /planning/replan
[WARN] [1783600094.352] [/local_avoidance]: [local_avoidance] ACTIVATED  (min_dist=0.35 m, idx=8169)
[INFO] [1783600094.401] [/local_avoidance]: [local_avoidance] DEACTIVATED
[WARN] [1783600094.435] [/px4_ctrl_bridge]: [px4_bridge] avoidance released -> published /planning/replan
[WARN] [1783600094.452] [/local_avoidance]: [local_avoidance] ACTIVATED  (min_dist=0.35 m, idx=9064)
[INFO] [1783600094.526] [/local_avoidance]: [local_avoidance] DEACTIVATED
[WARN] [1783600094.551] [/local_avoidance]: [local_avoidance] ACTIVATED  (min_dist=0.35 m, idx=8809)
[WARN] [1783600094.555] [/px4_ctrl_bridge]: [px4_bridge] avoidance released -> published /planning/replan
[INFO] [1783600094.602] [/local_avoidance]: [local_avoidance] DEACTIVATED
[WARN] [1783600094.625] [/px4_ctrl_bridge]: [px4_bridge] avoidance released -> published /planning/replan
[WARN] [1783600094.652] [/local_avoidance]: [local_avoidance] ACTIVATED  (min_dist=0.35 m, idx=2127)
[INFO] [1783600094.728] [/local_avoidance]: [local_avoidance] DEACTIVATED
[WARN] [1783600094.752] [/local_avoidance]: [local_avoidance] ACTIVATED  (min_dist=0.35 m, idx=9069)
[WARN] [1783600094.756] [/px4_ctrl_bridge]: [px4_bridge] avoidance released -> published /planning/replan
[WARN] [1783600094.785] [/px4_ctrl_bridge]: [px4_bridge] AVOIDANCE ACTIVE -> forwarding /target_avoidance
[INFO] [1783600094.802] [/local_avoidance]: [local_avoidance] DEACTIVATED
[WARN] [1783600094.825] [/px4_ctrl_bridge]: [px4_bridge] avoidance released -> published /planning/replan
[WARN] [1783600094.851] [/local_avoidance]: [local_avoidance] ACTIVATED  (min_dist=0.35 m, idx=8703)
[INFO] [1783600094.902] [/local_avoidance]: [local_avoidance] DEACTIVATED
[WARN] [1783600094.925] [/px4_ctrl_bridge]: [px4_bridge] avoidance released -> published /planning/replan
[WARN] [1783600094.952] [/local_avoidance]: [local_avoidance] ACTIVATED  (min_dist=0.35 m, idx=8186)
[INFO] [1783600095.026] [/local_avoidance]: [local_avoidance] DEACTIVATED
[WARN] [1783600095.051] [/local_avoidance]: [local_avoidance] ACTIVATED  (min_dist=0.35 m, idx=3614)
[WARN] [1783600095.055] [/px4_ctrl_bridge]: [px4_bridge] avoidance released -> published /planning/replan
[INFO] [1783600095.105] [/local_avoidance]: [local_avoidance] DEACTIVATED
[WARN] [1783600095.125] [/px4_ctrl_bridge]: [px4_bridge] avoidance released -> published /planning/replan
[WARN] [1783600095.151] [/local_avoidance]: [local_avoidance] ACTIVATED  (min_dist=0.35 m, idx=3936)
[INFO] [1783600095.201] [/local_avoidance]: [local_avoidance] DEACTIVATED
[WARN] [1783600095.225] [/px4_ctrl_bridge]: [px4_bridge] avoidance released -> published /planning/replan
[WARN] [1783600095.280] [/local_avoidance]: [local_avoidance] ACTIVATED  (min_dist=0.35 m, idx=3782)
[INFO] [1783600095.301] [/local_avoidance]: [local_avoidance] DEACTIVATED
[WARN] [1783600095.325] [/px4_ctrl_bridge]: [px4_bridge] avoidance released -> published /planning/replan
[WARN] [1783600095.352] [/local_avoidance]: [local_avoidance] ACTIVATED  (min_dist=0.35 m, idx=9158)
[INFO] [1783600095.402] [/local_avoidance]: [local_avoidance] DEACTIVATED
[WARN] [1783600095.425] [/px4_ctrl_bridge]: [px4_bridge] avoidance released -> published /planning/replan
[WARN] [1783600095.476] [/local_avoidance]: [local_avoidance] ACTIVATED  (min_dist=0.35 m, idx=4233)
[INFO] [1783600095.501] [/local_avoidance]: [local_avoidance] DEACTIVATED
[WARN] [1783600095.525] [/px4_ctrl_bridge]: [px4_bridge] avoidance released -> published /planning/replan
[WARN] [1783600095.552] [/local_avoidance]: [local_avoidance] ACTIVATED  (min_dist=0.37 m, idx=5238)
[INFO] [1783600095.626] [/local_avoidance]: [local_avoidance] DEACTIVATED
[WARN] [1783600095.651] [/local_avoidance]: [local_avoidance] ACTIVATED  (min_dist=0.35 m, idx=4965)
[WARN] [1783600095.657] [/px4_ctrl_bridge]: [px4_bridge] avoidance released -> published /planning/replan
[INFO] [1783600095.701] [/local_avoidance]: [local_avoidance] avoiding...  min_dist=0.36 m
[WARN] [1783600095.785] [/px4_ctrl_bridge]: [px4_bridge] AVOIDANCE ACTIVE -> forwarding /target_avoidance
[INFO] [1783600096.702] [/local_avoidance]: [local_avoidance] avoiding...  min_dist=0.35 m
[WARN] [1783600096.785] [/px4_ctrl_bridge]: [px4_bridge] AVOIDANCE ACTIVE -> forwarding /target_avoidance
[INFO] [1783600097.703] [/local_avoidance]: [local_avoidance] avoiding...  min_dist=0.37 m
[WARN] [1783600097.787] [/px4_ctrl_bridge]: [px4_bridge] AVOIDANCE ACTIVE -> forwarding /target_avoidance
[INFO] [1783600098.052] [/local_avoidance]: [local_avoidance] DEACTIVATED
[WARN] [1783600098.075] [/px4_ctrl_bridge]: [px4_bridge] avoidance released -> published /planning/replan
[WARN] [1783600098.101] [/local_avoidance]: [local_avoidance] ACTIVATED  (min_dist=0.35 m, idx=4876)
[INFO] [1783600098.253] [/cloud_crop_bridge]: [CloudCrop] 3175 -> 409 pts (13%)
[INFO] [1783600098.351] [/local_avoidance]: [local_avoidance] DEACTIVATED
[WARN] [1783600098.375] [/px4_ctrl_bridge]: [px4_bridge] avoidance released -> published /planning/replan
[WARN] [1783600098.402] [/local_avoidance]: [local_avoidance] ACTIVATED  (min_dist=0.35 m, idx=6217)
[INFO] [1783600098.553] [/local_avoidance]: [local_avoidance] DEACTIVATED
[WARN] [1783600098.575] [/px4_ctrl_bridge]: [px4_bridge] avoidance released -> published /planning/replan
[WARN] [1783600098.603] [/local_avoidance]: [local_avoidance] ACTIVATED  (min_dist=0.35 m, idx=5589)
[INFO] [1783600098.654] [/local_avoidance]: [local_avoidance] DEACTIVATED
[WARN] [1783600098.675] [/px4_ctrl_bridge]: [px4_bridge] avoidance released -> published /planning/replan
[WARN] [1783600098.702] [/local_avoidance]: [local_avoidance] ACTIVATED  (min_dist=0.35 m, idx=571)
[INFO] [1783600098.753] [/local_avoidance]: [local_avoidance] DEACTIVATED
[WARN] [1783600098.775] [/px4_ctrl_bridge]: [px4_bridge] avoidance released -> published /planning/replan
[WARN] [1783600098.802] [/local_avoidance]: [local_avoidance] ACTIVATED  (min_dist=0.35 m, idx=1664)
[WARN] [1783600098.835] [/px4_ctrl_bridge]: [px4_bridge] AVOIDANCE ACTIVE -> forwarding /target_avoidance
[INFO] [1783600098.852] [/local_avoidance]: [local_avoidance] DEACTIVATED
[WARN] [1783600098.875] [/px4_ctrl_bridge]: [px4_bridge] avoidance released -> published /planning/replan
[WARN] [1783600098.902] [/local_avoidance]: [local_avoidance] ACTIVATED  (min_dist=0.36 m, idx=1026)
[INFO] [1783600098.952] [/local_avoidance]: [local_avoidance] DEACTIVATED
[WARN] [1783600098.975] [/exploration_node]: wait for trigger.
[WARN] [1783600098.975] [/px4_ctrl_bridge]: [px4_bridge] avoidance released -> published /planning/replan
[WARN] [1783600099.002] [/local_avoidance]: [local_avoidance] ACTIVATED  (min_dist=0.35 m, idx=7659)
[INFO] [1783600099.052] [/local_avoidance]: [local_avoidance] DEACTIVATED
[WARN] [1783600099.075] [/px4_ctrl_bridge]: [px4_bridge] avoidance released -> published /planning/replan
[WARN] [1783600099.102] [/local_avoidance]: [local_avoidance] ACTIVATED  (min_dist=0.36 m, idx=1474)
[INFO] [1783600099.152] [/local_avoidance]: [local_avoidance] DEACTIVATED
[WARN] [1783600099.175] [/px4_ctrl_bridge]: [px4_bridge] avoidance released -> published /planning/replan
[WARN] [1783600099.202] [/local_avoidance]: [local_avoidance] ACTIVATED  (min_dist=0.35 m, idx=8123)
[INFO] [1783600099.252] [/local_avoidance]: [local_avoidance] DEACTIVATED
[WARN] [1783600099.276] [/px4_ctrl_bridge]: [px4_bridge] avoidance released -> published /planning/replan
[WARN] [1783600099.305] [/local_avoidance]: [local_avoidance] ACTIVATED  (min_dist=0.35 m, idx=7865)
[INFO] [1783600099.353] [/local_avoidance]: [local_avoidance] DEACTIVATED
[WARN] [1783600099.375] [/px4_ctrl_bridge]: [px4_bridge] avoidance released -> published /planning/replan
[WARN] [1783600099.401] [/local_avoidance]: [local_avoidance] ACTIVATED  (min_dist=0.36 m, idx=7095)
[INFO] [1783600099.452] [/local_avoidance]: [local_avoidance] DEACTIVATED
[WARN] [1783600099.475] [/px4_ctrl_bridge]: [px4_bridge] avoidance released -> published /planning/replan
[WARN] [1783600099.502] [/local_avoidance]: [local_avoidance] ACTIVATED  (min_dist=0.35 m, idx=6953)
[INFO] [1783600099.552] [/local_avoidance]: [local_avoidance] DEACTIVATED
[WARN] [1783600099.575] [/px4_ctrl_bridge]: [px4_bridge] avoidance released -> published /planning/replan
[WARN] [1783600099.603] [/local_avoidance]: [local_avoidance] ACTIVATED  (min_dist=0.36 m, idx=7867)
[INFO] [1783600099.652] [/local_avoidance]: [local_avoidance] DEACTIVATED
[WARN] [1783600099.675] [/px4_ctrl_bridge]: [px4_bridge] avoidance released -> published /planning/replan
[WARN] [1783600099.703] [/local_avoidance]: [local_avoidance] ACTIVATED  (min_dist=0.35 m, idx=2725)
[INFO] [1783600099.752] [/local_avoidance]: [local_avoidance] DEACTIVATED
[WARN] [1783600099.775] [/px4_ctrl_bridge]: [px4_bridge] avoidance released -> published /planning/replan
[WARN] [1783600099.801] [/local_avoidance]: [local_avoidance] ACTIVATED  (min_dist=0.36 m, idx=3623)
[WARN] [1783600099.845] [/px4_ctrl_bridge]: [px4_bridge] AVOIDANCE ACTIVE -> forwarding /target_avoidance
[INFO] [1783600099.853] [/local_avoidance]: [local_avoidance] DEACTIVATED
[WARN] [1783600099.875] [/px4_ctrl_bridge]: [px4_bridge] avoidance released -> published /planning/replan
[WARN] [1783600099.902] [/local_avoidance]: [local_avoidance] ACTIVATED  (min_dist=0.35 m, idx=3181)
[INFO] [1783600099.951] [/local_avoidance]: [local_avoidance] DEACTIVATED
[WARN] [1783600099.975] [/px4_ctrl_bridge]: [px4_bridge] avoidance released -> published /planning/replan
[WARN] [1783600100.003] [/local_avoidance]: [local_avoidance] ACTIVATED  (min_dist=0.35 m, idx=8748)
[INFO] [1783600100.053] [/local_avoidance]: [local_avoidance] DEACTIVATED
[WARN] [1783600100.075] [/px4_ctrl_bridge]: [px4_bridge] avoidance released -> published /planning/replan
[WARN] [1783600100.102] [/local_avoidance]: [local_avoidance] ACTIVATED  (min_dist=0.35 m, idx=9662)
[INFO] [1783600100.153] [/local_avoidance]: [local_avoidance] DEACTIVATED
[WARN] [1783600100.175] [/px4_ctrl_bridge]: [px4_bridge] avoidance released -> published /planning/replan
[WARN] [1783600100.202] [/local_avoidance]: [local_avoidance] ACTIVATED  (min_dist=0.35 m, idx=3363)
[INFO] [1783600100.252] [/local_avoidance]: [local_avoidance] DEACTIVATED
[WARN] [1783600100.275] [/px4_ctrl_bridge]: [px4_bridge] avoidance released -> published /planning/replan
[WARN] [1783600100.302] [/local_avoidance]: [local_avoidance] ACTIVATED  (min_dist=0.35 m, idx=4160)
[INFO] [1783600100.351] [/local_avoidance]: [local_avoidance] DEACTIVATED
[WARN] [1783600100.375] [/px4_ctrl_bridge]: [px4_bridge] avoidance released -> published /planning/replan
[WARN] [1783600100.402] [/local_avoidance]: [local_avoidance] ACTIVATED  (min_dist=0.35 m, idx=3611)
[INFO] [1783600100.477] [/local_avoidance]: [local_avoidance] DEACTIVATED
[WARN] [1783600100.502] [/local_avoidance]: [local_avoidance] ACTIVATED  (min_dist=0.35 m, idx=4612)
[WARN] [1783600100.505] [/px4_ctrl_bridge]: [px4_bridge] avoidance released -> published /planning/replan
[INFO] [1783600100.553] [/local_avoidance]: [local_avoidance] avoiding...  min_dist=0.35 m
[WARN] [1783600100.855] [/px4_ctrl_bridge]: [px4_bridge] AVOIDANCE ACTIVE -> forwarding /target_avoidance
[INFO] [1783600101.162] [/mavros]: HP: requesting home position
[INFO] [1783600101.601] [/local_avoidance]: [local_avoidance] avoiding...  min_dist=0.35 m
[WARN] [1783600101.856] [/px4_ctrl_bridge]: [px4_bridge] AVOIDANCE ACTIVE -> forwarding /target_avoidance
[INFO] [1783600102.126] [/exploration_node]: [EV] [1783600102.126][   +354.6s][WAIT_TRIGGER] BATT 23.5V | voltage=23.71V percent=51% (repeated x7)
[INFO] [1783600102.602] [/local_avoidance]: [local_avoidance] avoiding...  min_dist=0.35 m
[WARN] [1783600102.859] [/px4_ctrl_bridge]: [px4_bridge] AVOIDANCE ACTIVE -> forwarding /target_avoidance
[INFO] [1783600103.203] [/local_avoidance]: [local_avoidance] DEACTIVATED
[WARN] [1783600103.225] [/px4_ctrl_bridge]: [px4_bridge] avoidance released -> published /planning/replan
[WARN] [1783600103.252] [/local_avoidance]: [local_avoidance] ACTIVATED  (min_dist=0.36 m, idx=5078)
[INFO] [1783600103.303] [/cloud_crop_bridge]: [CloudCrop] 3185 -> 364 pts (11%)
[INFO] [1783600103.404] [/local_avoidance]: [local_avoidance] DEACTIVATED
[WARN] [1783600103.426] [/px4_ctrl_bridge]: [px4_bridge] avoidance released -> published /planning/replan
[WARN] [1783600103.452] [/local_avoidance]: [local_avoidance] ACTIVATED  (min_dist=0.36 m, idx=5564)
[INFO] [1783600103.503] [/local_avoidance]: [local_avoidance] DEACTIVATED
[WARN] [1783600103.525] [/px4_ctrl_bridge]: [px4_bridge] avoidance released -> published /planning/replan
[WARN] [1783600103.554] [/local_avoidance]: [local_avoidance] ACTIVATED  (min_dist=0.35 m, idx=517)
[INFO] [1783600103.601] [/local_avoidance]: [local_avoidance] DEACTIVATED
[WARN] [1783600103.625] [/px4_ctrl_bridge]: [px4_bridge] avoidance released -> published /planning/replan
[WARN] [1783600103.652] [/local_avoidance]: [local_avoidance] ACTIVATED  (min_dist=0.35 m, idx=6004)
[INFO] [1783600103.702] [/local_avoidance]: [local_avoidance] DEACTIVATED
[WARN] [1783600103.725] [/px4_ctrl_bridge]: [px4_bridge] avoidance released -> published /planning/replan
[WARN] [1783600103.752] [/local_avoidance]: [local_avoidance] ACTIVATED  (min_dist=0.35 m, idx=961)
[INFO] [1783600103.802] [/local_avoidance]: [local_avoidance] DEACTIVATED
[WARN] [1783600103.825] [/px4_ctrl_bridge]: [px4_bridge] avoidance released -> published /planning/replan
[WARN] [1783600103.852] [/local_avoidance]: [local_avoidance] ACTIVATED  (min_dist=0.35 m, idx=6640)
[WARN] [1783600103.875] [/px4_ctrl_bridge]: [px4_bridge] AVOIDANCE ACTIVE -> forwarding /target_avoidance
[INFO] [1783600103.901] [/local_avoidance]: [local_avoidance] DEACTIVATED
[WARN] [1783600103.926] [/px4_ctrl_bridge]: [px4_bridge] avoidance released -> published /planning/replan
[WARN] [1783600103.952] [/local_avoidance]: [local_avoidance] ACTIVATED  (min_dist=0.35 m, idx=7441)
[WARN] [1783600103.975] [/exploration_node]: wait for trigger.
[INFO] [1783600104.002] [/local_avoidance]: [local_avoidance] DEACTIVATED
[WARN] [1783600104.025] [/px4_ctrl_bridge]: [px4_bridge] avoidance released -> published /planning/replan
[WARN] [1783600104.054] [/local_avoidance]: [local_avoidance] ACTIVATED  (min_dist=0.35 m, idx=947)
[INFO] [1783600104.101] [/local_avoidance]: [local_avoidance] DEACTIVATED
[WARN] [1783600104.125] [/px4_ctrl_bridge]: [px4_bridge] avoidance released -> published /planning/replan
[INFO] [1783600104.126] [/exploration_node]: [EV] [1783600104.126][   +356.6s][WAIT_TRIGGER] BATT 23.5V | voltage=23.72V percent=51%
[WARN] [1783600104.154] [/local_avoidance]: [local_avoidance] ACTIVATED  (min_dist=0.35 m, idx=1860)
[INFO] [1783600104.226] [/local_avoidance]: [local_avoidance] DEACTIVATED
[WARN] [1783600104.252] [/local_avoidance]: [local_avoidance] ACTIVATED  (min_dist=0.35 m, idx=3180)
[WARN] [1783600104.255] [/px4_ctrl_bridge]: [px4_bridge] avoidance released -> published /planning/replan
[INFO] [1783600104.302] [/local_avoidance]: [local_avoidance] DEACTIVATED
[WARN] [1783600104.325] [/px4_ctrl_bridge]: [px4_bridge] avoidance released -> published /planning/replan
[WARN] [1783600104.352] [/local_avoidance]: [local_avoidance] ACTIVATED  (min_dist=0.35 m, idx=8455)
[INFO] [1783600104.402] [/local_avoidance]: [local_avoidance] DEACTIVATED
[WARN] [1783600104.425] [/px4_ctrl_bridge]: [px4_bridge] avoidance released -> published /planning/replan
[WARN] [1783600104.453] [/local_avoidance]: [local_avoidance] ACTIVATED  (min_dist=0.35 m, idx=2151)
[INFO] [1783600104.502] [/local_avoidance]: [local_avoidance] DEACTIVATED
[WARN] [1783600104.525] [/px4_ctrl_bridge]: [px4_bridge] avoidance released -> published /planning/replan
[WARN] [1783600104.553] [/local_avoidance]: [local_avoidance] ACTIVATED  (min_dist=0.35 m, idx=8611)
[INFO] [1783600104.605] [/local_avoidance]: [local_avoidance] DEACTIVATED
[WARN] [1783600104.625] [/px4_ctrl_bridge]: [px4_bridge] avoidance released -> published /planning/replan
[WARN] [1783600104.651] [/local_avoidance]: [local_avoidance] ACTIVATED  (min_dist=0.35 m, idx=2602)
[INFO] [1783600104.702] [/local_avoidance]: [local_avoidance] DEACTIVATED
[WARN] [1783600104.725] [/px4_ctrl_bridge]: [px4_bridge] avoidance released -> published /planning/replan
[WARN] [1783600104.752] [/local_avoidance]: [local_avoidance] ACTIVATED  (min_dist=0.35 m, idx=3296)
[INFO] [1783600104.803] [/local_avoidance]: [local_avoidance] DEACTIVATED
[WARN] [1783600104.825] [/px4_ctrl_bridge]: [px4_bridge] avoidance released -> published /planning/replan
[WARN] [1783600104.851] [/local_avoidance]: [local_avoidance] ACTIVATED  (min_dist=0.35 m, idx=3334)
[WARN] [1783600104.885] [/px4_ctrl_bridge]: [px4_bridge] AVOIDANCE ACTIVE -> forwarding /target_avoidance
[INFO] [1783600104.901] [/local_avoidance]: [local_avoidance] DEACTIVATED
[WARN] [1783600104.925] [/px4_ctrl_bridge]: [px4_bridge] avoidance released -> published /planning/replan
[WARN] [1783600104.952] [/local_avoidance]: [local_avoidance] ACTIVATED  (min_dist=0.36 m, idx=3759)
[INFO] [1783600105.002] [/local_avoidance]: [local_avoidance] DEACTIVATED
[WARN] [1783600105.025] [/px4_ctrl_bridge]: [px4_bridge] avoidance released -> published /planning/replan
[WARN] [1783600105.056] [/local_avoidance]: [local_avoidance] ACTIVATED  (min_dist=0.35 m, idx=3389)
[INFO] [1783600105.102] [/local_avoidance]: [local_avoidance] DEACTIVATED
[WARN] [1783600105.125] [/px4_ctrl_bridge]: [px4_bridge] avoidance released -> published /planning/replan
[WARN] [1783600105.152] [/local_avoidance]: [local_avoidance] ACTIVATED  (min_dist=0.37 m, idx=8991)
[INFO] [1783600105.202] [/local_avoidance]: [local_avoidance] DEACTIVATED
[WARN] [1783600105.225] [/px4_ctrl_bridge]: [px4_bridge] avoidance released -> published /planning/replan
[WARN] [1783600105.252] [/local_avoidance]: [local_avoidance] ACTIVATED  (min_dist=0.35 m, idx=9780)
[INFO] [1783600105.302] [/local_avoidance]: [local_avoidance] DEACTIVATED
[WARN] [1783600105.325] [/px4_ctrl_bridge]: [px4_bridge] avoidance released -> published /planning/replan
[WARN] [1783600105.356] [/local_avoidance]: [local_avoidance] ACTIVATED  (min_dist=0.36 m, idx=4655)
[INFO] [1783600105.402] [/local_avoidance]: [local_avoidance] DEACTIVATED
[WARN] [1783600105.425] [/px4_ctrl_bridge]: [px4_bridge] avoidance released -> published /planning/replan
[WARN] [1783600105.453] [/local_avoidance]: [local_avoidance] ACTIVATED  (min_dist=0.35 m, idx=4293)
[INFO] [1783600105.526] [/local_avoidance]: [local_avoidance] avoiding...  min_dist=0.35 m
[INFO] [1783600105.601] [/local_avoidance]: [local_avoidance] DEACTIVATED
[WARN] [1783600105.626] [/px4_ctrl_bridge]: [px4_bridge] avoidance released -> published /planning/replan
[WARN] [1783600105.652] [/local_avoidance]: [local_avoidance] ACTIVATED  (min_dist=0.35 m, idx=5329)
[WARN] [1783600105.895] [/px4_ctrl_bridge]: [px4_bridge] AVOIDANCE ACTIVE -> forwarding /target_avoidance
[INFO] [1783600106.552] [/local_avoidance]: [local_avoidance] avoiding...  min_dist=0.35 m
[WARN] [1783600106.895] [/px4_ctrl_bridge]: [px4_bridge] AVOIDANCE ACTIVE -> forwarding /target_avoidance
[INFO] [1783600107.602] [/local_avoidance]: [local_avoidance] avoiding...  min_dist=0.35 m
[WARN] [1783600107.895] [/px4_ctrl_bridge]: [px4_bridge] AVOIDANCE ACTIVE -> forwarding /target_avoidance
[INFO] [1783600108.129] [/exploration_node]: [EV] [1783600108.129][   +360.6s][WAIT_TRIGGER] BATT 23.5V | voltage=23.71V percent=51% (repeated x1)
[INFO] [1783600108.152] [/local_avoidance]: [local_avoidance] DEACTIVATED
[WARN] [1783600108.175] [/px4_ctrl_bridge]: [px4_bridge] avoidance released -> published /planning/replan
[WARN] [1783600108.201] [/local_avoidance]: [local_avoidance] ACTIVATED  (min_dist=0.35 m, idx=196)
[INFO] [1783600108.303] [/cloud_crop_bridge]: [CloudCrop] 2635 -> 726 pts (28%)
[INFO] [1783600108.352] [/local_avoidance]: [local_avoidance] DEACTIVATED
[WARN] [1783600108.375] [/px4_ctrl_bridge]: [px4_bridge] avoidance released -> published /planning/replan
[WARN] [1783600108.402] [/local_avoidance]: [local_avoidance] ACTIVATED  (min_dist=0.35 m, idx=6395)
[INFO] [1783600108.452] [/local_avoidance]: [local_avoidance] DEACTIVATED
[WARN] [1783600108.475] [/px4_ctrl_bridge]: [px4_bridge] avoidance released -> published /planning/replan
[WARN] [1783600108.502] [/local_avoidance]: [local_avoidance] ACTIVATED  (min_dist=0.35 m, idx=194)
[INFO] [1783600108.552] [/local_avoidance]: [local_avoidance] DEACTIVATED
[WARN] [1783600108.575] [/px4_ctrl_bridge]: [px4_bridge] avoidance released -> published /planning/replan
[WARN] [1783600108.604] [/local_avoidance]: [local_avoidance] ACTIVATED  (min_dist=0.35 m, idx=6943)
[INFO] [1783600108.652] [/local_avoidance]: [local_avoidance] DEACTIVATED
[WARN] [1783600108.675] [/px4_ctrl_bridge]: [px4_bridge] avoidance released -> published /planning/replan
[WARN] [1783600108.702] [/local_avoidance]: [local_avoidance] ACTIVATED  (min_dist=0.35 m, idx=937)
[INFO] [1783600108.751] [/local_avoidance]: [local_avoidance] DEACTIVATED
[WARN] [1783600108.775] [/px4_ctrl_bridge]: [px4_bridge] avoidance released -> published /planning/replan
[WARN] [1783600108.827] [/local_avoidance]: [local_avoidance] ACTIVATED  (min_dist=0.36 m, idx=1547)
[INFO] [1783600108.852] [/local_avoidance]: [local_avoidance] DEACTIVATED
[WARN] [1783600108.875] [/px4_ctrl_bridge]: [px4_bridge] avoidance released -> published /planning/replan
[WARN] [1783600108.907] [/local_avoidance]: [local_avoidance] ACTIVATED  (min_dist=0.35 m, idx=5899)
[WARN] [1783600108.925] [/px4_ctrl_bridge]: [px4_bridge] AVOIDANCE ACTIVE -> forwarding /target_avoidance
[INFO] [1783600108.951] [/local_avoidance]: [local_avoidance] DEACTIVATED
[WARN] [1783600108.975] [/px4_ctrl_bridge]: [px4_bridge] avoidance released -> published /planning/replan
[WARN] [1783600108.985] [/exploration_node]: wait for trigger.
[WARN] [1783600109.002] [/local_avoidance]: [local_avoidance] ACTIVATED  (min_dist=0.36 m, idx=6850)
[INFO] [1783600109.052] [/local_avoidance]: [local_avoidance] DEACTIVATED
[WARN] [1783600109.075] [/px4_ctrl_bridge]: [px4_bridge] avoidance released -> published /planning/replan
[WARN] [1783600109.102] [/local_avoidance]: [local_avoidance] ACTIVATED  (min_dist=0.35 m, idx=7456)
[INFO] [1783600109.153] [/local_avoidance]: [local_avoidance] DEACTIVATED
[WARN] [1783600109.185] [/px4_ctrl_bridge]: [px4_bridge] avoidance released -> published /planning/replan
[WARN] [1783600109.202] [/local_avoidance]: [local_avoidance] ACTIVATED  (min_dist=0.36 m, idx=2819)
[INFO] [1783600109.251] [/local_avoidance]: [local_avoidance] DEACTIVATED
[WARN] [1783600109.275] [/px4_ctrl_bridge]: [px4_bridge] avoidance released -> published /planning/replan
[WARN] [1783600109.303] [/local_avoidance]: [local_avoidance] ACTIVATED  (min_dist=0.35 m, idx=7904)
[WARN] [1783600109.325] [/exploration_node]: [EV] [1783600109.325][   +361.8s][WAIT_TRIGGER] Avoidance: Activated  <->  Deactivated | cycling x3350 over 360.7s
[INFO] [1783600109.351] [/local_avoidance]: [local_avoidance] DEACTIVATED
[WARN] [1783600109.375] [/px4_ctrl_bridge]: [px4_bridge] avoidance released -> published /planning/replan
[WARN] [1783600109.402] [/local_avoidance]: [local_avoidance] ACTIVATED  (min_dist=0.35 m, idx=7676)
[INFO] [1783600109.452] [/local_avoidance]: [local_avoidance] DEACTIVATED
[WARN] [1783600109.475] [/px4_ctrl_bridge]: [px4_bridge] avoidance released -> published /planning/replan
[WARN] [1783600109.531] [/local_avoidance]: [local_avoidance] ACTIVATED  (min_dist=0.35 m, idx=2621)
[INFO] [1783600109.556] [/local_avoidance]: [local_avoidance] DEACTIVATED
[WARN] [1783600109.575] [/px4_ctrl_bridge]: [px4_bridge] avoidance released -> published /planning/replan
[WARN] [1783600109.602] [/local_avoidance]: [local_avoidance] ACTIVATED  (min_dist=0.35 m, idx=8124)
[INFO] [1783600109.651] [/local_avoidance]: [local_avoidance] DEACTIVATED
[WARN] [1783600109.675] [/px4_ctrl_bridge]: [px4_bridge] avoidance released -> published /planning/replan
[WARN] [1783600109.702] [/local_avoidance]: [local_avoidance] ACTIVATED  (min_dist=0.35 m, idx=8822)
[INFO] [1783600109.755] [/local_avoidance]: [local_avoidance] DEACTIVATED
[WARN] [1783600109.775] [/px4_ctrl_bridge]: [px4_bridge] avoidance released -> published /planning/replan
[WARN] [1783600109.805] [/local_avoidance]: [local_avoidance] ACTIVATED  (min_dist=0.35 m, idx=2823)
[INFO] [1783600109.852] [/local_avoidance]: [local_avoidance] DEACTIVATED
[WARN] [1783600109.875] [/px4_ctrl_bridge]: [px4_bridge] avoidance released -> published /planning/replan
[WARN] [1783600109.902] [/local_avoidance]: [local_avoidance] ACTIVATED  (min_dist=0.35 m, idx=9587)
[WARN] [1783600109.935] [/px4_ctrl_bridge]: [px4_bridge] AVOIDANCE ACTIVE -> forwarding /target_avoidance
[INFO] [1783600109.952] [/local_avoidance]: [local_avoidance] DEACTIVATED
[WARN] [1783600109.975] [/px4_ctrl_bridge]: [px4_bridge] avoidance released -> published /planning/replan
[WARN] [1783600110.002] [/local_avoidance]: [local_avoidance] ACTIVATED  (min_dist=0.35 m, idx=3275)
[INFO] [1783600110.052] [/local_avoidance]: [local_avoidance] DEACTIVATED
[WARN] [1783600110.075] [/px4_ctrl_bridge]: [px4_bridge] avoidance released -> published /planning/replan
[WARN] [1783600110.101] [/local_avoidance]: [local_avoidance] ACTIVATED  (min_dist=0.35 m, idx=9914)
[INFO] [1783600110.123] [/exploration_node]: [EV] [1783600110.123][   +362.6s][WAIT_TRIGGER] BATT 23.5V | voltage=23.72V percent=51%
[INFO] [1783600110.152] [/local_avoidance]: [local_avoidance] DEACTIVATED
[WARN] [1783600110.175] [/px4_ctrl_bridge]: [px4_bridge] avoidance released -> published /planning/replan
[WARN] [1783600110.226] [/local_avoidance]: [local_avoidance] ACTIVATED  (min_dist=0.35 m, idx=3514)
[INFO] [1783600110.252] [/local_avoidance]: [local_avoidance] DEACTIVATED
[WARN] [1783600110.275] [/px4_ctrl_bridge]: [px4_bridge] avoidance released -> published /planning/replan
[WARN] [1783600110.303] [/local_avoidance]: [local_avoidance] ACTIVATED  (min_dist=0.35 m, idx=4722)
[INFO] [1783600110.353] [/local_avoidance]: [local_avoidance] avoiding...  min_dist=0.35 m
[INFO] [1783600110.552] [/local_avoidance]: [local_avoidance] DEACTIVATED
[WARN] [1783600110.575] [/px4_ctrl_bridge]: [px4_bridge] avoidance released -> published /planning/replan
[WARN] [1783600110.601] [/local_avoidance]: [local_avoidance] ACTIVATED  (min_dist=0.35 m, idx=4633)
[INFO] [1783600110.752] [/local_avoidance]: [local_avoidance] DEACTIVATED
[WARN] [1783600110.775] [/px4_ctrl_bridge]: [px4_bridge] avoidance released -> published /planning/replan
[WARN] [1783600110.802] [/local_avoidance]: [local_avoidance] ACTIVATED  (min_dist=0.35 m, idx=5229)
[WARN] [1783600110.935] [/px4_ctrl_bridge]: [px4_bridge] AVOIDANCE ACTIVE -> forwarding /target_avoidance
[INFO] [1783600111.162] [/mavros]: HP: requesting home position
[INFO] [1783600111.354] [/local_avoidance]: [local_avoidance] avoiding...  min_dist=0.35 m
[WARN] [1783600111.937] [/px4_ctrl_bridge]: [px4_bridge] AVOIDANCE ACTIVE -> forwarding /target_avoidance
[INFO] [1783600112.401] [/local_avoidance]: [local_avoidance] avoiding...  min_dist=0.36 m
[WARN] [1783600112.945] [/px4_ctrl_bridge]: [px4_bridge] AVOIDANCE ACTIVE -> forwarding /target_avoidance
[INFO] [1783600113.001] [/local_avoidance]: [local_avoidance] DEACTIVATED
[WARN] [1783600113.025] [/px4_ctrl_bridge]: [px4_bridge] avoidance released -> published /planning/replan
[WARN] [1783600113.052] [/local_avoidance]: [local_avoidance] ACTIVATED  (min_dist=0.35 m, idx=4919)
[INFO] [1783600113.205] [/local_avoidance]: [local_avoidance] DEACTIVATED
[WARN] [1783600113.225] [/px4_ctrl_bridge]: [px4_bridge] avoidance released -> published /planning/replan
[WARN] [1783600113.253] [/local_avoidance]: [local_avoidance] ACTIVATED  (min_dist=0.35 m, idx=1092)
[INFO] [1783600113.303] [/local_avoidance]: [local_avoidance] DEACTIVATED
[INFO] [1783600113.304] [/cloud_crop_bridge]: [CloudCrop] 3198 -> 308 pts (10%)
[WARN] [1783600113.326] [/px4_ctrl_bridge]: [px4_bridge] avoidance released -> published /planning/replan
[WARN] [1783600113.352] [/local_avoidance]: [local_avoidance] ACTIVATED  (min_dist=0.36 m, idx=6169)
[INFO] [1783600113.403] [/local_avoidance]: [local_avoidance] avoiding...  min_dist=0.35 m
[INFO] [1783600113.502] [/local_avoidance]: [local_avoidance] DEACTIVATED
[WARN] [1783600113.525] [/px4_ctrl_bridge]: [px4_bridge] avoidance released -> published /planning/replan
[WARN] [1783600113.552] [/local_avoidance]: [local_avoidance] ACTIVATED  (min_dist=0.35 m, idx=6601)
[INFO] [1783600113.602] [/local_avoidance]: [local_avoidance] DEACTIVATED
[WARN] [1783600113.625] [/px4_ctrl_bridge]: [px4_bridge] avoidance released -> published /planning/replan
[WARN] [1783600113.652] [/local_avoidance]: [local_avoidance] ACTIVATED  (min_dist=0.35 m, idx=299)
[INFO] [1783600113.704] [/local_avoidance]: [local_avoidance] DEACTIVATED
[WARN] [1783600113.735] [/px4_ctrl_bridge]: [px4_bridge] avoidance released -> published /planning/replan
[WARN] [1783600113.751] [/local_avoidance]: [local_avoidance] ACTIVATED  (min_dist=0.35 m, idx=7947)
[INFO] [1783600113.802] [/local_avoidance]: [local_avoidance] DEACTIVATED
[WARN] [1783600113.825] [/px4_ctrl_bridge]: [px4_bridge] avoidance released -> published /planning/replan
[WARN] [1783600113.876] [/local_avoidance]: [local_avoidance] ACTIVATED  (min_dist=0.35 m, idx=1062)
[INFO] [1783600113.902] [/local_avoidance]: [local_avoidance] DEACTIVATED
[WARN] [1783600113.925] [/px4_ctrl_bridge]: [px4_bridge] avoidance released -> published /planning/replan
[WARN] [1783600113.953] [/local_avoidance]: [local_avoidance] ACTIVATED  (min_dist=0.35 m, idx=1764)
[WARN] [1783600113.975] [/px4_ctrl_bridge]: [px4_bridge] AVOIDANCE ACTIVE -> forwarding /target_avoidance
[WARN] [1783600113.995] [/exploration_node]: wait for trigger.
[INFO] [1783600114.001] [/local_avoidance]: [local_avoidance] DEACTIVATED
[WARN] [1783600114.025] [/px4_ctrl_bridge]: [px4_bridge] avoidance released -> published /planning/replan
[WARN] [1783600114.076] [/local_avoidance]: [local_avoidance] ACTIVATED  (min_dist=0.35 m, idx=1410)
[INFO] [1783600114.102] [/local_avoidance]: [local_avoidance] DEACTIVATED
[WARN] [1783600114.125] [/px4_ctrl_bridge]: [px4_bridge] avoidance released -> published /planning/replan
[WARN] [1783600114.153] [/local_avoidance]: [local_avoidance] ACTIVATED  (min_dist=0.35 m, idx=2208)
[INFO] [1783600114.202] [/local_avoidance]: [local_avoidance] DEACTIVATED
[WARN] [1783600114.225] [/px4_ctrl_bridge]: [px4_bridge] avoidance released -> published /planning/replan
[WARN] [1783600114.252] [/local_avoidance]: [local_avoidance] ACTIVATED  (min_dist=0.35 m, idx=2238)
[INFO] [1783600114.302] [/local_avoidance]: [local_avoidance] DEACTIVATED
[WARN] [1783600114.325] [/px4_ctrl_bridge]: [px4_bridge] avoidance released -> published /planning/replan
[WARN] [1783600114.352] [/local_avoidance]: [local_avoidance] ACTIVATED  (min_dist=0.35 m, idx=2965)
[INFO] [1783600114.402] [/local_avoidance]: [local_avoidance] DEACTIVATED
[WARN] [1783600114.425] [/px4_ctrl_bridge]: [px4_bridge] avoidance released -> published /planning/replan
[WARN] [1783600114.452] [/local_avoidance]: [local_avoidance] ACTIVATED  (min_dist=0.35 m, idx=2893)
[INFO] [1783600114.502] [/local_avoidance]: [local_avoidance] DEACTIVATED
[WARN] [1783600114.525] [/px4_ctrl_bridge]: [px4_bridge] avoidance released -> published /planning/replan
[WARN] [1783600114.556] [/local_avoidance]: [local_avoidance] ACTIVATED  (min_dist=0.37 m, idx=3038)
[INFO] [1783600114.605] [/local_avoidance]: [local_avoidance] DEACTIVATED
[WARN] [1783600114.625] [/px4_ctrl_bridge]: [px4_bridge] avoidance released -> published /planning/replan
[WARN] [1783600114.654] [/local_avoidance]: [local_avoidance] ACTIVATED  (min_dist=0.35 m, idx=2677)
[INFO] [1783600114.703] [/local_avoidance]: [local_avoidance] DEACTIVATED
[WARN] [1783600114.725] [/px4_ctrl_bridge]: [px4_bridge] avoidance released -> published /planning/replan
[WARN] [1783600114.752] [/local_avoidance]: [local_avoidance] ACTIVATED  (min_dist=0.36 m, idx=3992)
[INFO] [1783600114.802] [/local_avoidance]: [local_avoidance] DEACTIVATED
[WARN] [1783600114.825] [/px4_ctrl_bridge]: [px4_bridge] avoidance released -> published /planning/replan
[WARN] [1783600114.855] [/local_avoidance]: [local_avoidance] ACTIVATED  (min_dist=0.35 m, idx=3420)
[INFO] [1783600114.902] [/local_avoidance]: [local_avoidance] DEACTIVATED
[WARN] [1783600114.925] [/px4_ctrl_bridge]: [px4_bridge] avoidance released -> published /planning/replan
[WARN] [1783600114.952] [/local_avoidance]: [local_avoidance] ACTIVATED  (min_dist=0.35 m, idx=8800)
[WARN] [1783600114.985] [/px4_ctrl_bridge]: [px4_bridge] AVOIDANCE ACTIVE -> forwarding /target_avoidance
[INFO] [1783600115.003] [/local_avoidance]: [local_avoidance] DEACTIVATED
[WARN] [1783600115.025] [/px4_ctrl_bridge]: [px4_bridge] avoidance released -> published /planning/replan
[WARN] [1783600115.052] [/local_avoidance]: [local_avoidance] ACTIVATED  (min_dist=0.35 m, idx=3653)
[INFO] [1783600115.126] [/local_avoidance]: [local_avoidance] DEACTIVATED
[WARN] [1783600115.153] [/local_avoidance]: [local_avoidance] ACTIVATED  (min_dist=0.35 m, idx=9428)
[WARN] [1783600115.155] [/px4_ctrl_bridge]: [px4_bridge] avoidance released -> published /planning/replan
[INFO] [1783600115.205] [/local_avoidance]: [local_avoidance] DEACTIVATED
[WARN] [1783600115.225] [/px4_ctrl_bridge]: [px4_bridge] avoidance released -> published /planning/replan
[WARN] [1783600115.252] [/local_avoidance]: [local_avoidance] ACTIVATED  (min_dist=0.35 m, idx=9953)
[INFO] [1783600115.305] [/local_avoidance]: [local_avoidance] avoiding...  min_dist=0.36 m
[INFO] [1783600115.401] [/local_avoidance]: [local_avoidance] DEACTIVATED
[WARN] [1783600115.427] [/px4_ctrl_bridge]: [px4_bridge] avoidance released -> published /planning/replan
[WARN] [1783600115.452] [/local_avoidance]: [local_avoidance] ACTIVATED  (min_dist=0.35 m, idx=8919)
[WARN] [1783600115.985] [/px4_ctrl_bridge]: [px4_bridge] AVOIDANCE ACTIVE -> forwarding /target_avoidance
[INFO] [1783600116.353] [/local_avoidance]: [local_avoidance] avoiding...  min_dist=0.35 m
[WARN] [1783600116.995] [/px4_ctrl_bridge]: [px4_bridge] AVOIDANCE ACTIVE -> forwarding /target_avoidance
[INFO] [1783600117.401] [/local_avoidance]: [local_avoidance] avoiding...  min_dist=0.35 m
[WARN] [1783600118.007] [/px4_ctrl_bridge]: [px4_bridge] AVOIDANCE ACTIVE -> forwarding /target_avoidance
[INFO] [1783600118.120] [/exploration_node]: [EV] [1783600118.120][   +370.6s][WAIT_TRIGGER] BATT 23.5V | voltage=23.71V percent=51% (repeated x3)
[INFO] [1783600118.151] [/local_avoidance]: [local_avoidance] DEACTIVATED
[WARN] [1783600118.185] [/px4_ctrl_bridge]: [px4_bridge] avoidance released -> published /planning/replan
[WARN] [1783600118.203] [/local_avoidance]: [local_avoidance] ACTIVATED  (min_dist=0.36 m, idx=4996)
[INFO] [1783600118.305] [/cloud_crop_bridge]: [CloudCrop] 2607 -> 791 pts (30%)
[INFO] [1783600118.352] [/local_avoidance]: [local_avoidance] DEACTIVATED
[WARN] [1783600118.375] [/px4_ctrl_bridge]: [px4_bridge] avoidance released -> published /planning/replan
[WARN] [1783600118.402] [/local_avoidance]: [local_avoidance] ACTIVATED  (min_dist=0.36 m, idx=5574)
[INFO] [1783600118.451] [/local_avoidance]: [local_avoidance] DEACTIVATED
[WARN] [1783600118.475] [/px4_ctrl_bridge]: [px4_bridge] avoidance released -> published /planning/replan
[WARN] [1783600118.502] [/local_avoidance]: [local_avoidance] ACTIVATED  (min_dist=0.35 m, idx=6292)
[INFO] [1783600118.556] [/local_avoidance]: [local_avoidance] DEACTIVATED
[WARN] [1783600118.577] [/px4_ctrl_bridge]: [px4_bridge] avoidance released -> published /planning/replan
[WARN] [1783600118.605] [/local_avoidance]: [local_avoidance] ACTIVATED  (min_dist=0.36 m, idx=5960)
[INFO] [1783600118.651] [/local_avoidance]: [local_avoidance] DEACTIVATED
[WARN] [1783600118.675] [/px4_ctrl_bridge]: [px4_bridge] avoidance released -> published /planning/replan
[WARN] [1783600118.701] [/local_avoidance]: [local_avoidance] ACTIVATED  (min_dist=0.35 m, idx=905)
[INFO] [1783600118.751] [/local_avoidance]: [local_avoidance] DEACTIVATED
[WARN] [1783600118.775] [/px4_ctrl_bridge]: [px4_bridge] avoidance released -> published /planning/replan
[WARN] [1783600118.801] [/local_avoidance]: [local_avoidance] ACTIVATED  (min_dist=0.36 m, idx=6496)
[INFO] [1783600118.852] [/local_avoidance]: [local_avoidance] DEACTIVATED
[WARN] [1783600118.885] [/px4_ctrl_bridge]: [px4_bridge] avoidance released -> published /planning/replan
[WARN] [1783600118.928] [/local_avoidance]: [local_avoidance] ACTIVATED  (min_dist=0.35 m, idx=7193)
[INFO] [1783600118.951] [/local_avoidance]: [local_avoidance] DEACTIVATED
[WARN] [1783600118.975] [/px4_ctrl_bridge]: [px4_bridge] avoidance released -> published /planning/replan
[WARN] [1783600118.995] [/exploration_node]: wait for trigger.
[WARN] [1783600119.002] [/local_avoidance]: [local_avoidance] ACTIVATED  (min_dist=0.35 m, idx=1191)
[WARN] [1783600119.025] [/px4_ctrl_bridge]: [px4_bridge] AVOIDANCE ACTIVE -> forwarding /target_avoidance
[INFO] [1783600119.052] [/local_avoidance]: [local_avoidance] DEACTIVATED
[WARN] [1783600119.075] [/px4_ctrl_bridge]: [px4_bridge] avoidance released -> published /planning/replan
[WARN] [1783600119.127] [/local_avoidance]: [local_avoidance] ACTIVATED  (min_dist=0.35 m, idx=1896)
[INFO] [1783600119.155] [/local_avoidance]: [local_avoidance] DEACTIVATED
[WARN] [1783600119.175] [/px4_ctrl_bridge]: [px4_bridge] avoidance released -> published /planning/replan
[WARN] [1783600119.201] [/local_avoidance]: [local_avoidance] ACTIVATED  (min_dist=0.35 m, idx=1331)
[INFO] [1783600119.252] [/local_avoidance]: [local_avoidance] DEACTIVATED
[WARN] [1783600119.275] [/px4_ctrl_bridge]: [px4_bridge] avoidance released -> published /planning/replan
[WARN] [1783600119.301] [/local_avoidance]: [local_avoidance] ACTIVATED  (min_dist=0.35 m, idx=2344)
[INFO] [1783600119.352] [/local_avoidance]: [local_avoidance] DEACTIVATED
[WARN] [1783600119.375] [/px4_ctrl_bridge]: [px4_bridge] avoidance released -> published /planning/replan
[WARN] [1783600119.402] [/local_avoidance]: [local_avoidance] ACTIVATED  (min_dist=0.35 m, idx=2098)
[INFO] [1783600119.451] [/local_avoidance]: [local_avoidance] DEACTIVATED
[WARN] [1783600119.475] [/px4_ctrl_bridge]: [px4_bridge] avoidance released -> published /planning/replan
[WARN] [1783600119.502] [/local_avoidance]: [local_avoidance] ACTIVATED  (min_dist=0.35 m, idx=8643)
[INFO] [1783600119.552] [/local_avoidance]: [local_avoidance] DEACTIVATED
[WARN] [1783600119.575] [/px4_ctrl_bridge]: [px4_bridge] avoidance released -> published /planning/replan
[WARN] [1783600119.627] [/local_avoidance]: [local_avoidance] ACTIVATED  (min_dist=0.35 m, idx=2334)
[INFO] [1783600119.652] [/local_avoidance]: [local_avoidance] DEACTIVATED
[WARN] [1783600119.675] [/px4_ctrl_bridge]: [px4_bridge] avoidance released -> published /planning/replan
[WARN] [1783600119.701] [/local_avoidance]: [local_avoidance] ACTIVATED  (min_dist=0.35 m, idx=3256)
[INFO] [1783600119.751] [/local_avoidance]: [local_avoidance] DEACTIVATED
[WARN] [1783600119.775] [/px4_ctrl_bridge]: [px4_bridge] avoidance released -> published /planning/replan
[WARN] [1783600119.803] [/local_avoidance]: [local_avoidance] ACTIVATED  (min_dist=0.35 m, idx=2986)
[INFO] [1783600119.855] [/local_avoidance]: [local_avoidance] DEACTIVATED
[WARN] [1783600119.875] [/px4_ctrl_bridge]: [px4_bridge] avoidance released -> published /planning/replan
[WARN] [1783600119.902] [/local_avoidance]: [local_avoidance] ACTIVATED  (min_dist=0.37 m, idx=3722)
[INFO] [1783600119.953] [/local_avoidance]: [local_avoidance] DEACTIVATED
[WARN] [1783600119.975] [/px4_ctrl_bridge]: [px4_bridge] avoidance released -> published /planning/replan
[WARN] [1783600120.002] [/local_avoidance]: [local_avoidance] ACTIVATED  (min_dist=0.36 m, idx=3545)
[WARN] [1783600120.025] [/px4_ctrl_bridge]: [px4_bridge] AVOIDANCE ACTIVE -> forwarding /target_avoidance
[INFO] [1783600120.054] [/local_avoidance]: [local_avoidance] DEACTIVATED
[WARN] [1783600120.075] [/px4_ctrl_bridge]: [px4_bridge] avoidance released -> published /planning/replan
[WARN] [1783600120.103] [/local_avoidance]: [local_avoidance] ACTIVATED  (min_dist=0.36 m, idx=8910)
[INFO] [1783600120.152] [/local_avoidance]: [local_avoidance] DEACTIVATED
[WARN] [1783600120.175] [/px4_ctrl_bridge]: [px4_bridge] avoidance released -> published /planning/replan
[WARN] [1783600120.202] [/local_avoidance]: [local_avoidance] ACTIVATED  (min_dist=0.35 m, idx=3693)
[INFO] [1783600120.252] [/local_avoidance]: [local_avoidance] DEACTIVATED
[WARN] [1783600120.275] [/px4_ctrl_bridge]: [px4_bridge] avoidance released -> published /planning/replan
[WARN] [1783600120.302] [/local_avoidance]: [local_avoidance] ACTIVATED  (min_dist=0.36 m, idx=9474)
[INFO] [1783600120.352] [/local_avoidance]: [local_avoidance] DEACTIVATED
[WARN] [1783600120.376] [/px4_ctrl_bridge]: [px4_bridge] avoidance released -> published /planning/replan
[WARN] [1783600120.401] [/local_avoidance]: [local_avoidance] ACTIVATED  (min_dist=0.35 m, idx=4452)
[INFO] [1783600120.452] [/local_avoidance]: [local_avoidance] avoiding...  min_dist=0.35 m
[INFO] [1783600120.552] [/local_avoidance]: [local_avoidance] DEACTIVATED
[WARN] [1783600120.575] [/px4_ctrl_bridge]: [px4_bridge] avoidance released -> published /planning/replan
[WARN] [1783600120.627] [/local_avoidance]: [local_avoidance] ACTIVATED  (min_dist=0.35 m, idx=4900)
[WARN] [1783600121.025] [/px4_ctrl_bridge]: [px4_bridge] AVOIDANCE ACTIVE -> forwarding /target_avoidance
[INFO] [1783600121.161] [/mavros]: HP: requesting home position
[INFO] [1783600121.452] [/local_avoidance]: [local_avoidance] avoiding...  min_dist=0.35 m
[WARN] [1783600122.036] [/px4_ctrl_bridge]: [px4_bridge] AVOIDANCE ACTIVE -> forwarding /target_avoidance
[INFO] [1783600122.502] [/local_avoidance]: [local_avoidance] avoiding...  min_dist=0.35 m
[WARN] [1783600123.045] [/px4_ctrl_bridge]: [px4_bridge] AVOIDANCE ACTIVE -> forwarding /target_avoidance
[INFO] [1783600123.102] [/local_avoidance]: [local_avoidance] DEACTIVATED
[WARN] [1783600123.125] [/px4_ctrl_bridge]: [px4_bridge] avoidance released -> published /planning/replan
[WARN] [1783600123.152] [/local_avoidance]: [local_avoidance] ACTIVATED  (min_dist=0.35 m, idx=132)
[INFO] [1783600123.302] [/local_avoidance]: [local_avoidance] DEACTIVATED
[WARN] [1783600123.325] [/px4_ctrl_bridge]: [px4_bridge] avoidance released -> published /planning/replan
[WARN] [1783600123.351] [/local_avoidance]: [local_avoidance] ACTIVATED  (min_dist=0.35 m, idx=6423)
[INFO] [1783600123.353] [/cloud_crop_bridge]: [CloudCrop] 2631 -> 822 pts (31%)
[INFO] [1783600123.402] [/local_avoidance]: [local_avoidance] DEACTIVATED
[WARN] [1783600123.425] [/px4_ctrl_bridge]: [px4_bridge] avoidance released -> published /planning/replan
[WARN] [1783600123.460] [/local_avoidance]: [local_avoidance] ACTIVATED  (min_dist=0.35 m, idx=122)
[INFO] [1783600123.502] [/local_avoidance]: [local_avoidance] DEACTIVATED
[WARN] [1783600123.525] [/px4_ctrl_bridge]: [px4_bridge] avoidance released -> published /planning/replan
[WARN] [1783600123.552] [/local_avoidance]: [local_avoidance] ACTIVATED  (min_dist=0.35 m, idx=940)
[INFO] [1783600123.601] [/local_avoidance]: [local_avoidance] DEACTIVATED
[WARN] [1783600123.625] [/px4_ctrl_bridge]: [px4_bridge] avoidance released -> published /planning/replan
[WARN] [1783600123.652] [/local_avoidance]: [local_avoidance] ACTIVATED  (min_dist=0.35 m, idx=590)
[INFO] [1783600123.702] [/local_avoidance]: [local_avoidance] DEACTIVATED
[WARN] [1783600123.725] [/px4_ctrl_bridge]: [px4_bridge] avoidance released -> published /planning/replan
[WARN] [1783600123.752] [/local_avoidance]: [local_avoidance] ACTIVATED  (min_dist=0.36 m, idx=5859)
[INFO] [1783600123.802] [/local_avoidance]: [local_avoidance] DEACTIVATED
[WARN] [1783600123.825] [/px4_ctrl_bridge]: [px4_bridge] avoidance released -> published /planning/replan
[WARN] [1783600123.852] [/local_avoidance]: [local_avoidance] ACTIVATED  (min_dist=0.35 m, idx=6419)
[INFO] [1783600123.901] [/local_avoidance]: [local_avoidance] DEACTIVATED
[WARN] [1783600123.926] [/px4_ctrl_bridge]: [px4_bridge] avoidance released -> published /planning/replan
[WARN] [1783600123.952] [/local_avoidance]: [local_avoidance] ACTIVATED  (min_dist=0.37 m, idx=1954)
[WARN] [1783600123.995] [/exploration_node]: wait for trigger.
[INFO] [1783600124.002] [/local_avoidance]: [local_avoidance] DEACTIVATED
[WARN] [1783600124.025] [/px4_ctrl_bridge]: [px4_bridge] avoidance released -> published /planning/replan
[WARN] [1783600124.053] [/local_avoidance]: [local_avoidance] ACTIVATED  (min_dist=0.35 m, idx=1489)
[WARN] [1783600124.075] [/px4_ctrl_bridge]: [px4_bridge] AVOIDANCE ACTIVE -> forwarding /target_avoidance
[INFO] [1783600124.102] [/local_avoidance]: [local_avoidance] DEACTIVATED
[INFO] [1783600124.118] [/exploration_node]: [EV] [1783600124.117][   +376.5s][WAIT_TRIGGER] BATT 23.5V | voltage=23.72V percent=51% (repeated x2)
[WARN] [1783600124.125] [/px4_ctrl_bridge]: [px4_bridge] avoidance released -> published /planning/replan
[WARN] [1783600124.152] [/local_avoidance]: [local_avoidance] ACTIVATED  (min_dist=0.35 m, idx=7166)
[INFO] [1783600124.227] [/local_avoidance]: [local_avoidance] DEACTIVATED
[WARN] [1783600124.252] [/local_avoidance]: [local_avoidance] ACTIVATED  (min_dist=0.35 m, idx=2240)
[WARN] [1783600124.255] [/px4_ctrl_bridge]: [px4_bridge] avoidance released -> published /planning/replan
[INFO] [1783600124.306] [/local_avoidance]: [local_avoidance] DEACTIVATED
[WARN] [1783600124.325] [/px4_ctrl_bridge]: [px4_bridge] avoidance released -> published /planning/replan
[WARN] [1783600124.352] [/local_avoidance]: [local_avoidance] ACTIVATED  (min_dist=0.35 m, idx=3248)
[INFO] [1783600124.402] [/local_avoidance]: [local_avoidance] DEACTIVATED
[WARN] [1783600124.425] [/px4_ctrl_bridge]: [px4_bridge] avoidance released -> published /planning/replan
[WARN] [1783600124.451] [/local_avoidance]: [local_avoidance] ACTIVATED  (min_dist=0.35 m, idx=2700)
[INFO] [1783600124.502] [/local_avoidance]: [local_avoidance] DEACTIVATED
[WARN] [1783600124.526] [/px4_ctrl_bridge]: [px4_bridge] avoidance released -> published /planning/replan
[WARN] [1783600124.577] [/local_avoidance]: [local_avoidance] ACTIVATED  (min_dist=0.35 m, idx=8068)
[INFO] [1783600124.601] [/local_avoidance]: [local_avoidance] DEACTIVATED
[WARN] [1783600124.625] [/px4_ctrl_bridge]: [px4_bridge] avoidance released -> published /planning/replan
[WARN] [1783600124.653] [/local_avoidance]: [local_avoidance] ACTIVATED  (min_dist=0.35 m, idx=3236)
[INFO] [1783600124.702] [/local_avoidance]: [local_avoidance] DEACTIVATED
[WARN] [1783600124.725] [/px4_ctrl_bridge]: [px4_bridge] avoidance released -> published /planning/replan
[WARN] [1783600124.752] [/local_avoidance]: [local_avoidance] ACTIVATED  (min_dist=0.35 m, idx=2651)
[INFO] [1783600124.803] [/local_avoidance]: [local_avoidance] DEACTIVATED
[WARN] [1783600124.825] [/px4_ctrl_bridge]: [px4_bridge] avoidance released -> published /planning/replan
[WARN] [1783600124.852] [/local_avoidance]: [local_avoidance] ACTIVATED  (min_dist=0.35 m, idx=9417)
[INFO] [1783600124.902] [/local_avoidance]: [local_avoidance] DEACTIVATED
[WARN] [1783600124.925] [/px4_ctrl_bridge]: [px4_bridge] avoidance released -> published /planning/replan
[WARN] [1783600124.952] [/local_avoidance]: [local_avoidance] ACTIVATED  (min_dist=0.35 m, idx=3122)
[INFO] [1783600125.002] [/local_avoidance]: [local_avoidance] DEACTIVATED
[WARN] [1783600125.025] [/px4_ctrl_bridge]: [px4_bridge] avoidance released -> published /planning/replan
[WARN] [1783600125.052] [/local_avoidance]: [local_avoidance] ACTIVATED  (min_dist=0.35 m, idx=9671)
[WARN] [1783600125.085] [/px4_ctrl_bridge]: [px4_bridge] AVOIDANCE ACTIVE -> forwarding /target_avoidance
[INFO] [1783600125.126] [/local_avoidance]: [local_avoidance] DEACTIVATED
[WARN] [1783600125.151] [/local_avoidance]: [local_avoidance] ACTIVATED  (min_dist=0.36 m, idx=3339)
[WARN] [1783600125.155] [/px4_ctrl_bridge]: [px4_bridge] avoidance released -> published /planning/replan
[INFO] [1783600125.203] [/local_avoidance]: [local_avoidance] DEACTIVATED
[WARN] [1783600125.225] [/px4_ctrl_bridge]: [px4_bridge] avoidance released -> published /planning/replan
[WARN] [1783600125.251] [/local_avoidance]: [local_avoidance] ACTIVATED  (min_dist=0.36 m, idx=4291)
[INFO] [1783600125.301] [/local_avoidance]: [local_avoidance] avoiding...  min_dist=0.35 m
[INFO] [1783600125.402] [/local_avoidance]: [local_avoidance] DEACTIVATED
[WARN] [1783600125.425] [/px4_ctrl_bridge]: [px4_bridge] avoidance released -> published /planning/replan
[WARN] [1783600125.451] [/local_avoidance]: [local_avoidance] ACTIVATED  (min_dist=0.35 m, idx=4835)
[INFO] [1783600125.501] [/local_avoidance]: [local_avoidance] DEACTIVATED
[WARN] [1783600125.525] [/px4_ctrl_bridge]: [px4_bridge] avoidance released -> published /planning/replan
[WARN] [1783600125.577] [/local_avoidance]: [local_avoidance] ACTIVATED  (min_dist=0.35 m, idx=4362)
[INFO] [1783600125.727] [/local_avoidance]: [local_avoidance] DEACTIVATED
[WARN] [1783600125.752] [/local_avoidance]: [local_avoidance] ACTIVATED  (min_dist=0.35 m, idx=4921)
[WARN] [1783600125.756] [/px4_ctrl_bridge]: [px4_bridge] avoidance released -> published /planning/replan
[WARN] [1783600126.085] [/px4_ctrl_bridge]: [px4_bridge] AVOIDANCE ACTIVE -> forwarding /target_avoidance
[INFO] [1783600126.118] [/exploration_node]: [EV] [1783600126.118][   +378.5s][WAIT_TRIGGER] BATT 23.5V | voltage=23.71V percent=51%
[INFO] [1783600126.303] [/local_avoidance]: [local_avoidance] avoiding...  min_dist=0.36 m
[WARN] [1783600127.095] [/px4_ctrl_bridge]: [px4_bridge] AVOIDANCE ACTIVE -> forwarding /target_avoidance
[INFO] [1783600127.330] [/local_avoidance]: [local_avoidance] avoiding...  min_dist=0.35 m
[INFO] [1783600127.953] [/local_avoidance]: [local_avoidance] DEACTIVATED
[WARN] [1783600127.975] [/px4_ctrl_bridge]: [px4_bridge] avoidance released -> published /planning/replan
[WARN] [1783600128.001] [/local_avoidance]: [local_avoidance] ACTIVATED  (min_dist=0.35 m, idx=4813)
[WARN] [1783600128.095] [/px4_ctrl_bridge]: [px4_bridge] AVOIDANCE ACTIVE -> forwarding /target_avoidance
[INFO] [1783600128.152] [/local_avoidance]: [local_avoidance] DEACTIVATED
[WARN] [1783600128.175] [/px4_ctrl_bridge]: [px4_bridge] avoidance released -> published /planning/replan
[WARN] [1783600128.202] [/local_avoidance]: [local_avoidance] ACTIVATED  (min_dist=0.35 m, idx=5308)
[INFO] [1783600128.254] [/local_avoidance]: [local_avoidance] DEACTIVATED
[WARN] [1783600128.275] [/px4_ctrl_bridge]: [px4_bridge] avoidance released -> published /planning/replan
[WARN] [1783600128.302] [/local_avoidance]: [local_avoidance] ACTIVATED  (min_dist=0.35 m, idx=6319)
[INFO] [1783600128.352] [/local_avoidance]: [local_avoidance] avoiding...  min_dist=0.35 m
[INFO] [1783600128.355] [/cloud_crop_bridge]: [CloudCrop] 3254 -> 376 pts (12%)
[INFO] [1783600128.452] [/local_avoidance]: [local_avoidance] DEACTIVATED
[WARN] [1783600128.475] [/px4_ctrl_bridge]: [px4_bridge] avoidance released -> published /planning/replan
[WARN] [1783600128.502] [/local_avoidance]: [local_avoidance] ACTIVATED  (min_dist=0.35 m, idx=6561)
[INFO] [1783600128.552] [/local_avoidance]: [local_avoidance] DEACTIVATED
[WARN] [1783600128.575] [/px4_ctrl_bridge]: [px4_bridge] avoidance released -> published /planning/replan
[WARN] [1783600128.603] [/local_avoidance]: [local_avoidance] ACTIVATED  (min_dist=0.35 m, idx=559)
[INFO] [1783600128.652] [/local_avoidance]: [local_avoidance] DEACTIVATED
[WARN] [1783600128.675] [/px4_ctrl_bridge]: [px4_bridge] avoidance released -> published /planning/replan
[WARN] [1783600128.702] [/local_avoidance]: [local_avoidance] ACTIVATED  (min_dist=0.35 m, idx=7010)
[INFO] [1783600128.751] [/local_avoidance]: [local_avoidance] DEACTIVATED
[WARN] [1783600128.779] [/px4_ctrl_bridge]: [px4_bridge] avoidance released -> published /planning/replan
[WARN] [1783600128.802] [/local_avoidance]: [local_avoidance] ACTIVATED  (min_dist=0.35 m, idx=910)
[INFO] [1783600128.852] [/local_avoidance]: [local_avoidance] DEACTIVATED
[WARN] [1783600128.875] [/px4_ctrl_bridge]: [px4_bridge] avoidance released -> published /planning/replan
[WARN] [1783600128.927] [/local_avoidance]: [local_avoidance] ACTIVATED  (min_dist=0.35 m, idx=7470)
[INFO] [1783600128.952] [/local_avoidance]: [local_avoidance] DEACTIVATED
[WARN] [1783600128.975] [/px4_ctrl_bridge]: [px4_bridge] avoidance released -> published /planning/replan
[WARN] [1783600129.005] [/exploration_node]: wait for trigger.
[WARN] [1783600129.008] [/local_avoidance]: [local_avoidance] ACTIVATED  (min_dist=0.35 m, idx=1154)
[INFO] [1783600129.052] [/local_avoidance]: [local_avoidance] DEACTIVATED
[WARN] [1783600129.075] [/px4_ctrl_bridge]: [px4_bridge] avoidance released -> published /planning/replan
[WARN] [1783600129.102] [/local_avoidance]: [local_avoidance] ACTIVATED  (min_dist=0.35 m, idx=8007)
[WARN] [1783600129.125] [/px4_ctrl_bridge]: [px4_bridge] AVOIDANCE ACTIVE -> forwarding /target_avoidance
[INFO] [1783600129.156] [/local_avoidance]: [local_avoidance] DEACTIVATED
[WARN] [1783600129.175] [/px4_ctrl_bridge]: [px4_bridge] avoidance released -> published /planning/replan
[WARN] [1783600129.201] [/local_avoidance]: [local_avoidance] ACTIVATED  (min_dist=0.35 m, idx=1913)
[INFO] [1783600129.252] [/local_avoidance]: [local_avoidance] DEACTIVATED
[WARN] [1783600129.275] [/px4_ctrl_bridge]: [px4_bridge] avoidance released -> published /planning/replan
[WARN] [1783600129.302] [/local_avoidance]: [local_avoidance] ACTIVATED  (min_dist=0.35 m, idx=2906)
[INFO] [1783600129.352] [/local_avoidance]: [local_avoidance] DEACTIVATED
[WARN] [1783600129.375] [/px4_ctrl_bridge]: [px4_bridge] avoidance released -> published /planning/replan
[WARN] [1783600129.401] [/local_avoidance]: [local_avoidance] ACTIVATED  (min_dist=0.35 m, idx=6971)
[INFO] [1783600129.454] [/local_avoidance]: [local_avoidance] DEACTIVATED
[WARN] [1783600129.475] [/px4_ctrl_bridge]: [px4_bridge] avoidance released -> published /planning/replan
[WARN] [1783600129.502] [/local_avoidance]: [local_avoidance] ACTIVATED  (min_dist=0.35 m, idx=3457)
[INFO] [1783600129.552] [/local_avoidance]: [local_avoidance] DEACTIVATED
[WARN] [1783600129.575] [/px4_ctrl_bridge]: [px4_bridge] avoidance released -> published /planning/replan
[WARN] [1783600129.602] [/local_avoidance]: [local_avoidance] ACTIVATED  (min_dist=0.35 m, idx=2809)
[INFO] [1783600129.652] [/local_avoidance]: [local_avoidance] DEACTIVATED
[WARN] [1783600129.675] [/px4_ctrl_bridge]: [px4_bridge] avoidance released -> published /planning/replan
[WARN] [1783600129.701] [/local_avoidance]: [local_avoidance] ACTIVATED  (min_dist=0.35 m, idx=3909)
[INFO] [1783600129.752] [/local_avoidance]: [local_avoidance] DEACTIVATED
[WARN] [1783600129.775] [/px4_ctrl_bridge]: [px4_bridge] avoidance released -> published /planning/replan
[WARN] [1783600129.803] [/local_avoidance]: [local_avoidance] ACTIVATED  (min_dist=0.35 m, idx=3756)
[INFO] [1783600129.852] [/local_avoidance]: [local_avoidance] DEACTIVATED
[WARN] [1783600129.875] [/px4_ctrl_bridge]: [px4_bridge] avoidance released -> published /planning/replan
[WARN] [1783600129.902] [/local_avoidance]: [local_avoidance] ACTIVATED  (min_dist=0.35 m, idx=8648)
[INFO] [1783600129.952] [/local_avoidance]: [local_avoidance] DEACTIVATED
[WARN] [1783600129.985] [/px4_ctrl_bridge]: [px4_bridge] avoidance released -> published /planning/replan
[WARN] [1783600130.002] [/local_avoidance]: [local_avoidance] ACTIVATED  (min_dist=0.35 m, idx=9754)
[INFO] [1783600130.052] [/local_avoidance]: [local_avoidance] DEACTIVATED
[WARN] [1783600130.075] [/px4_ctrl_bridge]: [px4_bridge] avoidance released -> published /planning/replan
[WARN] [1783600130.102] [/local_avoidance]: [local_avoidance] ACTIVATED  (min_dist=0.36 m, idx=9104)
[INFO] [1783600130.116] [/exploration_node]: [EV] [1783600130.116][   +382.5s][WAIT_TRIGGER] BATT 23.5V | voltage=23.72V percent=51% (repeated x1)
[WARN] [1783600130.136] [/px4_ctrl_bridge]: [px4_bridge] AVOIDANCE ACTIVE -> forwarding /target_avoidance
[INFO] [1783600130.152] [/local_avoidance]: [local_avoidance] DEACTIVATED
[WARN] [1783600130.175] [/px4_ctrl_bridge]: [px4_bridge] avoidance released -> published /planning/replan
[WARN] [1783600130.202] [/local_avoidance]: [local_avoidance] ACTIVATED  (min_dist=0.36 m, idx=4288)
[INFO] [1783600130.256] [/local_avoidance]: [local_avoidance] DEACTIVATED
[WARN] [1783600130.275] [/px4_ctrl_bridge]: [px4_bridge] avoidance released -> published /planning/replan
[WARN] [1783600130.302] [/local_avoidance]: [local_avoidance] ACTIVATED  (min_dist=0.35 m, idx=9640)
[INFO] [1783600130.355] [/local_avoidance]: [local_avoidance] DEACTIVATED
[WARN] [1783600130.375] [/px4_ctrl_bridge]: [px4_bridge] avoidance released -> published /planning/replan
[WARN] [1783600130.402] [/local_avoidance]: [local_avoidance] ACTIVATED  (min_dist=0.35 m, idx=4600)
[INFO] [1783600130.454] [/local_avoidance]: [local_avoidance] avoiding...  min_dist=0.35 m
