# console (/rosout_agg) log for epic_2026-07-08-23-59-06.bag
# started at 2026-07-08-23-59-06
[INFO] [1783522746.947] [/record_on_goal]: [record_on_goal] console log -> /home/hmcl/stack1/src/EPIC_poongsan/src/EPIC/src/global_planner/exploration_manager/records/epic_2026-07-08-23-59-06/epic_2026-07-08-23-59-06.log
[INFO] [1783522746.950] [/record_on_goal]: [record_on_goal] event log -> /home/hmcl/stack1/src/EPIC_poongsan/src/EPIC/src/global_planner/exploration_manager/records/epic_2026-07-08-23-59-06/epic_2026-07-08-23-59-06.events.log
[INFO] [1783522746.955] [/record_on_goal]: [record_on_goal] recording started (pid 2917152) -> /home/hmcl/stack1/src/EPIC_poongsan/src/EPIC/src/global_planner/exploration_manager/records/epic_2026-07-08-23-59-06/epic_2026-07-08-23-59-06.bag
[INFO] [1783522747.606] [/local_avoidance]: [local_avoidance] avoiding...  min_dist=0.35 m
[INFO] [1783522748.606] [/local_avoidance]: [local_avoidance] avoiding...  min_dist=0.35 m
[INFO] [1783522749.304] [/local_avoidance]: [local_avoidance] DEACTIVATED
[WARN] [1783522749.353] [/local_avoidance]: [local_avoidance] ACTIVATED  (min_dist=0.35 m, idx=6366)
[INFO] [1783522749.454] [/cloud_crop_bridge]: [CloudCrop] 2457 -> 773 pts (31%)
[INFO] [1783522749.504] [/local_avoidance]: [local_avoidance] DEACTIVATED
[WARN] [1783522749.554] [/local_avoidance]: [local_avoidance] ACTIVATED  (min_dist=0.35 m, idx=1179)
[INFO] [1783522749.604] [/local_avoidance]: [local_avoidance] DEACTIVATED
[WARN] [1783522749.655] [/local_avoidance]: [local_avoidance] ACTIVATED  (min_dist=0.35 m, idx=7908)
[INFO] [1783522749.729] [/local_avoidance]: [local_avoidance] DEACTIVATED
[WARN] [1783522749.753] [/local_avoidance]: [local_avoidance] ACTIVATED  (min_dist=0.35 m, idx=7843)
[INFO] [1783522749.804] [/local_avoidance]: [local_avoidance] avoiding...  min_dist=0.59 m
[INFO] [1783522749.904] [/local_avoidance]: [local_avoidance] DEACTIVATED
[WARN] [1783522749.954] [/local_avoidance]: [local_avoidance] ACTIVATED  (min_dist=0.35 m, idx=7911)
[INFO] [1783522750.004] [/local_avoidance]: [local_avoidance] DEACTIVATED
[WARN] [1783522750.053] [/local_avoidance]: [local_avoidance] ACTIVATED  (min_dist=0.35 m, idx=1710)
[INFO] [1783522750.104] [/local_avoidance]: [local_avoidance] DEACTIVATED
[WARN] [1783522750.158] [/local_avoidance]: [local_avoidance] ACTIVATED  (min_dist=0.35 m, idx=1147)
[INFO] [1783522750.204] [/local_avoidance]: [local_avoidance] DEACTIVATED
[WARN] [1783522750.253] [/local_avoidance]: [local_avoidance] ACTIVATED  (min_dist=0.35 m, idx=2044)
[INFO] [1783522750.303] [/local_avoidance]: [local_avoidance] DEACTIVATED
[WARN] [1783522750.353] [/local_avoidance]: [local_avoidance] ACTIVATED  (min_dist=0.34 m, idx=1983)
[INFO] [1783522750.404] [/local_avoidance]: [local_avoidance] DEACTIVATED
[WARN] [1783522750.454] [/local_avoidance]: [local_avoidance] ACTIVATED  (min_dist=0.35 m, idx=8451)
[INFO] [1783522750.503] [/local_avoidance]: [local_avoidance] DEACTIVATED
[WARN] [1783522750.554] [/local_avoidance]: [local_avoidance] ACTIVATED  (min_dist=0.35 m, idx=2047)
[INFO] [1783522750.604] [/local_avoidance]: [local_avoidance] DEACTIVATED
[WARN] [1783522750.654] [/local_avoidance]: [local_avoidance] ACTIVATED  (min_dist=0.35 m, idx=3259)
[INFO] [1783522750.879] [/local_avoidance]: [local_avoidance] avoiding...  min_dist=0.35 m
[INFO] [1783522751.881] [/local_avoidance]: [local_avoidance] avoiding...  min_dist=0.35 m
[WARN] [1783522751.895] [/exploration_node]: wait for trigger.
[INFO] [1783522752.904] [/local_avoidance]: [local_avoidance] avoiding...  min_dist=0.35 m
[INFO] [1783522753.953] [/local_avoidance]: [local_avoidance] avoiding...  min_dist=0.34 m
[INFO] [1783522754.503] [/cloud_crop_bridge]: [CloudCrop] 2407 -> 805 pts (33%)
[INFO] [1783522754.654] [/local_avoidance]: [local_avoidance] DEACTIVATED
[WARN] [1783522754.703] [/local_avoidance]: [local_avoidance] ACTIVATED  (min_dist=0.35 m, idx=1399)
[INFO] [1783522754.754] [/local_avoidance]: [local_avoidance] DEACTIVATED
[WARN] [1783522754.803] [/local_avoidance]: [local_avoidance] ACTIVATED  (min_dist=0.35 m, idx=826)
[INFO] [1783522754.853] [/local_avoidance]: [local_avoidance] DEACTIVATED
[WARN] [1783522754.904] [/local_avoidance]: [local_avoidance] ACTIVATED  (min_dist=0.35 m, idx=1750)
[INFO] [1783522754.954] [/local_avoidance]: [local_avoidance] DEACTIVATED
[WARN] [1783522755.003] [/local_avoidance]: [local_avoidance] ACTIVATED  (min_dist=0.35 m, idx=1556)
[INFO] [1783522755.053] [/local_avoidance]: [local_avoidance] DEACTIVATED
[WARN] [1783522755.103] [/local_avoidance]: [local_avoidance] ACTIVATED  (min_dist=0.35 m, idx=6555)
[INFO] [1783522755.153] [/local_avoidance]: [local_avoidance] DEACTIVATED
[WARN] [1783522755.205] [/local_avoidance]: [local_avoidance] ACTIVATED  (min_dist=0.34 m, idx=9047)
[INFO] [1783522755.256] [/local_avoidance]: [local_avoidance] DEACTIVATED
[WARN] [1783522755.304] [/local_avoidance]: [local_avoidance] ACTIVATED  (min_dist=0.35 m, idx=8491)
[INFO] [1783522755.354] [/local_avoidance]: [local_avoidance] avoiding...  min_dist=0.53 m
[INFO] [1783522755.454] [/local_avoidance]: [local_avoidance] DEACTIVATED
[WARN] [1783522755.504] [/local_avoidance]: [local_avoidance] ACTIVATED  (min_dist=0.35 m, idx=9327)
[INFO] [1783522755.554] [/local_avoidance]: [local_avoidance] DEACTIVATED
[WARN] [1783522755.603] [/local_avoidance]: [local_avoidance] ACTIVATED  (min_dist=0.34 m, idx=9938)
[INFO] [1783522755.654] [/local_avoidance]: [local_avoidance] DEACTIVATED
[WARN] [1783522755.703] [/local_avoidance]: [local_avoidance] ACTIVATED  (min_dist=0.35 m, idx=2156)
[INFO] [1783522756.403] [/local_avoidance]: [local_avoidance] avoiding...  min_dist=0.35 m
[WARN] [1783522756.895] [/exploration_node]: wait for trigger.
[INFO] [1783522757.454] [/local_avoidance]: [local_avoidance] avoiding...  min_dist=0.35 m
[INFO] [1783522758.454] [/local_avoidance]: [local_avoidance] avoiding...  min_dist=0.36 m
[INFO] [1783522759.404] [/local_avoidance]: [local_avoidance] DEACTIVATED
[WARN] [1783522759.453] [/local_avoidance]: [local_avoidance] ACTIVATED  (min_dist=0.35 m, idx=6274)
[INFO] [1783522759.504] [/local_avoidance]: [local_avoidance] avoiding...  min_dist=0.34 m
[INFO] [1783522759.504] [/cloud_crop_bridge]: [CloudCrop] 3244 -> 1 pts (0%)
[INFO] [1783522759.605] [/local_avoidance]: [local_avoidance] DEACTIVATED
[WARN] [1783522759.654] [/local_avoidance]: [local_avoidance] ACTIVATED  (min_dist=0.34 m, idx=8570)
[INFO] [1783522759.704] [/local_avoidance]: [local_avoidance] DEACTIVATED
[WARN] [1783522759.754] [/local_avoidance]: [local_avoidance] ACTIVATED  (min_dist=0.34 m, idx=415)
[INFO] [1783522759.804] [/local_avoidance]: [local_avoidance] DEACTIVATED
[WARN] [1783522759.854] [/local_avoidance]: [local_avoidance] ACTIVATED  (min_dist=0.35 m, idx=1335)
[INFO] [1783522759.903] [/local_avoidance]: [local_avoidance] DEACTIVATED
[WARN] [1783522759.955] [/local_avoidance]: [local_avoidance] ACTIVATED  (min_dist=0.35 m, idx=1224)
[INFO] [1783522760.003] [/local_avoidance]: [local_avoidance] DEACTIVATED
[WARN] [1783522760.054] [/local_avoidance]: [local_avoidance] ACTIVATED  (min_dist=0.35 m, idx=7627)
[INFO] [1783522760.204] [/local_avoidance]: [local_avoidance] DEACTIVATED
[WARN] [1783522760.278] [/local_avoidance]: [local_avoidance] ACTIVATED  (min_dist=0.35 m, idx=3898)
[INFO] [1783522760.303] [/local_avoidance]: [local_avoidance] DEACTIVATED
[WARN] [1783522760.354] [/local_avoidance]: [local_avoidance] ACTIVATED  (min_dist=0.35 m, idx=1875)
[INFO] [1783522760.403] [/local_avoidance]: [local_avoidance] DEACTIVATED
[WARN] [1783522760.454] [/local_avoidance]: [local_avoidance] ACTIVATED  (min_dist=0.35 m, idx=2782)
[INFO] [1783522760.503] [/local_avoidance]: [local_avoidance] DEACTIVATED
[WARN] [1783522760.554] [/local_avoidance]: [local_avoidance] ACTIVATED  (min_dist=0.34 m, idx=2415)
[INFO] [1783522760.604] [/local_avoidance]: [local_avoidance] DEACTIVATED
[WARN] [1783522760.653] [/local_avoidance]: [local_avoidance] ACTIVATED  (min_dist=0.35 m, idx=9463)
[INFO] [1783522760.703] [/local_avoidance]: [local_avoidance] avoiding...  min_dist=0.38 m
[INFO] [1783522760.804] [/local_avoidance]: [local_avoidance] DEACTIVATED
[WARN] [1783522760.854] [/local_avoidance]: [local_avoidance] ACTIVATED  (min_dist=0.35 m, idx=9715)
[INFO] [1783522761.704] [/local_avoidance]: [local_avoidance] avoiding...  min_dist=0.35 m
[WARN] [1783522761.895] [/exploration_node]: wait for trigger.
[INFO] [1783522762.704] [/local_avoidance]: [local_avoidance] avoiding...  min_dist=0.35 m
[INFO] [1783522763.754] [/local_avoidance]: [local_avoidance] avoiding...  min_dist=0.34 m
[INFO] [1783522764.454] [/local_avoidance]: [local_avoidance] DEACTIVATED
[WARN] [1783522764.503] [/local_avoidance]: [local_avoidance] ACTIVATED  (min_dist=0.35 m, idx=6859)
[INFO] [1783522764.509] [/cloud_crop_bridge]: [CloudCrop] 2420 -> 710 pts (29%)
[INFO] [1783522764.554] [/local_avoidance]: [local_avoidance] DEACTIVATED
[WARN] [1783522764.604] [/local_avoidance]: [local_avoidance] ACTIVATED  (min_dist=0.34 m, idx=7863)
[INFO] [1783522764.753] [/local_avoidance]: [local_avoidance] DEACTIVATED
[WARN] [1783522764.803] [/local_avoidance]: [local_avoidance] ACTIVATED  (min_dist=0.35 m, idx=1089)
[INFO] [1783522764.857] [/local_avoidance]: [local_avoidance] DEACTIVATED
[WARN] [1783522764.911] [/local_avoidance]: [local_avoidance] ACTIVATED  (min_dist=0.35 m, idx=7863)
[INFO] [1783522764.956] [/local_avoidance]: [local_avoidance] DEACTIVATED
[WARN] [1783522765.004] [/local_avoidance]: [local_avoidance] ACTIVATED  (min_dist=0.35 m, idx=8862)
[INFO] [1783522765.053] [/local_avoidance]: [local_avoidance] DEACTIVATED
[WARN] [1783522765.104] [/local_avoidance]: [local_avoidance] ACTIVATED  (min_dist=0.35 m, idx=2474)
[INFO] [1783522765.155] [/local_avoidance]: [local_avoidance] DEACTIVATED
[WARN] [1783522765.212] [/local_avoidance]: [local_avoidance] ACTIVATED  (min_dist=0.35 m, idx=2207)
[INFO] [1783522765.253] [/local_avoidance]: [local_avoidance] DEACTIVATED
[WARN] [1783522765.306] [/local_avoidance]: [local_avoidance] ACTIVATED  (min_dist=0.34 m, idx=1639)
[INFO] [1783522765.354] [/local_avoidance]: [local_avoidance] DEACTIVATED
[WARN] [1783522765.414] [/local_avoidance]: [local_avoidance] ACTIVATED  (min_dist=0.35 m, idx=2458)
[INFO] [1783522765.461] [/local_avoidance]: [local_avoidance] DEACTIVATED
[WARN] [1783522765.528] [/local_avoidance]: [local_avoidance] ACTIVATED  (min_dist=0.35 m, idx=9299)
[INFO] [1783522765.554] [/local_avoidance]: [local_avoidance] DEACTIVATED
[WARN] [1783522765.604] [/local_avoidance]: [local_avoidance] ACTIVATED  (min_dist=0.35 m, idx=2997)
[INFO] [1783522765.680] [/local_avoidance]: [local_avoidance] avoiding...  min_dist=0.36 m
[INFO] [1783522765.755] [/local_avoidance]: [local_avoidance] DEACTIVATED
[WARN] [1783522765.810] [/local_avoidance]: [local_avoidance] ACTIVATED  (min_dist=0.35 m, idx=9293)
[INFO] [1783522766.704] [/local_avoidance]: [local_avoidance] avoiding...  min_dist=0.35 m
[WARN] [1783522766.899] [/exploration_node]: wait for trigger.
[INFO] [1783522767.707] [/local_avoidance]: [local_avoidance] avoiding...  min_dist=0.35 m
[INFO] [1783522768.758] [/local_avoidance]: [local_avoidance] avoiding...  min_dist=0.35 m
[INFO] [1783522769.406] [/local_avoidance]: [local_avoidance] DEACTIVATED
[WARN] [1783522769.453] [/local_avoidance]: [local_avoidance] ACTIVATED  (min_dist=0.35 m, idx=1361)
[INFO] [1783522769.506] [/local_avoidance]: [local_avoidance] DEACTIVATED
[INFO] [1783522769.552] [/cloud_crop_bridge]: [CloudCrop] 2329 -> 744 pts (32%)
[WARN] [1783522769.553] [/local_avoidance]: [local_avoidance] ACTIVATED  (min_dist=0.35 m, idx=7639)
[INFO] [1783522769.603] [/local_avoidance]: [local_avoidance] DEACTIVATED
[WARN] [1783522769.653] [/local_avoidance]: [local_avoidance] ACTIVATED  (min_dist=0.35 m, idx=8737)
[INFO] [1783522769.704] [/local_avoidance]: [local_avoidance] DEACTIVATED
[WARN] [1783522769.754] [/local_avoidance]: [local_avoidance] ACTIVATED  (min_dist=0.35 m, idx=7986)
[INFO] [1783522769.809] [/local_avoidance]: [local_avoidance] DEACTIVATED
[WARN] [1783522769.880] [/local_avoidance]: [local_avoidance] ACTIVATED  (min_dist=0.35 m, idx=1689)
[INFO] [1783522769.904] [/local_avoidance]: [local_avoidance] DEACTIVATED
[WARN] [1783522769.953] [/local_avoidance]: [local_avoidance] ACTIVATED  (min_dist=0.35 m, idx=1339)
[INFO] [1783522770.004] [/local_avoidance]: [local_avoidance] DEACTIVATED
[WARN] [1783522770.053] [/local_avoidance]: [local_avoidance] ACTIVATED  (min_dist=0.35 m, idx=9736)
[INFO] [1783522770.104] [/local_avoidance]: [local_avoidance] DEACTIVATED
[WARN] [1783522770.154] [/local_avoidance]: [local_avoidance] ACTIVATED  (min_dist=0.35 m, idx=1686)
[INFO] [1783522770.204] [/local_avoidance]: [local_avoidance] DEACTIVATED
[WARN] [1783522770.253] [/local_avoidance]: [local_avoidance] ACTIVATED  (min_dist=0.35 m, idx=6976)
[INFO] [1783522770.303] [/local_avoidance]: [local_avoidance] DEACTIVATED
[WARN] [1783522770.353] [/local_avoidance]: [local_avoidance] ACTIVATED  (min_dist=0.35 m, idx=2313)
[INFO] [1783522770.403] [/local_avoidance]: [local_avoidance] DEACTIVATED
[WARN] [1783522770.453] [/local_avoidance]: [local_avoidance] ACTIVATED  (min_dist=0.35 m, idx=8977)
[INFO] [1783522770.506] [/local_avoidance]: [local_avoidance] avoiding...  min_dist=0.60 m
[INFO] [1783522770.604] [/local_avoidance]: [local_avoidance] DEACTIVATED
[WARN] [1783522770.655] [/local_avoidance]: [local_avoidance] ACTIVATED  (min_dist=0.34 m, idx=2100)
[INFO] [1783522771.557] [/local_avoidance]: [local_avoidance] avoiding...  min_dist=0.35 m
[WARN] [1783522771.906] [/exploration_node]: wait for trigger.
[INFO] [1783522772.606] [/local_avoidance]: [local_avoidance] avoiding...  min_dist=0.35 m
[INFO] [1783522773.654] [/local_avoidance]: [local_avoidance] avoiding...  min_dist=0.35 m
[INFO] [1783522774.357] [/local_avoidance]: [local_avoidance] DEACTIVATED
[WARN] [1783522774.404] [/local_avoidance]: [local_avoidance] ACTIVATED  (min_dist=0.35 m, idx=7768)
[INFO] [1783522774.555] [/cloud_crop_bridge]: [CloudCrop] 3147 -> 68 pts (2%)
[INFO] [1783522774.654] [/local_avoidance]: [local_avoidance] DEACTIVATED
[WARN] [1783522774.703] [/local_avoidance]: [local_avoidance] ACTIVATED  (min_dist=0.35 m, idx=542)
[INFO] [1783522774.779] [/local_avoidance]: [local_avoidance] DEACTIVATED
[WARN] [1783522774.803] [/local_avoidance]: [local_avoidance] ACTIVATED  (min_dist=0.35 m, idx=1452)
[INFO] [1783522774.854] [/local_avoidance]: [local_avoidance] DEACTIVATED
[WARN] [1783522774.929] [/local_avoidance]: [local_avoidance] ACTIVATED  (min_dist=0.34 m, idx=907)
[INFO] [1783522774.954] [/local_avoidance]: [local_avoidance] DEACTIVATED
[WARN] [1783522775.003] [/local_avoidance]: [local_avoidance] ACTIVATED  (min_dist=0.35 m, idx=1913)
[INFO] [1783522775.054] [/local_avoidance]: [local_avoidance] avoiding...  min_dist=0.60 m
[INFO] [1783522775.155] [/local_avoidance]: [local_avoidance] DEACTIVATED
[WARN] [1783522775.203] [/local_avoidance]: [local_avoidance] ACTIVATED  (min_dist=0.35 m, idx=9577)
[INFO] [1783522775.254] [/local_avoidance]: [local_avoidance] DEACTIVATED
[WARN] [1783522775.304] [/local_avoidance]: [local_avoidance] ACTIVATED  (min_dist=0.35 m, idx=1907)
[INFO] [1783522775.353] [/local_avoidance]: [local_avoidance] DEACTIVATED
[WARN] [1783522775.404] [/local_avoidance]: [local_avoidance] ACTIVATED  (min_dist=0.35 m, idx=2839)
[INFO] [1783522775.553] [/local_avoidance]: [local_avoidance] DEACTIVATED
[WARN] [1783522775.605] [/local_avoidance]: [local_avoidance] ACTIVATED  (min_dist=0.35 m, idx=3370)
[INFO] [1783522775.754] [/local_avoidance]: [local_avoidance] DEACTIVATED
[WARN] [1783522775.803] [/local_avoidance]: [local_avoidance] ACTIVATED  (min_dist=0.35 m, idx=3822)
[INFO] [1783522776.104] [/local_avoidance]: [local_avoidance] avoiding...  min_dist=0.35 m
[WARN] [1783522776.916] [/exploration_node]: wait for trigger.
[INFO] [1783522777.105] [/local_avoidance]: [local_avoidance] avoiding...  min_dist=0.35 m
[INFO] [1783522778.153] [/local_avoidance]: [local_avoidance] avoiding...  min_dist=0.35 m
[INFO] [1783522779.154] [/local_avoidance]: [local_avoidance] avoiding...  min_dist=0.35 m
[INFO] [1783522779.405] [/local_avoidance]: [local_avoidance] DEACTIVATED
[INFO] [1783522779.436] [/exploration_node]: [EV] [1783522779.435][    +33.6s][WAIT_TRIGGER] Avoidance: Deactivated  <->  Activated | cycling x137 over 32.6s
[WARN] [1783522779.454] [/local_avoidance]: [local_avoidance] ACTIVATED  (min_dist=0.35 m, idx=966)
[INFO] [1783522779.504] [/local_avoidance]: [local_avoidance] DEACTIVATED
[WARN] [1783522779.554] [/local_avoidance]: [local_avoidance] ACTIVATED  (min_dist=0.35 m, idx=7911)
[INFO] [1783522779.603] [/local_avoidance]: [local_avoidance] DEACTIVATED
[INFO] [1783522779.604] [/cloud_crop_bridge]: [CloudCrop] 3142 -> 0 pts (0%)
[WARN] [1783522779.654] [/local_avoidance]: [local_avoidance] ACTIVATED  (min_dist=0.35 m, idx=1426)
[INFO] [1783522779.703] [/local_avoidance]: [local_avoidance] DEACTIVATED
[WARN] [1783522779.753] [/local_avoidance]: [local_avoidance] ACTIVATED  (min_dist=0.35 m, idx=1055)
[INFO] [1783522779.804] [/local_avoidance]: [local_avoidance] DEACTIVATED
[WARN] [1783522779.855] [/local_avoidance]: [local_avoidance] ACTIVATED  (min_dist=0.35 m, idx=8373)
[INFO] [1783522779.905] [/local_avoidance]: [local_avoidance] DEACTIVATED
[WARN] [1783522779.954] [/local_avoidance]: [local_avoidance] ACTIVATED  (min_dist=0.35 m, idx=1488)
[INFO] [1783522780.005] [/local_avoidance]: [local_avoidance] DEACTIVATED
[WARN] [1783522780.053] [/local_avoidance]: [local_avoidance] ACTIVATED  (min_dist=0.35 m, idx=2519)
[INFO] [1783522780.104] [/local_avoidance]: [local_avoidance] DEACTIVATED
[WARN] [1783522780.154] [/local_avoidance]: [local_avoidance] ACTIVATED  (min_dist=0.35 m, idx=2032)
[INFO] [1783522780.203] [/local_avoidance]: [local_avoidance] DEACTIVATED
[WARN] [1783522780.253] [/local_avoidance]: [local_avoidance] ACTIVATED  (min_dist=0.35 m, idx=1487)
[INFO] [1783522780.303] [/local_avoidance]: [local_avoidance] avoiding...  min_dist=0.59 m
[INFO] [1783522780.403] [/local_avoidance]: [local_avoidance] DEACTIVATED
[WARN] [1783522780.454] [/local_avoidance]: [local_avoidance] ACTIVATED  (min_dist=0.34 m, idx=1939)
[INFO] [1783522780.503] [/local_avoidance]: [local_avoidance] DEACTIVATED
[WARN] [1783522780.554] [/local_avoidance]: [local_avoidance] ACTIVATED  (min_dist=0.35 m, idx=3055)
[INFO] [1783522780.704] [/local_avoidance]: [local_avoidance] DEACTIVATED
[WARN] [1783522780.754] [/local_avoidance]: [local_avoidance] ACTIVATED  (min_dist=0.35 m, idx=9243)
[INFO] [1783522781.304] [/local_avoidance]: [local_avoidance] avoiding...  min_dist=0.34 m
[WARN] [1783522781.925] [/exploration_node]: wait for trigger.
[INFO] [1783522782.354] [/local_avoidance]: [local_avoidance] avoiding...  min_dist=0.35 m
[INFO] [1783522783.405] [/local_avoidance]: [local_avoidance] avoiding...  min_dist=0.35 m
[INFO] [1783522784.404] [/local_avoidance]: [local_avoidance] avoiding...  min_dist=0.35 m
[INFO] [1783522784.554] [/local_avoidance]: [local_avoidance] DEACTIVATED
[WARN] [1783522784.604] [/local_avoidance]: [local_avoidance] ACTIVATED  (min_dist=0.35 m, idx=1103)
[INFO] [1783522784.605] [/cloud_crop_bridge]: [CloudCrop] 2348 -> 784 pts (33%)
[INFO] [1783522784.654] [/local_avoidance]: [local_avoidance] DEACTIVATED
[WARN] [1783522784.703] [/local_avoidance]: [local_avoidance] ACTIVATED  (min_dist=0.35 m, idx=8026)
[INFO] [1783522784.753] [/local_avoidance]: [local_avoidance] DEACTIVATED
[WARN] [1783522784.803] [/local_avoidance]: [local_avoidance] ACTIVATED  (min_dist=0.35 m, idx=7579)
[INFO] [1783522784.853] [/local_avoidance]: [local_avoidance] DEACTIVATED
[WARN] [1783522784.928] [/local_avoidance]: [local_avoidance] ACTIVATED  (min_dist=0.35 m, idx=1179)
[INFO] [1783522784.953] [/local_avoidance]: [local_avoidance] DEACTIVATED
[WARN] [1783522785.004] [/local_avoidance]: [local_avoidance] ACTIVATED  (min_dist=0.35 m, idx=8027)
[INFO] [1783522785.078] [/local_avoidance]: [local_avoidance] DEACTIVATED
[WARN] [1783522785.105] [/local_avoidance]: [local_avoidance] ACTIVATED  (min_dist=0.35 m, idx=1919)
[INFO] [1783522785.153] [/local_avoidance]: [local_avoidance] DEACTIVATED
[WARN] [1783522785.204] [/local_avoidance]: [local_avoidance] ACTIVATED  (min_dist=0.35 m, idx=8479)
[INFO] [1783522785.256] [/local_avoidance]: [local_avoidance] DEACTIVATED
[WARN] [1783522785.306] [/local_avoidance]: [local_avoidance] ACTIVATED  (min_dist=0.35 m, idx=9771)
[INFO] [1783522785.355] [/local_avoidance]: [local_avoidance] DEACTIVATED
[WARN] [1783522785.403] [/local_avoidance]: [local_avoidance] ACTIVATED  (min_dist=0.35 m, idx=9023)
[INFO] [1783522785.455] [/local_avoidance]: [local_avoidance] DEACTIVATED
[WARN] [1783522785.512] [/local_avoidance]: [local_avoidance] ACTIVATED  (min_dist=0.35 m, idx=2622)
[INFO] [1783522785.556] [/local_avoidance]: [local_avoidance] DEACTIVATED
[WARN] [1783522785.604] [/local_avoidance]: [local_avoidance] ACTIVATED  (min_dist=0.34 m, idx=2629)
[INFO] [1783522785.654] [/local_avoidance]: [local_avoidance] avoiding...  min_dist=0.58 m
[INFO] [1783522786.661] [/local_avoidance]: [local_avoidance] avoiding...  min_dist=0.35 m
[WARN] [1783522786.925] [/exploration_node]: wait for trigger.
[INFO] [1783522787.704] [/local_avoidance]: [local_avoidance] avoiding...  min_dist=0.34 m
[INFO] [1783522788.705] [/local_avoidance]: [local_avoidance] avoiding...  min_dist=0.35 m
[INFO] [1783522789.503] [/local_avoidance]: [local_avoidance] DEACTIVATED
[WARN] [1783522789.554] [/local_avoidance]: [local_avoidance] ACTIVATED  (min_dist=0.35 m, idx=8161)
[INFO] [1783522789.608] [/cloud_crop_bridge]: [CloudCrop] 3212 -> 31 pts (1%)
[INFO] [1783522789.614] [/local_avoidance]: [local_avoidance] DEACTIVATED
[WARN] [1783522789.654] [/local_avoidance]: [local_avoidance] ACTIVATED  (min_dist=0.34 m, idx=403)
[INFO] [1783522789.756] [/local_avoidance]: [local_avoidance] avoiding...  min_dist=0.35 m
[INFO] [1783522789.804] [/local_avoidance]: [local_avoidance] DEACTIVATED
[WARN] [1783522789.854] [/local_avoidance]: [local_avoidance] ACTIVATED  (min_dist=0.35 m, idx=2426)
[INFO] [1783522789.903] [/local_avoidance]: [local_avoidance] DEACTIVATED
[WARN] [1783522789.954] [/local_avoidance]: [local_avoidance] ACTIVATED  (min_dist=0.35 m, idx=1848)
[INFO] [1783522790.004] [/local_avoidance]: [local_avoidance] DEACTIVATED
[WARN] [1783522790.055] [/local_avoidance]: [local_avoidance] ACTIVATED  (min_dist=0.35 m, idx=8710)
[INFO] [1783522790.104] [/local_avoidance]: [local_avoidance] DEACTIVATED
[WARN] [1783522790.155] [/local_avoidance]: [local_avoidance] ACTIVATED  (min_dist=0.35 m, idx=8255)
[INFO] [1783522790.203] [/local_avoidance]: [local_avoidance] DEACTIVATED
[WARN] [1783522790.254] [/local_avoidance]: [local_avoidance] ACTIVATED  (min_dist=0.35 m, idx=1842)
[INFO] [1783522790.403] [/local_avoidance]: [local_avoidance] DEACTIVATED
[WARN] [1783522790.453] [/local_avoidance]: [local_avoidance] ACTIVATED  (min_dist=0.34 m, idx=2294)
[INFO] [1783522790.503] [/local_avoidance]: [local_avoidance] DEACTIVATED
[WARN] [1783522790.554] [/local_avoidance]: [local_avoidance] ACTIVATED  (min_dist=0.35 m, idx=9155)
[INFO] [1783522790.703] [/local_avoidance]: [local_avoidance] DEACTIVATED
[WARN] [1783522790.753] [/local_avoidance]: [local_avoidance] ACTIVATED  (min_dist=0.35 m, idx=9607)
[INFO] [1783522790.807] [/local_avoidance]: [local_avoidance] avoiding...  min_dist=0.36 m
[INFO] [1783522791.861] [/local_avoidance]: [local_avoidance] avoiding...  min_dist=0.35 m
[WARN] [1783522791.925] [/exploration_node]: wait for trigger.
[INFO] [1783522792.880] [/local_avoidance]: [local_avoidance] avoiding...  min_dist=0.35 m
[INFO] [1783522793.908] [/local_avoidance]: [local_avoidance] avoiding...  min_dist=0.35 m
[INFO] [1783522794.153] [/local_avoidance]: [local_avoidance] DEACTIVATED
[WARN] [1783522794.204] [/local_avoidance]: [local_avoidance] ACTIVATED  (min_dist=0.34 m, idx=7752)
[INFO] [1783522794.354] [/local_avoidance]: [local_avoidance] DEACTIVATED
[WARN] [1783522794.403] [/local_avoidance]: [local_avoidance] ACTIVATED  (min_dist=0.35 m, idx=5397)
[INFO] [1783522794.455] [/local_avoidance]: [local_avoidance] DEACTIVATED
[WARN] [1783522794.506] [/local_avoidance]: [local_avoidance] ACTIVATED  (min_dist=0.35 m, idx=642)
[INFO] [1783522794.628] [/cloud_crop_bridge]: [CloudCrop] 2422 -> 770 pts (32%)
[INFO] [1783522794.657] [/local_avoidance]: [local_avoidance] DEACTIVATED
[WARN] [1783522794.703] [/local_avoidance]: [local_avoidance] ACTIVATED  (min_dist=0.34 m, idx=8303)
[INFO] [1783522794.753] [/local_avoidance]: [local_avoidance] DEACTIVATED
[WARN] [1783522794.803] [/local_avoidance]: [local_avoidance] ACTIVATED  (min_dist=0.35 m, idx=7851)
[INFO] [1783522794.854] [/local_avoidance]: [local_avoidance] DEACTIVATED
[WARN] [1783522794.912] [/local_avoidance]: [local_avoidance] ACTIVATED  (min_dist=0.35 m, idx=1547)
[INFO] [1783522794.957] [/local_avoidance]: [local_avoidance] DEACTIVATED
[WARN] [1783522795.004] [/local_avoidance]: [local_avoidance] ACTIVATED  (min_dist=0.34 m, idx=960)
[INFO] [1783522795.053] [/local_avoidance]: [local_avoidance] DEACTIVATED
[WARN] [1783522795.104] [/local_avoidance]: [local_avoidance] ACTIVATED  (min_dist=0.35 m, idx=9385)
[INFO] [1783522795.153] [/local_avoidance]: [local_avoidance] DEACTIVATED
[WARN] [1783522795.204] [/local_avoidance]: [local_avoidance] ACTIVATED  (min_dist=0.35 m, idx=1531)
[INFO] [1783522795.255] [/local_avoidance]: [local_avoidance] avoiding...  min_dist=0.59 m
[INFO] [1783522795.379] [/local_avoidance]: [local_avoidance] DEACTIVATED
[WARN] [1783522795.407] [/local_avoidance]: [local_avoidance] ACTIVATED  (min_dist=0.35 m, idx=1956)
[INFO] [1783522795.453] [/local_avoidance]: [local_avoidance] DEACTIVATED
[WARN] [1783522795.504] [/local_avoidance]: [local_avoidance] ACTIVATED  (min_dist=0.35 m, idx=2985)
[INFO] [1783522795.653] [/local_avoidance]: [local_avoidance] DEACTIVATED
[WARN] [1783522795.706] [/local_avoidance]: [local_avoidance] ACTIVATED  (min_dist=0.35 m, idx=3428)
[INFO] [1783522796.307] [/local_avoidance]: [local_avoidance] avoiding...  min_dist=0.35 m
[WARN] [1783522796.935] [/exploration_node]: wait for trigger.
[INFO] [1783522797.329] [/local_avoidance]: [local_avoidance] avoiding...  min_dist=0.34 m
[INFO] [1783522798.354] [/local_avoidance]: [local_avoidance] avoiding...  min_dist=0.35 m
[INFO] [1783522799.304] [/local_avoidance]: [local_avoidance] DEACTIVATED
[WARN] [1783522799.354] [/local_avoidance]: [local_avoidance] ACTIVATED  (min_dist=0.35 m, idx=6527)
[INFO] [1783522799.404] [/local_avoidance]: [local_avoidance] avoiding...  min_dist=0.59 m
[INFO] [1783522799.513] [/local_avoidance]: [local_avoidance] DEACTIVATED
[WARN] [1783522799.554] [/local_avoidance]: [local_avoidance] ACTIVATED  (min_dist=0.35 m, idx=8437)
[INFO] [1783522799.603] [/local_avoidance]: [local_avoidance] DEACTIVATED
[INFO] [1783522799.653] [/cloud_crop_bridge]: [CloudCrop] 2384 -> 768 pts (32%)
[WARN] [1783522799.653] [/local_avoidance]: [local_avoidance] ACTIVATED  (min_dist=0.35 m, idx=8073)
[INFO] [1783522799.803] [/local_avoidance]: [local_avoidance] DEACTIVATED
[WARN] [1783522799.854] [/local_avoidance]: [local_avoidance] ACTIVATED  (min_dist=0.35 m, idx=1196)
[INFO] [1783522799.907] [/local_avoidance]: [local_avoidance] DEACTIVATED
[WARN] [1783522799.955] [/local_avoidance]: [local_avoidance] ACTIVATED  (min_dist=0.35 m, idx=8167)
[INFO] [1783522800.005] [/local_avoidance]: [local_avoidance] DEACTIVATED
[WARN] [1783522800.054] [/local_avoidance]: [local_avoidance] ACTIVATED  (min_dist=0.35 m, idx=8983)
[INFO] [1783522800.104] [/local_avoidance]: [local_avoidance] DEACTIVATED
[WARN] [1783522800.156] [/local_avoidance]: [local_avoidance] ACTIVATED  (min_dist=0.35 m, idx=2668)
[INFO] [1783522800.209] [/local_avoidance]: [local_avoidance] DEACTIVATED
[WARN] [1783522800.254] [/local_avoidance]: [local_avoidance] ACTIVATED  (min_dist=0.34 m, idx=9431)
[INFO] [1783522800.303] [/local_avoidance]: [local_avoidance] DEACTIVATED
[WARN] [1783522800.353] [/local_avoidance]: [local_avoidance] ACTIVATED  (min_dist=0.35 m, idx=8875)
[INFO] [1783522800.405] [/local_avoidance]: [local_avoidance] DEACTIVATED
[WARN] [1783522800.453] [/local_avoidance]: [local_avoidance] ACTIVATED  (min_dist=0.35 m, idx=2566)
[INFO] [1783522800.503] [/local_avoidance]: [local_avoidance] DEACTIVATED
[WARN] [1783522800.554] [/local_avoidance]: [local_avoidance] ACTIVATED  (min_dist=0.35 m, idx=9419)
[INFO] [1783522800.603] [/local_avoidance]: [local_avoidance] avoiding...  min_dist=0.60 m
[INFO] [1783522801.604] [/local_avoidance]: [local_avoidance] avoiding...  min_dist=0.35 m
[WARN] [1783522801.935] [/exploration_node]: wait for trigger.
[INFO] [1783522802.653] [/local_avoidance]: [local_avoidance] avoiding...  min_dist=0.34 m
[INFO] [1783522803.654] [/local_avoidance]: [local_avoidance] avoiding...  min_dist=0.35 m
[INFO] [1783522804.253] [/local_avoidance]: [local_avoidance] DEACTIVATED
[WARN] [1783522804.304] [/local_avoidance]: [local_avoidance] ACTIVATED  (min_dist=0.35 m, idx=344)
[INFO] [1783522804.454] [/local_avoidance]: [local_avoidance] DEACTIVATED
[WARN] [1783522804.505] [/local_avoidance]: [local_avoidance] ACTIVATED  (min_dist=0.35 m, idx=819)
[INFO] [1783522804.554] [/local_avoidance]: [local_avoidance] DEACTIVATED
[WARN] [1783522804.607] [/local_avoidance]: [local_avoidance] ACTIVATED  (min_dist=0.34 m, idx=346)
[INFO] [1783522804.655] [/local_avoidance]: [local_avoidance] DEACTIVATED
[INFO] [1783522804.700] [/cloud_crop_bridge]: [CloudCrop] 2310 -> 881 pts (38%)
[WARN] [1783522804.703] [/local_avoidance]: [local_avoidance] ACTIVATED  (min_dist=0.34 m, idx=1099)
[INFO] [1783522804.754] [/local_avoidance]: [local_avoidance] DEACTIVATED
[WARN] [1783522804.829] [/local_avoidance]: [local_avoidance] ACTIVATED  (min_dist=0.34 m, idx=790)
[INFO] [1783522804.862] [/local_avoidance]: [local_avoidance] DEACTIVATED
[WARN] [1783522804.904] [/local_avoidance]: [local_avoidance] ACTIVATED  (min_dist=0.35 m, idx=1906)
[INFO] [1783522804.953] [/local_avoidance]: [local_avoidance] avoiding...  min_dist=0.60 m
[INFO] [1783522805.054] [/local_avoidance]: [local_avoidance] DEACTIVATED
[WARN] [1783522805.103] [/local_avoidance]: [local_avoidance] ACTIVATED  (min_dist=0.35 m, idx=2257)
[INFO] [1783522805.257] [/local_avoidance]: [local_avoidance] DEACTIVATED
[WARN] [1783522805.304] [/local_avoidance]: [local_avoidance] ACTIVATED  (min_dist=0.35 m, idx=2714)
[INFO] [1783522805.353] [/local_avoidance]: [local_avoidance] DEACTIVATED
[WARN] [1783522805.407] [/local_avoidance]: [local_avoidance] ACTIVATED  (min_dist=0.35 m, idx=9559)
[INFO] [1783522805.456] [/local_avoidance]: [local_avoidance] DEACTIVATED
[WARN] [1783522805.503] [/local_avoidance]: [local_avoidance] ACTIVATED  (min_dist=0.35 m, idx=9103)
[INFO] [1783522805.954] [/local_avoidance]: [local_avoidance] avoiding...  min_dist=0.58 m
[WARN] [1783522806.935] [/exploration_node]: wait for trigger.
[INFO] [1783522807.003] [/local_avoidance]: [local_avoidance] avoiding...  min_dist=0.35 m
[INFO] [1783522808.054] [/local_avoidance]: [local_avoidance] avoiding...  min_dist=0.35 m
[INFO] [1783522809.057] [/local_avoidance]: [local_avoidance] avoiding...  min_dist=0.35 m
[INFO] [1783522809.304] [/local_avoidance]: [local_avoidance] DEACTIVATED
[WARN] [1783522809.353] [/local_avoidance]: [local_avoidance] ACTIVATED  (min_dist=0.35 m, idx=858)
[INFO] [1783522809.405] [/local_avoidance]: [local_avoidance] DEACTIVATED
[WARN] [1783522809.455] [/local_avoidance]: [local_avoidance] ACTIVATED  (min_dist=0.35 m, idx=482)
[WARN] [1783522809.485] [/exploration_node]: [EV] [1783522809.485][    +63.6s][WAIT_TRIGGER] Avoidance: Activated  <->  Deactivated | cycling x272 over 62.6s
[INFO] [1783522809.604] [/local_avoidance]: [local_avoidance] DEACTIVATED
[WARN] [1783522809.656] [/local_avoidance]: [local_avoidance] ACTIVATED  (min_dist=0.35 m, idx=920)
[INFO] [1783522809.704] [/local_avoidance]: [local_avoidance] DEACTIVATED
[INFO] [1783522809.722] [/cloud_crop_bridge]: [CloudCrop] 3222 -> 0 pts (0%)
[WARN] [1783522809.759] [/local_avoidance]: [local_avoidance] ACTIVATED  (min_dist=0.35 m, idx=7695)
[INFO] [1783522809.903] [/local_avoidance]: [local_avoidance] DEACTIVATED
[WARN] [1783522809.955] [/local_avoidance]: [local_avoidance] ACTIVATED  (min_dist=0.35 m, idx=8247)
[INFO] [1783522810.005] [/local_avoidance]: [local_avoidance] DEACTIVATED
[WARN] [1783522810.058] [/local_avoidance]: [local_avoidance] ACTIVATED  (min_dist=0.35 m, idx=7699)
[INFO] [1783522810.104] [/local_avoidance]: [local_avoidance] DEACTIVATED
[WARN] [1783522810.153] [/local_avoidance]: [local_avoidance] ACTIVATED  (min_dist=0.34 m, idx=1360)
[INFO] [1783522810.204] [/local_avoidance]: [local_avoidance] DEACTIVATED
[WARN] [1783522810.258] [/local_avoidance]: [local_avoidance] ACTIVATED  (min_dist=0.35 m, idx=8235)
[INFO] [1783522810.306] [/local_avoidance]: [local_avoidance] DEACTIVATED
[WARN] [1783522810.361] [/local_avoidance]: [local_avoidance] ACTIVATED  (min_dist=0.34 m, idx=1927)
[INFO] [1783522810.403] [/local_avoidance]: [local_avoidance] avoiding...  min_dist=0.58 m
[INFO] [1783522810.505] [/local_avoidance]: [local_avoidance] DEACTIVATED
[WARN] [1783522810.554] [/local_avoidance]: [local_avoidance] ACTIVATED  (min_dist=0.35 m, idx=2352)
[INFO] [1783522810.610] [/local_avoidance]: [local_avoidance] DEACTIVATED
[WARN] [1783522810.657] [/local_avoidance]: [local_avoidance] ACTIVATED  (min_dist=0.35 m, idx=9139)
[INFO] [1783522810.803] [/local_avoidance]: [local_avoidance] DEACTIVATED
[WARN] [1783522810.853] [/local_avoidance]: [local_avoidance] ACTIVATED  (min_dist=0.35 m, idx=9581)
[INFO] [1783522811.453] [/local_avoidance]: [local_avoidance] avoiding...  min_dist=0.35 m
[WARN] [1783522811.935] [/exploration_node]: wait for trigger.
[INFO] [1783522812.504] [/local_avoidance]: [local_avoidance] avoiding...  min_dist=0.35 m
[INFO] [1783522813.553] [/local_avoidance]: [local_avoidance] avoiding...  min_dist=0.35 m
[INFO] [1783522814.455] [/local_avoidance]: [local_avoidance] DEACTIVATED
[WARN] [1783522814.507] [/local_avoidance]: [local_avoidance] ACTIVATED  (min_dist=0.35 m, idx=977)
[INFO] [1783522814.553] [/local_avoidance]: [local_avoidance] DEACTIVATED
[WARN] [1783522814.603] [/local_avoidance]: [local_avoidance] ACTIVATED  (min_dist=0.35 m, idx=7926)
[INFO] [1783522814.655] [/local_avoidance]: [local_avoidance] DEACTIVATED
[WARN] [1783522814.712] [/local_avoidance]: [local_avoidance] ACTIVATED  (min_dist=0.35 m, idx=1437)
[INFO] [1783522814.754] [/local_avoidance]: [local_avoidance] DEACTIVATED
[INFO] [1783522814.764] [/cloud_crop_bridge]: [CloudCrop] 3214 -> 15 pts (0%)
[WARN] [1783522814.803] [/local_avoidance]: [local_avoidance] ACTIVATED  (min_dist=0.34 m, idx=8383)
[INFO] [1783522814.853] [/local_avoidance]: [local_avoidance] DEACTIVATED
[WARN] [1783522814.906] [/local_avoidance]: [local_avoidance] ACTIVATED  (min_dist=0.35 m, idx=7823)
[INFO] [1783522814.958] [/local_avoidance]: [local_avoidance] DEACTIVATED
[WARN] [1783522815.003] [/local_avoidance]: [local_avoidance] ACTIVATED  (min_dist=0.34 m, idx=8823)
[INFO] [1783522815.055] [/local_avoidance]: [local_avoidance] DEACTIVATED
[WARN] [1783522815.110] [/local_avoidance]: [local_avoidance] ACTIVATED  (min_dist=0.35 m, idx=8571)
[INFO] [1783522815.159] [/local_avoidance]: [local_avoidance] DEACTIVATED
[WARN] [1783522815.230] [/local_avoidance]: [local_avoidance] ACTIVATED  (min_dist=0.35 m, idx=1975)
[INFO] [1783522815.261] [/local_avoidance]: [local_avoidance] DEACTIVATED
[WARN] [1783522815.303] [/local_avoidance]: [local_avoidance] ACTIVATED  (min_dist=0.35 m, idx=2802)
[INFO] [1783522815.356] [/local_avoidance]: [local_avoidance] DEACTIVATED
[WARN] [1783522815.404] [/local_avoidance]: [local_avoidance] ACTIVATED  (min_dist=0.35 m, idx=3994)
[INFO] [1783522815.453] [/local_avoidance]: [local_avoidance] DEACTIVATED
[WARN] [1783522815.504] [/local_avoidance]: [local_avoidance] ACTIVATED  (min_dist=0.35 m, idx=9279)
[INFO] [1783522815.554] [/local_avoidance]: [local_avoidance] avoiding...  min_dist=0.59 m
[INFO] [1783522815.953] [/local_avoidance]: [local_avoidance] DEACTIVATED
[WARN] [1783522816.004] [/local_avoidance]: [local_avoidance] ACTIVATED  (min_dist=0.35 m, idx=3707)
[INFO] [1783522816.554] [/local_avoidance]: [local_avoidance] avoiding...  min_dist=0.35 m
[WARN] [1783522816.945] [/exploration_node]: wait for trigger.
[INFO] [1783522817.554] [/local_avoidance]: [local_avoidance] avoiding...  min_dist=0.34 m
[INFO] [1783522818.608] [/local_avoidance]: [local_avoidance] avoiding...  min_dist=0.35 m
[INFO] [1783522819.409] [/local_avoidance]: [local_avoidance] DEACTIVATED
[WARN] [1783522819.459] [/local_avoidance]: [local_avoidance] ACTIVATED  (min_dist=0.35 m, idx=644)
[INFO] [1783522819.604] [/local_avoidance]: [local_avoidance] DEACTIVATED
[WARN] [1783522819.653] [/local_avoidance]: [local_avoidance] ACTIVATED  (min_dist=0.35 m, idx=6958)
[INFO] [1783522819.704] [/local_avoidance]: [local_avoidance] DEACTIVATED
[WARN] [1783522819.754] [/local_avoidance]: [local_avoidance] ACTIVATED  (min_dist=0.35 m, idx=7967)
[INFO] [1783522819.804] [/cloud_crop_bridge]: [CloudCrop] 3164 -> 0 pts (0%)
[INFO] [1783522819.829] [/local_avoidance]: [local_avoidance] DEACTIVATED
[WARN] [1783522819.863] [/local_avoidance]: [local_avoidance] ACTIVATED  (min_dist=0.35 m, idx=1671)
[INFO] [1783522819.929] [/local_avoidance]: [local_avoidance] DEACTIVATED
[WARN] [1783522819.977] [/local_avoidance]: [local_avoidance] ACTIVATED  (min_dist=0.35 m, idx=1560)
[INFO] [1783522820.005] [/local_avoidance]: [local_avoidance] DEACTIVATED
[WARN] [1783522820.054] [/local_avoidance]: [local_avoidance] ACTIVATED  (min_dist=0.35 m, idx=2096)
[INFO] [1783522820.103] [/local_avoidance]: [local_avoidance] DEACTIVATED
[WARN] [1783522820.154] [/local_avoidance]: [local_avoidance] ACTIVATED  (min_dist=0.35 m, idx=8959)
[INFO] [1783522820.203] [/local_avoidance]: [local_avoidance] DEACTIVATED
[WARN] [1783522820.257] [/local_avoidance]: [local_avoidance] ACTIVATED  (min_dist=0.35 m, idx=9865)
[INFO] [1783522820.307] [/local_avoidance]: [local_avoidance] DEACTIVATED
[WARN] [1783522820.363] [/local_avoidance]: [local_avoidance] ACTIVATED  (min_dist=0.35 m, idx=9404)
[INFO] [1783522820.403] [/local_avoidance]: [local_avoidance] DEACTIVATED
[WARN] [1783522820.454] [/local_avoidance]: [local_avoidance] ACTIVATED  (min_dist=0.35 m, idx=3105)
[INFO] [1783522820.507] [/local_avoidance]: [local_avoidance] avoiding...  min_dist=0.36 m
[INFO] [1783522820.604] [/local_avoidance]: [local_avoidance] DEACTIVATED
[WARN] [1783522820.654] [/local_avoidance]: [local_avoidance] ACTIVATED  (min_dist=0.35 m, idx=3557)
[INFO] [1783522821.554] [/local_avoidance]: [local_avoidance] avoiding...  min_dist=0.35 m
[WARN] [1783522821.945] [/exploration_node]: wait for trigger.
[INFO] [1783522822.607] [/local_avoidance]: [local_avoidance] avoiding...  min_dist=0.35 m
[INFO] [1783522823.607] [/local_avoidance]: [local_avoidance] avoiding...  min_dist=0.35 m
[INFO] [1783522824.254] [/local_avoidance]: [local_avoidance] DEACTIVATED
[WARN] [1783522824.309] [/local_avoidance]: [local_avoidance] ACTIVATED  (min_dist=0.35 m, idx=692)
[INFO] [1783522824.361] [/local_avoidance]: [local_avoidance] DEACTIVATED
[WARN] [1783522824.404] [/local_avoidance]: [local_avoidance] ACTIVATED  (min_dist=0.35 m, idx=343)
[INFO] [1783522824.453] [/local_avoidance]: [local_avoidance] DEACTIVATED
[WARN] [1783522824.504] [/local_avoidance]: [local_avoidance] ACTIVATED  (min_dist=0.35 m, idx=1153)
[INFO] [1783522824.556] [/local_avoidance]: [local_avoidance] DEACTIVATED
[WARN] [1783522824.629] [/local_avoidance]: [local_avoidance] ACTIVATED  (min_dist=0.35 m, idx=8088)
[INFO] [1783522824.680] [/local_avoidance]: [local_avoidance] DEACTIVATED
[WARN] [1783522824.704] [/local_avoidance]: [local_avoidance] ACTIVATED  (min_dist=0.35 m, idx=7639)
[INFO] [1783522824.754] [/local_avoidance]: [local_avoidance] DEACTIVATED
[WARN] [1783522824.805] [/local_avoidance]: [local_avoidance] ACTIVATED  (min_dist=0.35 m, idx=8551)
[INFO] [1783522824.852] [/cloud_crop_bridge]: [CloudCrop] 3203 -> 0 pts (0%)
[INFO] [1783522824.854] [/local_avoidance]: [local_avoidance] DEACTIVATED
[WARN] [1783522824.905] [/local_avoidance]: [local_avoidance] ACTIVATED  (min_dist=0.35 m, idx=8091)
[INFO] [1783522824.955] [/local_avoidance]: [local_avoidance] DEACTIVATED
[WARN] [1783522825.003] [/local_avoidance]: [local_avoidance] ACTIVATED  (min_dist=0.35 m, idx=1777)
[INFO] [1783522825.055] [/local_avoidance]: [local_avoidance] DEACTIVATED
[WARN] [1783522825.105] [/local_avoidance]: [local_avoidance] ACTIVATED  (min_dist=0.34 m, idx=1231)
[INFO] [1783522825.157] [/local_avoidance]: [local_avoidance] avoiding...  min_dist=0.60 m
[INFO] [1783522825.253] [/local_avoidance]: [local_avoidance] DEACTIVATED
[WARN] [1783522825.304] [/local_avoidance]: [local_avoidance] ACTIVATED  (min_dist=0.35 m, idx=9086)
[INFO] [1783522825.578] [/local_avoidance]: [local_avoidance] DEACTIVATED
[WARN] [1783522825.609] [/local_avoidance]: [local_avoidance] ACTIVATED  (min_dist=0.35 m, idx=3137)
[INFO] [1783522825.755] [/local_avoidance]: [local_avoidance] DEACTIVATED
[WARN] [1783522825.804] [/local_avoidance]: [local_avoidance] ACTIVATED  (min_dist=0.35 m, idx=10107)
[INFO] [1783522826.161] [/local_avoidance]: [local_avoidance] avoiding...  min_dist=0.35 m
[WARN] [1783522826.951] [/exploration_node]: wait for trigger.
[INFO] [1783522827.204] [/local_avoidance]: [local_avoidance] avoiding...  min_dist=0.34 m
[INFO] [1783522828.204] [/local_avoidance]: [local_avoidance] avoiding...  min_dist=0.35 m
[INFO] [1783522829.209] [/local_avoidance]: [local_avoidance] DEACTIVATED
[WARN] [1783522829.254] [/local_avoidance]: [local_avoidance] ACTIVATED  (min_dist=0.35 m, idx=390)
[INFO] [1783522829.303] [/local_avoidance]: [local_avoidance] avoiding...  min_dist=0.34 m
[INFO] [1783522829.429] [/local_avoidance]: [local_avoidance] DEACTIVATED
[WARN] [1783522829.457] [/local_avoidance]: [local_avoidance] ACTIVATED  (min_dist=0.34 m, idx=8416)
[INFO] [1783522829.508] [/local_avoidance]: [local_avoidance] DEACTIVATED
[WARN] [1783522829.553] [/local_avoidance]: [local_avoidance] ACTIVATED  (min_dist=0.35 m, idx=7779)
[INFO] [1783522829.603] [/local_avoidance]: [local_avoidance] DEACTIVATED
[WARN] [1783522829.653] [/local_avoidance]: [local_avoidance] ACTIVATED  (min_dist=0.35 m, idx=1294)
[INFO] [1783522829.710] [/local_avoidance]: [local_avoidance] DEACTIVATED
[WARN] [1783522829.759] [/local_avoidance]: [local_avoidance] ACTIVATED  (min_dist=0.34 m, idx=8331)
[INFO] [1783522829.805] [/local_avoidance]: [local_avoidance] DEACTIVATED
[WARN] [1783522829.854] [/local_avoidance]: [local_avoidance] ACTIVATED  (min_dist=0.35 m, idx=7675)
[INFO] [1783522829.902] [/cloud_crop_bridge]: [CloudCrop] 3198 -> 0 pts (0%)
[INFO] [1783522829.905] [/local_avoidance]: [local_avoidance] DEACTIVATED
[WARN] [1783522829.953] [/local_avoidance]: [local_avoidance] ACTIVATED  (min_dist=0.35 m, idx=8668)
[INFO] [1783522830.005] [/local_avoidance]: [local_avoidance] DEACTIVATED
[WARN] [1783522830.055] [/local_avoidance]: [local_avoidance] ACTIVATED  (min_dist=0.35 m, idx=2368)
[INFO] [1783522830.129] [/local_avoidance]: [local_avoidance] DEACTIVATED
[WARN] [1783522830.154] [/local_avoidance]: [local_avoidance] ACTIVATED  (min_dist=0.35 m, idx=1817)
[INFO] [1783522830.203] [/local_avoidance]: [local_avoidance] DEACTIVATED
[WARN] [1783522830.253] [/local_avoidance]: [local_avoidance] ACTIVATED  (min_dist=0.35 m, idx=7227)
[INFO] [1783522830.305] [/local_avoidance]: [local_avoidance] DEACTIVATED
[WARN] [1783522830.356] [/local_avoidance]: [local_avoidance] ACTIVATED  (min_dist=0.34 m, idx=9679)
[INFO] [1783522830.406] [/local_avoidance]: [local_avoidance] DEACTIVATED
[WARN] [1783522830.479] [/local_avoidance]: [local_avoidance] ACTIVATED  (min_dist=0.35 m, idx=9123)
[INFO] [1783522830.503] [/local_avoidance]: [local_avoidance] avoiding...  min_dist=0.59 m
[INFO] [1783522830.603] [/local_avoidance]: [local_avoidance] DEACTIVATED
[WARN] [1783522830.654] [/local_avoidance]: [local_avoidance] ACTIVATED  (min_dist=0.35 m, idx=9667)
[INFO] [1783522831.504] [/local_avoidance]: [local_avoidance] avoiding...  min_dist=0.35 m
[WARN] [1783522831.955] [/exploration_node]: wait for trigger.
[INFO] [1783522832.504] [/local_avoidance]: [local_avoidance] avoiding...  min_dist=0.35 m
[INFO] [1783522833.529] [/local_avoidance]: [local_avoidance] avoiding...  min_dist=0.35 m
[INFO] [1783522834.055] [/local_avoidance]: [local_avoidance] DEACTIVATED
[WARN] [1783522834.128] [/local_avoidance]: [local_avoidance] ACTIVATED  (min_dist=0.35 m, idx=6267)
[INFO] [1783522834.353] [/local_avoidance]: [local_avoidance] DEACTIVATED
[WARN] [1783522834.405] [/local_avoidance]: [local_avoidance] ACTIVATED  (min_dist=0.35 m, idx=7813)
[INFO] [1783522834.554] [/local_avoidance]: [local_avoidance] DEACTIVATED
[WARN] [1783522834.605] [/local_avoidance]: [local_avoidance] ACTIVATED  (min_dist=0.35 m, idx=1044)
[INFO] [1783522834.653] [/local_avoidance]: [local_avoidance] DEACTIVATED
[WARN] [1783522834.703] [/local_avoidance]: [local_avoidance] ACTIVATED  (min_dist=0.34 m, idx=490)
[INFO] [1783522834.753] [/local_avoidance]: [local_avoidance] avoiding...  min_dist=0.60 m
[INFO] [1783522834.858] [/local_avoidance]: [local_avoidance] DEACTIVATED
[WARN] [1783522834.908] [/local_avoidance]: [local_avoidance] ACTIVATED  (min_dist=0.34 m, idx=1143)
[INFO] [1783522834.925] [/cloud_crop_bridge]: [CloudCrop] 2407 -> 791 pts (33%)
[INFO] [1783522834.956] [/local_avoidance]: [local_avoidance] DEACTIVATED
[WARN] [1783522835.005] [/local_avoidance]: [local_avoidance] ACTIVATED  (min_dist=0.34 m, idx=9737)
[INFO] [1783522835.054] [/local_avoidance]: [local_avoidance] DEACTIVATED
[WARN] [1783522835.104] [/local_avoidance]: [local_avoidance] ACTIVATED  (min_dist=0.34 m, idx=1599)
[INFO] [1783522835.153] [/local_avoidance]: [local_avoidance] DEACTIVATED
[WARN] [1783522835.204] [/local_avoidance]: [local_avoidance] ACTIVATED  (min_dist=0.35 m, idx=2510)
[INFO] [1783522835.255] [/local_avoidance]: [local_avoidance] DEACTIVATED
[WARN] [1783522835.308] [/local_avoidance]: [local_avoidance] ACTIVATED  (min_dist=0.35 m, idx=1951)
[INFO] [1783522835.553] [/local_avoidance]: [local_avoidance] DEACTIVATED
[WARN] [1783522835.604] [/local_avoidance]: [local_avoidance] ACTIVATED  (min_dist=0.35 m, idx=3414)
[INFO] [1783522835.758] [/local_avoidance]: [local_avoidance] avoiding...  min_dist=0.35 m
[INFO] [1783522836.805] [/local_avoidance]: [local_avoidance] avoiding...  min_dist=0.34 m
[WARN] [1783522836.969] [/exploration_node]: wait for trigger.
[INFO] [1783522837.854] [/local_avoidance]: [local_avoidance] avoiding...  min_dist=0.34 m
[INFO] [1783522838.855] [/local_avoidance]: [local_avoidance] avoiding...  min_dist=0.35 m
[INFO] [1783522839.211] [/local_avoidance]: [local_avoidance] DEACTIVATED
[WARN] [1783522839.257] [/local_avoidance]: [local_avoidance] ACTIVATED  (min_dist=0.35 m, idx=553)
[INFO] [1783522839.506] [/local_avoidance]: [local_avoidance] DEACTIVATED
[INFO] [1783522839.535] [/exploration_node]: [EV] [1783522839.535][    +93.7s][WAIT_TRIGGER] Avoidance: Deactivated  <->  Activated | cycling x411 over 92.7s
[WARN] [1783522839.553] [/local_avoidance]: [local_avoidance] ACTIVATED  (min_dist=0.35 m, idx=643)
[INFO] [1783522839.613] [/local_avoidance]: [local_avoidance] DEACTIVATED
[WARN] [1783522839.654] [/local_avoidance]: [local_avoidance] ACTIVATED  (min_dist=0.35 m, idx=8259)
[INFO] [1783522839.708] [/local_avoidance]: [local_avoidance] DEACTIVATED
[WARN] [1783522839.754] [/local_avoidance]: [local_avoidance] ACTIVATED  (min_dist=0.34 m, idx=8495)
[INFO] [1783522839.813] [/local_avoidance]: [local_avoidance] DEACTIVATED
[WARN] [1783522839.853] [/local_avoidance]: [local_avoidance] ACTIVATED  (min_dist=0.35 m, idx=8039)
[INFO] [1783522839.904] [/local_avoidance]: [local_avoidance] avoiding...  min_dist=0.60 m
[INFO] [1783522839.951] [/cloud_crop_bridge]: [CloudCrop] 2373 -> 879 pts (37%)
[INFO] [1783522840.004] [/local_avoidance]: [local_avoidance] DEACTIVATED
[WARN] [1783522840.055] [/local_avoidance]: [local_avoidance] ACTIVATED  (min_dist=0.35 m, idx=1152)
[INFO] [1783522840.129] [/local_avoidance]: [local_avoidance] DEACTIVATED
[WARN] [1783522840.155] [/local_avoidance]: [local_avoidance] ACTIVATED  (min_dist=0.34 m, idx=9582)
[INFO] [1783522840.204] [/local_avoidance]: [local_avoidance] DEACTIVATED
[WARN] [1783522840.254] [/local_avoidance]: [local_avoidance] ACTIVATED  (min_dist=0.34 m, idx=1627)
[INFO] [1783522840.304] [/local_avoidance]: [local_avoidance] DEACTIVATED
[WARN] [1783522840.354] [/local_avoidance]: [local_avoidance] ACTIVATED  (min_dist=0.34 m, idx=9837)
[INFO] [1783522840.405] [/local_avoidance]: [local_avoidance] DEACTIVATED
[WARN] [1783522840.454] [/local_avoidance]: [local_avoidance] ACTIVATED  (min_dist=0.34 m, idx=9395)
[INFO] [1783522840.503] [/local_avoidance]: [local_avoidance] DEACTIVATED
[WARN] [1783522840.555] [/local_avoidance]: [local_avoidance] ACTIVATED  (min_dist=0.35 m, idx=3195)
[INFO] [1783522840.706] [/local_avoidance]: [local_avoidance] DEACTIVATED
[WARN] [1783522840.759] [/local_avoidance]: [local_avoidance] ACTIVATED  (min_dist=0.35 m, idx=9383)
[INFO] [1783522840.904] [/local_avoidance]: [local_avoidance] avoiding...  min_dist=0.35 m
[INFO] [1783522841.904] [/local_avoidance]: [local_avoidance] avoiding...  min_dist=0.35 m
[WARN] [1783522841.975] [/exploration_node]: wait for trigger.
[INFO] [1783522842.954] [/local_avoidance]: [local_avoidance] avoiding...  min_dist=0.34 m
[INFO] [1783522843.956] [/local_avoidance]: [local_avoidance] DEACTIVATED
[WARN] [1783522844.004] [/local_avoidance]: [local_avoidance] ACTIVATED  (min_dist=0.34 m, idx=7754)
[INFO] [1783522844.053] [/local_avoidance]: [local_avoidance] avoiding...  min_dist=0.35 m
[INFO] [1783522844.354] [/local_avoidance]: [local_avoidance] DEACTIVATED
[WARN] [1783522844.428] [/local_avoidance]: [local_avoidance] ACTIVATED  (min_dist=0.34 m, idx=8461)
[INFO] [1783522844.459] [/local_avoidance]: [local_avoidance] DEACTIVATED
[WARN] [1783522844.503] [/local_avoidance]: [local_avoidance] ACTIVATED  (min_dist=0.35 m, idx=7723)
[INFO] [1783522844.557] [/local_avoidance]: [local_avoidance] DEACTIVATED
[WARN] [1783522844.629] [/local_avoidance]: [local_avoidance] ACTIVATED  (min_dist=0.35 m, idx=7075)
[INFO] [1783522844.653] [/local_avoidance]: [local_avoidance] DEACTIVATED
[WARN] [1783522844.704] [/local_avoidance]: [local_avoidance] ACTIVATED  (min_dist=0.35 m, idx=8175)
[INFO] [1783522844.758] [/local_avoidance]: [local_avoidance] DEACTIVATED
[WARN] [1783522844.829] [/local_avoidance]: [local_avoidance] ACTIVATED  (min_dist=0.35 m, idx=7619)
[INFO] [1783522844.853] [/local_avoidance]: [local_avoidance] DEACTIVATED
[WARN] [1783522844.903] [/local_avoidance]: [local_avoidance] ACTIVATED  (min_dist=0.35 m, idx=1327)
[INFO] [1783522844.956] [/cloud_crop_bridge]: [CloudCrop] 3230 -> 0 pts (0%)
[INFO] [1783522844.978] [/local_avoidance]: [local_avoidance] DEACTIVATED
[WARN] [1783522845.009] [/local_avoidance]: [local_avoidance] ACTIVATED  (min_dist=0.34 m, idx=9524)
[INFO] [1783522845.056] [/local_avoidance]: [local_avoidance] DEACTIVATED
[WARN] [1783522845.106] [/local_avoidance]: [local_avoidance] ACTIVATED  (min_dist=0.34 m, idx=9066)
[INFO] [1783522845.154] [/local_avoidance]: [local_avoidance] DEACTIVATED
[WARN] [1783522845.203] [/local_avoidance]: [local_avoidance] ACTIVATED  (min_dist=0.35 m, idx=2778)
[INFO] [1783522845.278] [/local_avoidance]: [local_avoidance] DEACTIVATED
[WARN] [1783522845.309] [/local_avoidance]: [local_avoidance] ACTIVATED  (min_dist=0.34 m, idx=9527)
[INFO] [1783522845.379] [/local_avoidance]: [local_avoidance] DEACTIVATED
[WARN] [1783522845.404] [/local_avoidance]: [local_avoidance] ACTIVATED  (min_dist=0.35 m, idx=9067)
[INFO] [1783522845.454] [/local_avoidance]: [local_avoidance] avoiding...  min_dist=0.58 m
[INFO] [1783522845.553] [/local_avoidance]: [local_avoidance] DEACTIVATED
[WARN] [1783522845.604] [/local_avoidance]: [local_avoidance] ACTIVATED  (min_dist=0.35 m, idx=9519)
[INFO] [1783522845.658] [/local_avoidance]: [local_avoidance] DEACTIVATED
[WARN] [1783522845.705] [/local_avoidance]: [local_avoidance] ACTIVATED  (min_dist=0.35 m, idx=3053)
[INFO] [1783522846.504] [/local_avoidance]: [local_avoidance] avoiding...  min_dist=0.35 m
[WARN] [1783522846.985] [/exploration_node]: wait for trigger.
[INFO] [1783522847.506] [/local_avoidance]: [local_avoidance] avoiding...  min_dist=0.35 m
[INFO] [1783522848.557] [/local_avoidance]: [local_avoidance] avoiding...  min_dist=0.35 m
[INFO] [1783522849.204] [/local_avoidance]: [local_avoidance] DEACTIVATED
[WARN] [1783522849.255] [/local_avoidance]: [local_avoidance] ACTIVATED  (min_dist=0.35 m, idx=6759)
[INFO] [1783522849.305] [/local_avoidance]: [local_avoidance] DEACTIVATED
[WARN] [1783522849.360] [/local_avoidance]: [local_avoidance] ACTIVATED  (min_dist=0.35 m, idx=6302)
[INFO] [1783522849.503] [/local_avoidance]: [local_avoidance] DEACTIVATED
[WARN] [1783522849.559] [/local_avoidance]: [local_avoidance] ACTIVATED  (min_dist=0.35 m, idx=6859)
[INFO] [1783522849.606] [/local_avoidance]: [local_avoidance] DEACTIVATED
[WARN] [1783522849.655] [/local_avoidance]: [local_avoidance] ACTIVATED  (min_dist=0.35 m, idx=451)
[INFO] [1783522849.728] [/local_avoidance]: [local_avoidance] DEACTIVATED
[WARN] [1783522849.753] [/local_avoidance]: [local_avoidance] ACTIVATED  (min_dist=0.35 m, idx=8666)
[INFO] [1783522849.804] [/local_avoidance]: [local_avoidance] DEACTIVATED
[WARN] [1783522849.854] [/local_avoidance]: [local_avoidance] ACTIVATED  (min_dist=0.34 m, idx=991)
[INFO] [1783522849.904] [/local_avoidance]: [local_avoidance] DEACTIVATED
[WARN] [1783522849.953] [/local_avoidance]: [local_avoidance] ACTIVATED  (min_dist=0.35 m, idx=7751)
[INFO] [1783522850.006] [/local_avoidance]: [local_avoidance] DEACTIVATED
[INFO] [1783522850.011] [/cloud_crop_bridge]: [CloudCrop] 3217 -> 0 pts (0%)
[WARN] [1783522850.059] [/local_avoidance]: [local_avoidance] ACTIVATED  (min_dist=0.35 m, idx=8755)
[INFO] [1783522850.105] [/local_avoidance]: [local_avoidance] DEACTIVATED
[WARN] [1783522850.153] [/local_avoidance]: [local_avoidance] ACTIVATED  (min_dist=0.35 m, idx=9757)
[INFO] [1783522850.204] [/local_avoidance]: [local_avoidance] DEACTIVATED
[WARN] [1783522850.254] [/local_avoidance]: [local_avoidance] ACTIVATED  (min_dist=0.35 m, idx=9297)
[INFO] [1783522850.303] [/local_avoidance]: [local_avoidance] DEACTIVATED
[WARN] [1783522850.353] [/local_avoidance]: [local_avoidance] ACTIVATED  (min_dist=0.35 m, idx=8747)
[INFO] [1783522850.405] [/local_avoidance]: [local_avoidance] avoiding...  min_dist=0.36 m
[INFO] [1783522850.506] [/local_avoidance]: [local_avoidance] DEACTIVATED
[WARN] [1783522850.555] [/local_avoidance]: [local_avoidance] ACTIVATED  (min_dist=0.35 m, idx=9199)
[INFO] [1783522851.408] [/local_avoidance]: [local_avoidance] avoiding...  min_dist=0.35 m
[WARN] [1783522851.995] [/exploration_node]: wait for trigger.
[INFO] [1783522852.453] [/local_avoidance]: [local_avoidance] avoiding...  min_dist=0.35 m
[INFO] [1783522853.454] [/local_avoidance]: [local_avoidance] avoiding...  min_dist=0.35 m
[INFO] [1783522854.158] [/local_avoidance]: [local_avoidance] DEACTIVATED
[WARN] [1783522854.203] [/local_avoidance]: [local_avoidance] ACTIVATED  (min_dist=0.35 m, idx=593)
[INFO] [1783522854.279] [/local_avoidance]: [local_avoidance] DEACTIVATED
[WARN] [1783522854.304] [/local_avoidance]: [local_avoidance] ACTIVATED  (min_dist=0.35 m, idx=400)
[INFO] [1783522854.454] [/local_avoidance]: [local_avoidance] DEACTIVATED
[WARN] [1783522854.503] [/local_avoidance]: [local_avoidance] ACTIVATED  (min_dist=0.35 m, idx=7991)
[INFO] [1783522854.554] [/local_avoidance]: [local_avoidance] avoiding...  min_dist=0.59 m
[INFO] [1783522854.678] [/local_avoidance]: [local_avoidance] DEACTIVATED
[WARN] [1783522854.705] [/local_avoidance]: [local_avoidance] ACTIVATED  (min_dist=0.35 m, idx=1811)
[INFO] [1783522854.756] [/local_avoidance]: [local_avoidance] DEACTIVATED
[WARN] [1783522854.805] [/local_avoidance]: [local_avoidance] ACTIVATED  (min_dist=0.35 m, idx=8271)
[INFO] [1783522854.953] [/local_avoidance]: [local_avoidance] DEACTIVATED
[WARN] [1783522855.003] [/local_avoidance]: [local_avoidance] ACTIVATED  (min_dist=0.35 m, idx=8429)
[INFO] [1783522855.053] [/cloud_crop_bridge]: [CloudCrop] 3169 -> 0 pts (0%)
[INFO] [1783522855.054] [/local_avoidance]: [local_avoidance] DEACTIVATED
[WARN] [1783522855.104] [/local_avoidance]: [local_avoidance] ACTIVATED  (min_dist=0.35 m, idx=9429)
[INFO] [1783522855.154] [/local_avoidance]: [local_avoidance] DEACTIVATED
[WARN] [1783522855.203] [/local_avoidance]: [local_avoidance] ACTIVATED  (min_dist=0.35 m, idx=8891)
[INFO] [1783522855.260] [/local_avoidance]: [local_avoidance] DEACTIVATED
[WARN] [1783522855.305] [/local_avoidance]: [local_avoidance] ACTIVATED  (min_dist=0.35 m, idx=8619)
[INFO] [1783522855.353] [/local_avoidance]: [local_avoidance] DEACTIVATED
[WARN] [1783522855.404] [/local_avoidance]: [local_avoidance] ACTIVATED  (min_dist=0.35 m, idx=2110)
[INFO] [1783522855.454] [/local_avoidance]: [local_avoidance] DEACTIVATED
[WARN] [1783522855.506] [/local_avoidance]: [local_avoidance] ACTIVATED  (min_dist=0.35 m, idx=8887)
[INFO] [1783522855.557] [/local_avoidance]: [local_avoidance] avoiding...  min_dist=0.35 m
[INFO] [1783522855.654] [/local_avoidance]: [local_avoidance] DEACTIVATED
[WARN] [1783522855.703] [/local_avoidance]: [local_avoidance] ACTIVATED  (min_dist=0.35 m, idx=4957)
[INFO] [1783522856.628] [/local_avoidance]: [local_avoidance] avoiding...  min_dist=0.35 m
[WARN] [1783522857.005] [/exploration_node]: wait for trigger.
[INFO] [1783522857.653] [/local_avoidance]: [local_avoidance] avoiding...  min_dist=0.35 m
[INFO] [1783522858.703] [/local_avoidance]: [local_avoidance] avoiding...  min_dist=0.35 m
[INFO] [1783522859.305] [/local_avoidance]: [local_avoidance] DEACTIVATED
[WARN] [1783522859.353] [/local_avoidance]: [local_avoidance] ACTIVATED  (min_dist=0.35 m, idx=616)
[INFO] [1783522859.407] [/local_avoidance]: [local_avoidance] DEACTIVATED
[WARN] [1783522859.459] [/local_avoidance]: [local_avoidance] ACTIVATED  (min_dist=0.35 m, idx=263)
[INFO] [1783522859.604] [/local_avoidance]: [local_avoidance] DEACTIVATED
[WARN] [1783522859.655] [/local_avoidance]: [local_avoidance] ACTIVATED  (min_dist=0.35 m, idx=811)
[INFO] [1783522859.728] [/local_avoidance]: [local_avoidance] DEACTIVATED
[WARN] [1783522859.754] [/local_avoidance]: [local_avoidance] ACTIVATED  (min_dist=0.35 m, idx=1817)
[INFO] [1783522859.829] [/local_avoidance]: [local_avoidance] DEACTIVATED
[WARN] [1783522859.858] [/local_avoidance]: [local_avoidance] ACTIVATED  (min_dist=0.34 m, idx=8850)
[INFO] [1783522859.903] [/local_avoidance]: [local_avoidance] DEACTIVATED
[WARN] [1783522859.953] [/local_avoidance]: [local_avoidance] ACTIVATED  (min_dist=0.35 m, idx=2178)
[INFO] [1783522860.006] [/local_avoidance]: [local_avoidance] DEACTIVATED
[WARN] [1783522860.055] [/local_avoidance]: [local_avoidance] ACTIVATED  (min_dist=0.35 m, idx=9305)
[INFO] [1783522860.107] [/local_avoidance]: [local_avoidance] DEACTIVATED
[INFO] [1783522860.108] [/cloud_crop_bridge]: [CloudCrop] 3105 -> 0 pts (0%)
[WARN] [1783522860.156] [/local_avoidance]: [local_avoidance] ACTIVATED  (min_dist=0.35 m, idx=2822)
[INFO] [1783522860.204] [/local_avoidance]: [local_avoidance] DEACTIVATED
[WARN] [1783522860.254] [/local_avoidance]: [local_avoidance] ACTIVATED  (min_dist=0.35 m, idx=9571)
[INFO] [1783522860.308] [/local_avoidance]: [local_avoidance] DEACTIVATED
[WARN] [1783522860.361] [/local_avoidance]: [local_avoidance] ACTIVATED  (min_dist=0.35 m, idx=9015)
[INFO] [1783522860.407] [/local_avoidance]: [local_avoidance] avoiding...  min_dist=0.59 m
[INFO] [1783522860.504] [/local_avoidance]: [local_avoidance] DEACTIVATED
[WARN] [1783522860.553] [/local_avoidance]: [local_avoidance] ACTIVATED  (min_dist=0.35 m, idx=7983)
[INFO] [1783522861.455] [/local_avoidance]: [local_avoidance] avoiding...  min_dist=0.35 m
[WARN] [1783522862.015] [/exploration_node]: wait for trigger.
[INFO] [1783522862.506] [/local_avoidance]: [local_avoidance] avoiding...  min_dist=0.35 m
[INFO] [1783522863.556] [/local_avoidance]: [local_avoidance] avoiding...  min_dist=0.35 m
[INFO] [1783522864.254] [/local_avoidance]: [local_avoidance] DEACTIVATED
[WARN] [1783522864.303] [/local_avoidance]: [local_avoidance] ACTIVATED  (min_dist=0.35 m, idx=7700)
[INFO] [1783522864.454] [/local_avoidance]: [local_avoidance] DEACTIVATED
[WARN] [1783522864.503] [/local_avoidance]: [local_avoidance] ACTIVATED  (min_dist=0.35 m, idx=8250)
[INFO] [1783522864.553] [/local_avoidance]: [local_avoidance] DEACTIVATED
[WARN] [1783522864.603] [/local_avoidance]: [local_avoidance] ACTIVATED  (min_dist=0.35 m, idx=7702)
[INFO] [1783522864.653] [/local_avoidance]: [local_avoidance] DEACTIVATED
[WARN] [1783522864.705] [/local_avoidance]: [local_avoidance] ACTIVATED  (min_dist=0.35 m, idx=8706)
[INFO] [1783522864.756] [/local_avoidance]: [local_avoidance] DEACTIVATED
[WARN] [1783522864.804] [/local_avoidance]: [local_avoidance] ACTIVATED  (min_dist=0.34 m, idx=939)
[INFO] [1783522864.853] [/local_avoidance]: [local_avoidance] DEACTIVATED
[WARN] [1783522864.904] [/local_avoidance]: [local_avoidance] ACTIVATED  (min_dist=0.35 m, idx=9245)
[INFO] [1783522864.955] [/local_avoidance]: [local_avoidance] DEACTIVATED
[WARN] [1783522865.006] [/local_avoidance]: [local_avoidance] ACTIVATED  (min_dist=0.34 m, idx=1399)
[INFO] [1783522865.056] [/local_avoidance]: [local_avoidance] DEACTIVATED
[WARN] [1783522865.105] [/local_avoidance]: [local_avoidance] ACTIVATED  (min_dist=0.35 m, idx=2297)
[INFO] [1783522865.132] [/cloud_crop_bridge]: [CloudCrop] 2323 -> 822 pts (35%)
[INFO] [1783522865.156] [/local_avoidance]: [local_avoidance] DEACTIVATED
[WARN] [1783522865.204] [/local_avoidance]: [local_avoidance] ACTIVATED  (min_dist=0.35 m, idx=1916)
[INFO] [1783522865.253] [/local_avoidance]: [local_avoidance] DEACTIVATED
[WARN] [1783522865.304] [/local_avoidance]: [local_avoidance] ACTIVATED  (min_dist=0.35 m, idx=10153)
[INFO] [1783522865.354] [/local_avoidance]: [local_avoidance] DEACTIVATED
[WARN] [1783522865.404] [/local_avoidance]: [local_avoidance] ACTIVATED  (min_dist=0.34 m, idx=2399)
[INFO] [1783522865.453] [/local_avoidance]: [local_avoidance] DEACTIVATED
[WARN] [1783522865.505] [/local_avoidance]: [local_avoidance] ACTIVATED  (min_dist=0.35 m, idx=9239)
[INFO] [1783522865.556] [/local_avoidance]: [local_avoidance] avoiding...  min_dist=0.35 m
[INFO] [1783522865.654] [/local_avoidance]: [local_avoidance] DEACTIVATED
[WARN] [1783522865.703] [/local_avoidance]: [local_avoidance] ACTIVATED  (min_dist=0.35 m, idx=9699)
[INFO] [1783522866.606] [/local_avoidance]: [local_avoidance] avoiding...  min_dist=0.35 m
[WARN] [1783522867.015] [/exploration_node]: wait for trigger.
[INFO] [1783522867.654] [/local_avoidance]: [local_avoidance] avoiding...  min_dist=0.35 m
[INFO] [1783522868.704] [/local_avoidance]: [local_avoidance] avoiding...  min_dist=0.35 m
[INFO] [1783522869.306] [/local_avoidance]: [local_avoidance] DEACTIVATED
[WARN] [1783522869.360] [/local_avoidance]: [local_avoidance] ACTIVATED  (min_dist=0.35 m, idx=911)
[INFO] [1783522869.407] [/local_avoidance]: [local_avoidance] DEACTIVATED
[WARN] [1783522869.453] [/local_avoidance]: [local_avoidance] ACTIVATED  (min_dist=0.35 m, idx=7673)
[INFO] [1783522869.503] [/local_avoidance]: [local_avoidance] DEACTIVATED
[WARN] [1783522869.554] [/local_avoidance]: [local_avoidance] ACTIVATED  (min_dist=0.35 m, idx=8744)
[WARN] [1783522869.586] [/exploration_node]: [EV] [1783522869.585][   +123.7s][WAIT_TRIGGER] Avoidance: Activated  <->  Deactivated | cycling x562 over 122.7s
[INFO] [1783522869.604] [/local_avoidance]: [local_avoidance] DEACTIVATED
[WARN] [1783522869.653] [/local_avoidance]: [local_avoidance] ACTIVATED  (min_dist=0.35 m, idx=1091)
[INFO] [1783522869.704] [/local_avoidance]: [local_avoidance] DEACTIVATED
[WARN] [1783522869.755] [/local_avoidance]: [local_avoidance] ACTIVATED  (min_dist=0.35 m, idx=7831)
[INFO] [1783522869.815] [/local_avoidance]: [local_avoidance] DEACTIVATED
[WARN] [1783522869.853] [/local_avoidance]: [local_avoidance] ACTIVATED  (min_dist=0.35 m, idx=1612)
[INFO] [1783522869.928] [/local_avoidance]: [local_avoidance] DEACTIVATED
[WARN] [1783522869.953] [/local_avoidance]: [local_avoidance] ACTIVATED  (min_dist=0.35 m, idx=8867)
[INFO] [1783522870.004] [/local_avoidance]: [local_avoidance] DEACTIVATED
[WARN] [1783522870.054] [/local_avoidance]: [local_avoidance] ACTIVATED  (min_dist=0.35 m, idx=1978)
[INFO] [1783522870.104] [/local_avoidance]: [local_avoidance] DEACTIVATED
[INFO] [1783522870.152] [/cloud_crop_bridge]: [CloudCrop] 2384 -> 772 pts (32%)
[WARN] [1783522870.153] [/local_avoidance]: [local_avoidance] ACTIVATED  (min_dist=0.35 m, idx=1496)
[INFO] [1783522870.206] [/local_avoidance]: [local_avoidance] DEACTIVATED
[WARN] [1783522870.258] [/local_avoidance]: [local_avoidance] ACTIVATED  (min_dist=0.35 m, idx=2512)
[INFO] [1783522870.306] [/local_avoidance]: [local_avoidance] DEACTIVATED
[WARN] [1783522870.357] [/local_avoidance]: [local_avoidance] ACTIVATED  (min_dist=0.35 m, idx=9575)
[INFO] [1783522870.429] [/local_avoidance]: [local_avoidance] avoiding...  min_dist=0.60 m
[INFO] [1783522870.603] [/local_avoidance]: [local_avoidance] DEACTIVATED
[WARN] [1783522870.656] [/local_avoidance]: [local_avoidance] ACTIVATED  (min_dist=0.35 m, idx=3425)
[INFO] [1783522871.454] [/local_avoidance]: [local_avoidance] avoiding...  min_dist=0.35 m
[WARN] [1783522872.025] [/exploration_node]: wait for trigger.
[INFO] [1783522872.454] [/local_avoidance]: [local_avoidance] avoiding...  min_dist=0.34 m
[INFO] [1783522873.505] [/local_avoidance]: [local_avoidance] avoiding...  min_dist=0.35 m
[INFO] [1783522874.356] [/local_avoidance]: [local_avoidance] DEACTIVATED
[WARN] [1783522874.409] [/local_avoidance]: [local_avoidance] ACTIVATED  (min_dist=0.35 m, idx=7806)
[INFO] [1783522874.461] [/local_avoidance]: [local_avoidance] DEACTIVATED
[WARN] [1783522874.504] [/local_avoidance]: [local_avoidance] ACTIVATED  (min_dist=0.35 m, idx=1903)
[INFO] [1783522874.553] [/local_avoidance]: [local_avoidance] DEACTIVATED
[WARN] [1783522874.604] [/local_avoidance]: [local_avoidance] ACTIVATED  (min_dist=0.34 m, idx=842)
[INFO] [1783522874.656] [/local_avoidance]: [local_avoidance] DEACTIVATED
[WARN] [1783522874.705] [/local_avoidance]: [local_avoidance] ACTIVATED  (min_dist=0.35 m, idx=1761)
[INFO] [1783522874.760] [/local_avoidance]: [local_avoidance] DEACTIVATED
[WARN] [1783522874.804] [/local_avoidance]: [local_avoidance] ACTIVATED  (min_dist=0.35 m, idx=8705)
[INFO] [1783522874.854] [/local_avoidance]: [local_avoidance] DEACTIVATED
[WARN] [1783522874.932] [/local_avoidance]: [local_avoidance] ACTIVATED  (min_dist=0.35 m, idx=7963)
[INFO] [1783522874.955] [/local_avoidance]: [local_avoidance] DEACTIVATED
[WARN] [1783522875.006] [/local_avoidance]: [local_avoidance] ACTIVATED  (min_dist=0.34 m, idx=1650)
[INFO] [1783522875.055] [/local_avoidance]: [local_avoidance] DEACTIVATED
[WARN] [1783522875.103] [/local_avoidance]: [local_avoidance] ACTIVATED  (min_dist=0.35 m, idx=9087)
[INFO] [1783522875.153] [/cloud_crop_bridge]: [CloudCrop] 3184 -> 19 pts (1%)
[INFO] [1783522875.154] [/local_avoidance]: [local_avoidance] DEACTIVATED
[WARN] [1783522875.203] [/local_avoidance]: [local_avoidance] ACTIVATED  (min_dist=0.35 m, idx=3641)
[INFO] [1783522875.255] [/local_avoidance]: [local_avoidance] DEACTIVATED
[WARN] [1783522875.331] [/local_avoidance]: [local_avoidance] ACTIVATED  (min_dist=0.35 m, idx=3127)
[INFO] [1783522875.354] [/local_avoidance]: [local_avoidance] DEACTIVATED
[WARN] [1783522875.409] [/local_avoidance]: [local_avoidance] ACTIVATED  (min_dist=0.35 m, idx=2636)
[INFO] [1783522875.454] [/local_avoidance]: [local_avoidance] avoiding...  min_dist=0.60 m
[INFO] [1783522875.554] [/local_avoidance]: [local_avoidance] DEACTIVATED
[WARN] [1783522875.606] [/local_avoidance]: [local_avoidance] ACTIVATED  (min_dist=0.35 m, idx=3211)
[INFO] [1783522876.503] [/local_avoidance]: [local_avoidance] avoiding...  min_dist=0.34 m
[WARN] [1783522877.025] [/exploration_node]: wait for trigger.
[INFO] [1783522877.506] [/local_avoidance]: [local_avoidance] avoiding...  min_dist=0.35 m
[INFO] [1783522878.565] [/local_avoidance]: [local_avoidance] avoiding...  min_dist=0.34 m
[INFO] [1783522879.204] [/local_avoidance]: [local_avoidance] DEACTIVATED
[WARN] [1783522879.254] [/local_avoidance]: [local_avoidance] ACTIVATED  (min_dist=0.35 m, idx=7648)
[INFO] [1783522879.305] [/local_avoidance]: [local_avoidance] DEACTIVATED
[WARN] [1783522879.357] [/local_avoidance]: [local_avoidance] ACTIVATED  (min_dist=0.35 m, idx=7099)
[INFO] [1783522879.408] [/local_avoidance]: [local_avoidance] DEACTIVATED
[WARN] [1783522879.454] [/local_avoidance]: [local_avoidance] ACTIVATED  (min_dist=0.35 m, idx=789)
[INFO] [1783522879.503] [/local_avoidance]: [local_avoidance] DEACTIVATED
[WARN] [1783522879.554] [/local_avoidance]: [local_avoidance] ACTIVATED  (min_dist=0.34 m, idx=435)
[INFO] [1783522879.603] [/local_avoidance]: [local_avoidance] avoiding...  min_dist=0.59 m
[INFO] [1783522879.708] [/local_avoidance]: [local_avoidance] DEACTIVATED
[WARN] [1783522879.756] [/local_avoidance]: [local_avoidance] ACTIVATED  (min_dist=0.34 m, idx=983)
[INFO] [1783522879.828] [/local_avoidance]: [local_avoidance] DEACTIVATED
[WARN] [1783522879.854] [/local_avoidance]: [local_avoidance] ACTIVATED  (min_dist=0.35 m, idx=1793)
[INFO] [1783522879.903] [/local_avoidance]: [local_avoidance] DEACTIVATED
[WARN] [1783522879.954] [/local_avoidance]: [local_avoidance] ACTIVATED  (min_dist=0.34 m, idx=1335)
[INFO] [1783522880.005] [/local_avoidance]: [local_avoidance] DEACTIVATED
[WARN] [1783522880.078] [/local_avoidance]: [local_avoidance] ACTIVATED  (min_dist=0.35 m, idx=2341)
[INFO] [1783522880.104] [/local_avoidance]: [local_avoidance] DEACTIVATED
[WARN] [1783522880.154] [/local_avoidance]: [local_avoidance] ACTIVATED  (min_dist=0.34 m, idx=1874)
[INFO] [1783522880.165] [/cloud_crop_bridge]: [CloudCrop] 2467 -> 821 pts (33%)
[INFO] [1783522880.204] [/local_avoidance]: [local_avoidance] DEACTIVATED
[WARN] [1783522880.254] [/local_avoidance]: [local_avoidance] ACTIVATED  (min_dist=0.35 m, idx=2793)
[INFO] [1783522880.408] [/local_avoidance]: [local_avoidance] DEACTIVATED
[WARN] [1783522880.457] [/local_avoidance]: [local_avoidance] ACTIVATED  (min_dist=0.35 m, idx=9187)
[INFO] [1783522880.604] [/local_avoidance]: [local_avoidance] DEACTIVATED
[WARN] [1783522880.654] [/local_avoidance]: [local_avoidance] ACTIVATED  (min_dist=0.35 m, idx=9639)
[INFO] [1783522880.704] [/local_avoidance]: [local_avoidance] avoiding...  min_dist=0.36 m
[INFO] [1783522881.754] [/local_avoidance]: [local_avoidance] avoiding...  min_dist=0.35 m
[WARN] [1783522882.035] [/exploration_node]: wait for trigger.
[INFO] [1783522882.757] [/local_avoidance]: [local_avoidance] avoiding...  min_dist=0.35 m
[INFO] [1783522883.804] [/local_avoidance]: [local_avoidance] avoiding...  min_dist=0.35 m
[INFO] [1783522884.056] [/local_avoidance]: [local_avoidance] DEACTIVATED
[WARN] [1783522884.104] [/local_avoidance]: [local_avoidance] ACTIVATED  (min_dist=0.35 m, idx=498)
[INFO] [1783522884.254] [/local_avoidance]: [local_avoidance] DEACTIVATED
[WARN] [1783522884.303] [/local_avoidance]: [local_avoidance] ACTIVATED  (min_dist=0.35 m, idx=6783)
[INFO] [1783522884.358] [/local_avoidance]: [local_avoidance] DEACTIVATED
[WARN] [1783522884.404] [/local_avoidance]: [local_avoidance] ACTIVATED  (min_dist=0.35 m, idx=662)
[INFO] [1783522884.554] [/local_avoidance]: [local_avoidance] DEACTIVATED
[WARN] [1783522884.605] [/local_avoidance]: [local_avoidance] ACTIVATED  (min_dist=0.34 m, idx=8431)
[INFO] [1783522884.656] [/local_avoidance]: [local_avoidance] DEACTIVATED
[WARN] [1783522884.708] [/local_avoidance]: [local_avoidance] ACTIVATED  (min_dist=0.35 m, idx=8157)
[INFO] [1783522884.758] [/local_avoidance]: [local_avoidance] DEACTIVATED
[WARN] [1783522884.803] [/local_avoidance]: [local_avoidance] ACTIVATED  (min_dist=0.34 m, idx=8783)
[INFO] [1783522884.854] [/local_avoidance]: [local_avoidance] DEACTIVATED
[WARN] [1783522884.904] [/local_avoidance]: [local_avoidance] ACTIVATED  (min_dist=0.35 m, idx=2440)
[INFO] [1783522884.953] [/local_avoidance]: [local_avoidance] DEACTIVATED
[WARN] [1783522885.007] [/local_avoidance]: [local_avoidance] ACTIVATED  (min_dist=0.35 m, idx=9706)
[INFO] [1783522885.054] [/local_avoidance]: [local_avoidance] DEACTIVATED
[WARN] [1783522885.103] [/local_avoidance]: [local_avoidance] ACTIVATED  (min_dist=0.34 m, idx=1444)
[INFO] [1783522885.155] [/local_avoidance]: [local_avoidance] DEACTIVATED
[INFO] [1783522885.202] [/cloud_crop_bridge]: [CloudCrop] 2388 -> 802 pts (34%)
[WARN] [1783522885.206] [/local_avoidance]: [local_avoidance] ACTIVATED  (min_dist=0.35 m, idx=2556)
[INFO] [1783522885.255] [/local_avoidance]: [local_avoidance] DEACTIVATED
[WARN] [1783522885.304] [/local_avoidance]: [local_avoidance] ACTIVATED  (min_dist=0.35 m, idx=2089)
[INFO] [1783522885.357] [/local_avoidance]: [local_avoidance] avoiding...  min_dist=0.59 m
[INFO] [1783522886.404] [/local_avoidance]: [local_avoidance] avoiding...  min_dist=0.35 m
[WARN] [1783522887.035] [/exploration_node]: wait for trigger.
[INFO] [1783522887.406] [/local_avoidance]: [local_avoidance] avoiding...  min_dist=0.35 m
[INFO] [1783522888.429] [/local_avoidance]: [local_avoidance] avoiding...  min_dist=0.35 m
[INFO] [1783522889.004] [/local_avoidance]: [local_avoidance] DEACTIVATED
[WARN] [1783522889.058] [/local_avoidance]: [local_avoidance] ACTIVATED  (min_dist=0.35 m, idx=6298)
[INFO] [1783522889.207] [/local_avoidance]: [local_avoidance] DEACTIVATED
[WARN] [1783522889.258] [/local_avoidance]: [local_avoidance] ACTIVATED  (min_dist=0.35 m, idx=627)
[INFO] [1783522889.454] [/local_avoidance]: [local_avoidance] avoiding...  min_dist=0.35 m
[INFO] [1783522889.503] [/local_avoidance]: [local_avoidance] DEACTIVATED
[WARN] [1783522889.553] [/local_avoidance]: [local_avoidance] ACTIVATED  (min_dist=0.34 m, idx=8011)
[INFO] [1783522889.706] [/local_avoidance]: [local_avoidance] DEACTIVATED
[WARN] [1783522889.754] [/local_avoidance]: [local_avoidance] ACTIVATED  (min_dist=0.34 m, idx=1451)
[INFO] [1783522889.807] [/local_avoidance]: [local_avoidance] DEACTIVATED
[WARN] [1783522889.854] [/local_avoidance]: [local_avoidance] ACTIVATED  (min_dist=0.35 m, idx=2070)
[INFO] [1783522889.908] [/local_avoidance]: [local_avoidance] DEACTIVATED
[WARN] [1783522889.954] [/local_avoidance]: [local_avoidance] ACTIVATED  (min_dist=0.35 m, idx=1703)
[INFO] [1783522890.003] [/local_avoidance]: [local_avoidance] DEACTIVATED
[WARN] [1783522890.054] [/local_avoidance]: [local_avoidance] ACTIVATED  (min_dist=0.35 m, idx=8551)
[INFO] [1783522890.103] [/local_avoidance]: [local_avoidance] DEACTIVATED
[WARN] [1783522890.154] [/local_avoidance]: [local_avoidance] ACTIVATED  (min_dist=0.34 m, idx=2155)
[INFO] [1783522890.208] [/local_avoidance]: [local_avoidance] DEACTIVATED
[INFO] [1783522890.209] [/cloud_crop_bridge]: [CloudCrop] 3136 -> 0 pts (0%)
[WARN] [1783522890.278] [/local_avoidance]: [local_avoidance] ACTIVATED  (min_dist=0.35 m, idx=3061)
[INFO] [1783522890.309] [/local_avoidance]: [local_avoidance] DEACTIVATED
[WARN] [1783522890.357] [/local_avoidance]: [local_avoidance] ACTIVATED  (min_dist=0.35 m, idx=10007)
[INFO] [1783522890.403] [/local_avoidance]: [local_avoidance] DEACTIVATED
[WARN] [1783522890.454] [/local_avoidance]: [local_avoidance] ACTIVATED  (min_dist=0.35 m, idx=9455)
[INFO] [1783522890.505] [/local_avoidance]: [local_avoidance] avoiding...  min_dist=0.54 m
[INFO] [1783522891.505] [/local_avoidance]: [local_avoidance] avoiding...  min_dist=0.35 m
[WARN] [1783522892.047] [/exploration_node]: wait for trigger.
[INFO] [1783522892.556] [/local_avoidance]: [local_avoidance] avoiding...  min_dist=0.35 m
[INFO] [1783522893.615] [/local_avoidance]: [local_avoidance] avoiding...  min_dist=0.35 m
[INFO] [1783522894.057] [/local_avoidance]: [local_avoidance] DEACTIVATED
[WARN] [1783522894.104] [/local_avoidance]: [local_avoidance] ACTIVATED  (min_dist=0.35 m, idx=6599)
[INFO] [1783522894.154] [/local_avoidance]: [local_avoidance] DEACTIVATED
[WARN] [1783522894.204] [/local_avoidance]: [local_avoidance] ACTIVATED  (min_dist=0.35 m, idx=372)
[INFO] [1783522894.355] [/local_avoidance]: [local_avoidance] DEACTIVATED
[WARN] [1783522894.406] [/local_avoidance]: [local_avoidance] ACTIVATED  (min_dist=0.35 m, idx=6686)
[INFO] [1783522894.459] [/local_avoidance]: [local_avoidance] DEACTIVATED
[WARN] [1783522894.506] [/local_avoidance]: [local_avoidance] ACTIVATED  (min_dist=0.34 m, idx=356)
[INFO] [1783522894.554] [/local_avoidance]: [local_avoidance] DEACTIVATED
[WARN] [1783522894.605] [/local_avoidance]: [local_avoidance] ACTIVATED  (min_dist=0.34 m, idx=8690)
[INFO] [1783522894.653] [/local_avoidance]: [local_avoidance] DEACTIVATED
[WARN] [1783522894.704] [/local_avoidance]: [local_avoidance] ACTIVATED  (min_dist=0.34 m, idx=831)
[INFO] [1783522894.754] [/local_avoidance]: [local_avoidance] DEACTIVATED
[WARN] [1783522894.808] [/local_avoidance]: [local_avoidance] ACTIVATED  (min_dist=0.35 m, idx=1824)
[INFO] [1783522894.855] [/local_avoidance]: [local_avoidance] DEACTIVATED
[WARN] [1783522894.910] [/local_avoidance]: [local_avoidance] ACTIVATED  (min_dist=0.35 m, idx=7238)
[INFO] [1783522894.956] [/local_avoidance]: [local_avoidance] DEACTIVATED
[WARN] [1783522895.003] [/local_avoidance]: [local_avoidance] ACTIVATED  (min_dist=0.35 m, idx=2134)
[INFO] [1783522895.055] [/local_avoidance]: [local_avoidance] DEACTIVATED
[WARN] [1783522895.104] [/local_avoidance]: [local_avoidance] ACTIVATED  (min_dist=0.35 m, idx=9139)
[INFO] [1783522895.159] [/local_avoidance]: [local_avoidance] DEACTIVATED
[WARN] [1783522895.205] [/local_avoidance]: [local_avoidance] ACTIVATED  (min_dist=0.35 m, idx=8581)
[INFO] [1783522895.218] [/cloud_crop_bridge]: [CloudCrop] 2277 -> 754 pts (33%)
[INFO] [1783522895.256] [/local_avoidance]: [local_avoidance] avoiding...  min_dist=0.35 m
[INFO] [1783522895.354] [/local_avoidance]: [local_avoidance] DEACTIVATED
[WARN] [1783522895.406] [/local_avoidance]: [local_avoidance] ACTIVATED  (min_dist=0.35 m, idx=3285)
[INFO] [1783522895.554] [/local_avoidance]: [local_avoidance] DEACTIVATED
[WARN] [1783522895.605] [/local_avoidance]: [local_avoidance] ACTIVATED  (min_dist=0.35 m, idx=9679)
[INFO] [1783522896.304] [/local_avoidance]: [local_avoidance] avoiding...  min_dist=0.35 m
[WARN] [1783522897.055] [/exploration_node]: wait for trigger.
[INFO] [1783522897.307] [/local_avoidance]: [local_avoidance] avoiding...  min_dist=0.35 m
[INFO] [1783522898.357] [/local_avoidance]: [local_avoidance] avoiding...  min_dist=0.35 m
[INFO] [1783522899.303] [/local_avoidance]: [local_avoidance] DEACTIVATED
[WARN] [1783522899.354] [/local_avoidance]: [local_avoidance] ACTIVATED  (min_dist=0.35 m, idx=510)
[INFO] [1783522899.404] [/local_avoidance]: [local_avoidance] DEACTIVATED
[WARN] [1783522899.454] [/local_avoidance]: [local_avoidance] ACTIVATED  (min_dist=0.35 m, idx=1420)
[INFO] [1783522899.528] [/local_avoidance]: [local_avoidance] DEACTIVATED
[WARN] [1783522899.555] [/local_avoidance]: [local_avoidance] ACTIVATED  (min_dist=0.34 m, idx=8270)
[WARN] [1783522899.585] [/exploration_node]: [EV] [1783522899.585][   +153.7s][WAIT_TRIGGER] Avoidance: Activated  <->  Deactivated | cycling x704 over 152.7s
[INFO] [1783522899.610] [/local_avoidance]: [local_avoidance] DEACTIVATED
[WARN] [1783522899.653] [/local_avoidance]: [local_avoidance] ACTIVATED  (min_dist=0.35 m, idx=1982)
[INFO] [1783522899.703] [/local_avoidance]: [local_avoidance] DEACTIVATED
[WARN] [1783522899.754] [/local_avoidance]: [local_avoidance] ACTIVATED  (min_dist=0.35 m, idx=1427)
[INFO] [1783522899.804] [/local_avoidance]: [local_avoidance] DEACTIVATED
[WARN] [1783522899.856] [/local_avoidance]: [local_avoidance] ACTIVATED  (min_dist=0.35 m, idx=2434)
[INFO] [1783522899.906] [/local_avoidance]: [local_avoidance] avoiding...  min_dist=0.55 m
[INFO] [1783522900.016] [/local_avoidance]: [local_avoidance] DEACTIVATED
[WARN] [1783522900.057] [/local_avoidance]: [local_avoidance] ACTIVATED  (min_dist=0.35 m, idx=8717)
[INFO] [1783522900.105] [/local_avoidance]: [local_avoidance] DEACTIVATED
[WARN] [1783522900.154] [/local_avoidance]: [local_avoidance] ACTIVATED  (min_dist=0.35 m, idx=2404)
[INFO] [1783522900.205] [/local_avoidance]: [local_avoidance] DEACTIVATED
[WARN] [1783522900.255] [/local_avoidance]: [local_avoidance] ACTIVATED  (min_dist=0.34 m, idx=1959)
[INFO] [1783522900.260] [/cloud_crop_bridge]: [CloudCrop] 2446 -> 778 pts (32%)
[INFO] [1783522900.406] [/local_avoidance]: [local_avoidance] DEACTIVATED
[WARN] [1783522900.453] [/local_avoidance]: [local_avoidance] ACTIVATED  (min_dist=0.35 m, idx=2407)
[INFO] [1783522900.506] [/local_avoidance]: [local_avoidance] DEACTIVATED
[WARN] [1783522900.555] [/local_avoidance]: [local_avoidance] ACTIVATED  (min_dist=0.35 m, idx=3413)
[INFO] [1783522900.704] [/local_avoidance]: [local_avoidance] DEACTIVATED
[WARN] [1783522900.761] [/local_avoidance]: [local_avoidance] ACTIVATED  (min_dist=0.35 m, idx=3865)
[INFO] [1783522900.954] [/local_avoidance]: [local_avoidance] avoiding...  min_dist=0.35 m
[INFO] [1783522902.004] [/local_avoidance]: [local_avoidance] avoiding...  min_dist=0.35 m
[WARN] [1783522902.056] [/exploration_node]: wait for trigger.
[INFO] [1783522903.005] [/local_avoidance]: [local_avoidance] avoiding...  min_dist=0.35 m
[INFO] [1783522904.010] [/local_avoidance]: [local_avoidance] avoiding...  min_dist=0.35 m
[INFO] [1783522904.153] [/local_avoidance]: [local_avoidance] DEACTIVATED
[WARN] [1783522904.204] [/local_avoidance]: [local_avoidance] ACTIVATED  (min_dist=0.35 m, idx=7870)
[INFO] [1783522904.355] [/local_avoidance]: [local_avoidance] DEACTIVATED
[WARN] [1783522904.430] [/local_avoidance]: [local_avoidance] ACTIVATED  (min_dist=0.35 m, idx=1023)
[INFO] [1783522904.454] [/local_avoidance]: [local_avoidance] DEACTIVATED
[WARN] [1783522904.504] [/local_avoidance]: [local_avoidance] ACTIVATED  (min_dist=0.34 m, idx=647)
[INFO] [1783522904.653] [/local_avoidance]: [local_avoidance] DEACTIVATED
[WARN] [1783522904.704] [/local_avoidance]: [local_avoidance] ACTIVATED  (min_dist=0.35 m, idx=1081)
[INFO] [1783522904.753] [/local_avoidance]: [local_avoidance] DEACTIVATED
[WARN] [1783522904.805] [/local_avoidance]: [local_avoidance] ACTIVATED  (min_dist=0.35 m, idx=2022)
[INFO] [1783522904.858] [/local_avoidance]: [local_avoidance] DEACTIVATED
[WARN] [1783522904.904] [/local_avoidance]: [local_avoidance] ACTIVATED  (min_dist=0.35 m, idx=1638)
[INFO] [1783522904.954] [/local_avoidance]: [local_avoidance] DEACTIVATED
[WARN] [1783522905.004] [/local_avoidance]: [local_avoidance] ACTIVATED  (min_dist=0.35 m, idx=2562)
[INFO] [1783522905.060] [/local_avoidance]: [local_avoidance] DEACTIVATED
[WARN] [1783522905.129] [/local_avoidance]: [local_avoidance] ACTIVATED  (min_dist=0.35 m, idx=2273)
[INFO] [1783522905.165] [/local_avoidance]: [local_avoidance] DEACTIVATED
[WARN] [1783522905.207] [/local_avoidance]: [local_avoidance] ACTIVATED  (min_dist=0.35 m, idx=3406)
[INFO] [1783522905.265] [/local_avoidance]: [local_avoidance] avoiding...  min_dist=0.35 m
[INFO] [1783522905.306] [/cloud_crop_bridge]: [CloudCrop] 2405 -> 770 pts (32%)
[INFO] [1783522905.354] [/local_avoidance]: [local_avoidance] DEACTIVATED
[WARN] [1783522905.403] [/local_avoidance]: [local_avoidance] ACTIVATED  (min_dist=0.35 m, idx=3466)
[INFO] [1783522906.304] [/local_avoidance]: [local_avoidance] avoiding...  min_dist=0.35 m
[WARN] [1783522907.065] [/exploration_node]: wait for trigger.
[INFO] [1783522907.305] [/local_avoidance]: [local_avoidance] avoiding...  min_dist=0.35 m
[INFO] [1783522908.354] [/local_avoidance]: [local_avoidance] avoiding...  min_dist=0.35 m
[INFO] [1783522909.008] [/local_avoidance]: [local_avoidance] DEACTIVATED
[WARN] [1783522909.056] [/local_avoidance]: [local_avoidance] ACTIVATED  (min_dist=0.35 m, idx=6447)
[INFO] [1783522909.310] [/local_avoidance]: [local_avoidance] DEACTIVATED
[WARN] [1783522909.364] [/local_avoidance]: [local_avoidance] ACTIVATED  (min_dist=0.35 m, idx=7989)
[INFO] [1783522909.404] [/local_avoidance]: [local_avoidance] avoiding...  min_dist=0.59 m
[INFO] [1783522909.504] [/local_avoidance]: [local_avoidance] DEACTIVATED
[WARN] [1783522909.554] [/local_avoidance]: [local_avoidance] ACTIVATED  (min_dist=0.35 m, idx=1151)
[INFO] [1783522909.604] [/local_avoidance]: [local_avoidance] DEACTIVATED
[WARN] [1783522909.659] [/local_avoidance]: [local_avoidance] ACTIVATED  (min_dist=0.34 m, idx=661)
[INFO] [1783522909.707] [/local_avoidance]: [local_avoidance] DEACTIVATED
[WARN] [1783522909.756] [/local_avoidance]: [local_avoidance] ACTIVATED  (min_dist=0.35 m, idx=7535)
[INFO] [1783522909.805] [/local_avoidance]: [local_avoidance] DEACTIVATED
[WARN] [1783522909.854] [/local_avoidance]: [local_avoidance] ACTIVATED  (min_dist=0.35 m, idx=1227)
[INFO] [1783522909.904] [/local_avoidance]: [local_avoidance] DEACTIVATED
[WARN] [1783522909.955] [/local_avoidance]: [local_avoidance] ACTIVATED  (min_dist=0.35 m, idx=2142)
[INFO] [1783522910.005] [/local_avoidance]: [local_avoidance] DEACTIVATED
[WARN] [1783522910.053] [/local_avoidance]: [local_avoidance] ACTIVATED  (min_dist=0.34 m, idx=1679)
[INFO] [1783522910.104] [/local_avoidance]: [local_avoidance] DEACTIVATED
[WARN] [1783522910.154] [/local_avoidance]: [local_avoidance] ACTIVATED  (min_dist=0.35 m, idx=8531)
[INFO] [1783522910.203] [/local_avoidance]: [local_avoidance] DEACTIVATED
[WARN] [1783522910.253] [/local_avoidance]: [local_avoidance] ACTIVATED  (min_dist=0.34 m, idx=2227)
[INFO] [1783522910.309] [/cloud_crop_bridge]: [CloudCrop] 3116 -> 4 pts (0%)
[INFO] [1783522910.408] [/local_avoidance]: [local_avoidance] avoiding...  min_dist=0.36 m
[INFO] [1783522910.503] [/local_avoidance]: [local_avoidance] DEACTIVATED
[WARN] [1783522910.555] [/local_avoidance]: [local_avoidance] ACTIVATED  (min_dist=0.35 m, idx=9435)
[INFO] [1783522911.458] [/local_avoidance]: [local_avoidance] avoiding...  min_dist=0.35 m
[WARN] [1783522912.075] [/exploration_node]: wait for trigger.
[INFO] [1783522912.505] [/local_avoidance]: [local_avoidance] avoiding...  min_dist=0.35 m
[INFO] [1783522913.555] [/local_avoidance]: [local_avoidance] avoiding...  min_dist=0.35 m
[INFO] [1783522914.178] [/local_avoidance]: [local_avoidance] DEACTIVATED
[WARN] [1783522914.207] [/local_avoidance]: [local_avoidance] ACTIVATED  (min_dist=0.35 m, idx=6573)
[INFO] [1783522914.253] [/local_avoidance]: [local_avoidance] DEACTIVATED
[WARN] [1783522914.304] [/local_avoidance]: [local_avoidance] ACTIVATED  (min_dist=0.34 m, idx=7683)
[INFO] [1783522914.354] [/local_avoidance]: [local_avoidance] DEACTIVATED
[WARN] [1783522914.405] [/local_avoidance]: [local_avoidance] ACTIVATED  (min_dist=0.35 m, idx=7127)
[INFO] [1783522914.458] [/local_avoidance]: [local_avoidance] DEACTIVATED
[WARN] [1783522914.506] [/local_avoidance]: [local_avoidance] ACTIVATED  (min_dist=0.34 m, idx=1687)
[INFO] [1783522914.555] [/local_avoidance]: [local_avoidance] DEACTIVATED
[WARN] [1783522914.603] [/local_avoidance]: [local_avoidance] ACTIVATED  (min_dist=0.35 m, idx=6227)
[INFO] [1783522914.654] [/local_avoidance]: [local_avoidance] DEACTIVATED
[WARN] [1783522914.703] [/local_avoidance]: [local_avoidance] ACTIVATED  (min_dist=0.34 m, idx=8675)
[INFO] [1783522914.756] [/local_avoidance]: [local_avoidance] DEACTIVATED
[WARN] [1783522914.803] [/local_avoidance]: [local_avoidance] ACTIVATED  (min_dist=0.35 m, idx=2285)
[INFO] [1783522914.853] [/local_avoidance]: [local_avoidance] DEACTIVATED
[WARN] [1783522914.904] [/local_avoidance]: [local_avoidance] ACTIVATED  (min_dist=0.34 m, idx=9127)
[INFO] [1783522914.954] [/local_avoidance]: [local_avoidance] DEACTIVATED
[WARN] [1783522915.005] [/local_avoidance]: [local_avoidance] ACTIVATED  (min_dist=0.35 m, idx=8579)
[INFO] [1783522915.058] [/local_avoidance]: [local_avoidance] DEACTIVATED
[WARN] [1783522915.105] [/local_avoidance]: [local_avoidance] ACTIVATED  (min_dist=0.35 m, idx=2252)
[INFO] [1783522915.178] [/local_avoidance]: [local_avoidance] DEACTIVATED
[WARN] [1783522915.212] [/local_avoidance]: [local_avoidance] ACTIVATED  (min_dist=0.35 m, idx=9115)
[INFO] [1783522915.255] [/local_avoidance]: [local_avoidance] avoiding...  min_dist=0.59 m
[INFO] [1783522915.354] [/cloud_crop_bridge]: [CloudCrop] 3195 -> 122 pts (4%)
[INFO] [1783522915.354] [/local_avoidance]: [local_avoidance] DEACTIVATED
[WARN] [1783522915.407] [/local_avoidance]: [local_avoidance] ACTIVATED  (min_dist=0.34 m, idx=2232)
[INFO] [1783522915.654] [/local_avoidance]: [local_avoidance] DEACTIVATED
[WARN] [1783522915.704] [/local_avoidance]: [local_avoidance] ACTIVATED  (min_dist=0.35 m, idx=5189)
[INFO] [1783522916.304] [/local_avoidance]: [local_avoidance] avoiding...  min_dist=0.35 m
[WARN] [1783522917.085] [/exploration_node]: wait for trigger.
[INFO] [1783522917.304] [/local_avoidance]: [local_avoidance] avoiding...  min_dist=0.34 m
[INFO] [1783522918.354] [/local_avoidance]: [local_avoidance] avoiding...  min_dist=0.35 m
[INFO] [1783522919.304] [/local_avoidance]: [local_avoidance] DEACTIVATED
[WARN] [1783522919.365] [/local_avoidance]: [local_avoidance] ACTIVATED  (min_dist=0.35 m, idx=2123)
[INFO] [1783522919.404] [/local_avoidance]: [local_avoidance] DEACTIVATED
[WARN] [1783522919.454] [/local_avoidance]: [local_avoidance] ACTIVATED  (min_dist=0.35 m, idx=7805)
[INFO] [1783522919.505] [/local_avoidance]: [local_avoidance] avoiding...  min_dist=0.59 m
[INFO] [1783522919.604] [/local_avoidance]: [local_avoidance] DEACTIVATED
[WARN] [1783522919.658] [/local_avoidance]: [local_avoidance] ACTIVATED  (min_dist=0.35 m, idx=1034)
[INFO] [1783522919.703] [/local_avoidance]: [local_avoidance] DEACTIVATED
[WARN] [1783522919.754] [/local_avoidance]: [local_avoidance] ACTIVATED  (min_dist=0.35 m, idx=1953)
[INFO] [1783522919.805] [/local_avoidance]: [local_avoidance] DEACTIVATED
[WARN] [1783522919.854] [/local_avoidance]: [local_avoidance] ACTIVATED  (min_dist=0.35 m, idx=8798)
[INFO] [1783522919.905] [/local_avoidance]: [local_avoidance] DEACTIVATED
[WARN] [1783522919.954] [/local_avoidance]: [local_avoidance] ACTIVATED  (min_dist=0.35 m, idx=2414)
[INFO] [1783522920.003] [/local_avoidance]: [local_avoidance] DEACTIVATED
[WARN] [1783522920.054] [/local_avoidance]: [local_avoidance] ACTIVATED  (min_dist=0.34 m, idx=1951)
[INFO] [1783522920.103] [/local_avoidance]: [local_avoidance] DEACTIVATED
[WARN] [1783522920.156] [/local_avoidance]: [local_avoidance] ACTIVATED  (min_dist=0.35 m, idx=8703)
[INFO] [1783522920.206] [/local_avoidance]: [local_avoidance] DEACTIVATED
[WARN] [1783522920.258] [/local_avoidance]: [local_avoidance] ACTIVATED  (min_dist=0.35 m, idx=9696)
[INFO] [1783522920.332] [/local_avoidance]: [local_avoidance] DEACTIVATED
[WARN] [1783522920.354] [/local_avoidance]: [local_avoidance] ACTIVATED  (min_dist=0.35 m, idx=3427)
[INFO] [1783522920.403] [/cloud_crop_bridge]: [CloudCrop] 3126 -> 0 pts (0%)
[INFO] [1783522920.509] [/local_avoidance]: [local_avoidance] DEACTIVATED
[WARN] [1783522920.556] [/local_avoidance]: [local_avoidance] ACTIVATED  (min_dist=0.35 m, idx=9707)
[INFO] [1783522920.629] [/local_avoidance]: [local_avoidance] avoiding...  min_dist=0.59 m
[INFO] [1783522921.654] [/local_avoidance]: [local_avoidance] avoiding...  min_dist=0.35 m
[WARN] [1783522922.085] [/exploration_node]: wait for trigger.
[INFO] [1783522922.728] [/local_avoidance]: [local_avoidance] avoiding...  min_dist=0.35 m
[INFO] [1783522923.754] [/local_avoidance]: [local_avoidance] avoiding...  min_dist=0.35 m
[INFO] [1783522924.357] [/local_avoidance]: [local_avoidance] DEACTIVATED
[WARN] [1783522924.430] [/local_avoidance]: [local_avoidance] ACTIVATED  (min_dist=0.35 m, idx=56)
[INFO] [1783522924.554] [/local_avoidance]: [local_avoidance] DEACTIVATED
[WARN] [1783522924.628] [/local_avoidance]: [local_avoidance] ACTIVATED  (min_dist=0.35 m, idx=600)
[INFO] [1783522924.657] [/local_avoidance]: [local_avoidance] DEACTIVATED
[WARN] [1783522924.704] [/local_avoidance]: [local_avoidance] ACTIVATED  (min_dist=0.35 m, idx=8846)
[INFO] [1783522924.761] [/local_avoidance]: [local_avoidance] DEACTIVATED
[WARN] [1783522924.804] [/local_avoidance]: [local_avoidance] ACTIVATED  (min_dist=0.35 m, idx=1060)
[INFO] [1783522924.854] [/local_avoidance]: [local_avoidance] DEACTIVATED
[WARN] [1783522924.904] [/local_avoidance]: [local_avoidance] ACTIVATED  (min_dist=0.35 m, idx=3531)
[INFO] [1783522924.955] [/local_avoidance]: [local_avoidance] DEACTIVATED
[WARN] [1783522925.013] [/local_avoidance]: [local_avoidance] ACTIVATED  (min_dist=0.35 m, idx=8843)
[INFO] [1783522925.078] [/local_avoidance]: [local_avoidance] DEACTIVATED
[WARN] [1783522925.104] [/local_avoidance]: [local_avoidance] ACTIVATED  (min_dist=0.35 m, idx=2524)
[INFO] [1783522925.154] [/local_avoidance]: [local_avoidance] DEACTIVATED
[WARN] [1783522925.203] [/local_avoidance]: [local_avoidance] ACTIVATED  (min_dist=0.34 m, idx=2066)
[INFO] [1783522925.257] [/local_avoidance]: [local_avoidance] DEACTIVATED
[WARN] [1783522925.305] [/local_avoidance]: [local_avoidance] ACTIVATED  (min_dist=0.35 m, idx=8831)
[INFO] [1783522925.354] [/local_avoidance]: [local_avoidance] avoiding...  min_dist=0.35 m
[INFO] [1783522925.454] [/local_avoidance]: [local_avoidance] DEACTIVATED
[INFO] [1783522925.453] [/cloud_crop_bridge]: [CloudCrop] 3120 -> 67 pts (2%)
[WARN] [1783522925.504] [/local_avoidance]: [local_avoidance] ACTIVATED  (min_dist=0.35 m, idx=9283)
[INFO] [1783522926.404] [/local_avoidance]: [local_avoidance] avoiding...  min_dist=0.35 m
[WARN] [1783522927.085] [/exploration_node]: wait for trigger.
[INFO] [1783522927.429] [/local_avoidance]: [local_avoidance] avoiding...  min_dist=0.35 m
[INFO] [1783522928.454] [/local_avoidance]: [local_avoidance] avoiding...  min_dist=0.35 m
[INFO] [1783522929.104] [/local_avoidance]: [local_avoidance] DEACTIVATED
[WARN] [1783522929.155] [/local_avoidance]: [local_avoidance] ACTIVATED  (min_dist=0.35 m, idx=764)
[INFO] [1783522929.303] [/local_avoidance]: [local_avoidance] DEACTIVATED
[WARN] [1783522929.354] [/local_avoidance]: [local_avoidance] ACTIVATED  (min_dist=0.35 m, idx=1129)
[INFO] [1783522929.404] [/local_avoidance]: [local_avoidance] DEACTIVATED
[WARN] [1783522929.455] [/local_avoidance]: [local_avoidance] ACTIVATED  (min_dist=0.34 m, idx=7970)
[INFO] [1783522929.508] [/local_avoidance]: [local_avoidance] avoiding...  min_dist=0.59 m
[INFO] [1783522929.703] [/local_avoidance]: [local_avoidance] DEACTIVATED
[INFO] [1783522929.735] [/exploration_node]: [EV] [1783522929.735][   +183.9s][WAIT_TRIGGER] Avoidance: Deactivated  <->  Activated | cycling x839 over 182.9s
[WARN] [1783522929.754] [/local_avoidance]: [local_avoidance] ACTIVATED  (min_dist=0.35 m, idx=7971)
[INFO] [1783522929.803] [/local_avoidance]: [local_avoidance] DEACTIVATED
[WARN] [1783522929.862] [/local_avoidance]: [local_avoidance] ACTIVATED  (min_dist=0.35 m, idx=8968)
[INFO] [1783522929.916] [/local_avoidance]: [local_avoidance] DEACTIVATED
[WARN] [1783522929.954] [/local_avoidance]: [local_avoidance] ACTIVATED  (min_dist=0.35 m, idx=2687)
[INFO] [1783522930.004] [/local_avoidance]: [local_avoidance] DEACTIVATED
[WARN] [1783522930.053] [/local_avoidance]: [local_avoidance] ACTIVATED  (min_dist=0.35 m, idx=7975)
[INFO] [1783522930.107] [/local_avoidance]: [local_avoidance] DEACTIVATED
[WARN] [1783522930.159] [/local_avoidance]: [local_avoidance] ACTIVATED  (min_dist=0.35 m, idx=1929)
[INFO] [1783522930.207] [/local_avoidance]: [local_avoidance] DEACTIVATED
[WARN] [1783522930.254] [/local_avoidance]: [local_avoidance] ACTIVATED  (min_dist=0.35 m, idx=2628)
[INFO] [1783522930.306] [/local_avoidance]: [local_avoidance] DEACTIVATED
[WARN] [1783522930.360] [/local_avoidance]: [local_avoidance] ACTIVATED  (min_dist=0.35 m, idx=9706)
[INFO] [1783522930.455] [/cloud_crop_bridge]: [CloudCrop] 2392 -> 752 pts (31%)
[INFO] [1783522930.558] [/local_avoidance]: [local_avoidance] avoiding...  min_dist=0.34 m
[INFO] [1783522931.604] [/local_avoidance]: [local_avoidance] avoiding...  min_dist=0.35 m
[WARN] [1783522932.095] [/exploration_node]: wait for trigger.
[INFO] [1783522932.655] [/local_avoidance]: [local_avoidance] avoiding...  min_dist=0.35 m
[INFO] [1783522933.704] [/local_avoidance]: [local_avoidance] avoiding...  min_dist=0.35 m
[INFO] [1783522934.054] [/local_avoidance]: [local_avoidance] DEACTIVATED
[WARN] [1783522934.107] [/local_avoidance]: [local_avoidance] ACTIVATED  (min_dist=0.35 m, idx=6201)
[INFO] [1783522934.354] [/local_avoidance]: [local_avoidance] DEACTIVATED
[WARN] [1783522934.407] [/local_avoidance]: [local_avoidance] ACTIVATED  (min_dist=0.35 m, idx=7658)
[INFO] [1783522934.455] [/local_avoidance]: [local_avoidance] DEACTIVATED
[WARN] [1783522934.507] [/local_avoidance]: [local_avoidance] ACTIVATED  (min_dist=0.35 m, idx=1257)
[INFO] [1783522934.553] [/local_avoidance]: [local_avoidance] DEACTIVATED
[WARN] [1783522934.611] [/local_avoidance]: [local_avoidance] ACTIVATED  (min_dist=0.35 m, idx=991)
[INFO] [1783522934.654] [/local_avoidance]: [local_avoidance] DEACTIVATED
[WARN] [1783522934.705] [/local_avoidance]: [local_avoidance] ACTIVATED  (min_dist=0.35 m, idx=7655)
[INFO] [1783522934.759] [/local_avoidance]: [local_avoidance] DEACTIVATED
[WARN] [1783522934.804] [/local_avoidance]: [local_avoidance] ACTIVATED  (min_dist=0.35 m, idx=1328)
[INFO] [1783522934.854] [/local_avoidance]: [local_avoidance] DEACTIVATED
[WARN] [1783522934.904] [/local_avoidance]: [local_avoidance] ACTIVATED  (min_dist=0.35 m, idx=2367)
[INFO] [1783522934.954] [/local_avoidance]: [local_avoidance] DEACTIVATED
[WARN] [1783522935.004] [/local_avoidance]: [local_avoidance] ACTIVATED  (min_dist=0.35 m, idx=1886)
[INFO] [1783522935.055] [/local_avoidance]: [local_avoidance] DEACTIVATED
[WARN] [1783522935.107] [/local_avoidance]: [local_avoidance] ACTIVATED  (min_dist=0.35 m, idx=8551)
[INFO] [1783522935.156] [/local_avoidance]: [local_avoidance] DEACTIVATED
[WARN] [1783522935.229] [/local_avoidance]: [local_avoidance] ACTIVATED  (min_dist=0.35 m, idx=2242)
[INFO] [1783522935.254] [/local_avoidance]: [local_avoidance] DEACTIVATED
[WARN] [1783522935.303] [/local_avoidance]: [local_avoidance] ACTIVATED  (min_dist=0.35 m, idx=3267)
[INFO] [1783522935.353] [/local_avoidance]: [local_avoidance] avoiding...  min_dist=0.59 m
[INFO] [1783522935.459] [/cloud_crop_bridge]: [CloudCrop] 3216 -> 125 pts (4%)
[INFO] [1783522936.354] [/local_avoidance]: [local_avoidance] avoiding...  min_dist=0.35 m
[WARN] [1783522937.106] [/exploration_node]: wait for trigger.
[INFO] [1783522937.358] [/local_avoidance]: [local_avoidance] avoiding...  min_dist=0.34 m
[INFO] [1783522938.428] [/local_avoidance]: [local_avoidance] avoiding...  min_dist=0.34 m
[INFO] [1783522938.904] [/local_avoidance]: [local_avoidance] DEACTIVATED
[WARN] [1783522938.956] [/local_avoidance]: [local_avoidance] ACTIVATED  (min_dist=0.35 m, idx=406)
[INFO] [1783522939.211] [/local_avoidance]: [local_avoidance] DEACTIVATED
[WARN] [1783522939.257] [/local_avoidance]: [local_avoidance] ACTIVATED  (min_dist=0.35 m, idx=468)
[INFO] [1783522939.403] [/local_avoidance]: [local_avoidance] DEACTIVATED
[WARN] [1783522939.454] [/local_avoidance]: [local_avoidance] ACTIVATED  (min_dist=0.35 m, idx=1020)
[INFO] [1783522939.503] [/local_avoidance]: [local_avoidance] DEACTIVATED
[WARN] [1783522939.554] [/local_avoidance]: [local_avoidance] ACTIVATED  (min_dist=0.34 m, idx=456)
[INFO] [1783522939.610] [/local_avoidance]: [local_avoidance] DEACTIVATED
[WARN] [1783522939.654] [/local_avoidance]: [local_avoidance] ACTIVATED  (min_dist=0.35 m, idx=1376)
[INFO] [1783522939.703] [/local_avoidance]: [local_avoidance] DEACTIVATED
[WARN] [1783522939.754] [/local_avoidance]: [local_avoidance] ACTIVATED  (min_dist=0.34 m, idx=1023)
[INFO] [1783522939.803] [/local_avoidance]: [local_avoidance] DEACTIVATED
[WARN] [1783522939.854] [/local_avoidance]: [local_avoidance] ACTIVATED  (min_dist=0.35 m, idx=3409)
[INFO] [1783522939.903] [/local_avoidance]: [local_avoidance] DEACTIVATED
[WARN] [1783522939.953] [/local_avoidance]: [local_avoidance] ACTIVATED  (min_dist=0.34 m, idx=1571)
[INFO] [1783522940.004] [/local_avoidance]: [local_avoidance] DEACTIVATED
[WARN] [1783522940.056] [/local_avoidance]: [local_avoidance] ACTIVATED  (min_dist=0.35 m, idx=2390)
[INFO] [1783522940.105] [/local_avoidance]: [local_avoidance] DEACTIVATED
[WARN] [1783522940.157] [/local_avoidance]: [local_avoidance] ACTIVATED  (min_dist=0.35 m, idx=10003)
[INFO] [1783522940.210] [/local_avoidance]: [local_avoidance] DEACTIVATED
[WARN] [1783522940.255] [/local_avoidance]: [local_avoidance] ACTIVATED  (min_dist=0.35 m, idx=8787)
[INFO] [1783522940.304] [/local_avoidance]: [local_avoidance] avoiding...  min_dist=0.35 m
[INFO] [1783522940.406] [/local_avoidance]: [local_avoidance] DEACTIVATED
[WARN] [1783522940.456] [/local_avoidance]: [local_avoidance] ACTIVATED  (min_dist=0.35 m, idx=3678)
[INFO] [1783522940.509] [/cloud_crop_bridge]: [CloudCrop] 3129 -> 71 pts (2%)
[INFO] [1783522941.310] [/local_avoidance]: [local_avoidance] avoiding...  min_dist=0.35 m
[WARN] [1783522942.105] [/exploration_node]: wait for trigger.
[INFO] [1783522942.353] [/local_avoidance]: [local_avoidance] avoiding...  min_dist=0.35 m
[INFO] [1783522943.355] [/local_avoidance]: [local_avoidance] avoiding...  min_dist=0.34 m
[INFO] [1783522944.256] [/local_avoidance]: [local_avoidance] DEACTIVATED
[WARN] [1783522944.303] [/local_avoidance]: [local_avoidance] ACTIVATED  (min_dist=0.35 m, idx=1073)
[INFO] [1783522944.353] [/local_avoidance]: [local_avoidance] DEACTIVATED
[WARN] [1783522944.404] [/local_avoidance]: [local_avoidance] ACTIVATED  (min_dist=0.34 m, idx=715)
[INFO] [1783522944.456] [/local_avoidance]: [local_avoidance] DEACTIVATED
[WARN] [1783522944.505] [/local_avoidance]: [local_avoidance] ACTIVATED  (min_dist=0.35 m, idx=7467)
[INFO] [1783522944.555] [/local_avoidance]: [local_avoidance] DEACTIVATED
[WARN] [1783522944.604] [/local_avoidance]: [local_avoidance] ACTIVATED  (min_dist=0.35 m, idx=8460)
[INFO] [1783522944.655] [/local_avoidance]: [local_avoidance] DEACTIVATED
[WARN] [1783522944.704] [/local_avoidance]: [local_avoidance] ACTIVATED  (min_dist=0.35 m, idx=7915)
[INFO] [1783522944.778] [/local_avoidance]: [local_avoidance] DEACTIVATED
[WARN] [1783522944.809] [/local_avoidance]: [local_avoidance] ACTIVATED  (min_dist=0.34 m, idx=9979)
[INFO] [1783522944.856] [/local_avoidance]: [local_avoidance] DEACTIVATED
[WARN] [1783522944.907] [/local_avoidance]: [local_avoidance] ACTIVATED  (min_dist=0.35 m, idx=2630)
[INFO] [1783522944.953] [/local_avoidance]: [local_avoidance] DEACTIVATED
[WARN] [1783522945.004] [/local_avoidance]: [local_avoidance] ACTIVATED  (min_dist=0.35 m, idx=2158)
[INFO] [1783522945.054] [/local_avoidance]: [local_avoidance] DEACTIVATED
[WARN] [1783522945.129] [/local_avoidance]: [local_avoidance] ACTIVATED  (min_dist=0.34 m, idx=1607)
[INFO] [1783522945.155] [/local_avoidance]: [local_avoidance] DEACTIVATED
[WARN] [1783522945.208] [/local_avoidance]: [local_avoidance] ACTIVATED  (min_dist=0.35 m, idx=2596)
[INFO] [1783522945.255] [/local_avoidance]: [local_avoidance] avoiding...  min_dist=0.35 m
[INFO] [1783522945.553] [/local_avoidance]: [local_avoidance] DEACTIVATED
[INFO] [1783522945.555] [/cloud_crop_bridge]: [CloudCrop] 3095 -> 83 pts (3%)
[WARN] [1783522945.606] [/local_avoidance]: [local_avoidance] ACTIVATED  (min_dist=0.35 m, idx=3500)
[INFO] [1783522946.303] [/local_avoidance]: [local_avoidance] avoiding...  min_dist=0.35 m
[WARN] [1783522947.115] [/exploration_node]: wait for trigger.
[INFO] [1783522947.306] [/local_avoidance]: [local_avoidance] avoiding...  min_dist=0.35 m
[INFO] [1783522948.307] [/local_avoidance]: [local_avoidance] avoiding...  min_dist=0.35 m
[INFO] [1783522949.203] [/local_avoidance]: [local_avoidance] DEACTIVATED
[WARN] [1783522949.259] [/local_avoidance]: [local_avoidance] ACTIVATED  (min_dist=0.35 m, idx=6887)
[INFO] [1783522949.306] [/local_avoidance]: [local_avoidance] DEACTIVATED
[WARN] [1783522949.380] [/local_avoidance]: [local_avoidance] ACTIVATED  (min_dist=0.35 m, idx=369)
[INFO] [1783522949.403] [/local_avoidance]: [local_avoidance] DEACTIVATED
[WARN] [1783522949.454] [/local_avoidance]: [local_avoidance] ACTIVATED  (min_dist=0.35 m, idx=8596)
[INFO] [1783522949.508] [/local_avoidance]: [local_avoidance] DEACTIVATED
[WARN] [1783522949.555] [/local_avoidance]: [local_avoidance] ACTIVATED  (min_dist=0.35 m, idx=9207)
[INFO] [1783522949.604] [/local_avoidance]: [local_avoidance] DEACTIVATED
[WARN] [1783522949.654] [/local_avoidance]: [local_avoidance] ACTIVATED  (min_dist=0.35 m, idx=9153)
[INFO] [1783522949.704] [/local_avoidance]: [local_avoidance] DEACTIVATED
[WARN] [1783522949.754] [/local_avoidance]: [local_avoidance] ACTIVATED  (min_dist=0.35 m, idx=1272)
[INFO] [1783522949.806] [/local_avoidance]: [local_avoidance] DEACTIVATED
[WARN] [1783522949.858] [/local_avoidance]: [local_avoidance] ACTIVATED  (min_dist=0.35 m, idx=8047)
[INFO] [1783522949.904] [/local_avoidance]: [local_avoidance] avoiding...  min_dist=0.36 m
[INFO] [1783522950.004] [/local_avoidance]: [local_avoidance] DEACTIVATED
[WARN] [1783522950.053] [/local_avoidance]: [local_avoidance] ACTIVATED  (min_dist=0.35 m, idx=2845)
[INFO] [1783522950.104] [/local_avoidance]: [local_avoidance] DEACTIVATED
[WARN] [1783522950.153] [/local_avoidance]: [local_avoidance] ACTIVATED  (min_dist=0.34 m, idx=9590)
[INFO] [1783522950.204] [/local_avoidance]: [local_avoidance] DEACTIVATED
[WARN] [1783522950.253] [/local_avoidance]: [local_avoidance] ACTIVATED  (min_dist=0.35 m, idx=9043)
[INFO] [1783522950.405] [/local_avoidance]: [local_avoidance] DEACTIVATED
[WARN] [1783522950.455] [/local_avoidance]: [local_avoidance] ACTIVATED  (min_dist=0.35 m, idx=9777)
[INFO] [1783522950.605] [/cloud_crop_bridge]: [CloudCrop] 3082 -> 131 pts (4%)
[INFO] [1783522950.907] [/local_avoidance]: [local_avoidance] avoiding...  min_dist=0.35 m
[INFO] [1783522951.954] [/local_avoidance]: [local_avoidance] avoiding...  min_dist=0.35 m
[WARN] [1783522952.125] [/exploration_node]: wait for trigger.
[INFO] [1783522952.955] [/local_avoidance]: [local_avoidance] avoiding...  min_dist=0.35 m
[INFO] [1783522953.879] [/local_avoidance]: [local_avoidance] DEACTIVATED
[WARN] [1783522953.904] [/local_avoidance]: [local_avoidance] ACTIVATED  (min_dist=0.35 m, idx=6479)
[INFO] [1783522954.028] [/local_avoidance]: [local_avoidance] avoiding...  min_dist=0.35 m
[INFO] [1783522954.153] [/local_avoidance]: [local_avoidance] DEACTIVATED
[WARN] [1783522954.204] [/local_avoidance]: [local_avoidance] ACTIVATED  (min_dist=0.34 m, idx=7839)
[INFO] [1783522954.354] [/local_avoidance]: [local_avoidance] DEACTIVATED
[WARN] [1783522954.405] [/local_avoidance]: [local_avoidance] ACTIVATED  (min_dist=0.35 m, idx=868)
[INFO] [1783522954.454] [/local_avoidance]: [local_avoidance] DEACTIVATED
[WARN] [1783522954.504] [/local_avoidance]: [local_avoidance] ACTIVATED  (min_dist=0.34 m, idx=510)
[INFO] [1783522954.553] [/local_avoidance]: [local_avoidance] DEACTIVATED
[WARN] [1783522954.604] [/local_avoidance]: [local_avoidance] ACTIVATED  (min_dist=0.35 m, idx=1416)
[INFO] [1783522954.655] [/local_avoidance]: [local_avoidance] DEACTIVATED
[WARN] [1783522954.705] [/local_avoidance]: [local_avoidance] ACTIVATED  (min_dist=0.34 m, idx=875)
[INFO] [1783522954.756] [/local_avoidance]: [local_avoidance] DEACTIVATED
[WARN] [1783522954.809] [/local_avoidance]: [local_avoidance] ACTIVATED  (min_dist=0.35 m, idx=1868)
[INFO] [1783522954.855] [/local_avoidance]: [local_avoidance] DEACTIVATED
[WARN] [1783522954.904] [/local_avoidance]: [local_avoidance] ACTIVATED  (min_dist=0.34 m, idx=1707)
[INFO] [1783522954.954] [/local_avoidance]: [local_avoidance] DEACTIVATED
[WARN] [1783522955.003] [/local_avoidance]: [local_avoidance] ACTIVATED  (min_dist=0.35 m, idx=2320)
[INFO] [1783522955.054] [/local_avoidance]: [local_avoidance] DEACTIVATED
[WARN] [1783522955.107] [/local_avoidance]: [local_avoidance] ACTIVATED  (min_dist=0.34 m, idx=1871)
[INFO] [1783522955.157] [/local_avoidance]: [local_avoidance] avoiding...  min_dist=0.60 m
[INFO] [1783522955.253] [/local_avoidance]: [local_avoidance] DEACTIVATED
[WARN] [1783522955.304] [/local_avoidance]: [local_avoidance] ACTIVATED  (min_dist=0.35 m, idx=2410)
[INFO] [1783522955.355] [/local_avoidance]: [local_avoidance] DEACTIVATED
[WARN] [1783522955.405] [/local_avoidance]: [local_avoidance] ACTIVATED  (min_dist=0.35 m, idx=9183)
[INFO] [1783522955.560] [/local_avoidance]: [local_avoidance] DEACTIVATED
[WARN] [1783522955.604] [/local_avoidance]: [local_avoidance] ACTIVATED  (min_dist=0.35 m, idx=4074)
[INFO] [1783522955.654] [/cloud_crop_bridge]: [CloudCrop] 3109 -> 65 pts (2%)
[INFO] [1783522956.204] [/local_avoidance]: [local_avoidance] avoiding...  min_dist=0.35 m
[WARN] [1783522957.128] [/exploration_node]: wait for trigger.
[INFO] [1783522957.258] [/local_avoidance]: [local_avoidance] avoiding...  min_dist=0.35 m
[INFO] [1783522958.306] [/local_avoidance]: [local_avoidance] avoiding...  min_dist=0.35 m
[INFO] [1783522958.828] [/local_avoidance]: [local_avoidance] DEACTIVATED
[WARN] [1783522958.854] [/local_avoidance]: [local_avoidance] ACTIVATED  (min_dist=0.35 m, idx=396)
[INFO] [1783522959.003] [/local_avoidance]: [local_avoidance] DEACTIVATED
[WARN] [1783522959.054] [/local_avoidance]: [local_avoidance] ACTIVATED  (min_dist=0.35 m, idx=766)
[INFO] [1783522959.303] [/local_avoidance]: [local_avoidance] DEACTIVATED
[WARN] [1783522959.354] [/local_avoidance]: [local_avoidance] ACTIVATED  (min_dist=0.35 m, idx=7967)
[INFO] [1783522959.404] [/local_avoidance]: [local_avoidance] DEACTIVATED
[WARN] [1783522959.454] [/local_avoidance]: [local_avoidance] ACTIVATED  (min_dist=0.35 m, idx=7411)
[INFO] [1783522959.507] [/local_avoidance]: [local_avoidance] DEACTIVATED
[WARN] [1783522959.554] [/local_avoidance]: [local_avoidance] ACTIVATED  (min_dist=0.35 m, idx=992)
[INFO] [1783522959.604] [/local_avoidance]: [local_avoidance] DEACTIVATED
[WARN] [1783522959.657] [/local_avoidance]: [local_avoidance] ACTIVATED  (min_dist=0.35 m, idx=7958)
[INFO] [1783522959.705] [/local_avoidance]: [local_avoidance] DEACTIVATED
[WARN] [1783522959.753] [/local_avoidance]: [local_avoidance] ACTIVATED  (min_dist=0.35 m, idx=8961)
[WARN] [1783522959.785] [/exploration_node]: [EV] [1783522959.785][   +213.9s][WAIT_TRIGGER] Avoidance: Activated  <->  Deactivated | cycling x982 over 212.9s
[INFO] [1783522959.816] [/local_avoidance]: [local_avoidance] DEACTIVATED
[WARN] [1783522959.858] [/local_avoidance]: [local_avoidance] ACTIVATED  (min_dist=0.35 m, idx=2670)
[INFO] [1783522959.904] [/local_avoidance]: [local_avoidance] DEACTIVATED
[WARN] [1783522959.954] [/local_avoidance]: [local_avoidance] ACTIVATED  (min_dist=0.35 m, idx=2088)
[INFO] [1783522960.008] [/local_avoidance]: [local_avoidance] DEACTIVATED
[WARN] [1783522960.055] [/local_avoidance]: [local_avoidance] ACTIVATED  (min_dist=0.35 m, idx=1524)
[INFO] [1783522960.105] [/local_avoidance]: [local_avoidance] DEACTIVATED
[WARN] [1783522960.158] [/local_avoidance]: [local_avoidance] ACTIVATED  (min_dist=0.35 m, idx=8402)
[INFO] [1783522960.205] [/local_avoidance]: [local_avoidance] DEACTIVATED
[WARN] [1783522960.254] [/local_avoidance]: [local_avoidance] ACTIVATED  (min_dist=0.35 m, idx=1980)
[INFO] [1783522960.304] [/local_avoidance]: [local_avoidance] avoiding...  min_dist=0.59 m
[INFO] [1783522960.504] [/local_avoidance]: [local_avoidance] DEACTIVATED
[WARN] [1783522960.554] [/local_avoidance]: [local_avoidance] ACTIVATED  (min_dist=0.35 m, idx=3563)
[INFO] [1783522960.658] [/cloud_crop_bridge]: [CloudCrop] 2506 -> 678 pts (27%)
[INFO] [1783522961.304] [/local_avoidance]: [local_avoidance] avoiding...  min_dist=0.34 m
[WARN] [1783522962.135] [/exploration_node]: wait for trigger.
[INFO] [1783522962.354] [/local_avoidance]: [local_avoidance] avoiding...  min_dist=0.35 m
[INFO] [1783522963.354] [/local_avoidance]: [local_avoidance] avoiding...  min_dist=0.35 m
[INFO] [1783522964.155] [/local_avoidance]: [local_avoidance] DEACTIVATED
[WARN] [1783522964.203] [/local_avoidance]: [local_avoidance] ACTIVATED  (min_dist=0.35 m, idx=7844)
[INFO] [1783522964.356] [/local_avoidance]: [local_avoidance] avoiding...  min_dist=0.60 m
[INFO] [1783522964.454] [/local_avoidance]: [local_avoidance] DEACTIVATED
[WARN] [1783522964.504] [/local_avoidance]: [local_avoidance] ACTIVATED  (min_dist=0.35 m, idx=8103)
[INFO] [1783522964.554] [/local_avoidance]: [local_avoidance] DEACTIVATED
[WARN] [1783522964.606] [/local_avoidance]: [local_avoidance] ACTIVATED  (min_dist=0.35 m, idx=7543)
[INFO] [1783522964.656] [/local_avoidance]: [local_avoidance] DEACTIVATED
[WARN] [1783522964.704] [/local_avoidance]: [local_avoidance] ACTIVATED  (min_dist=0.34 m, idx=1247)
[INFO] [1783522964.754] [/local_avoidance]: [local_avoidance] DEACTIVATED
[WARN] [1783522964.804] [/local_avoidance]: [local_avoidance] ACTIVATED  (min_dist=0.35 m, idx=3631)
[INFO] [1783522964.853] [/local_avoidance]: [local_avoidance] DEACTIVATED
[WARN] [1783522964.904] [/local_avoidance]: [local_avoidance] ACTIVATED  (min_dist=0.35 m, idx=1874)
[INFO] [1783522964.954] [/local_avoidance]: [local_avoidance] DEACTIVATED
[WARN] [1783522965.003] [/local_avoidance]: [local_avoidance] ACTIVATED  (min_dist=0.35 m, idx=8443)
[INFO] [1783522965.053] [/local_avoidance]: [local_avoidance] DEACTIVATED
[WARN] [1783522965.104] [/local_avoidance]: [local_avoidance] ACTIVATED  (min_dist=0.35 m, idx=2125)
[INFO] [1783522965.162] [/local_avoidance]: [local_avoidance] DEACTIVATED
[WARN] [1783522965.205] [/local_avoidance]: [local_avoidance] ACTIVATED  (min_dist=0.35 m, idx=8991)
[INFO] [1783522965.254] [/local_avoidance]: [local_avoidance] DEACTIVATED
[WARN] [1783522965.303] [/local_avoidance]: [local_avoidance] ACTIVATED  (min_dist=0.35 m, idx=10091)
[INFO] [1783522965.353] [/local_avoidance]: [local_avoidance] DEACTIVATED
[WARN] [1783522965.404] [/local_avoidance]: [local_avoidance] ACTIVATED  (min_dist=0.35 m, idx=9539)
[INFO] [1783522965.455] [/local_avoidance]: [local_avoidance] avoiding...  min_dist=0.53 m
[INFO] [1783522965.665] [/cloud_crop_bridge]: [CloudCrop] 3124 -> 122 pts (4%)
[INFO] [1783522966.457] [/local_avoidance]: [local_avoidance] avoiding...  min_dist=0.35 m
[WARN] [1783522967.145] [/exploration_node]: wait for trigger.
[INFO] [1783522967.503] [/local_avoidance]: [local_avoidance] avoiding...  min_dist=0.36 m
[INFO] [1783522968.507] [/local_avoidance]: [local_avoidance] avoiding...  min_dist=0.35 m
[INFO] [1783522969.004] [/local_avoidance]: [local_avoidance] DEACTIVATED
[WARN] [1783522969.057] [/local_avoidance]: [local_avoidance] ACTIVATED  (min_dist=0.35 m, idx=846)
[INFO] [1783522969.104] [/local_avoidance]: [local_avoidance] DEACTIVATED
[WARN] [1783522969.154] [/local_avoidance]: [local_avoidance] ACTIVATED  (min_dist=0.35 m, idx=460)
[INFO] [1783522969.305] [/local_avoidance]: [local_avoidance] DEACTIVATED
[WARN] [1783522969.354] [/local_avoidance]: [local_avoidance] ACTIVATED  (min_dist=0.35 m, idx=7346)
[INFO] [1783522969.404] [/local_avoidance]: [local_avoidance] DEACTIVATED
[WARN] [1783522969.454] [/local_avoidance]: [local_avoidance] ACTIVATED  (min_dist=0.35 m, idx=449)
[INFO] [1783522969.505] [/local_avoidance]: [local_avoidance] DEACTIVATED
[WARN] [1783522969.554] [/local_avoidance]: [local_avoidance] ACTIVATED  (min_dist=0.35 m, idx=1264)
[INFO] [1783522969.605] [/local_avoidance]: [local_avoidance] DEACTIVATED
[WARN] [1783522969.654] [/local_avoidance]: [local_avoidance] ACTIVATED  (min_dist=0.34 m, idx=1395)
[INFO] [1783522969.703] [/local_avoidance]: [local_avoidance] DEACTIVATED
[WARN] [1783522969.753] [/local_avoidance]: [local_avoidance] ACTIVATED  (min_dist=0.35 m, idx=1931)
[INFO] [1783522969.805] [/local_avoidance]: [local_avoidance] DEACTIVATED
[WARN] [1783522969.856] [/local_avoidance]: [local_avoidance] ACTIVATED  (min_dist=0.35 m, idx=8683)
[INFO] [1783522969.905] [/local_avoidance]: [local_avoidance] DEACTIVATED
[WARN] [1783522969.979] [/local_avoidance]: [local_avoidance] ACTIVATED  (min_dist=0.35 m, idx=9432)
[INFO] [1783522970.004] [/local_avoidance]: [local_avoidance] avoiding...  min_dist=0.35 m
[INFO] [1783522970.104] [/local_avoidance]: [local_avoidance] DEACTIVATED
[WARN] [1783522970.154] [/local_avoidance]: [local_avoidance] ACTIVATED  (min_dist=0.35 m, idx=2839)
[INFO] [1783522970.508] [/local_avoidance]: [local_avoidance] DEACTIVATED
[WARN] [1783522970.579] [/local_avoidance]: [local_avoidance] ACTIVATED  (min_dist=0.35 m, idx=10723)
[INFO] [1783522970.704] [/cloud_crop_bridge]: [CloudCrop] 2990 -> 130 pts (4%)
[INFO] [1783522971.006] [/local_avoidance]: [local_avoidance] avoiding...  min_dist=0.35 m
[INFO] [1783522972.054] [/local_avoidance]: [local_avoidance] avoiding...  min_dist=0.35 m
[WARN] [1783522972.155] [/exploration_node]: wait for trigger.
[INFO] [1783522973.106] [/local_avoidance]: [local_avoidance] avoiding...  min_dist=0.35 m
[INFO] [1783522974.060] [/local_avoidance]: [local_avoidance] DEACTIVATED
[WARN] [1783522974.104] [/local_avoidance]: [local_avoidance] ACTIVATED  (min_dist=0.34 m, idx=7838)
[INFO] [1783522974.154] [/local_avoidance]: [local_avoidance] DEACTIVATED
[WARN] [1783522974.208] [/local_avoidance]: [local_avoidance] ACTIVATED  (min_dist=0.35 m, idx=6811)
[INFO] [1783522974.256] [/local_avoidance]: [local_avoidance] DEACTIVATED
[WARN] [1783522974.303] [/local_avoidance]: [local_avoidance] ACTIVATED  (min_dist=0.35 m, idx=615)
[INFO] [1783522974.354] [/local_avoidance]: [local_avoidance] DEACTIVATED
[WARN] [1783522974.403] [/local_avoidance]: [local_avoidance] ACTIVATED  (min_dist=0.35 m, idx=1417)
[INFO] [1783522974.456] [/local_avoidance]: [local_avoidance] DEACTIVATED
[WARN] [1783522974.514] [/local_avoidance]: [local_avoidance] ACTIVATED  (min_dist=0.35 m, idx=8363)
[INFO] [1783522974.557] [/local_avoidance]: [local_avoidance] DEACTIVATED
[WARN] [1783522974.603] [/local_avoidance]: [local_avoidance] ACTIVATED  (min_dist=0.35 m, idx=2157)
[INFO] [1783522974.654] [/local_avoidance]: [local_avoidance] DEACTIVATED
[WARN] [1783522974.707] [/local_avoidance]: [local_avoidance] ACTIVATED  (min_dist=0.34 m, idx=8811)
[INFO] [1783522974.762] [/local_avoidance]: [local_avoidance] DEACTIVATED
[WARN] [1783522974.805] [/local_avoidance]: [local_avoidance] ACTIVATED  (min_dist=0.35 m, idx=8451)
[INFO] [1783522974.857] [/local_avoidance]: [local_avoidance] DEACTIVATED
[WARN] [1783522974.904] [/local_avoidance]: [local_avoidance] ACTIVATED  (min_dist=0.35 m, idx=1940)
[INFO] [1783522974.955] [/local_avoidance]: [local_avoidance] DEACTIVATED
[WARN] [1783522975.007] [/local_avoidance]: [local_avoidance] ACTIVATED  (min_dist=0.35 m, idx=8806)
[INFO] [1783522975.057] [/local_avoidance]: [local_avoidance] DEACTIVATED
[WARN] [1783522975.111] [/local_avoidance]: [local_avoidance] ACTIVATED  (min_dist=0.35 m, idx=2488)
[INFO] [1783522975.153] [/local_avoidance]: [local_avoidance] avoiding...  min_dist=0.60 m
[INFO] [1783522975.453] [/local_avoidance]: [local_avoidance] DEACTIVATED
[WARN] [1783522975.507] [/local_avoidance]: [local_avoidance] ACTIVATED  (min_dist=0.35 m, idx=3488)
[INFO] [1783522975.708] [/cloud_crop_bridge]: [CloudCrop] 2524 -> 694 pts (27%)
[INFO] [1783522976.159] [/local_avoidance]: [local_avoidance] avoiding...  min_dist=0.35 m
[WARN] [1783522977.156] [/exploration_node]: wait for trigger.
[INFO] [1783522977.169] [/local_avoidance]: [local_avoidance] avoiding...  min_dist=0.35 m
[INFO] [1783522978.205] [/local_avoidance]: [local_avoidance] avoiding...  min_dist=0.35 m
[INFO] [1783522979.106] [/local_avoidance]: [local_avoidance] DEACTIVATED
[WARN] [1783522979.153] [/local_avoidance]: [local_avoidance] ACTIVATED  (min_dist=0.35 m, idx=655)
[INFO] [1783522979.229] [/local_avoidance]: [local_avoidance] DEACTIVATED
[WARN] [1783522979.262] [/local_avoidance]: [local_avoidance] ACTIVATED  (min_dist=0.34 m, idx=750)
[INFO] [1783522979.304] [/local_avoidance]: [local_avoidance] DEACTIVATED
[WARN] [1783522979.354] [/local_avoidance]: [local_avoidance] ACTIVATED  (min_dist=0.35 m, idx=1189)
[INFO] [1783522979.404] [/local_avoidance]: [local_avoidance] DEACTIVATED
[WARN] [1783522979.454] [/local_avoidance]: [local_avoidance] ACTIVATED  (min_dist=0.34 m, idx=818)
[INFO] [1783522979.505] [/local_avoidance]: [local_avoidance] DEACTIVATED
[WARN] [1783522979.561] [/local_avoidance]: [local_avoidance] ACTIVATED  (min_dist=0.34 m, idx=8949)
[INFO] [1783522979.621] [/local_avoidance]: [local_avoidance] DEACTIVATED
[WARN] [1783522979.654] [/local_avoidance]: [local_avoidance] ACTIVATED  (min_dist=0.35 m, idx=1279)
[INFO] [1783522979.703] [/local_avoidance]: [local_avoidance] DEACTIVATED
[WARN] [1783522979.755] [/local_avoidance]: [local_avoidance] ACTIVATED  (min_dist=0.35 m, idx=2084)
[INFO] [1783522979.805] [/local_avoidance]: [local_avoidance] DEACTIVATED
[WARN] [1783522979.854] [/local_avoidance]: [local_avoidance] ACTIVATED  (min_dist=0.35 m, idx=1722)
[INFO] [1783522979.904] [/local_avoidance]: [local_avoidance] DEACTIVATED
[WARN] [1783522979.954] [/local_avoidance]: [local_avoidance] ACTIVATED  (min_dist=0.35 m, idx=2654)
[INFO] [1783522980.003] [/local_avoidance]: [local_avoidance] DEACTIVATED
[WARN] [1783522980.057] [/local_avoidance]: [local_avoidance] ACTIVATED  (min_dist=0.35 m, idx=2183)
[INFO] [1783522980.107] [/local_avoidance]: [local_avoidance] DEACTIVATED
[WARN] [1783522980.154] [/local_avoidance]: [local_avoidance] ACTIVATED  (min_dist=0.35 m, idx=8911)
[INFO] [1783522980.230] [/local_avoidance]: [local_avoidance] avoiding...  min_dist=0.35 m
[INFO] [1783522980.304] [/local_avoidance]: [local_avoidance] DEACTIVATED
[WARN] [1783522980.356] [/local_avoidance]: [local_avoidance] ACTIVATED  (min_dist=0.35 m, idx=8026)
[INFO] [1783522980.410] [/local_avoidance]: [local_avoidance] DEACTIVATED
[WARN] [1783522980.457] [/local_avoidance]: [local_avoidance] ACTIVATED  (min_dist=0.35 m, idx=4649)
[INFO] [1783522980.712] [/cloud_crop_bridge]: [CloudCrop] 3066 -> 131 pts (4%)
[INFO] [1783522981.260] [/local_avoidance]: [local_avoidance] avoiding...  min_dist=0.35 m
[WARN] [1783522982.156] [/exploration_node]: wait for trigger.
[INFO] [1783522982.308] [/local_avoidance]: [local_avoidance] avoiding...  min_dist=0.35 m
[INFO] [1783522983.354] [/local_avoidance]: [local_avoidance] avoiding...  min_dist=0.35 m
[INFO] [1783522984.053] [/local_avoidance]: [local_avoidance] DEACTIVATED
[WARN] [1783522984.128] [/local_avoidance]: [local_avoidance] ACTIVATED  (min_dist=0.34 m, idx=7731)
[INFO] [1783522984.253] [/local_avoidance]: [local_avoidance] DEACTIVATED
[WARN] [1783522984.303] [/local_avoidance]: [local_avoidance] ACTIVATED  (min_dist=0.35 m, idx=957)
[INFO] [1783522984.354] [/local_avoidance]: [local_avoidance] DEACTIVATED
[WARN] [1783522984.406] [/local_avoidance]: [local_avoidance] ACTIVATED  (min_dist=0.35 m, idx=7719)
[INFO] [1783522984.456] [/local_avoidance]: [local_avoidance] DEACTIVATED
[WARN] [1783522984.505] [/local_avoidance]: [local_avoidance] ACTIVATED  (min_dist=0.35 m, idx=1308)
[INFO] [1783522984.553] [/local_avoidance]: [local_avoidance] DEACTIVATED
[WARN] [1783522984.605] [/local_avoidance]: [local_avoidance] ACTIVATED  (min_dist=0.34 m, idx=863)
[INFO] [1783522984.657] [/local_avoidance]: [local_avoidance] DEACTIVATED
[WARN] [1783522984.704] [/local_avoidance]: [local_avoidance] ACTIVATED  (min_dist=0.35 m, idx=9082)
[INFO] [1783522984.757] [/local_avoidance]: [local_avoidance] DEACTIVATED
[WARN] [1783522984.804] [/local_avoidance]: [local_avoidance] ACTIVATED  (min_dist=0.35 m, idx=8622)
[INFO] [1783522984.855] [/local_avoidance]: [local_avoidance] DEACTIVATED
[WARN] [1783522984.904] [/local_avoidance]: [local_avoidance] ACTIVATED  (min_dist=0.35 m, idx=8167)
[INFO] [1783522984.954] [/local_avoidance]: [local_avoidance] DEACTIVATED
[WARN] [1783522985.006] [/local_avoidance]: [local_avoidance] ACTIVATED  (min_dist=0.34 m, idx=1859)
[INFO] [1783522985.057] [/local_avoidance]: [local_avoidance] DEACTIVATED
[WARN] [1783522985.105] [/local_avoidance]: [local_avoidance] ACTIVATED  (min_dist=0.35 m, idx=2870)
[INFO] [1783522985.158] [/local_avoidance]: [local_avoidance] DEACTIVATED
[WARN] [1783522985.203] [/local_avoidance]: [local_avoidance] ACTIVATED  (min_dist=0.35 m, idx=2407)
[INFO] [1783522985.253] [/local_avoidance]: [local_avoidance] avoiding...  min_dist=0.60 m
[INFO] [1783522985.460] [/local_avoidance]: [local_avoidance] DEACTIVATED
[WARN] [1783522985.505] [/local_avoidance]: [local_avoidance] ACTIVATED  (min_dist=0.35 m, idx=9615)
[INFO] [1783522985.759] [/cloud_crop_bridge]: [CloudCrop] 3092 -> 137 pts (4%)
[INFO] [1783522986.256] [/local_avoidance]: [local_avoidance] avoiding...  min_dist=0.35 m
[WARN] [1783522987.160] [/exploration_node]: wait for trigger.
[INFO] [1783522987.304] [/local_avoidance]: [local_avoidance] avoiding...  min_dist=0.35 m
[INFO] [1783522988.308] [/local_avoidance]: [local_avoidance] avoiding...  min_dist=0.35 m
[INFO] [1783522988.905] [/local_avoidance]: [local_avoidance] DEACTIVATED
[WARN] [1783522988.954] [/local_avoidance]: [local_avoidance] ACTIVATED  (min_dist=0.35 m, idx=356)
[INFO] [1783522989.204] [/local_avoidance]: [local_avoidance] DEACTIVATED
[WARN] [1783522989.254] [/local_avoidance]: [local_avoidance] ACTIVATED  (min_dist=0.34 m, idx=655)
[INFO] [1783522989.304] [/local_avoidance]: [local_avoidance] DEACTIVATED
[WARN] [1783522989.354] [/local_avoidance]: [local_avoidance] ACTIVATED  (min_dist=0.35 m, idx=7207)
[INFO] [1783522989.403] [/local_avoidance]: [local_avoidance] DEACTIVATED
[WARN] [1783522989.456] [/local_avoidance]: [local_avoidance] ACTIVATED  (min_dist=0.35 m, idx=1177)
[INFO] [1783522989.504] [/local_avoidance]: [local_avoidance] DEACTIVATED
[WARN] [1783522989.556] [/local_avoidance]: [local_avoidance] ACTIVATED  (min_dist=0.35 m, idx=2005)
[INFO] [1783522989.604] [/local_avoidance]: [local_avoidance] DEACTIVATED
[WARN] [1783522989.655] [/local_avoidance]: [local_avoidance] ACTIVATED  (min_dist=0.35 m, idx=1528)
[INFO] [1783522989.703] [/local_avoidance]: [local_avoidance] DEACTIVATED
[WARN] [1783522989.755] [/local_avoidance]: [local_avoidance] ACTIVATED  (min_dist=0.35 m, idx=6819)
[INFO] [1783522989.803] [/local_avoidance]: [local_avoidance] DEACTIVATED
[INFO] [1783522989.835] [/exploration_node]: [EV] [1783522989.835][   +244.0s][WAIT_TRIGGER] Avoidance: Deactivated  <->  Activated | cycling x1127 over 243.0s
[WARN] [1783522989.854] [/local_avoidance]: [local_avoidance] ACTIVATED  (min_dist=0.34 m, idx=9307)
[INFO] [1783522989.904] [/local_avoidance]: [local_avoidance] DEACTIVATED
[WARN] [1783522989.960] [/local_avoidance]: [local_avoidance] ACTIVATED  (min_dist=0.35 m, idx=8855)
[INFO] [1783522990.005] [/local_avoidance]: [local_avoidance] DEACTIVATED
[WARN] [1783522990.057] [/local_avoidance]: [local_avoidance] ACTIVATED  (min_dist=0.35 m, idx=8595)
[INFO] [1783522990.104] [/local_avoidance]: [local_avoidance] DEACTIVATED
[WARN] [1783522990.154] [/local_avoidance]: [local_avoidance] ACTIVATED  (min_dist=0.34 m, idx=1982)
[INFO] [1783522990.203] [/local_avoidance]: [local_avoidance] avoiding...  min_dist=0.59 m
[INFO] [1783522990.763] [/cloud_crop_bridge]: [CloudCrop] 2563 -> 709 pts (28%)
[INFO] [1783522991.228] [/local_avoidance]: [local_avoidance] avoiding...  min_dist=0.35 m
[WARN] [1783522992.165] [/exploration_node]: wait for trigger.
[INFO] [1783522992.254] [/local_avoidance]: [local_avoidance] avoiding...  min_dist=0.35 m
[INFO] [1783522993.306] [/local_avoidance]: [local_avoidance] avoiding...  min_dist=0.35 m
[INFO] [1783522994.054] [/local_avoidance]: [local_avoidance] DEACTIVATED
[WARN] [1783522994.104] [/local_avoidance]: [local_avoidance] ACTIVATED  (min_dist=0.35 m, idx=6439)
[INFO] [1783522994.255] [/local_avoidance]: [local_avoidance] DEACTIVATED
[WARN] [1783522994.304] [/local_avoidance]: [local_avoidance] ACTIVATED  (min_dist=0.35 m, idx=6981)
[INFO] [1783522994.358] [/local_avoidance]: [local_avoidance] DEACTIVATED
[WARN] [1783522994.403] [/local_avoidance]: [local_avoidance] ACTIVATED  (min_dist=0.34 m, idx=1443)
[INFO] [1783522994.453] [/local_avoidance]: [local_avoidance] avoiding...  min_dist=0.59 m
[INFO] [1783522994.555] [/local_avoidance]: [local_avoidance] DEACTIVATED
[WARN] [1783522994.608] [/local_avoidance]: [local_avoidance] ACTIVATED  (min_dist=0.35 m, idx=1104)
[INFO] [1783522994.659] [/local_avoidance]: [local_avoidance] DEACTIVATED
[WARN] [1783522994.703] [/local_avoidance]: [local_avoidance] ACTIVATED  (min_dist=0.35 m, idx=9432)
[INFO] [1783522994.754] [/local_avoidance]: [local_avoidance] DEACTIVATED
[WARN] [1783522994.804] [/local_avoidance]: [local_avoidance] ACTIVATED  (min_dist=0.34 m, idx=1675)
[INFO] [1783522994.857] [/local_avoidance]: [local_avoidance] DEACTIVATED
[WARN] [1783522994.929] [/local_avoidance]: [local_avoidance] ACTIVATED  (min_dist=0.34 m, idx=9884)
[INFO] [1783522994.956] [/local_avoidance]: [local_avoidance] DEACTIVATED
[WARN] [1783522995.004] [/local_avoidance]: [local_avoidance] ACTIVATED  (min_dist=0.35 m, idx=9431)
[INFO] [1783522995.053] [/local_avoidance]: [local_avoidance] DEACTIVATED
[WARN] [1783522995.106] [/local_avoidance]: [local_avoidance] ACTIVATED  (min_dist=0.35 m, idx=8883)
[INFO] [1783522995.253] [/local_avoidance]: [local_avoidance] DEACTIVATED
[WARN] [1783522995.306] [/local_avoidance]: [local_avoidance] ACTIVATED  (min_dist=0.35 m, idx=4746)
[INFO] [1783522995.453] [/local_avoidance]: [local_avoidance] avoiding...  min_dist=0.34 m
[INFO] [1783522995.554] [/local_avoidance]: [local_avoidance] DEACTIVATED
[WARN] [1783522995.628] [/local_avoidance]: [local_avoidance] ACTIVATED  (min_dist=0.35 m, idx=3564)
[INFO] [1783522995.781] [/cloud_crop_bridge]: [CloudCrop] 3321 -> 246 pts (7%)
[INFO] [1783522996.454] [/local_avoidance]: [local_avoidance] avoiding...  min_dist=0.35 m
[WARN] [1783522997.165] [/exploration_node]: wait for trigger.
[INFO] [1783522997.465] [/local_avoidance]: [local_avoidance] avoiding...  min_dist=0.35 m
[INFO] [1783522998.530] [/local_avoidance]: [local_avoidance] avoiding...  min_dist=0.35 m
[INFO] [1783522998.929] [/local_avoidance]: [local_avoidance] DEACTIVATED
[WARN] [1783522998.954] [/local_avoidance]: [local_avoidance] ACTIVATED  (min_dist=0.35 m, idx=825)
[INFO] [1783522999.004] [/local_avoidance]: [local_avoidance] DEACTIVATED
[WARN] [1783522999.053] [/local_avoidance]: [local_avoidance] ACTIVATED  (min_dist=0.35 m, idx=371)
[INFO] [1783522999.210] [/local_avoidance]: [local_avoidance] DEACTIVATED
[WARN] [1783522999.253] [/local_avoidance]: [local_avoidance] ACTIVATED  (min_dist=0.35 m, idx=8116)
[INFO] [1783522999.303] [/local_avoidance]: [local_avoidance] DEACTIVATED
[WARN] [1783522999.354] [/local_avoidance]: [local_avoidance] ACTIVATED  (min_dist=0.35 m, idx=1825)
[INFO] [1783522999.406] [/local_avoidance]: [local_avoidance] DEACTIVATED
[WARN] [1783522999.459] [/local_avoidance]: [local_avoidance] ACTIVATED  (min_dist=0.35 m, idx=1252)
[INFO] [1783522999.503] [/local_avoidance]: [local_avoidance] DEACTIVATED
[WARN] [1783522999.553] [/local_avoidance]: [local_avoidance] ACTIVATED  (min_dist=0.35 m, idx=2286)
[INFO] [1783522999.604] [/local_avoidance]: [local_avoidance] DEACTIVATED
[WARN] [1783522999.661] [/local_avoidance]: [local_avoidance] ACTIVATED  (min_dist=0.34 m, idx=9022)
[INFO] [1783522999.707] [/local_avoidance]: [local_avoidance] DEACTIVATED
[WARN] [1783522999.778] [/local_avoidance]: [local_avoidance] ACTIVATED  (min_dist=0.35 m, idx=1259)
[INFO] [1783522999.830] [/local_avoidance]: [local_avoidance] DEACTIVATED
[WARN] [1783522999.854] [/local_avoidance]: [local_avoidance] ACTIVATED  (min_dist=0.35 m, idx=2453)
[INFO] [1783522999.904] [/local_avoidance]: [local_avoidance] DEACTIVATED
[WARN] [1783522999.954] [/local_avoidance]: [local_avoidance] ACTIVATED  (min_dist=0.35 m, idx=1794)
[INFO] [1783523000.005] [/local_avoidance]: [local_avoidance] DEACTIVATED
[WARN] [1783523000.057] [/local_avoidance]: [local_avoidance] ACTIVATED  (min_dist=0.35 m, idx=2704)
[INFO] [1783523000.104] [/local_avoidance]: [local_avoidance] DEACTIVATED
[WARN] [1783523000.153] [/local_avoidance]: [local_avoidance] ACTIVATED  (min_dist=0.35 m, idx=9567)
[INFO] [1783523000.203] [/local_avoidance]: [local_avoidance] DEACTIVATED
[WARN] [1783523000.253] [/local_avoidance]: [local_avoidance] ACTIVATED  (min_dist=0.35 m, idx=3165)
[INFO] [1783523000.315] [/local_avoidance]: [local_avoidance] avoiding...  min_dist=0.35 m
[INFO] [1783523000.407] [/local_avoidance]: [local_avoidance] DEACTIVATED
[WARN] [1783523000.453] [/local_avoidance]: [local_avoidance] ACTIVATED  (min_dist=0.35 m, idx=9463)
[INFO] [1783523000.819] [/cloud_crop_bridge]: [CloudCrop] 3023 -> 130 pts (4%)
[INFO] [1783523001.354] [/local_avoidance]: [local_avoidance] avoiding...  min_dist=0.35 m
[WARN] [1783523002.175] [/exploration_node]: wait for trigger.
[INFO] [1783523002.356] [/local_avoidance]: [local_avoidance] avoiding...  min_dist=0.35 m
[INFO] [1783523003.404] [/local_avoidance]: [local_avoidance] avoiding...  min_dist=0.35 m
[INFO] [1783523003.957] [/local_avoidance]: [local_avoidance] DEACTIVATED
[WARN] [1783523004.004] [/local_avoidance]: [local_avoidance] ACTIVATED  (min_dist=0.35 m, idx=8114)
[INFO] [1783523004.053] [/local_avoidance]: [local_avoidance] DEACTIVATED
[WARN] [1783523004.103] [/local_avoidance]: [local_avoidance] ACTIVATED  (min_dist=0.35 m, idx=783)
[INFO] [1783523004.154] [/local_avoidance]: [local_avoidance] DEACTIVATED
[WARN] [1783523004.211] [/local_avoidance]: [local_avoidance] ACTIVATED  (min_dist=0.34 m, idx=472)
[INFO] [1783523004.354] [/local_avoidance]: [local_avoidance] DEACTIVATED
[WARN] [1783523004.404] [/local_avoidance]: [local_avoidance] ACTIVATED  (min_dist=0.35 m, idx=8255)
[INFO] [1783523004.479] [/local_avoidance]: [local_avoidance] DEACTIVATED
[WARN] [1783523004.508] [/local_avoidance]: [local_avoidance] ACTIVATED  (min_dist=0.34 m, idx=9252)
[INFO] [1783523004.556] [/local_avoidance]: [local_avoidance] DEACTIVATED
[WARN] [1783523004.606] [/local_avoidance]: [local_avoidance] ACTIVATED  (min_dist=0.35 m, idx=1376)
[INFO] [1783523004.653] [/local_avoidance]: [local_avoidance] DEACTIVATED
[WARN] [1783523004.704] [/local_avoidance]: [local_avoidance] ACTIVATED  (min_dist=0.35 m, idx=2588)
[INFO] [1783523004.754] [/local_avoidance]: [local_avoidance] DEACTIVATED
[WARN] [1783523004.810] [/local_avoidance]: [local_avoidance] ACTIVATED  (min_dist=0.34 m, idx=9159)
[INFO] [1783523004.859] [/local_avoidance]: [local_avoidance] DEACTIVATED
[WARN] [1783523004.906] [/local_avoidance]: [local_avoidance] ACTIVATED  (min_dist=0.35 m, idx=8699)
[INFO] [1783523004.955] [/local_avoidance]: [local_avoidance] DEACTIVATED
[WARN] [1783523005.003] [/local_avoidance]: [local_avoidance] ACTIVATED  (min_dist=0.35 m, idx=2390)
[INFO] [1783523005.054] [/local_avoidance]: [local_avoidance] DEACTIVATED
[WARN] [1783523005.104] [/local_avoidance]: [local_avoidance] ACTIVATED  (min_dist=0.34 m, idx=1839)
[INFO] [1783523005.154] [/local_avoidance]: [local_avoidance] avoiding...  min_dist=0.58 m
[INFO] [1783523005.554] [/local_avoidance]: [local_avoidance] DEACTIVATED
[WARN] [1783523005.608] [/local_avoidance]: [local_avoidance] ACTIVATED  (min_dist=0.35 m, idx=3851)
[INFO] [1783523005.858] [/cloud_crop_bridge]: [CloudCrop] 3089 -> 202 pts (7%)
[INFO] [1783523006.154] [/local_avoidance]: [local_avoidance] avoiding...  min_dist=0.35 m
[INFO] [1783523007.157] [/local_avoidance]: [local_avoidance] avoiding...  min_dist=0.35 m
[WARN] [1783523007.175] [/exploration_node]: wait for trigger.
[INFO] [1783523008.206] [/local_avoidance]: [local_avoidance] avoiding...  min_dist=0.35 m
[INFO] [1783523009.207] [/local_avoidance]: [local_avoidance] avoiding...  min_dist=0.60 m
[INFO] [1783523009.304] [/local_avoidance]: [local_avoidance] DEACTIVATED
[WARN] [1783523009.353] [/local_avoidance]: [local_avoidance] ACTIVATED  (min_dist=0.34 m, idx=527)
[INFO] [1783523009.407] [/local_avoidance]: [local_avoidance] DEACTIVATED
[WARN] [1783523009.459] [/local_avoidance]: [local_avoidance] ACTIVATED  (min_dist=0.35 m, idx=7295)
[INFO] [1783523009.503] [/local_avoidance]: [local_avoidance] DEACTIVATED
[WARN] [1783523009.553] [/local_avoidance]: [local_avoidance] ACTIVATED  (min_dist=0.34 m, idx=1075)
[INFO] [1783523009.603] [/local_avoidance]: [local_avoidance] DEACTIVATED
[WARN] [1783523009.654] [/local_avoidance]: [local_avoidance] ACTIVATED  (min_dist=0.35 m, idx=1985)
[INFO] [1783523009.707] [/local_avoidance]: [local_avoidance] DEACTIVATED
[WARN] [1783523009.779] [/local_avoidance]: [local_avoidance] ACTIVATED  (min_dist=0.35 m, idx=1509)
[INFO] [1783523009.808] [/local_avoidance]: [local_avoidance] DEACTIVATED
[WARN] [1783523009.853] [/local_avoidance]: [local_avoidance] ACTIVATED  (min_dist=0.35 m, idx=2451)
[INFO] [1783523009.904] [/local_avoidance]: [local_avoidance] DEACTIVATED
[WARN] [1783523009.954] [/local_avoidance]: [local_avoidance] ACTIVATED  (min_dist=0.35 m, idx=1979)
[INFO] [1783523010.004] [/local_avoidance]: [local_avoidance] DEACTIVATED
[WARN] [1783523010.054] [/local_avoidance]: [local_avoidance] ACTIVATED  (min_dist=0.35 m, idx=2990)
[INFO] [1783523010.205] [/local_avoidance]: [local_avoidance] DEACTIVATED
[WARN] [1783523010.282] [/local_avoidance]: [local_avoidance] ACTIVATED  (min_dist=0.35 m, idx=9279)
[INFO] [1783523010.304] [/local_avoidance]: [local_avoidance] avoiding...  min_dist=0.57 m
[INFO] [1783523010.534] [/local_avoidance]: [local_avoidance] DEACTIVATED
[WARN] [1783523010.555] [/local_avoidance]: [local_avoidance] ACTIVATED  (min_dist=0.35 m, idx=3431)
[INFO] [1783523010.908] [/cloud_crop_bridge]: [CloudCrop] 2932 -> 130 pts (4%)
[INFO] [1783523011.304] [/local_avoidance]: [local_avoidance] avoiding...  min_dist=0.36 m
[WARN] [1783523012.175] [/exploration_node]: wait for trigger.
[INFO] [1783523012.305] [/local_avoidance]: [local_avoidance] avoiding...  min_dist=0.34 m
[INFO] [1783523013.353] [/local_avoidance]: [local_avoidance] avoiding...  min_dist=0.35 m
[INFO] [1783523014.079] [/local_avoidance]: [local_avoidance] DEACTIVATED
[WARN] [1783523014.103] [/local_avoidance]: [local_avoidance] ACTIVATED  (min_dist=0.35 m, idx=1811)
[INFO] [1783523014.153] [/local_avoidance]: [local_avoidance] DEACTIVATED
[WARN] [1783523014.206] [/local_avoidance]: [local_avoidance] ACTIVATED  (min_dist=0.34 m, idx=7978)
[INFO] [1783523014.353] [/local_avoidance]: [local_avoidance] DEACTIVATED
[WARN] [1783523014.411] [/local_avoidance]: [local_avoidance] ACTIVATED  (min_dist=0.35 m, idx=8418)
[INFO] [1783523014.456] [/local_avoidance]: [local_avoidance] DEACTIVATED
[WARN] [1783523014.510] [/local_avoidance]: [local_avoidance] ACTIVATED  (min_dist=0.35 m, idx=7975)
[INFO] [1783523014.557] [/local_avoidance]: [local_avoidance] DEACTIVATED
[WARN] [1783523014.604] [/local_avoidance]: [local_avoidance] ACTIVATED  (min_dist=0.35 m, idx=8873)
[INFO] [1783523014.658] [/local_avoidance]: [local_avoidance] DEACTIVATED
[WARN] [1783523014.706] [/local_avoidance]: [local_avoidance] ACTIVATED  (min_dist=0.34 m, idx=1098)
[INFO] [1783523014.753] [/local_avoidance]: [local_avoidance] DEACTIVATED
[WARN] [1783523014.804] [/local_avoidance]: [local_avoidance] ACTIVATED  (min_dist=0.35 m, idx=2123)
[INFO] [1783523014.853] [/local_avoidance]: [local_avoidance] DEACTIVATED
[WARN] [1783523014.907] [/local_avoidance]: [local_avoidance] ACTIVATED  (min_dist=0.35 m, idx=1642)
[INFO] [1783523014.957] [/local_avoidance]: [local_avoidance] DEACTIVATED
[WARN] [1783523015.006] [/local_avoidance]: [local_avoidance] ACTIVATED  (min_dist=0.35 m, idx=2575)
[INFO] [1783523015.053] [/local_avoidance]: [local_avoidance] DEACTIVATED
[WARN] [1783523015.103] [/local_avoidance]: [local_avoidance] ACTIVATED  (min_dist=0.35 m, idx=2107)
[INFO] [1783523015.178] [/local_avoidance]: [local_avoidance] DEACTIVATED
[WARN] [1783523015.204] [/local_avoidance]: [local_avoidance] ACTIVATED  (min_dist=0.35 m, idx=3118)
[INFO] [1783523015.253] [/local_avoidance]: [local_avoidance] avoiding...  min_dist=0.35 m
[INFO] [1783523015.955] [/cloud_crop_bridge]: [CloudCrop] 3026 -> 216 pts (7%)
[INFO] [1783523016.256] [/local_avoidance]: [local_avoidance] avoiding...  min_dist=0.35 m
[WARN] [1783523017.185] [/exploration_node]: wait for trigger.
[INFO] [1783523017.303] [/local_avoidance]: [local_avoidance] avoiding...  min_dist=0.35 m
[INFO] [1783523018.304] [/local_avoidance]: [local_avoidance] avoiding...  min_dist=0.35 m
[INFO] [1783523019.304] [/local_avoidance]: [local_avoidance] DEACTIVATED
[WARN] [1783523019.353] [/local_avoidance]: [local_avoidance] ACTIVATED  (min_dist=0.35 m, idx=799)
[INFO] [1783523019.403] [/local_avoidance]: [local_avoidance] avoiding...  min_dist=0.58 m
[INFO] [1783523019.507] [/local_avoidance]: [local_avoidance] DEACTIVATED
[WARN] [1783523019.556] [/local_avoidance]: [local_avoidance] ACTIVATED  (min_dist=0.35 m, idx=1242)
[INFO] [1783523019.630] [/local_avoidance]: [local_avoidance] DEACTIVATED
[WARN] [1783523019.659] [/local_avoidance]: [local_avoidance] ACTIVATED  (min_dist=0.35 m, idx=2733)
[INFO] [1783523019.703] [/local_avoidance]: [local_avoidance] DEACTIVATED
[WARN] [1783523019.754] [/local_avoidance]: [local_avoidance] ACTIVATED  (min_dist=0.34 m, idx=8998)
[INFO] [1783523019.806] [/local_avoidance]: [local_avoidance] DEACTIVATED
[INFO] [1783523019.836] [/exploration_node]: [EV] [1783523019.836][   +274.0s][WAIT_TRIGGER] Avoidance: Deactivated  <->  Activated | cycling x1259 over 273.0s
[WARN] [1783523019.857] [/local_avoidance]: [local_avoidance] ACTIVATED  (min_dist=0.35 m, idx=8547)
[INFO] [1783523019.907] [/local_avoidance]: [local_avoidance] DEACTIVATED
[WARN] [1783523019.953] [/local_avoidance]: [local_avoidance] ACTIVATED  (min_dist=0.35 m, idx=2242)
[INFO] [1783523020.003] [/local_avoidance]: [local_avoidance] DEACTIVATED
[WARN] [1783523020.054] [/local_avoidance]: [local_avoidance] ACTIVATED  (min_dist=0.35 m, idx=3157)
[INFO] [1783523020.106] [/local_avoidance]: [local_avoidance] DEACTIVATED
[WARN] [1783523020.161] [/local_avoidance]: [local_avoidance] ACTIVATED  (min_dist=0.35 m, idx=2703)
[INFO] [1783523020.408] [/local_avoidance]: [local_avoidance] avoiding...  min_dist=0.35 m
[INFO] [1783523020.504] [/local_avoidance]: [local_avoidance] DEACTIVATED
[WARN] [1783523020.553] [/local_avoidance]: [local_avoidance] ACTIVATED  (min_dist=0.35 m, idx=3684)
[INFO] [1783523020.963] [/cloud_crop_bridge]: [CloudCrop] 2525 -> 635 pts (25%)
[INFO] [1783523021.453] [/local_avoidance]: [local_avoidance] avoiding...  min_dist=0.35 m
[WARN] [1783523022.186] [/exploration_node]: wait for trigger.
[INFO] [1783523022.454] [/local_avoidance]: [local_avoidance] avoiding...  min_dist=0.35 m
[INFO] [1783523023.507] [/local_avoidance]: [local_avoidance] avoiding...  min_dist=0.35 m
[INFO] [1783523023.954] [/local_avoidance]: [local_avoidance] DEACTIVATED
[WARN] [1783523024.003] [/local_avoidance]: [local_avoidance] ACTIVATED  (min_dist=0.35 m, idx=7978)
[INFO] [1783523024.258] [/local_avoidance]: [local_avoidance] DEACTIVATED
[WARN] [1783523024.306] [/local_avoidance]: [local_avoidance] ACTIVATED  (min_dist=0.35 m, idx=740)
[INFO] [1783523024.378] [/local_avoidance]: [local_avoidance] DEACTIVATED
[WARN] [1783523024.406] [/local_avoidance]: [local_avoidance] ACTIVATED  (min_dist=0.35 m, idx=1381)
[INFO] [1783523024.453] [/local_avoidance]: [local_avoidance] DEACTIVATED
[WARN] [1783523024.503] [/local_avoidance]: [local_avoidance] ACTIVATED  (min_dist=0.35 m, idx=8231)
[INFO] [1783523024.553] [/local_avoidance]: [local_avoidance] DEACTIVATED
[WARN] [1783523024.604] [/local_avoidance]: [local_avoidance] ACTIVATED  (min_dist=0.35 m, idx=7691)
[INFO] [1783523024.658] [/local_avoidance]: [local_avoidance] DEACTIVATED
[WARN] [1783523024.704] [/local_avoidance]: [local_avoidance] ACTIVATED  (min_dist=0.35 m, idx=9254)
[INFO] [1783523024.753] [/local_avoidance]: [local_avoidance] DEACTIVATED
[WARN] [1783523024.803] [/local_avoidance]: [local_avoidance] ACTIVATED  (min_dist=0.35 m, idx=2285)
[INFO] [1783523024.855] [/local_avoidance]: [local_avoidance] DEACTIVATED
[WARN] [1783523024.904] [/local_avoidance]: [local_avoidance] ACTIVATED  (min_dist=0.35 m, idx=1914)
[INFO] [1783523024.955] [/local_avoidance]: [local_avoidance] DEACTIVATED
[WARN] [1783523025.004] [/local_avoidance]: [local_avoidance] ACTIVATED  (min_dist=0.35 m, idx=9063)
[INFO] [1783523025.053] [/local_avoidance]: [local_avoidance] DEACTIVATED
[WARN] [1783523025.108] [/local_avoidance]: [local_avoidance] ACTIVATED  (min_dist=0.35 m, idx=2352)
[INFO] [1783523025.160] [/local_avoidance]: [local_avoidance] DEACTIVATED
[WARN] [1783523025.204] [/local_avoidance]: [local_avoidance] ACTIVATED  (min_dist=0.35 m, idx=3294)
[INFO] [1783523025.254] [/local_avoidance]: [local_avoidance] avoiding...  min_dist=0.37 m
[INFO] [1783523025.359] [/local_avoidance]: [local_avoidance] DEACTIVATED
[WARN] [1783523025.404] [/local_avoidance]: [local_avoidance] ACTIVATED  (min_dist=0.35 m, idx=8135)
[INFO] [1783523026.008] [/cloud_crop_bridge]: [CloudCrop] 2596 -> 651 pts (25%)
[INFO] [1783523026.256] [/local_avoidance]: [local_avoidance] avoiding...  min_dist=0.35 m
[WARN] [1783523027.195] [/exploration_node]: wait for trigger.
[INFO] [1783523027.306] [/local_avoidance]: [local_avoidance] avoiding...  min_dist=0.38 m
[INFO] [1783523028.308] [/local_avoidance]: [local_avoidance] avoiding...  min_dist=0.35 m
[INFO] [1783523028.804] [/local_avoidance]: [local_avoidance] DEACTIVATED
[WARN] [1783523028.854] [/local_avoidance]: [local_avoidance] ACTIVATED  (min_dist=0.35 m, idx=6275)
[INFO] [1783523029.006] [/local_avoidance]: [local_avoidance] DEACTIVATED
[WARN] [1783523029.059] [/local_avoidance]: [local_avoidance] ACTIVATED  (min_dist=0.35 m, idx=6723)
[INFO] [1783523029.105] [/local_avoidance]: [local_avoidance] DEACTIVATED
[WARN] [1783523029.153] [/local_avoidance]: [local_avoidance] ACTIVATED  (min_dist=0.34 m, idx=7827)
[INFO] [1783523029.354] [/local_avoidance]: [local_avoidance] avoiding...  min_dist=0.35 m
[INFO] [1783523029.405] [/local_avoidance]: [local_avoidance] DEACTIVATED
[WARN] [1783523029.454] [/local_avoidance]: [local_avoidance] ACTIVATED  (min_dist=0.35 m, idx=484)
[INFO] [1783523029.505] [/local_avoidance]: [local_avoidance] DEACTIVATED
[WARN] [1783523029.554] [/local_avoidance]: [local_avoidance] ACTIVATED  (min_dist=0.35 m, idx=1404)
[INFO] [1783523029.607] [/local_avoidance]: [local_avoidance] DEACTIVATED
[WARN] [1783523029.660] [/local_avoidance]: [local_avoidance] ACTIVATED  (min_dist=0.35 m, idx=1059)
[INFO] [1783523029.706] [/local_avoidance]: [local_avoidance] DEACTIVATED
[WARN] [1783523029.754] [/local_avoidance]: [local_avoidance] ACTIVATED  (min_dist=0.35 m, idx=2048)
[INFO] [1783523029.803] [/local_avoidance]: [local_avoidance] DEACTIVATED
[WARN] [1783523029.853] [/local_avoidance]: [local_avoidance] ACTIVATED  (min_dist=0.35 m, idx=1488)
[INFO] [1783523029.904] [/local_avoidance]: [local_avoidance] DEACTIVATED
[WARN] [1783523029.958] [/local_avoidance]: [local_avoidance] ACTIVATED  (min_dist=0.35 m, idx=8271)
[INFO] [1783523030.005] [/local_avoidance]: [local_avoidance] DEACTIVATED
[WARN] [1783523030.055] [/local_avoidance]: [local_avoidance] ACTIVATED  (min_dist=0.34 m, idx=1955)
[INFO] [1783523030.103] [/local_avoidance]: [local_avoidance] DEACTIVATED
[WARN] [1783523030.179] [/local_avoidance]: [local_avoidance] ACTIVATED  (min_dist=0.35 m, idx=2961)
[INFO] [1783523030.304] [/local_avoidance]: [local_avoidance] DEACTIVATED
[WARN] [1783523030.353] [/local_avoidance]: [local_avoidance] ACTIVATED  (min_dist=0.35 m, idx=4985)
[INFO] [1783523030.404] [/local_avoidance]: [local_avoidance] avoiding...  min_dist=0.35 m
[INFO] [1783523031.057] [/cloud_crop_bridge]: [CloudCrop] 2640 -> 641 pts (24%)
[INFO] [1783523031.404] [/local_avoidance]: [local_avoidance] avoiding...  min_dist=0.35 m
[WARN] [1783523032.196] [/exploration_node]: wait for trigger.
[INFO] [1783523032.453] [/local_avoidance]: [local_avoidance] avoiding...  min_dist=0.35 m
[INFO] [1783523033.454] [/local_avoidance]: [local_avoidance] avoiding...  min_dist=0.34 m
[INFO] [1783523033.955] [/local_avoidance]: [local_avoidance] DEACTIVATED
[WARN] [1783523034.003] [/local_avoidance]: [local_avoidance] ACTIVATED  (min_dist=0.35 m, idx=2129)
[INFO] [1783523034.078] [/local_avoidance]: [local_avoidance] DEACTIVATED
[WARN] [1783523034.105] [/local_avoidance]: [local_avoidance] ACTIVATED  (min_dist=0.35 m, idx=561)
[INFO] [1783523034.355] [/local_avoidance]: [local_avoidance] DEACTIVATED
[WARN] [1783523034.419] [/local_avoidance]: [local_avoidance] ACTIVATED  (min_dist=0.35 m, idx=1571)
[INFO] [1783523034.456] [/local_avoidance]: [local_avoidance] DEACTIVATED
[WARN] [1783523034.517] [/local_avoidance]: [local_avoidance] ACTIVATED  (min_dist=0.35 m, idx=1016)
[INFO] [1783523034.554] [/local_avoidance]: [local_avoidance] DEACTIVATED
[WARN] [1783523034.603] [/local_avoidance]: [local_avoidance] ACTIVATED  (min_dist=0.34 m, idx=9404)
[INFO] [1783523034.653] [/local_avoidance]: [local_avoidance] DEACTIVATED
[WARN] [1783523034.707] [/local_avoidance]: [local_avoidance] ACTIVATED  (min_dist=0.34 m, idx=9047)
[INFO] [1783523034.753] [/local_avoidance]: [local_avoidance] DEACTIVATED
[WARN] [1783523034.803] [/local_avoidance]: [local_avoidance] ACTIVATED  (min_dist=0.35 m, idx=7395)
[INFO] [1783523034.857] [/local_avoidance]: [local_avoidance] DEACTIVATED
[WARN] [1783523034.905] [/local_avoidance]: [local_avoidance] ACTIVATED  (min_dist=0.35 m, idx=9393)
[INFO] [1783523034.961] [/local_avoidance]: [local_avoidance] DEACTIVATED
[WARN] [1783523035.004] [/local_avoidance]: [local_avoidance] ACTIVATED  (min_dist=0.35 m, idx=8943)
[INFO] [1783523035.053] [/local_avoidance]: [local_avoidance] DEACTIVATED
[WARN] [1783523035.112] [/local_avoidance]: [local_avoidance] ACTIVATED  (min_dist=0.34 m, idx=9846)
[INFO] [1783523035.153] [/local_avoidance]: [local_avoidance] DEACTIVATED
[WARN] [1783523035.204] [/local_avoidance]: [local_avoidance] ACTIVATED  (min_dist=0.35 m, idx=2064)
[INFO] [1783523035.254] [/local_avoidance]: [local_avoidance] avoiding...  min_dist=0.56 m
[INFO] [1783523036.106] [/cloud_crop_bridge]: [CloudCrop] 2569 -> 635 pts (25%)
[INFO] [1783523036.258] [/local_avoidance]: [local_avoidance] avoiding...  min_dist=0.35 m
[WARN] [1783523037.205] [/exploration_node]: wait for trigger.
[INFO] [1783523037.307] [/local_avoidance]: [local_avoidance] avoiding...  min_dist=0.35 m
[INFO] [1783523038.353] [/local_avoidance]: [local_avoidance] avoiding...  min_dist=0.35 m
[INFO] [1783523038.904] [/local_avoidance]: [local_avoidance] DEACTIVATED
[WARN] [1783523038.953] [/local_avoidance]: [local_avoidance] ACTIVATED  (min_dist=0.35 m, idx=320)
[INFO] [1783523039.104] [/local_avoidance]: [local_avoidance] DEACTIVATED
[WARN] [1783523039.153] [/local_avoidance]: [local_avoidance] ACTIVATED  (min_dist=0.35 m, idx=772)
[INFO] [1783523039.204] [/local_avoidance]: [local_avoidance] DEACTIVATED
[WARN] [1783523039.253] [/local_avoidance]: [local_avoidance] ACTIVATED  (min_dist=0.34 m, idx=410)
[INFO] [1783523039.358] [/local_avoidance]: [local_avoidance] avoiding...  min_dist=0.35 m
[INFO] [1783523039.406] [/local_avoidance]: [local_avoidance] DEACTIVATED
[WARN] [1783523039.454] [/local_avoidance]: [local_avoidance] ACTIVATED  (min_dist=0.34 m, idx=871)
[INFO] [1783523039.503] [/local_avoidance]: [local_avoidance] DEACTIVATED
[WARN] [1783523039.554] [/local_avoidance]: [local_avoidance] ACTIVATED  (min_dist=0.35 m, idx=1618)
[INFO] [1783523039.608] [/local_avoidance]: [local_avoidance] DEACTIVATED
[WARN] [1783523039.659] [/local_avoidance]: [local_avoidance] ACTIVATED  (min_dist=0.35 m, idx=1419)
[INFO] [1783523039.703] [/local_avoidance]: [local_avoidance] DEACTIVATED
[WARN] [1783523039.753] [/local_avoidance]: [local_avoidance] ACTIVATED  (min_dist=0.35 m, idx=2238)
[INFO] [1783523039.804] [/local_avoidance]: [local_avoidance] DEACTIVATED
[WARN] [1783523039.879] [/local_avoidance]: [local_avoidance] ACTIVATED  (min_dist=0.35 m, idx=9082)
[INFO] [1783523039.929] [/local_avoidance]: [local_avoidance] DEACTIVATED
[WARN] [1783523039.954] [/local_avoidance]: [local_avoidance] ACTIVATED  (min_dist=0.35 m, idx=8621)
[INFO] [1783523040.004] [/local_avoidance]: [local_avoidance] DEACTIVATED
[WARN] [1783523040.053] [/local_avoidance]: [local_avoidance] ACTIVATED  (min_dist=0.34 m, idx=2323)
[INFO] [1783523040.103] [/local_avoidance]: [local_avoidance] DEACTIVATED
[WARN] [1783523040.153] [/local_avoidance]: [local_avoidance] ACTIVATED  (min_dist=0.35 m, idx=9075)
[INFO] [1783523040.303] [/local_avoidance]: [local_avoidance] DEACTIVATED
[WARN] [1783523040.354] [/local_avoidance]: [local_avoidance] ACTIVATED  (min_dist=0.35 m, idx=9630)
[INFO] [1783523040.404] [/local_avoidance]: [local_avoidance] avoiding...  min_dist=0.59 m
[INFO] [1783523041.107] [/cloud_crop_bridge]: [CloudCrop] 2983 -> 244 pts (8%)
[INFO] [1783523041.405] [/local_avoidance]: [local_avoidance] avoiding...  min_dist=0.35 m
[WARN] [1783523042.217] [/exploration_node]: wait for trigger.
[INFO] [1783523042.479] [/local_avoidance]: [local_avoidance] avoiding...  min_dist=0.36 m
[INFO] [1783523043.503] [/local_avoidance]: [local_avoidance] avoiding...  min_dist=0.35 m
[INFO] [1783523043.857] [/local_avoidance]: [local_avoidance] DEACTIVATED
[WARN] [1783523043.905] [/local_avoidance]: [local_avoidance] ACTIVATED  (min_dist=0.35 m, idx=399)
[INFO] [1783523044.054] [/local_avoidance]: [local_avoidance] DEACTIVATED
[WARN] [1783523044.103] [/local_avoidance]: [local_avoidance] ACTIVATED  (min_dist=0.34 m, idx=7775)
[INFO] [1783523044.282] [/local_avoidance]: [local_avoidance] DEACTIVATED
[WARN] [1783523044.304] [/local_avoidance]: [local_avoidance] ACTIVATED  (min_dist=0.34 m, idx=8406)
[INFO] [1783523044.354] [/local_avoidance]: [local_avoidance] DEACTIVATED
[WARN] [1783523044.404] [/local_avoidance]: [local_avoidance] ACTIVATED  (min_dist=0.35 m, idx=1921)
[INFO] [1783523044.455] [/local_avoidance]: [local_avoidance] DEACTIVATED
[WARN] [1783523044.508] [/local_avoidance]: [local_avoidance] ACTIVATED  (min_dist=0.35 m, idx=8762)
[INFO] [1783523044.553] [/local_avoidance]: [local_avoidance] DEACTIVATED
[WARN] [1783523044.604] [/local_avoidance]: [local_avoidance] ACTIVATED  (min_dist=0.34 m, idx=980)
[INFO] [1783523044.655] [/local_avoidance]: [local_avoidance] DEACTIVATED
[WARN] [1783523044.714] [/local_avoidance]: [local_avoidance] ACTIVATED  (min_dist=0.35 m, idx=1919)
[INFO] [1783523044.754] [/local_avoidance]: [local_avoidance] DEACTIVATED
[WARN] [1783523044.807] [/local_avoidance]: [local_avoidance] ACTIVATED  (min_dist=0.35 m, idx=8767)
[INFO] [1783523044.853] [/local_avoidance]: [local_avoidance] avoiding...  min_dist=0.59 m
[INFO] [1783523044.953] [/local_avoidance]: [local_avoidance] DEACTIVATED
[WARN] [1783523045.004] [/local_avoidance]: [local_avoidance] ACTIVATED  (min_dist=0.35 m, idx=9209)
[INFO] [1783523045.078] [/local_avoidance]: [local_avoidance] DEACTIVATED
[WARN] [1783523045.109] [/local_avoidance]: [local_avoidance] ACTIVATED  (min_dist=0.35 m, idx=9137)
[INFO] [1783523045.153] [/local_avoidance]: [local_avoidance] DEACTIVATED
[WARN] [1783523045.204] [/local_avoidance]: [local_avoidance] ACTIVATED  (min_dist=0.34 m, idx=2424)
[INFO] [1783523045.254] [/local_avoidance]: [local_avoidance] DEACTIVATED
[WARN] [1783523045.307] [/local_avoidance]: [local_avoidance] ACTIVATED  (min_dist=0.35 m, idx=3357)
[INFO] [1783523045.854] [/local_avoidance]: [local_avoidance] avoiding...  min_dist=0.35 m
[INFO] [1783523046.130] [/cloud_crop_bridge]: [CloudCrop] 2545 -> 557 pts (22%)
[INFO] [1783523046.856] [/local_avoidance]: [local_avoidance] avoiding...  min_dist=0.36 m
[WARN] [1783523047.217] [/exploration_node]: wait for trigger.
[INFO] [1783523047.907] [/local_avoidance]: [local_avoidance] avoiding...  min_dist=0.35 m
[INFO] [1783523048.953] [/local_avoidance]: [local_avoidance] avoiding...  min_dist=0.35 m
[INFO] [1783523049.004] [/local_avoidance]: [local_avoidance] DEACTIVATED
[WARN] [1783523049.057] [/local_avoidance]: [local_avoidance] ACTIVATED  (min_dist=0.35 m, idx=7728)
[INFO] [1783523049.103] [/local_avoidance]: [local_avoidance] DEACTIVATED
[WARN] [1783523049.154] [/local_avoidance]: [local_avoidance] ACTIVATED  (min_dist=0.35 m, idx=1040)
[INFO] [1783523049.204] [/local_avoidance]: [local_avoidance] DEACTIVATED
[WARN] [1783523049.254] [/local_avoidance]: [local_avoidance] ACTIVATED  (min_dist=0.35 m, idx=760)
[INFO] [1783523049.303] [/local_avoidance]: [local_avoidance] DEACTIVATED
[WARN] [1783523049.357] [/local_avoidance]: [local_avoidance] ACTIVATED  (min_dist=0.34 m, idx=8992)
[INFO] [1783523049.404] [/local_avoidance]: [local_avoidance] DEACTIVATED
[WARN] [1783523049.454] [/local_avoidance]: [local_avoidance] ACTIVATED  (min_dist=0.35 m, idx=1238)
[INFO] [1783523049.505] [/local_avoidance]: [local_avoidance] DEACTIVATED
[WARN] [1783523049.556] [/local_avoidance]: [local_avoidance] ACTIVATED  (min_dist=0.35 m, idx=2049)
[INFO] [1783523049.603] [/local_avoidance]: [local_avoidance] DEACTIVATED
[WARN] [1783523049.654] [/local_avoidance]: [local_avoidance] ACTIVATED  (min_dist=0.35 m, idx=1595)
[INFO] [1783523049.704] [/local_avoidance]: [local_avoidance] DEACTIVATED
[WARN] [1783523049.754] [/local_avoidance]: [local_avoidance] ACTIVATED  (min_dist=0.35 m, idx=8443)
[INFO] [1783523049.804] [/local_avoidance]: [local_avoidance] DEACTIVATED
[WARN] [1783523049.857] [/local_avoidance]: [local_avoidance] ACTIVATED  (min_dist=0.34 m, idx=9447)
[WARN] [1783523049.885] [/exploration_node]: [EV] [1783523049.885][   +304.0s][WAIT_TRIGGER] Avoidance: Activated  <->  Deactivated | cycling x1404 over 303.0s
[INFO] [1783523049.903] [/local_avoidance]: [local_avoidance] DEACTIVATED
[WARN] [1783523049.953] [/local_avoidance]: [local_avoidance] ACTIVATED  (min_dist=0.35 m, idx=7357)
[INFO] [1783523050.003] [/local_avoidance]: [local_avoidance] DEACTIVATED
[WARN] [1783523050.054] [/local_avoidance]: [local_avoidance] ACTIVATED  (min_dist=0.35 m, idx=8435)
[INFO] [1783523050.132] [/local_avoidance]: [local_avoidance] DEACTIVATED
[WARN] [1783523050.153] [/local_avoidance]: [local_avoidance] ACTIVATED  (min_dist=0.35 m, idx=2035)
[INFO] [1783523050.208] [/local_avoidance]: [local_avoidance] avoiding...  min_dist=0.60 m
[INFO] [1783523051.150] [/cloud_crop_bridge]: [CloudCrop] 2620 -> 621 pts (24%)
[INFO] [1783523051.254] [/local_avoidance]: [local_avoidance] avoiding...  min_dist=0.35 m
[WARN] [1783523052.226] [/exploration_node]: wait for trigger.
[INFO] [1783523052.304] [/local_avoidance]: [local_avoidance] avoiding...  min_dist=0.35 m
[INFO] [1783523053.304] [/local_avoidance]: [local_avoidance] avoiding...  min_dist=0.35 m
[INFO] [1783523054.053] [/local_avoidance]: [local_avoidance] DEACTIVATED
[WARN] [1783523054.108] [/local_avoidance]: [local_avoidance] ACTIVATED  (min_dist=0.35 m, idx=739)
[INFO] [1783523054.254] [/local_avoidance]: [local_avoidance] DEACTIVATED
[WARN] [1783523054.303] [/local_avoidance]: [local_avoidance] ACTIVATED  (min_dist=0.35 m, idx=1286)
[INFO] [1783523054.355] [/local_avoidance]: [local_avoidance] DEACTIVATED
[WARN] [1783523054.407] [/local_avoidance]: [local_avoidance] ACTIVATED  (min_dist=0.34 m, idx=809)
[INFO] [1783523054.453] [/local_avoidance]: [local_avoidance] DEACTIVATED
[WARN] [1783523054.503] [/local_avoidance]: [local_avoidance] ACTIVATED  (min_dist=0.35 m, idx=1821)
[INFO] [1783523054.553] [/local_avoidance]: [local_avoidance] DEACTIVATED
[WARN] [1783523054.611] [/local_avoidance]: [local_avoidance] ACTIVATED  (min_dist=0.34 m, idx=1258)
[INFO] [1783523054.654] [/local_avoidance]: [local_avoidance] DEACTIVATED
[WARN] [1783523054.707] [/local_avoidance]: [local_avoidance] ACTIVATED  (min_dist=0.35 m, idx=2190)
[INFO] [1783523054.754] [/local_avoidance]: [local_avoidance] DEACTIVATED
[WARN] [1783523054.803] [/local_avoidance]: [local_avoidance] ACTIVATED  (min_dist=0.35 m, idx=9035)
[INFO] [1783523054.854] [/local_avoidance]: [local_avoidance] DEACTIVATED
[WARN] [1783523054.908] [/local_avoidance]: [local_avoidance] ACTIVATED  (min_dist=0.35 m, idx=2453)
[INFO] [1783523054.978] [/local_avoidance]: [local_avoidance] DEACTIVATED
[WARN] [1783523055.006] [/local_avoidance]: [local_avoidance] ACTIVATED  (min_dist=0.34 m, idx=10238)
[INFO] [1783523055.056] [/local_avoidance]: [local_avoidance] DEACTIVATED
[WARN] [1783523055.103] [/local_avoidance]: [local_avoidance] ACTIVATED  (min_dist=0.35 m, idx=3168)
[INFO] [1783523055.153] [/local_avoidance]: [local_avoidance] avoiding...  min_dist=0.36 m
[INFO] [1783523056.151] [/cloud_crop_bridge]: [CloudCrop] 2919 -> 220 pts (8%)
[INFO] [1783523056.205] [/local_avoidance]: [local_avoidance] avoiding...  min_dist=0.35 m
[WARN] [1783523057.236] [/exploration_node]: wait for trigger.
[INFO] [1783523057.254] [/local_avoidance]: [local_avoidance] avoiding...  min_dist=0.35 m
[INFO] [1783523058.255] [/local_avoidance]: [local_avoidance] avoiding...  min_dist=0.35 m
[INFO] [1783523058.905] [/local_avoidance]: [local_avoidance] DEACTIVATED
[WARN] [1783523058.980] [/local_avoidance]: [local_avoidance] ACTIVATED  (min_dist=0.35 m, idx=1061)
[INFO] [1783523059.205] [/local_avoidance]: [local_avoidance] DEACTIVATED
[WARN] [1783523059.253] [/local_avoidance]: [local_avoidance] ACTIVATED  (min_dist=0.35 m, idx=8265)
[INFO] [1783523059.304] [/local_avoidance]: [local_avoidance] DEACTIVATED
[WARN] [1783523059.353] [/local_avoidance]: [local_avoidance] ACTIVATED  (min_dist=0.35 m, idx=7710)
[INFO] [1783523059.403] [/local_avoidance]: [local_avoidance] DEACTIVATED
[WARN] [1783523059.456] [/local_avoidance]: [local_avoidance] ACTIVATED  (min_dist=0.35 m, idx=1415)
[INFO] [1783523059.503] [/local_avoidance]: [local_avoidance] DEACTIVATED
[WARN] [1783523059.554] [/local_avoidance]: [local_avoidance] ACTIVATED  (min_dist=0.34 m, idx=1116)
[INFO] [1783523059.604] [/local_avoidance]: [local_avoidance] DEACTIVATED
[WARN] [1783523059.656] [/local_avoidance]: [local_avoidance] ACTIVATED  (min_dist=0.35 m, idx=1844)
[INFO] [1783523059.706] [/local_avoidance]: [local_avoidance] DEACTIVATED
[WARN] [1783523059.754] [/local_avoidance]: [local_avoidance] ACTIVATED  (min_dist=0.35 m, idx=7738)
[INFO] [1783523059.804] [/local_avoidance]: [local_avoidance] DEACTIVATED
[WARN] [1783523059.856] [/local_avoidance]: [local_avoidance] ACTIVATED  (min_dist=0.35 m, idx=2415)
[INFO] [1783523059.904] [/local_avoidance]: [local_avoidance] DEACTIVATED
[WARN] [1783523059.954] [/local_avoidance]: [local_avoidance] ACTIVATED  (min_dist=0.34 m, idx=1847)
[INFO] [1783523060.004] [/local_avoidance]: [local_avoidance] avoiding...  min_dist=0.60 m
[INFO] [1783523060.207] [/local_avoidance]: [local_avoidance] DEACTIVATED
[WARN] [1783523060.254] [/local_avoidance]: [local_avoidance] ACTIVATED  (min_dist=0.35 m, idx=9151)
[INFO] [1783523060.411] [/local_avoidance]: [local_avoidance] DEACTIVATED
[WARN] [1783523060.460] [/local_avoidance]: [local_avoidance] ACTIVATED  (min_dist=0.35 m, idx=3853)
[INFO] [1783523061.005] [/local_avoidance]: [local_avoidance] avoiding...  min_dist=0.34 m
[INFO] [1783523061.151] [/cloud_crop_bridge]: [CloudCrop] 3091 -> 645 pts (21%)
[INFO] [1783523062.009] [/local_avoidance]: [local_avoidance] avoiding...  min_dist=0.34 m
[WARN] [1783523062.236] [/exploration_node]: wait for trigger.
[INFO] [1783523063.054] [/local_avoidance]: [local_avoidance] avoiding...  min_dist=0.35 m
[INFO] [1783523064.057] [/local_avoidance]: [local_avoidance] avoiding...  min_dist=0.59 m
[INFO] [1783523064.153] [/local_avoidance]: [local_avoidance] DEACTIVATED
[WARN] [1783523064.203] [/local_avoidance]: [local_avoidance] ACTIVATED  (min_dist=0.34 m, idx=731)
[INFO] [1783523064.254] [/local_avoidance]: [local_avoidance] DEACTIVATED
[WARN] [1783523064.304] [/local_avoidance]: [local_avoidance] ACTIVATED  (min_dist=0.35 m, idx=1641)
[INFO] [1783523064.354] [/local_avoidance]: [local_avoidance] DEACTIVATED
[WARN] [1783523064.404] [/local_avoidance]: [local_avoidance] ACTIVATED  (min_dist=0.35 m, idx=1078)
[INFO] [1783523064.458] [/local_avoidance]: [local_avoidance] DEACTIVATED
[WARN] [1783523064.508] [/local_avoidance]: [local_avoidance] ACTIVATED  (min_dist=0.35 m, idx=9300)
[INFO] [1783523064.578] [/local_avoidance]: [local_avoidance] DEACTIVATED
[WARN] [1783523064.603] [/local_avoidance]: [local_avoidance] ACTIVATED  (min_dist=0.34 m, idx=2010)
[INFO] [1783523064.653] [/local_avoidance]: [local_avoidance] DEACTIVATED
[WARN] [1783523064.704] [/local_avoidance]: [local_avoidance] ACTIVATED  (min_dist=0.36 m, idx=8573)
[INFO] [1783523064.753] [/local_avoidance]: [local_avoidance] DEACTIVATED
[WARN] [1783523064.804] [/local_avoidance]: [local_avoidance] ACTIVATED  (min_dist=0.35 m, idx=1991)
[INFO] [1783523064.854] [/local_avoidance]: [local_avoidance] DEACTIVATED
[WARN] [1783523064.928] [/local_avoidance]: [local_avoidance] ACTIVATED  (min_dist=0.35 m, idx=7355)
[INFO] [1783523064.954] [/local_avoidance]: [local_avoidance] DEACTIVATED
[WARN] [1783523065.003] [/local_avoidance]: [local_avoidance] ACTIVATED  (min_dist=0.35 m, idx=9834)
[INFO] [1783523065.053] [/local_avoidance]: [local_avoidance] DEACTIVATED
[WARN] [1783523065.104] [/local_avoidance]: [local_avoidance] ACTIVATED  (min_dist=0.34 m, idx=2048)
[INFO] [1783523065.156] [/local_avoidance]: [local_avoidance] avoiding...  min_dist=0.59 m
[INFO] [1783523066.153] [/cloud_crop_bridge]: [CloudCrop] 2970 -> 240 pts (8%)
[INFO] [1783523066.157] [/local_avoidance]: [local_avoidance] avoiding...  min_dist=0.35 m
[INFO] [1783523067.205] [/local_avoidance]: [local_avoidance] avoiding...  min_dist=0.34 m
[WARN] [1783523067.245] [/exploration_node]: wait for trigger.
[INFO] [1783523068.254] [/local_avoidance]: [local_avoidance] avoiding...  min_dist=0.35 m
[INFO] [1783523068.803] [/local_avoidance]: [local_avoidance] DEACTIVATED
[WARN] [1783523068.861] [/local_avoidance]: [local_avoidance] ACTIVATED  (min_dist=0.35 m, idx=6174)
[INFO] [1783523069.029] [/local_avoidance]: [local_avoidance] DEACTIVATED
[WARN] [1783523069.056] [/local_avoidance]: [local_avoidance] ACTIVATED  (min_dist=0.34 m, idx=8562)
[INFO] [1783523069.254] [/local_avoidance]: [local_avoidance] avoiding...  min_dist=0.35 m
[INFO] [1783523069.304] [/local_avoidance]: [local_avoidance] DEACTIVATED
[WARN] [1783523069.359] [/local_avoidance]: [local_avoidance] ACTIVATED  (min_dist=0.35 m, idx=675)
[INFO] [1783523069.404] [/local_avoidance]: [local_avoidance] DEACTIVATED
[WARN] [1783523069.454] [/local_avoidance]: [local_avoidance] ACTIVATED  (min_dist=0.35 m, idx=7715)
[INFO] [1783523069.504] [/local_avoidance]: [local_avoidance] DEACTIVATED
[WARN] [1783523069.554] [/local_avoidance]: [local_avoidance] ACTIVATED  (min_dist=0.35 m, idx=8615)
[INFO] [1783523069.606] [/local_avoidance]: [local_avoidance] DEACTIVATED
[WARN] [1783523069.661] [/local_avoidance]: [local_avoidance] ACTIVATED  (min_dist=0.35 m, idx=2322)
[INFO] [1783523069.703] [/local_avoidance]: [local_avoidance] DEACTIVATED
[WARN] [1783523069.753] [/local_avoidance]: [local_avoidance] ACTIVATED  (min_dist=0.35 m, idx=9167)
[INFO] [1783523069.804] [/local_avoidance]: [local_avoidance] DEACTIVATED
[WARN] [1783523069.880] [/local_avoidance]: [local_avoidance] ACTIVATED  (min_dist=0.35 m, idx=2669)
[INFO] [1783523070.010] [/local_avoidance]: [local_avoidance] DEACTIVATED
[WARN] [1783523070.056] [/local_avoidance]: [local_avoidance] ACTIVATED  (min_dist=0.35 m, idx=8967)
[INFO] [1783523070.204] [/local_avoidance]: [local_avoidance] DEACTIVATED
[WARN] [1783523070.254] [/local_avoidance]: [local_avoidance] ACTIVATED  (min_dist=0.35 m, idx=9419)
[INFO] [1783523070.313] [/local_avoidance]: [local_avoidance] avoiding...  min_dist=0.36 m
[INFO] [1783523071.201] [/cloud_crop_bridge]: [CloudCrop] 2974 -> 237 pts (8%)
[INFO] [1783523071.381] [/local_avoidance]: [local_avoidance] avoiding...  min_dist=0.35 m
[WARN] [1783523072.245] [/exploration_node]: wait for trigger.
[INFO] [1783523072.404] [/local_avoidance]: [local_avoidance] avoiding...  min_dist=0.35 m
[INFO] [1783523073.410] [/local_avoidance]: [local_avoidance] avoiding...  min_dist=0.35 m
[INFO] [1783523073.953] [/local_avoidance]: [local_avoidance] DEACTIVATED
[WARN] [1783523074.004] [/local_avoidance]: [local_avoidance] ACTIVATED  (min_dist=0.35 m, idx=437)
[INFO] [1783523074.156] [/local_avoidance]: [local_avoidance] DEACTIVATED
[WARN] [1783523074.207] [/local_avoidance]: [local_avoidance] ACTIVATED  (min_dist=0.35 m, idx=8200)
[INFO] [1783523074.256] [/local_avoidance]: [local_avoidance] DEACTIVATED
[WARN] [1783523074.304] [/local_avoidance]: [local_avoidance] ACTIVATED  (min_dist=0.35 m, idx=1909)
[INFO] [1783523074.354] [/local_avoidance]: [local_avoidance] DEACTIVATED
[WARN] [1783523074.403] [/local_avoidance]: [local_avoidance] ACTIVATED  (min_dist=0.35 m, idx=8748)
[INFO] [1783523074.454] [/local_avoidance]: [local_avoidance] DEACTIVATED
[WARN] [1783523074.504] [/local_avoidance]: [local_avoidance] ACTIVATED  (min_dist=0.35 m, idx=8202)
[INFO] [1783523074.557] [/local_avoidance]: [local_avoidance] DEACTIVATED
[WARN] [1783523074.608] [/local_avoidance]: [local_avoidance] ACTIVATED  (min_dist=0.35 m, idx=1797)
[INFO] [1783523074.655] [/local_avoidance]: [local_avoidance] DEACTIVATED
[WARN] [1783523074.704] [/local_avoidance]: [local_avoidance] ACTIVATED  (min_dist=0.35 m, idx=1343)
[INFO] [1783523074.754] [/local_avoidance]: [local_avoidance] DEACTIVATED
[WARN] [1783523074.803] [/local_avoidance]: [local_avoidance] ACTIVATED  (min_dist=0.35 m, idx=2359)
[INFO] [1783523074.853] [/local_avoidance]: [local_avoidance] DEACTIVATED
[WARN] [1783523074.909] [/local_avoidance]: [local_avoidance] ACTIVATED  (min_dist=0.35 m, idx=9207)
[INFO] [1783523074.954] [/local_avoidance]: [local_avoidance] DEACTIVATED
[WARN] [1783523075.003] [/local_avoidance]: [local_avoidance] ACTIVATED  (min_dist=0.35 m, idx=2788)
[INFO] [1783523075.053] [/local_avoidance]: [local_avoidance] avoiding...  min_dist=0.60 m
[INFO] [1783523075.155] [/local_avoidance]: [local_avoidance] DEACTIVATED
[WARN] [1783523075.205] [/local_avoidance]: [local_avoidance] ACTIVATED  (min_dist=0.35 m, idx=3249)
[INFO] [1783523076.054] [/local_avoidance]: [local_avoidance] avoiding...  min_dist=0.35 m
[INFO] [1783523076.206] [/cloud_crop_bridge]: [CloudCrop] 2585 -> 525 pts (20%)
[INFO] [1783523077.104] [/local_avoidance]: [local_avoidance] avoiding...  min_dist=0.35 m
[WARN] [1783523077.256] [/exploration_node]: wait for trigger.
[INFO] [1783523078.108] [/local_avoidance]: [local_avoidance] avoiding...  min_dist=0.35 m
[INFO] [1783523078.803] [/local_avoidance]: [local_avoidance] DEACTIVATED
[WARN] [1783523078.853] [/local_avoidance]: [local_avoidance] ACTIVATED  (min_dist=0.35 m, idx=6337)
[INFO] [1783523079.008] [/local_avoidance]: [local_avoidance] DEACTIVATED
[WARN] [1783523079.057] [/local_avoidance]: [local_avoidance] ACTIVATED  (min_dist=0.35 m, idx=8153)
[INFO] [1783523079.157] [/local_avoidance]: [local_avoidance] avoiding...  min_dist=0.35 m
[INFO] [1783523079.303] [/local_avoidance]: [local_avoidance] DEACTIVATED
[WARN] [1783523079.354] [/local_avoidance]: [local_avoidance] ACTIVATED  (min_dist=0.35 m, idx=1008)
[INFO] [1783523079.404] [/local_avoidance]: [local_avoidance] DEACTIVATED
[WARN] [1783523079.453] [/local_avoidance]: [local_avoidance] ACTIVATED  (min_dist=0.35 m, idx=7883)
[INFO] [1783523079.508] [/local_avoidance]: [local_avoidance] DEACTIVATED
[WARN] [1783523079.553] [/local_avoidance]: [local_avoidance] ACTIVATED  (min_dist=0.35 m, idx=1460)
[INFO] [1783523079.603] [/local_avoidance]: [local_avoidance] DEACTIVATED
[WARN] [1783523079.653] [/local_avoidance]: [local_avoidance] ACTIVATED  (min_dist=0.35 m, idx=2502)
[INFO] [1783523079.703] [/local_avoidance]: [local_avoidance] DEACTIVATED
[WARN] [1783523079.754] [/local_avoidance]: [local_avoidance] ACTIVATED  (min_dist=0.34 m, idx=9339)
[INFO] [1783523079.808] [/local_avoidance]: [local_avoidance] DEACTIVATED
[WARN] [1783523079.856] [/local_avoidance]: [local_avoidance] ACTIVATED  (min_dist=0.35 m, idx=8783)
[WARN] [1783523079.885] [/exploration_node]: [EV] [1783523079.885][   +334.0s][WAIT_TRIGGER] Avoidance: Activated  <->  Deactivated | cycling x1530 over 333.0s
[INFO] [1783523080.003] [/local_avoidance]: [local_avoidance] DEACTIVATED
[WARN] [1783523080.053] [/local_avoidance]: [local_avoidance] ACTIVATED  (min_dist=0.35 m, idx=3499)
[INFO] [1783523080.103] [/local_avoidance]: [local_avoidance] DEACTIVATED
[WARN] [1783523080.153] [/local_avoidance]: [local_avoidance] ACTIVATED  (min_dist=0.35 m, idx=3035)
[INFO] [1783523080.204] [/local_avoidance]: [local_avoidance] avoiding...  min_dist=0.35 m
[INFO] [1783523081.206] [/cloud_crop_bridge]: [CloudCrop] 2951 -> 250 pts (8%)
[INFO] [1783523081.229] [/local_avoidance]: [local_avoidance] avoiding...  min_dist=0.36 m
[INFO] [1783523082.254] [/local_avoidance]: [local_avoidance] avoiding...  min_dist=0.35 m
[WARN] [1783523082.265] [/exploration_node]: wait for trigger.
[INFO] [1783523083.304] [/local_avoidance]: [local_avoidance] avoiding...  min_dist=0.35 m
[INFO] [1783523083.980] [/local_avoidance]: [local_avoidance] DEACTIVATED
[WARN] [1783523084.003] [/local_avoidance]: [local_avoidance] ACTIVATED  (min_dist=0.35 m, idx=1111)
[INFO] [1783523084.278] [/local_avoidance]: [local_avoidance] DEACTIVATED
[WARN] [1783523084.304] [/local_avoidance]: [local_avoidance] ACTIVATED  (min_dist=0.35 m, idx=803)
[INFO] [1783523084.354] [/local_avoidance]: [local_avoidance] DEACTIVATED
[WARN] [1783523084.404] [/local_avoidance]: [local_avoidance] ACTIVATED  (min_dist=0.35 m, idx=1622)
[INFO] [1783523084.453] [/local_avoidance]: [local_avoidance] avoiding...  min_dist=0.60 m
[INFO] [1783523084.555] [/local_avoidance]: [local_avoidance] DEACTIVATED
[WARN] [1783523084.607] [/local_avoidance]: [local_avoidance] ACTIVATED  (min_dist=0.35 m, idx=9377)
[INFO] [1783523084.658] [/local_avoidance]: [local_avoidance] DEACTIVATED
[WARN] [1783523084.703] [/local_avoidance]: [local_avoidance] ACTIVATED  (min_dist=0.35 m, idx=1698)
[INFO] [1783523084.753] [/local_avoidance]: [local_avoidance] DEACTIVATED
[WARN] [1783523084.803] [/local_avoidance]: [local_avoidance] ACTIVATED  (min_dist=0.35 m, idx=8471)
[INFO] [1783523084.853] [/local_avoidance]: [local_avoidance] DEACTIVATED
[WARN] [1783523084.906] [/local_avoidance]: [local_avoidance] ACTIVATED  (min_dist=0.34 m, idx=2159)
[INFO] [1783523084.954] [/local_avoidance]: [local_avoidance] DEACTIVATED
[WARN] [1783523085.004] [/local_avoidance]: [local_avoidance] ACTIVATED  (min_dist=0.35 m, idx=9005)
[INFO] [1783523085.159] [/local_avoidance]: [local_avoidance] DEACTIVATED
[WARN] [1783523085.203] [/local_avoidance]: [local_avoidance] ACTIVATED  (min_dist=0.35 m, idx=9363)
[INFO] [1783523085.454] [/local_avoidance]: [local_avoidance] avoiding...  min_dist=0.59 m
[INFO] [1783523086.212] [/cloud_crop_bridge]: [CloudCrop] 2681 -> 572 pts (21%)
[INFO] [1783523086.509] [/local_avoidance]: [local_avoidance] avoiding...  min_dist=0.35 m
[WARN] [1783523087.275] [/exploration_node]: wait for trigger.
[INFO] [1783523087.556] [/local_avoidance]: [local_avoidance] avoiding...  min_dist=0.35 m
[INFO] [1783523088.603] [/local_avoidance]: [local_avoidance] avoiding...  min_dist=0.38 m
[INFO] [1783523088.808] [/local_avoidance]: [local_avoidance] DEACTIVATED
[WARN] [1783523088.854] [/local_avoidance]: [local_avoidance] ACTIVATED  (min_dist=0.35 m, idx=766)
[INFO] [1783523088.903] [/local_avoidance]: [local_avoidance] DEACTIVATED
[WARN] [1783523088.953] [/local_avoidance]: [local_avoidance] ACTIVATED  (min_dist=0.35 m, idx=390)
[INFO] [1783523089.203] [/local_avoidance]: [local_avoidance] DEACTIVATED
[WARN] [1783523089.256] [/local_avoidance]: [local_avoidance] ACTIVATED  (min_dist=0.35 m, idx=7695)
[INFO] [1783523089.306] [/local_avoidance]: [local_avoidance] DEACTIVATED
[WARN] [1783523089.355] [/local_avoidance]: [local_avoidance] ACTIVATED  (min_dist=0.35 m, idx=8692)
[INFO] [1783523089.404] [/local_avoidance]: [local_avoidance] DEACTIVATED
[WARN] [1783523089.453] [/local_avoidance]: [local_avoidance] ACTIVATED  (min_dist=0.35 m, idx=812)
[INFO] [1783523089.503] [/local_avoidance]: [local_avoidance] DEACTIVATED
[WARN] [1783523089.554] [/local_avoidance]: [local_avoidance] ACTIVATED  (min_dist=0.35 m, idx=7703)
[INFO] [1783523089.604] [/local_avoidance]: [local_avoidance] DEACTIVATED
[WARN] [1783523089.653] [/local_avoidance]: [local_avoidance] ACTIVATED  (min_dist=0.34 m, idx=1282)
[INFO] [1783523089.705] [/local_avoidance]: [local_avoidance] DEACTIVATED
[WARN] [1783523089.756] [/local_avoidance]: [local_avoidance] ACTIVATED  (min_dist=0.35 m, idx=2284)
[INFO] [1783523089.803] [/local_avoidance]: [local_avoidance] avoiding...  min_dist=0.60 m
[INFO] [1783523090.004] [/local_avoidance]: [local_avoidance] DEACTIVATED
[WARN] [1783523090.053] [/local_avoidance]: [local_avoidance] ACTIVATED  (min_dist=0.34 m, idx=2383)
[INFO] [1783523090.104] [/local_avoidance]: [local_avoidance] DEACTIVATED
[WARN] [1783523090.154] [/local_avoidance]: [local_avoidance] ACTIVATED  (min_dist=0.35 m, idx=9139)
[INFO] [1783523090.329] [/local_avoidance]: [local_avoidance] DEACTIVATED
[WARN] [1783523090.354] [/local_avoidance]: [local_avoidance] ACTIVATED  (min_dist=0.35 m, idx=5606)
[INFO] [1783523090.807] [/local_avoidance]: [local_avoidance] avoiding...  min_dist=0.35 m
[INFO] [1783523091.261] [/cloud_crop_bridge]: [CloudCrop] 2656 -> 607 pts (23%)
[INFO] [1783523091.858] [/local_avoidance]: [local_avoidance] avoiding...  min_dist=0.35 m
[WARN] [1783523092.275] [/exploration_node]: wait for trigger.
[INFO] [1783523092.904] [/local_avoidance]: [local_avoidance] avoiding...  min_dist=0.35 m
[INFO] [1783523093.959] [/local_avoidance]: [local_avoidance] DEACTIVATED
[WARN] [1783523094.005] [/local_avoidance]: [local_avoidance] ACTIVATED  (min_dist=0.35 m, idx=798)
[INFO] [1783523094.053] [/local_avoidance]: [local_avoidance] DEACTIVATED
[WARN] [1783523094.104] [/local_avoidance]: [local_avoidance] ACTIVATED  (min_dist=0.34 m, idx=527)
[INFO] [1783523094.154] [/local_avoidance]: [local_avoidance] avoiding...  min_dist=0.60 m
[INFO] [1783523094.255] [/local_avoidance]: [local_avoidance] DEACTIVATED
[WARN] [1783523094.304] [/local_avoidance]: [local_avoidance] ACTIVATED  (min_dist=0.35 m, idx=1075)
[INFO] [1783523094.354] [/local_avoidance]: [local_avoidance] DEACTIVATED
[WARN] [1783523094.403] [/local_avoidance]: [local_avoidance] ACTIVATED  (min_dist=0.35 m, idx=1990)
[INFO] [1783523094.479] [/local_avoidance]: [local_avoidance] DEACTIVATED
[WARN] [1783523094.506] [/local_avoidance]: [local_avoidance] ACTIVATED  (min_dist=0.35 m, idx=8917)
[INFO] [1783523094.557] [/local_avoidance]: [local_avoidance] DEACTIVATED
[WARN] [1783523094.606] [/local_avoidance]: [local_avoidance] ACTIVATED  (min_dist=0.35 m, idx=8279)
[INFO] [1783523094.653] [/local_avoidance]: [local_avoidance] DEACTIVATED
[WARN] [1783523094.703] [/local_avoidance]: [local_avoidance] ACTIVATED  (min_dist=0.35 m, idx=9276)
[INFO] [1783523094.753] [/local_avoidance]: [local_avoidance] DEACTIVATED
[WARN] [1783523094.807] [/local_avoidance]: [local_avoidance] ACTIVATED  (min_dist=0.35 m, idx=2885)
[INFO] [1783523094.954] [/local_avoidance]: [local_avoidance] DEACTIVATED
[WARN] [1783523095.005] [/local_avoidance]: [local_avoidance] ACTIVATED  (min_dist=0.35 m, idx=3438)
[INFO] [1783523095.053] [/local_avoidance]: [local_avoidance] DEACTIVATED
[WARN] [1783523095.104] [/local_avoidance]: [local_avoidance] ACTIVATED  (min_dist=0.35 m, idx=2864)
[INFO] [1783523095.203] [/local_avoidance]: [local_avoidance] avoiding...  min_dist=0.35 m
[INFO] [1783523096.254] [/local_avoidance]: [local_avoidance] avoiding...  min_dist=0.35 m
[INFO] [1783523096.313] [/cloud_crop_bridge]: [CloudCrop] 2623 -> 513 pts (20%)
[INFO] [1783523097.257] [/local_avoidance]: [local_avoidance] avoiding...  min_dist=0.35 m
[WARN] [1783523097.275] [/exploration_node]: wait for trigger.
[INFO] [1783523098.307] [/local_avoidance]: [local_avoidance] avoiding...  min_dist=0.35 m
[INFO] [1783523098.907] [/local_avoidance]: [local_avoidance] DEACTIVATED
[WARN] [1783523098.953] [/local_avoidance]: [local_avoidance] ACTIVATED  (min_dist=0.35 m, idx=579)
[INFO] [1783523099.204] [/local_avoidance]: [local_avoidance] DEACTIVATED
[WARN] [1783523099.256] [/local_avoidance]: [local_avoidance] ACTIVATED  (min_dist=0.35 m, idx=2130)
[INFO] [1783523099.308] [/local_avoidance]: [local_avoidance] DEACTIVATED
[WARN] [1783523099.357] [/local_avoidance]: [local_avoidance] ACTIVATED  (min_dist=0.35 m, idx=7409)
[INFO] [1783523099.404] [/local_avoidance]: [local_avoidance] DEACTIVATED
[WARN] [1783523099.453] [/local_avoidance]: [local_avoidance] ACTIVATED  (min_dist=0.35 m, idx=8414)
[INFO] [1783523099.504] [/local_avoidance]: [local_avoidance] DEACTIVATED
[WARN] [1783523099.554] [/local_avoidance]: [local_avoidance] ACTIVATED  (min_dist=0.35 m, idx=2013)
[INFO] [1783523099.609] [/local_avoidance]: [local_avoidance] DEACTIVATED
[WARN] [1783523099.655] [/local_avoidance]: [local_avoidance] ACTIVATED  (min_dist=0.35 m, idx=1651)
[INFO] [1783523099.703] [/local_avoidance]: [local_avoidance] DEACTIVATED
[WARN] [1783523099.753] [/local_avoidance]: [local_avoidance] ACTIVATED  (min_dist=0.34 m, idx=9764)
[INFO] [1783523099.804] [/local_avoidance]: [local_avoidance] DEACTIVATED
[WARN] [1783523099.856] [/local_avoidance]: [local_avoidance] ACTIVATED  (min_dist=0.35 m, idx=1998)
[INFO] [1783523099.904] [/local_avoidance]: [local_avoidance] DEACTIVATED
[WARN] [1783523099.954] [/local_avoidance]: [local_avoidance] ACTIVATED  (min_dist=0.35 m, idx=3004)
[INFO] [1783523100.004] [/local_avoidance]: [local_avoidance] avoiding...  min_dist=0.36 m
[INFO] [1783523100.104] [/local_avoidance]: [local_avoidance] DEACTIVATED
[WARN] [1783523100.154] [/local_avoidance]: [local_avoidance] ACTIVATED  (min_dist=0.35 m, idx=9311)
[INFO] [1783523101.054] [/local_avoidance]: [local_avoidance] avoiding...  min_dist=0.35 m
[INFO] [1783523101.352] [/cloud_crop_bridge]: [CloudCrop] 2851 -> 584 pts (20%)
[INFO] [1783523102.104] [/local_avoidance]: [local_avoidance] avoiding...  min_dist=0.35 m
[WARN] [1783523102.275] [/exploration_node]: wait for trigger.
[INFO] [1783523103.109] [/local_avoidance]: [local_avoidance] avoiding...  min_dist=0.35 m
[INFO] [1783523104.054] [/local_avoidance]: [local_avoidance] DEACTIVATED
[WARN] [1783523104.104] [/local_avoidance]: [local_avoidance] ACTIVATED  (min_dist=0.35 m, idx=8094)
[INFO] [1783523104.164] [/local_avoidance]: [local_avoidance] avoiding...  min_dist=0.54 m
[INFO] [1783523104.255] [/local_avoidance]: [local_avoidance] DEACTIVATED
[WARN] [1783523104.329] [/local_avoidance]: [local_avoidance] ACTIVATED  (min_dist=0.34 m, idx=8555)
[INFO] [1783523104.353] [/local_avoidance]: [local_avoidance] DEACTIVATED
[WARN] [1783523104.403] [/local_avoidance]: [local_avoidance] ACTIVATED  (min_dist=0.35 m, idx=7413)
[INFO] [1783523104.453] [/local_avoidance]: [local_avoidance] DEACTIVATED
[WARN] [1783523104.505] [/local_avoidance]: [local_avoidance] ACTIVATED  (min_dist=0.34 m, idx=8993)
[INFO] [1783523104.554] [/local_avoidance]: [local_avoidance] DEACTIVATED
[WARN] [1783523104.610] [/local_avoidance]: [local_avoidance] ACTIVATED  (min_dist=0.35 m, idx=8551)
[INFO] [1783523104.655] [/local_avoidance]: [local_avoidance] DEACTIVATED
[WARN] [1783523104.703] [/local_avoidance]: [local_avoidance] ACTIVATED  (min_dist=0.35 m, idx=8186)
[INFO] [1783523104.754] [/local_avoidance]: [local_avoidance] DEACTIVATED
[WARN] [1783523104.804] [/local_avoidance]: [local_avoidance] ACTIVATED  (min_dist=0.35 m, idx=1687)
[INFO] [1783523104.859] [/local_avoidance]: [local_avoidance] DEACTIVATED
[WARN] [1783523104.906] [/local_avoidance]: [local_avoidance] ACTIVATED  (min_dist=0.35 m, idx=2702)
[INFO] [1783523105.054] [/local_avoidance]: [local_avoidance] DEACTIVATED
[WARN] [1783523105.104] [/local_avoidance]: [local_avoidance] ACTIVATED  (min_dist=0.35 m, idx=3141)
[INFO] [1783523105.203] [/local_avoidance]: [local_avoidance] avoiding...  min_dist=0.35 m
[INFO] [1783523105.258] [/local_avoidance]: [local_avoidance] DEACTIVATED
[WARN] [1783523105.306] [/local_avoidance]: [local_avoidance] ACTIVATED  (min_dist=0.35 m, idx=4064)
[INFO] [1783523106.211] [/local_avoidance]: [local_avoidance] avoiding...  min_dist=0.35 m
[INFO] [1783523106.402] [/cloud_crop_bridge]: [CloudCrop] 2686 -> 527 pts (20%)
[INFO] [1783523107.253] [/local_avoidance]: [local_avoidance] avoiding...  min_dist=0.35 m
[WARN] [1783523107.288] [/exploration_node]: wait for trigger.
[INFO] [1783523108.253] [/local_avoidance]: [local_avoidance] avoiding...  min_dist=0.35 m
[INFO] [1783523108.905] [/local_avoidance]: [local_avoidance] DEACTIVATED
[WARN] [1783523108.958] [/local_avoidance]: [local_avoidance] ACTIVATED  (min_dist=0.35 m, idx=737)
[INFO] [1783523109.003] [/local_avoidance]: [local_avoidance] DEACTIVATED
[WARN] [1783523109.054] [/local_avoidance]: [local_avoidance] ACTIVATED  (min_dist=0.34 m, idx=375)
[INFO] [1783523109.103] [/local_avoidance]: [local_avoidance] DEACTIVATED
[WARN] [1783523109.153] [/local_avoidance]: [local_avoidance] ACTIVATED  (min_dist=0.35 m, idx=7227)
[INFO] [1783523109.206] [/local_avoidance]: [local_avoidance] DEACTIVATED
[WARN] [1783523109.253] [/local_avoidance]: [local_avoidance] ACTIVATED  (min_dist=0.34 m, idx=744)
[INFO] [1783523109.306] [/local_avoidance]: [local_avoidance] DEACTIVATED
[WARN] [1783523109.356] [/local_avoidance]: [local_avoidance] ACTIVATED  (min_dist=0.35 m, idx=1847)
[INFO] [1783523109.429] [/local_avoidance]: [local_avoidance] DEACTIVATED
[WARN] [1783523109.453] [/local_avoidance]: [local_avoidance] ACTIVATED  (min_dist=0.35 m, idx=8683)
[INFO] [1783523109.503] [/local_avoidance]: [local_avoidance] DEACTIVATED
[WARN] [1783523109.558] [/local_avoidance]: [local_avoidance] ACTIVATED  (min_dist=0.35 m, idx=2298)
[INFO] [1783523109.629] [/local_avoidance]: [local_avoidance] DEACTIVATED
[WARN] [1783523109.653] [/local_avoidance]: [local_avoidance] ACTIVATED  (min_dist=0.34 m, idx=9135)
[INFO] [1783523109.703] [/local_avoidance]: [local_avoidance] DEACTIVATED
[WARN] [1783523109.760] [/local_avoidance]: [local_avoidance] ACTIVATED  (min_dist=0.35 m, idx=8578)
[INFO] [1783523109.804] [/local_avoidance]: [local_avoidance] DEACTIVATED
[WARN] [1783523109.853] [/local_avoidance]: [local_avoidance] ACTIVATED  (min_dist=0.35 m, idx=2256)
[INFO] [1783523109.904] [/local_avoidance]: [local_avoidance] DEACTIVATED
[INFO] [1783523109.935] [/exploration_node]: [EV] [1783523109.935][   +364.1s][WAIT_TRIGGER] Avoidance: Deactivated  <->  Activated | cycling x1655 over 363.1s
[WARN] [1783523109.953] [/local_avoidance]: [local_avoidance] ACTIVATED  (min_dist=0.35 m, idx=7569)
[INFO] [1783523110.003] [/local_avoidance]: [local_avoidance] avoiding...  min_dist=0.35 m
[INFO] [1783523110.103] [/local_avoidance]: [local_avoidance] DEACTIVATED
[WARN] [1783523110.155] [/local_avoidance]: [local_avoidance] ACTIVATED  (min_dist=0.34 m, idx=2244)
[INFO] [1783523111.029] [/local_avoidance]: [local_avoidance] avoiding...  min_dist=0.34 m
[INFO] [1783523111.408] [/cloud_crop_bridge]: [CloudCrop] 2884 -> 252 pts (9%)
[INFO] [1783523112.029] [/local_avoidance]: [local_avoidance] avoiding...  min_dist=0.35 m
[WARN] [1783523112.295] [/exploration_node]: wait for trigger.
[INFO] [1783523113.058] [/local_avoidance]: [local_avoidance] avoiding...  min_dist=0.35 m
[INFO] [1783523113.354] [/local_avoidance]: [local_avoidance] DEACTIVATED
[WARN] [1783523113.405] [/local_avoidance]: [local_avoidance] ACTIVATED  (min_dist=0.35 m, idx=366)
[INFO] [1783523113.854] [/local_avoidance]: [local_avoidance] DEACTIVATED
[WARN] [1783523113.904] [/local_avoidance]: [local_avoidance] ACTIVATED  (min_dist=0.35 m, idx=404)
[INFO] [1783523114.058] [/local_avoidance]: [local_avoidance] DEACTIVATED
[WARN] [1783523114.108] [/local_avoidance]: [local_avoidance] ACTIVATED  (min_dist=0.35 m, idx=856)
[INFO] [1783523114.164] [/local_avoidance]: [local_avoidance] DEACTIVATED
[WARN] [1783523114.203] [/local_avoidance]: [local_avoidance] ACTIVATED  (min_dist=0.35 m, idx=590)
[INFO] [1783523114.255] [/local_avoidance]: [local_avoidance] avoiding...  min_dist=0.59 m
[INFO] [1783523114.354] [/local_avoidance]: [local_avoidance] DEACTIVATED
[WARN] [1783523114.409] [/local_avoidance]: [local_avoidance] ACTIVATED  (min_dist=0.35 m, idx=1051)
[INFO] [1783523114.453] [/local_avoidance]: [local_avoidance] DEACTIVATED
[WARN] [1783523114.505] [/local_avoidance]: [local_avoidance] ACTIVATED  (min_dist=0.35 m, idx=1975)
[INFO] [1783523114.653] [/local_avoidance]: [local_avoidance] DEACTIVATED
[WARN] [1783523114.707] [/local_avoidance]: [local_avoidance] ACTIVATED  (min_dist=0.35 m, idx=8157)
[INFO] [1783523114.754] [/local_avoidance]: [local_avoidance] DEACTIVATED
[WARN] [1783523114.804] [/local_avoidance]: [local_avoidance] ACTIVATED  (min_dist=0.35 m, idx=2819)
[INFO] [1783523114.853] [/local_avoidance]: [local_avoidance] DEACTIVATED
[WARN] [1783523114.903] [/local_avoidance]: [local_avoidance] ACTIVATED  (min_dist=0.35 m, idx=2861)
[INFO] [1783523114.954] [/local_avoidance]: [local_avoidance] DEACTIVATED
[WARN] [1783523115.003] [/local_avoidance]: [local_avoidance] ACTIVATED  (min_dist=0.35 m, idx=9715)
[INFO] [1783523115.053] [/local_avoidance]: [local_avoidance] DEACTIVATED
[WARN] [1783523115.104] [/local_avoidance]: [local_avoidance] ACTIVATED  (min_dist=0.35 m, idx=7810)
[INFO] [1783523115.256] [/local_avoidance]: [local_avoidance] DEACTIVATED
[WARN] [1783523115.330] [/local_avoidance]: [local_avoidance] ACTIVATED  (min_dist=0.35 m, idx=4253)
[INFO] [1783523115.353] [/local_avoidance]: [local_avoidance] avoiding...  min_dist=0.59 m
[INFO] [1783523116.354] [/local_avoidance]: [local_avoidance] avoiding...  min_dist=0.34 m
[INFO] [1783523116.452] [/cloud_crop_bridge]: [CloudCrop] 2898 -> 327 pts (11%)
[WARN] [1783523117.299] [/exploration_node]: wait for trigger.
[INFO] [1783523117.357] [/local_avoidance]: [local_avoidance] avoiding...  min_dist=0.35 m
[INFO] [1783523118.408] [/local_avoidance]: [local_avoidance] avoiding...  min_dist=0.35 m
[INFO] [1783523118.708] [/local_avoidance]: [local_avoidance] DEACTIVATED
[WARN] [1783523118.753] [/local_avoidance]: [local_avoidance] ACTIVATED  (min_dist=0.35 m, idx=6306)
[INFO] [1783523118.906] [/local_avoidance]: [local_avoidance] DEACTIVATED
[WARN] [1783523118.966] [/local_avoidance]: [local_avoidance] ACTIVATED  (min_dist=0.35 m, idx=2070)
[INFO] [1783523119.004] [/local_avoidance]: [local_avoidance] DEACTIVATED
[WARN] [1783523119.053] [/local_avoidance]: [local_avoidance] ACTIVATED  (min_dist=0.35 m, idx=629)
[INFO] [1783523119.104] [/local_avoidance]: [local_avoidance] DEACTIVATED
[WARN] [1783523119.154] [/local_avoidance]: [local_avoidance] ACTIVATED  (min_dist=0.35 m, idx=5819)
[INFO] [1783523119.203] [/local_avoidance]: [local_avoidance] DEACTIVATED
[WARN] [1783523119.256] [/local_avoidance]: [local_avoidance] ACTIVATED  (min_dist=0.35 m, idx=8393)
[INFO] [1783523119.307] [/local_avoidance]: [local_avoidance] DEACTIVATED
[WARN] [1783523119.362] [/local_avoidance]: [local_avoidance] ACTIVATED  (min_dist=0.35 m, idx=7951)
[INFO] [1783523119.404] [/local_avoidance]: [local_avoidance] DEACTIVATED
[WARN] [1783523119.454] [/local_avoidance]: [local_avoidance] ACTIVATED  (min_dist=0.35 m, idx=8846)
[INFO] [1783523119.503] [/local_avoidance]: [local_avoidance] DEACTIVATED
[WARN] [1783523119.553] [/local_avoidance]: [local_avoidance] ACTIVATED  (min_dist=0.34 m, idx=1087)
[INFO] [1783523119.604] [/local_avoidance]: [local_avoidance] DEACTIVATED
[WARN] [1783523119.654] [/local_avoidance]: [local_avoidance] ACTIVATED  (min_dist=0.34 m, idx=9394)
[INFO] [1783523119.705] [/local_avoidance]: [local_avoidance] DEACTIVATED
[WARN] [1783523119.767] [/local_avoidance]: [local_avoidance] ACTIVATED  (min_dist=0.34 m, idx=1526)
[INFO] [1783523119.805] [/local_avoidance]: [local_avoidance] avoiding...  min_dist=0.59 m
[INFO] [1783523119.905] [/local_avoidance]: [local_avoidance] DEACTIVATED
[WARN] [1783523119.957] [/local_avoidance]: [local_avoidance] ACTIVATED  (min_dist=0.35 m, idx=9394)
[INFO] [1783523120.204] [/local_avoidance]: [local_avoidance] DEACTIVATED
[WARN] [1783523120.278] [/local_avoidance]: [local_avoidance] ACTIVATED  (min_dist=0.35 m, idx=9291)
[INFO] [1783523120.807] [/local_avoidance]: [local_avoidance] avoiding...  min_dist=0.35 m
[INFO] [1783523121.452] [/cloud_crop_bridge]: [CloudCrop] 2708 -> 536 pts (20%)
[INFO] [1783523121.857] [/local_avoidance]: [local_avoidance] avoiding...  min_dist=0.35 m
[WARN] [1783523122.300] [/exploration_node]: wait for trigger.
[INFO] [1783523122.906] [/local_avoidance]: [local_avoidance] avoiding...  min_dist=0.35 m
[INFO] [1783523123.908] [/local_avoidance]: [local_avoidance] avoiding...  min_dist=0.35 m
[INFO] [1783523123.954] [/local_avoidance]: [local_avoidance] DEACTIVATED
[WARN] [1783523124.006] [/local_avoidance]: [local_avoidance] ACTIVATED  (min_dist=0.35 m, idx=7630)
[INFO] [1783523124.060] [/local_avoidance]: [local_avoidance] DEACTIVATED
[WARN] [1783523124.104] [/local_avoidance]: [local_avoidance] ACTIVATED  (min_dist=0.35 m, idx=2806)
[INFO] [1783523124.153] [/local_avoidance]: [local_avoidance] DEACTIVATED
[WARN] [1783523124.204] [/local_avoidance]: [local_avoidance] ACTIVATED  (min_dist=0.35 m, idx=762)
[INFO] [1783523124.354] [/local_avoidance]: [local_avoidance] DEACTIVATED
[WARN] [1783523124.429] [/local_avoidance]: [local_avoidance] ACTIVATED  (min_dist=0.35 m, idx=1227)
[INFO] [1783523124.453] [/local_avoidance]: [local_avoidance] DEACTIVATED
[WARN] [1783523124.507] [/local_avoidance]: [local_avoidance] ACTIVATED  (min_dist=0.35 m, idx=8179)
[INFO] [1783523124.654] [/local_avoidance]: [local_avoidance] DEACTIVATED
[WARN] [1783523124.705] [/local_avoidance]: [local_avoidance] ACTIVATED  (min_dist=0.35 m, idx=2703)
[INFO] [1783523124.756] [/local_avoidance]: [local_avoidance] DEACTIVATED
[WARN] [1783523124.828] [/local_avoidance]: [local_avoidance] ACTIVATED  (min_dist=0.35 m, idx=2113)
[INFO] [1783523124.853] [/local_avoidance]: [local_avoidance] DEACTIVATED
[WARN] [1783523124.904] [/local_avoidance]: [local_avoidance] ACTIVATED  (min_dist=0.35 m, idx=8975)
[INFO] [1783523124.958] [/local_avoidance]: [local_avoidance] DEACTIVATED
[WARN] [1783523125.008] [/local_avoidance]: [local_avoidance] ACTIVATED  (min_dist=0.35 m, idx=2564)
[INFO] [1783523125.054] [/local_avoidance]: [local_avoidance] DEACTIVATED
[WARN] [1783523125.104] [/local_avoidance]: [local_avoidance] ACTIVATED  (min_dist=0.34 m, idx=2092)
[INFO] [1783523125.154] [/local_avoidance]: [local_avoidance] DEACTIVATED
[WARN] [1783523125.206] [/local_avoidance]: [local_avoidance] ACTIVATED  (min_dist=0.35 m, idx=3108)
[INFO] [1783523125.254] [/local_avoidance]: [local_avoidance] avoiding...  min_dist=0.35 m
[INFO] [1783523126.257] [/local_avoidance]: [local_avoidance] avoiding...  min_dist=0.35 m
[INFO] [1783523126.508] [/cloud_crop_bridge]: [CloudCrop] 2794 -> 504 pts (18%)
[INFO] [1783523127.260] [/local_avoidance]: [local_avoidance] avoiding...  min_dist=0.35 m
[WARN] [1783523127.306] [/exploration_node]: wait for trigger.
[INFO] [1783523128.304] [/local_avoidance]: [local_avoidance] avoiding...  min_dist=0.35 m
[INFO] [1783523128.804] [/local_avoidance]: [local_avoidance] DEACTIVATED
[WARN] [1783523128.856] [/local_avoidance]: [local_avoidance] ACTIVATED  (min_dist=0.35 m, idx=7664)
[INFO] [1783523129.003] [/local_avoidance]: [local_avoidance] DEACTIVATED
[WARN] [1783523129.054] [/local_avoidance]: [local_avoidance] ACTIVATED  (min_dist=0.35 m, idx=800)
[INFO] [1783523129.103] [/local_avoidance]: [local_avoidance] DEACTIVATED
[WARN] [1783523129.154] [/local_avoidance]: [local_avoidance] ACTIVATED  (min_dist=0.34 m, idx=355)
[INFO] [1783523129.305] [/local_avoidance]: [local_avoidance] DEACTIVATED
[WARN] [1783523129.362] [/local_avoidance]: [local_avoidance] ACTIVATED  (min_dist=0.35 m, idx=815)
[INFO] [1783523129.404] [/local_avoidance]: [local_avoidance] DEACTIVATED
[WARN] [1783523129.454] [/local_avoidance]: [local_avoidance] ACTIVATED  (min_dist=0.35 m, idx=7657)
[INFO] [1783523129.504] [/local_avoidance]: [local_avoidance] DEACTIVATED
[WARN] [1783523129.554] [/local_avoidance]: [local_avoidance] ACTIVATED  (min_dist=0.35 m, idx=8663)
[INFO] [1783523129.604] [/local_avoidance]: [local_avoidance] DEACTIVATED
[WARN] [1783523129.663] [/local_avoidance]: [local_avoidance] ACTIVATED  (min_dist=0.34 m, idx=9569)
[INFO] [1783523129.708] [/local_avoidance]: [local_avoidance] DEACTIVATED
[WARN] [1783523129.754] [/local_avoidance]: [local_avoidance] ACTIVATED  (min_dist=0.35 m, idx=9115)
[INFO] [1783523129.804] [/local_avoidance]: [local_avoidance] DEACTIVATED
[WARN] [1783523129.854] [/local_avoidance]: [local_avoidance] ACTIVATED  (min_dist=0.35 m, idx=8659)
[INFO] [1783523129.905] [/local_avoidance]: [local_avoidance] DEACTIVATED
[WARN] [1783523129.954] [/local_avoidance]: [local_avoidance] ACTIVATED  (min_dist=0.35 m, idx=2232)
[INFO] [1783523130.004] [/local_avoidance]: [local_avoidance] DEACTIVATED
[WARN] [1783523130.054] [/local_avoidance]: [local_avoidance] ACTIVATED  (min_dist=0.35 m, idx=3261)
[INFO] [1783523130.105] [/local_avoidance]: [local_avoidance] avoiding...  min_dist=0.36 m
[INFO] [1783523130.209] [/local_avoidance]: [local_avoidance] DEACTIVATED
[WARN] [1783523130.253] [/local_avoidance]: [local_avoidance] ACTIVATED  (min_dist=0.35 m, idx=3713)
[INFO] [1783523131.154] [/local_avoidance]: [local_avoidance] avoiding...  min_dist=0.35 m
[INFO] [1783523131.513] [/cloud_crop_bridge]: [CloudCrop] 2849 -> 254 pts (9%)
[INFO] [1783523132.155] [/local_avoidance]: [local_avoidance] avoiding...  min_dist=0.35 m
[WARN] [1783523132.306] [/exploration_node]: wait for trigger.
[INFO] [1783523133.204] [/local_avoidance]: [local_avoidance] avoiding...  min_dist=0.34 m
[INFO] [1783523133.658] [/local_avoidance]: [local_avoidance] DEACTIVATED
[WARN] [1783523133.704] [/local_avoidance]: [local_avoidance] ACTIVATED  (min_dist=0.35 m, idx=2139)
[INFO] [1783523133.855] [/local_avoidance]: [local_avoidance] DEACTIVATED
[WARN] [1783523133.903] [/local_avoidance]: [local_avoidance] ACTIVATED  (min_dist=0.35 m, idx=7471)
[INFO] [1783523133.954] [/local_avoidance]: [local_avoidance] DEACTIVATED
[WARN] [1783523134.003] [/local_avoidance]: [local_avoidance] ACTIVATED  (min_dist=0.34 m, idx=7902)
[INFO] [1783523134.054] [/local_avoidance]: [local_avoidance] DEACTIVATED
[WARN] [1783523134.108] [/local_avoidance]: [local_avoidance] ACTIVATED  (min_dist=0.35 m, idx=7247)
[INFO] [1783523134.157] [/local_avoidance]: [local_avoidance] DEACTIVATED
[WARN] [1783523134.203] [/local_avoidance]: [local_avoidance] ACTIVATED  (min_dist=0.35 m, idx=928)
[INFO] [1783523134.253] [/local_avoidance]: [local_avoidance] DEACTIVATED
[WARN] [1783523134.304] [/local_avoidance]: [local_avoidance] ACTIVATED  (min_dist=0.35 m, idx=7890)
[INFO] [1783523134.378] [/local_avoidance]: [local_avoidance] DEACTIVATED
[WARN] [1783523134.406] [/local_avoidance]: [local_avoidance] ACTIVATED  (min_dist=0.34 m, idx=8693)
[INFO] [1783523134.456] [/local_avoidance]: [local_avoidance] DEACTIVATED
[WARN] [1783523134.529] [/local_avoidance]: [local_avoidance] ACTIVATED  (min_dist=0.35 m, idx=9494)
[INFO] [1783523134.557] [/local_avoidance]: [local_avoidance] DEACTIVATED
[WARN] [1783523134.605] [/local_avoidance]: [local_avoidance] ACTIVATED  (min_dist=0.35 m, idx=1928)
[INFO] [1783523134.653] [/local_avoidance]: [local_avoidance] DEACTIVATED
[WARN] [1783523134.703] [/local_avoidance]: [local_avoidance] ACTIVATED  (min_dist=0.35 m, idx=2334)
[INFO] [1783523134.759] [/local_avoidance]: [local_avoidance] DEACTIVATED
[WARN] [1783523134.803] [/local_avoidance]: [local_avoidance] ACTIVATED  (min_dist=0.35 m, idx=2380)
[INFO] [1783523134.854] [/local_avoidance]: [local_avoidance] DEACTIVATED
[WARN] [1783523134.905] [/local_avoidance]: [local_avoidance] ACTIVATED  (min_dist=0.35 m, idx=9237)
[INFO] [1783523134.955] [/local_avoidance]: [local_avoidance] DEACTIVATED
[WARN] [1783523135.006] [/local_avoidance]: [local_avoidance] ACTIVATED  (min_dist=0.35 m, idx=8787)
[INFO] [1783523135.057] [/local_avoidance]: [local_avoidance] avoiding...  min_dist=0.36 m
[INFO] [1783523135.179] [/local_avoidance]: [local_avoidance] DEACTIVATED
[WARN] [1783523135.203] [/local_avoidance]: [local_avoidance] ACTIVATED  (min_dist=0.35 m, idx=3595)
[INFO] [1783523135.353] [/local_avoidance]: [local_avoidance] DEACTIVATED
[WARN] [1783523135.408] [/local_avoidance]: [local_avoidance] ACTIVATED  (min_dist=0.35 m, idx=3855)
[INFO] [1783523136.058] [/local_avoidance]: [local_avoidance] avoiding...  min_dist=0.35 m
[INFO] [1783523136.561] [/cloud_crop_bridge]: [CloudCrop] 2873 -> 363 pts (13%)
[INFO] [1783523137.108] [/local_avoidance]: [local_avoidance] avoiding...  min_dist=0.35 m
[WARN] [1783523137.315] [/exploration_node]: wait for trigger.
[INFO] [1783523138.156] [/local_avoidance]: [local_avoidance] avoiding...  min_dist=0.35 m
[INFO] [1783523138.805] [/local_avoidance]: [local_avoidance] DEACTIVATED
[WARN] [1783523138.853] [/local_avoidance]: [local_avoidance] ACTIVATED  (min_dist=0.35 m, idx=466)
[INFO] [1783523139.010] [/local_avoidance]: [local_avoidance] DEACTIVATED
[WARN] [1783523139.055] [/local_avoidance]: [local_avoidance] ACTIVATED  (min_dist=0.35 m, idx=1081)
[INFO] [1783523139.104] [/local_avoidance]: [local_avoidance] DEACTIVATED
[WARN] [1783523139.154] [/local_avoidance]: [local_avoidance] ACTIVATED  (min_dist=0.34 m, idx=806)
[INFO] [1783523139.204] [/local_avoidance]: [local_avoidance] DEACTIVATED
[WARN] [1783523139.253] [/local_avoidance]: [local_avoidance] ACTIVATED  (min_dist=0.35 m, idx=7379)
[INFO] [1783523139.303] [/local_avoidance]: [local_avoidance] DEACTIVATED
[WARN] [1783523139.355] [/local_avoidance]: [local_avoidance] ACTIVATED  (min_dist=0.35 m, idx=1162)
[INFO] [1783523139.403] [/local_avoidance]: [local_avoidance] DEACTIVATED
[WARN] [1783523139.478] [/local_avoidance]: [local_avoidance] ACTIVATED  (min_dist=0.35 m, idx=7885)
[INFO] [1783523139.504] [/local_avoidance]: [local_avoidance] DEACTIVATED
[WARN] [1783523139.555] [/local_avoidance]: [local_avoidance] ACTIVATED  (min_dist=0.35 m, idx=1614)
[INFO] [1783523139.605] [/local_avoidance]: [local_avoidance] DEACTIVATED
[WARN] [1783523139.659] [/local_avoidance]: [local_avoidance] ACTIVATED  (min_dist=0.35 m, idx=2533)
[INFO] [1783523139.705] [/local_avoidance]: [local_avoidance] DEACTIVATED
[WARN] [1783523139.758] [/local_avoidance]: [local_avoidance] ACTIVATED  (min_dist=0.34 m, idx=9383)
[INFO] [1783523139.805] [/local_avoidance]: [local_avoidance] DEACTIVATED
[WARN] [1783523139.854] [/local_avoidance]: [local_avoidance] ACTIVATED  (min_dist=0.35 m, idx=8922)
[INFO] [1783523139.904] [/local_avoidance]: [local_avoidance] avoiding...  min_dist=0.48 m
[INFO] [1783523140.004] [/local_avoidance]: [local_avoidance] DEACTIVATED
[INFO] [1783523140.027] [/exploration_node]: [EV] [1783523140.027][   +394.2s][WAIT_TRIGGER] Avoidance: Deactivated  <->  Activated | cycling x1803 over 393.1s
[WARN] [1783523140.054] [/local_avoidance]: [local_avoidance] ACTIVATED  (min_dist=0.35 m, idx=9375)
[INFO] [1783523140.907] [/local_avoidance]: [local_avoidance] avoiding...  min_dist=0.35 m
[INFO] [1783523141.573] [/cloud_crop_bridge]: [CloudCrop] 2701 -> 533 pts (20%)
[INFO] [1783523141.955] [/local_avoidance]: [local_avoidance] avoiding...  min_dist=0.34 m
[WARN] [1783523142.315] [/exploration_node]: wait for trigger.
[INFO] [1783523142.956] [/local_avoidance]: [local_avoidance] avoiding...  min_dist=0.35 m
[INFO] [1783523143.955] [/local_avoidance]: [local_avoidance] DEACTIVATED
[WARN] [1783523144.003] [/local_avoidance]: [local_avoidance] ACTIVATED  (min_dist=0.35 m, idx=8062)
[INFO] [1783523144.053] [/local_avoidance]: [local_avoidance] avoiding...  min_dist=0.60 m
[INFO] [1783523144.153] [/local_avoidance]: [local_avoidance] DEACTIVATED
[WARN] [1783523144.205] [/local_avoidance]: [local_avoidance] ACTIVATED  (min_dist=0.34 m, idx=8618)
[INFO] [1783523144.257] [/local_avoidance]: [local_avoidance] DEACTIVATED
[WARN] [1783523144.308] [/local_avoidance]: [local_avoidance] ACTIVATED  (min_dist=0.34 m, idx=751)
[INFO] [1783523144.355] [/local_avoidance]: [local_avoidance] DEACTIVATED
[WARN] [1783523144.404] [/local_avoidance]: [local_avoidance] ACTIVATED  (min_dist=0.35 m, idx=9057)
[INFO] [1783523144.453] [/local_avoidance]: [local_avoidance] DEACTIVATED
[WARN] [1783523144.504] [/local_avoidance]: [local_avoidance] ACTIVATED  (min_dist=0.34 m, idx=1286)
[INFO] [1783523144.553] [/local_avoidance]: [local_avoidance] DEACTIVATED
[WARN] [1783523144.606] [/local_avoidance]: [local_avoidance] ACTIVATED  (min_dist=0.35 m, idx=3567)
[INFO] [1783523144.678] [/local_avoidance]: [local_avoidance] DEACTIVATED
[WARN] [1783523144.703] [/local_avoidance]: [local_avoidance] ACTIVATED  (min_dist=0.35 m, idx=9059)
[INFO] [1783523144.753] [/local_avoidance]: [local_avoidance] DEACTIVATED
[WARN] [1783523144.804] [/local_avoidance]: [local_avoidance] ACTIVATED  (min_dist=0.35 m, idx=2657)
[INFO] [1783523144.956] [/local_avoidance]: [local_avoidance] DEACTIVATED
[WARN] [1783523145.003] [/local_avoidance]: [local_avoidance] ACTIVATED  (min_dist=0.35 m, idx=9147)
[INFO] [1783523145.053] [/local_avoidance]: [local_avoidance] avoiding...  min_dist=0.35 m
[INFO] [1783523145.157] [/local_avoidance]: [local_avoidance] DEACTIVATED
[WARN] [1783523145.206] [/local_avoidance]: [local_avoidance] ACTIVATED  (min_dist=0.35 m, idx=3657)
[INFO] [1783523146.053] [/local_avoidance]: [local_avoidance] avoiding...  min_dist=0.35 m
[INFO] [1783523146.607] [/cloud_crop_bridge]: [CloudCrop] 2803 -> 466 pts (17%)
[INFO] [1783523147.054] [/local_avoidance]: [local_avoidance] avoiding...  min_dist=0.35 m
[WARN] [1783523147.325] [/exploration_node]: wait for trigger.
[INFO] [1783523148.056] [/local_avoidance]: [local_avoidance] avoiding...  min_dist=0.35 m
[INFO] [1783523148.611] [/local_avoidance]: [local_avoidance] DEACTIVATED
[WARN] [1783523148.654] [/local_avoidance]: [local_avoidance] ACTIVATED  (min_dist=0.35 m, idx=358)
[INFO] [1783523148.907] [/local_avoidance]: [local_avoidance] DEACTIVATED
[WARN] [1783523148.955] [/local_avoidance]: [local_avoidance] ACTIVATED  (min_dist=0.35 m, idx=530)
[INFO] [1783523149.104] [/local_avoidance]: [local_avoidance] DEACTIVATED
[WARN] [1783523149.153] [/local_avoidance]: [local_avoidance] ACTIVATED  (min_dist=0.35 m, idx=8295)
[INFO] [1783523149.206] [/local_avoidance]: [local_avoidance] DEACTIVATED
[WARN] [1783523149.255] [/local_avoidance]: [local_avoidance] ACTIVATED  (min_dist=0.35 m, idx=1897)
[INFO] [1783523149.304] [/local_avoidance]: [local_avoidance] avoiding...  min_dist=0.59 m
[INFO] [1783523149.404] [/local_avoidance]: [local_avoidance] DEACTIVATED
[WARN] [1783523149.454] [/local_avoidance]: [local_avoidance] ACTIVATED  (min_dist=0.35 m, idx=952)
[INFO] [1783523149.505] [/local_avoidance]: [local_avoidance] DEACTIVATED
[WARN] [1783523149.557] [/local_avoidance]: [local_avoidance] ACTIVATED  (min_dist=0.35 m, idx=9185)
[INFO] [1783523149.604] [/local_avoidance]: [local_avoidance] DEACTIVATED
[WARN] [1783523149.654] [/local_avoidance]: [local_avoidance] ACTIVATED  (min_dist=0.34 m, idx=1331)
[INFO] [1783523149.705] [/local_avoidance]: [local_avoidance] DEACTIVATED
[WARN] [1783523149.758] [/local_avoidance]: [local_avoidance] ACTIVATED  (min_dist=0.35 m, idx=8195)
[INFO] [1783523150.006] [/local_avoidance]: [local_avoidance] DEACTIVATED
[WARN] [1783523150.054] [/local_avoidance]: [local_avoidance] ACTIVATED  (min_dist=0.35 m, idx=9638)
[INFO] [1783523150.104] [/local_avoidance]: [local_avoidance] DEACTIVATED
[WARN] [1783523150.154] [/local_avoidance]: [local_avoidance] ACTIVATED  (min_dist=0.35 m, idx=4814)
[INFO] [1783523150.306] [/local_avoidance]: [local_avoidance] DEACTIVATED
[WARN] [1783523150.354] [/local_avoidance]: [local_avoidance] ACTIVATED  (min_dist=0.35 m, idx=6080)
[INFO] [1783523150.404] [/local_avoidance]: [local_avoidance] avoiding...  min_dist=0.35 m
[INFO] [1783523151.455] [/local_avoidance]: [local_avoidance] avoiding...  min_dist=0.35 m
[INFO] [1783523151.625] [/cloud_crop_bridge]: [CloudCrop] 2701 -> 289 pts (11%)
[WARN] [1783523152.335] [/exploration_node]: wait for trigger.
[INFO] [1783523152.504] [/local_avoidance]: [local_avoidance] avoiding...  min_dist=0.35 m
[INFO] [1783523153.553] [/local_avoidance]: [local_avoidance] avoiding...  min_dist=0.35 m
[INFO] [1783523153.778] [/local_avoidance]: [local_avoidance] DEACTIVATED
[WARN] [1783523153.804] [/local_avoidance]: [local_avoidance] ACTIVATED  (min_dist=0.35 m, idx=861)
[INFO] [1783523153.854] [/local_avoidance]: [local_avoidance] DEACTIVATED
[WARN] [1783523153.903] [/local_avoidance]: [local_avoidance] ACTIVATED  (min_dist=0.35 m, idx=1087)
[INFO] [1783523153.959] [/local_avoidance]: [local_avoidance] DEACTIVATED
[WARN] [1783523154.006] [/local_avoidance]: [local_avoidance] ACTIVATED  (min_dist=0.35 m, idx=8425)
[INFO] [1783523154.060] [/local_avoidance]: [local_avoidance] DEACTIVATED
[WARN] [1783523154.103] [/local_avoidance]: [local_avoidance] ACTIVATED  (min_dist=0.35 m, idx=558)
[INFO] [1783523154.154] [/local_avoidance]: [local_avoidance] DEACTIVATED
[WARN] [1783523154.204] [/local_avoidance]: [local_avoidance] ACTIVATED  (min_dist=0.35 m, idx=7231)
[INFO] [1783523154.255] [/local_avoidance]: [local_avoidance] DEACTIVATED
[WARN] [1783523154.313] [/local_avoidance]: [local_avoidance] ACTIVATED  (min_dist=0.35 m, idx=1010)
[INFO] [1783523154.353] [/local_avoidance]: [local_avoidance] DEACTIVATED
[WARN] [1783523154.404] [/local_avoidance]: [local_avoidance] ACTIVATED  (min_dist=0.34 m, idx=10284)
[INFO] [1783523154.454] [/local_avoidance]: [local_avoidance] DEACTIVATED
[WARN] [1783523154.503] [/local_avoidance]: [local_avoidance] ACTIVATED  (min_dist=0.35 m, idx=1640)
[INFO] [1783523154.559] [/local_avoidance]: [local_avoidance] DEACTIVATED
[WARN] [1783523154.604] [/local_avoidance]: [local_avoidance] ACTIVATED  (min_dist=0.35 m, idx=2468)
[INFO] [1783523154.653] [/local_avoidance]: [local_avoidance] DEACTIVATED
[WARN] [1783523154.706] [/local_avoidance]: [local_avoidance] ACTIVATED  (min_dist=0.35 m, idx=2092)
[INFO] [1783523154.758] [/local_avoidance]: [local_avoidance] avoiding...  min_dist=0.34 m
[INFO] [1783523154.854] [/local_avoidance]: [local_avoidance] DEACTIVATED
[WARN] [1783523154.904] [/local_avoidance]: [local_avoidance] ACTIVATED  (min_dist=0.35 m, idx=2571)
[INFO] [1783523155.810] [/local_avoidance]: [local_avoidance] avoiding...  min_dist=0.35 m
[INFO] [1783523156.656] [/cloud_crop_bridge]: [CloudCrop] 2821 -> 377 pts (13%)
[INFO] [1783523156.853] [/local_avoidance]: [local_avoidance] avoiding...  min_dist=0.35 m
[WARN] [1783523157.335] [/exploration_node]: wait for trigger.
[INFO] [1783523157.854] [/local_avoidance]: [local_avoidance] avoiding...  min_dist=0.34 m
[INFO] [1783523158.704] [/local_avoidance]: [local_avoidance] DEACTIVATED
[WARN] [1783523158.778] [/local_avoidance]: [local_avoidance] ACTIVATED  (min_dist=0.35 m, idx=359)
[INFO] [1783523158.854] [/local_avoidance]: [local_avoidance] avoiding...  min_dist=0.35 m
[INFO] [1783523158.904] [/local_avoidance]: [local_avoidance] DEACTIVATED
[WARN] [1783523158.956] [/local_avoidance]: [local_avoidance] ACTIVATED  (min_dist=0.34 m, idx=8306)
[INFO] [1783523159.032] [/local_avoidance]: [local_avoidance] DEACTIVATED
[WARN] [1783523159.054] [/local_avoidance]: [local_avoidance] ACTIVATED  (min_dist=0.35 m, idx=320)
[INFO] [1783523159.210] [/local_avoidance]: [local_avoidance] DEACTIVATED
[WARN] [1783523159.258] [/local_avoidance]: [local_avoidance] ACTIVATED  (min_dist=0.34 m, idx=686)
[INFO] [1783523159.304] [/local_avoidance]: [local_avoidance] DEACTIVATED
[WARN] [1783523159.354] [/local_avoidance]: [local_avoidance] ACTIVATED  (min_dist=0.35 m, idx=7559)
[INFO] [1783523159.404] [/local_avoidance]: [local_avoidance] DEACTIVATED
[WARN] [1783523159.454] [/local_avoidance]: [local_avoidance] ACTIVATED  (min_dist=0.35 m, idx=1243)
[INFO] [1783523159.503] [/local_avoidance]: [local_avoidance] DEACTIVATED
[WARN] [1783523159.556] [/local_avoidance]: [local_avoidance] ACTIVATED  (min_dist=0.35 m, idx=2144)
[INFO] [1783523159.610] [/local_avoidance]: [local_avoidance] DEACTIVATED
[WARN] [1783523159.679] [/local_avoidance]: [local_avoidance] ACTIVATED  (min_dist=0.35 m, idx=1686)
[INFO] [1783523159.704] [/local_avoidance]: [local_avoidance] DEACTIVATED
[WARN] [1783523159.755] [/local_avoidance]: [local_avoidance] ACTIVATED  (min_dist=0.35 m, idx=8451)
[INFO] [1783523159.803] [/local_avoidance]: [local_avoidance] DEACTIVATED
[WARN] [1783523159.854] [/local_avoidance]: [local_avoidance] ACTIVATED  (min_dist=0.34 m, idx=2330)
[INFO] [1783523159.906] [/local_avoidance]: [local_avoidance] DEACTIVATED
[WARN] [1783523159.956] [/local_avoidance]: [local_avoidance] ACTIVATED  (min_dist=0.35 m, idx=3153)
[INFO] [1783523160.004] [/local_avoidance]: [local_avoidance] avoiding...  min_dist=0.36 m
[INFO] [1783523160.104] [/local_avoidance]: [local_avoidance] DEACTIVATED
[WARN] [1783523160.154] [/local_avoidance]: [local_avoidance] ACTIVATED  (min_dist=0.35 m, idx=5082)
[INFO] [1783523161.055] [/local_avoidance]: [local_avoidance] avoiding...  min_dist=0.35 m
[INFO] [1783523161.661] [/cloud_crop_bridge]: [CloudCrop] 2707 -> 522 pts (19%)
[INFO] [1783523162.079] [/local_avoidance]: [local_avoidance] avoiding...  min_dist=0.35 m
[WARN] [1783523162.345] [/exploration_node]: wait for trigger.
[INFO] [1783523163.104] [/local_avoidance]: [local_avoidance] avoiding...  min_dist=0.35 m
[INFO] [1783523163.553] [/local_avoidance]: [local_avoidance] DEACTIVATED
[WARN] [1783523163.604] [/local_avoidance]: [local_avoidance] ACTIVATED  (min_dist=0.35 m, idx=393)
[INFO] [1783523163.854] [/local_avoidance]: [local_avoidance] DEACTIVATED
[WARN] [1783523163.905] [/local_avoidance]: [local_avoidance] ACTIVATED  (min_dist=0.35 m, idx=369)
[INFO] [1783523163.955] [/local_avoidance]: [local_avoidance] DEACTIVATED
[WARN] [1783523164.018] [/local_avoidance]: [local_avoidance] ACTIVATED  (min_dist=0.35 m, idx=1206)
[INFO] [1783523164.059] [/local_avoidance]: [local_avoidance] DEACTIVATED
[WARN] [1783523164.103] [/local_avoidance]: [local_avoidance] ACTIVATED  (min_dist=0.34 m, idx=8819)
[INFO] [1783523164.154] [/local_avoidance]: [local_avoidance] DEACTIVATED
[WARN] [1783523164.207] [/local_avoidance]: [local_avoidance] ACTIVATED  (min_dist=0.35 m, idx=7687)
[INFO] [1783523164.257] [/local_avoidance]: [local_avoidance] avoiding...  min_dist=0.60 m
[INFO] [1783523164.359] [/local_avoidance]: [local_avoidance] DEACTIVATED
[WARN] [1783523164.403] [/local_avoidance]: [local_avoidance] ACTIVATED  (min_dist=0.35 m, idx=8143)
[INFO] [1783523164.453] [/local_avoidance]: [local_avoidance] DEACTIVATED
[WARN] [1783523164.506] [/local_avoidance]: [local_avoidance] ACTIVATED  (min_dist=0.35 m, idx=9326)
[INFO] [1783523164.553] [/local_avoidance]: [local_avoidance] DEACTIVATED
[WARN] [1783523164.604] [/local_avoidance]: [local_avoidance] ACTIVATED  (min_dist=0.35 m, idx=8682)
[INFO] [1783523164.664] [/local_avoidance]: [local_avoidance] DEACTIVATED
[WARN] [1783523164.703] [/local_avoidance]: [local_avoidance] ACTIVATED  (min_dist=0.35 m, idx=2295)
[INFO] [1783523164.755] [/local_avoidance]: [local_avoidance] DEACTIVATED
[WARN] [1783523164.805] [/local_avoidance]: [local_avoidance] ACTIVATED  (min_dist=0.34 m, idx=1718)
[INFO] [1783523164.854] [/local_avoidance]: [local_avoidance] DEACTIVATED
[WARN] [1783523164.905] [/local_avoidance]: [local_avoidance] ACTIVATED  (min_dist=0.35 m, idx=2939)
[INFO] [1783523164.953] [/local_avoidance]: [local_avoidance] DEACTIVATED
[WARN] [1783523165.004] [/local_avoidance]: [local_avoidance] ACTIVATED  (min_dist=0.35 m, idx=9591)
[INFO] [1783523165.254] [/local_avoidance]: [local_avoidance] DEACTIVATED
[WARN] [1783523165.306] [/local_avoidance]: [local_avoidance] ACTIVATED  (min_dist=0.35 m, idx=9779)
[INFO] [1783523165.357] [/local_avoidance]: [local_avoidance] avoiding...  min_dist=0.35 m
[INFO] [1783523166.358] [/local_avoidance]: [local_avoidance] avoiding...  min_dist=0.35 m
[INFO] [1783523166.712] [/cloud_crop_bridge]: [CloudCrop] 2724 -> 417 pts (15%)
[WARN] [1783523167.355] [/exploration_node]: wait for trigger.
[INFO] [1783523167.404] [/local_avoidance]: [local_avoidance] avoiding...  min_dist=0.35 m
[INFO] [1783523168.455] [/local_avoidance]: [local_avoidance] avoiding...  min_dist=0.35 m
[INFO] [1783523168.709] [/local_avoidance]: [local_avoidance] DEACTIVATED
[WARN] [1783523168.762] [/local_avoidance]: [local_avoidance] ACTIVATED  (min_dist=0.35 m, idx=6763)
[INFO] [1783523168.805] [/local_avoidance]: [local_avoidance] DEACTIVATED
[WARN] [1783523168.854] [/local_avoidance]: [local_avoidance] ACTIVATED  (min_dist=0.34 m, idx=351)
[INFO] [1783523169.003] [/local_avoidance]: [local_avoidance] DEACTIVATED
[WARN] [1783523169.053] [/local_avoidance]: [local_avoidance] ACTIVATED  (min_dist=0.35 m, idx=610)
[INFO] [1783523169.206] [/local_avoidance]: [local_avoidance] DEACTIVATED
[WARN] [1783523169.256] [/local_avoidance]: [local_avoidance] ACTIVATED  (min_dist=0.34 m, idx=1054)
[INFO] [1783523169.304] [/local_avoidance]: [local_avoidance] DEACTIVATED
[WARN] [1783523169.354] [/local_avoidance]: [local_avoidance] ACTIVATED  (min_dist=0.35 m, idx=1978)
[INFO] [1783523169.403] [/local_avoidance]: [local_avoidance] DEACTIVATED
[WARN] [1783523169.454] [/local_avoidance]: [local_avoidance] ACTIVATED  (min_dist=0.35 m, idx=1515)
[INFO] [1783523169.504] [/local_avoidance]: [local_avoidance] DEACTIVATED
[WARN] [1783523169.561] [/local_avoidance]: [local_avoidance] ACTIVATED  (min_dist=0.35 m, idx=8747)
[INFO] [1783523169.604] [/local_avoidance]: [local_avoidance] DEACTIVATED
[WARN] [1783523169.655] [/local_avoidance]: [local_avoidance] ACTIVATED  (min_dist=0.35 m, idx=9261)
[INFO] [1783523169.704] [/local_avoidance]: [local_avoidance] DEACTIVATED
[WARN] [1783523169.760] [/local_avoidance]: [local_avoidance] ACTIVATED  (min_dist=0.35 m, idx=2873)
[INFO] [1783523169.804] [/local_avoidance]: [local_avoidance] DEACTIVATED
[WARN] [1783523169.854] [/local_avoidance]: [local_avoidance] ACTIVATED  (min_dist=0.35 m, idx=2410)
[INFO] [1783523169.904] [/local_avoidance]: [local_avoidance] DEACTIVATED
[WARN] [1783523169.955] [/local_avoidance]: [local_avoidance] ACTIVATED  (min_dist=0.35 m, idx=9359)
[INFO] [1783523170.012] [/local_avoidance]: [local_avoidance] avoiding...  min_dist=0.60 m
[INFO] [1783523170.204] [/local_avoidance]: [local_avoidance] DEACTIVATED
[INFO] [1783523170.236] [/exploration_node]: [EV] [1783523170.236][   +424.4s][WAIT_TRIGGER] Avoidance: Deactivated  <->  Activated | cycling x1941 over 423.4s
[WARN] [1783523170.261] [/local_avoidance]: [local_avoidance] ACTIVATED  (min_dist=0.35 m, idx=9258)
[INFO] [1783523171.054] [/local_avoidance]: [local_avoidance] avoiding...  min_dist=0.35 m
[INFO] [1783523171.714] [/cloud_crop_bridge]: [CloudCrop] 2800 -> 306 pts (11%)
[INFO] [1783523172.054] [/local_avoidance]: [local_avoidance] avoiding...  min_dist=0.35 m
[WARN] [1783523172.356] [/exploration_node]: wait for trigger.
[INFO] [1783523173.104] [/local_avoidance]: [local_avoidance] avoiding...  min_dist=0.35 m
[INFO] [1783523173.857] [/local_avoidance]: [local_avoidance] DEACTIVATED
[WARN] [1783523173.913] [/local_avoidance]: [local_avoidance] ACTIVATED  (min_dist=0.35 m, idx=640)
[INFO] [1783523173.954] [/local_avoidance]: [local_avoidance] DEACTIVATED
[WARN] [1783523174.003] [/local_avoidance]: [local_avoidance] ACTIVATED  (min_dist=0.35 m, idx=7598)
[INFO] [1783523174.053] [/local_avoidance]: [local_avoidance] DEACTIVATED
[WARN] [1783523174.105] [/local_avoidance]: [local_avoidance] ACTIVATED  (min_dist=0.35 m, idx=8401)
[INFO] [1783523174.154] [/local_avoidance]: [local_avoidance] DEACTIVATED
[WARN] [1783523174.210] [/local_avoidance]: [local_avoidance] ACTIVATED  (min_dist=0.35 m, idx=620)
[INFO] [1783523174.255] [/local_avoidance]: [local_avoidance] DEACTIVATED
[WARN] [1783523174.304] [/local_avoidance]: [local_avoidance] ACTIVATED  (min_dist=0.35 m, idx=1759)
[INFO] [1783523174.353] [/local_avoidance]: [local_avoidance] DEACTIVATED
[WARN] [1783523174.409] [/local_avoidance]: [local_avoidance] ACTIVATED  (min_dist=0.35 m, idx=1199)
[INFO] [1783523174.460] [/local_avoidance]: [local_avoidance] DEACTIVATED
[WARN] [1783523174.504] [/local_avoidance]: [local_avoidance] ACTIVATED  (min_dist=0.35 m, idx=7947)
[INFO] [1783523174.554] [/local_avoidance]: [local_avoidance] DEACTIVATED
[WARN] [1783523174.606] [/local_avoidance]: [local_avoidance] ACTIVATED  (min_dist=0.35 m, idx=8951)
[INFO] [1783523174.661] [/local_avoidance]: [local_avoidance] DEACTIVATED
[WARN] [1783523174.704] [/local_avoidance]: [local_avoidance] ACTIVATED  (min_dist=0.35 m, idx=10049)
[INFO] [1783523174.754] [/local_avoidance]: [local_avoidance] DEACTIVATED
[WARN] [1783523174.804] [/local_avoidance]: [local_avoidance] ACTIVATED  (min_dist=0.35 m, idx=2068)
[INFO] [1783523174.853] [/local_avoidance]: [local_avoidance] DEACTIVATED
[WARN] [1783523174.903] [/local_avoidance]: [local_avoidance] ACTIVATED  (min_dist=0.35 m, idx=4669)
[INFO] [1783523174.955] [/local_avoidance]: [local_avoidance] avoiding...  min_dist=0.36 m
[INFO] [1783523175.078] [/local_avoidance]: [local_avoidance] DEACTIVATED
[WARN] [1783523175.109] [/local_avoidance]: [local_avoidance] ACTIVATED  (min_dist=0.35 m, idx=9395)
[INFO] [1783523175.354] [/local_avoidance]: [local_avoidance] DEACTIVATED
[WARN] [1783523175.404] [/local_avoidance]: [local_avoidance] ACTIVATED  (min_dist=0.35 m, idx=3547)
[INFO] [1783523176.006] [/local_avoidance]: [local_avoidance] avoiding...  min_dist=0.35 m
[INFO] [1783523176.772] [/cloud_crop_bridge]: [CloudCrop] 2772 -> 371 pts (13%)
[INFO] [1783523177.006] [/local_avoidance]: [local_avoidance] avoiding...  min_dist=0.36 m
[WARN] [1783523177.365] [/exploration_node]: wait for trigger.
[INFO] [1783523178.055] [/local_avoidance]: [local_avoidance] avoiding...  min_dist=0.35 m
[INFO] [1783523178.613] [/local_avoidance]: [local_avoidance] DEACTIVATED
[WARN] [1783523178.654] [/local_avoidance]: [local_avoidance] ACTIVATED  (min_dist=0.35 m, idx=467)
[INFO] [1783523178.807] [/local_avoidance]: [local_avoidance] DEACTIVATED
[WARN] [1783523178.858] [/local_avoidance]: [local_avoidance] ACTIVATED  (min_dist=0.35 m, idx=308)
[INFO] [1783523179.062] [/local_avoidance]: [local_avoidance] avoiding...  min_dist=0.35 m
[INFO] [1783523179.104] [/local_avoidance]: [local_avoidance] DEACTIVATED
[WARN] [1783523179.153] [/local_avoidance]: [local_avoidance] ACTIVATED  (min_dist=0.35 m, idx=6277)
[INFO] [1783523179.206] [/local_avoidance]: [local_avoidance] DEACTIVATED
[WARN] [1783523179.260] [/local_avoidance]: [local_avoidance] ACTIVATED  (min_dist=0.35 m, idx=1792)
[INFO] [1783523179.304] [/local_avoidance]: [local_avoidance] DEACTIVATED
[WARN] [1783523179.354] [/local_avoidance]: [local_avoidance] ACTIVATED  (min_dist=0.35 m, idx=2246)
[INFO] [1783523179.404] [/local_avoidance]: [local_avoidance] DEACTIVATED
[WARN] [1783523179.454] [/local_avoidance]: [local_avoidance] ACTIVATED  (min_dist=0.35 m, idx=9080)
[INFO] [1783523179.508] [/local_avoidance]: [local_avoidance] DEACTIVATED
[WARN] [1783523179.556] [/local_avoidance]: [local_avoidance] ACTIVATED  (min_dist=0.35 m, idx=1305)
[INFO] [1783523179.610] [/local_avoidance]: [local_avoidance] DEACTIVATED
[WARN] [1783523179.658] [/local_avoidance]: [local_avoidance] ACTIVATED  (min_dist=0.35 m, idx=2321)
[INFO] [1783523179.703] [/local_avoidance]: [local_avoidance] DEACTIVATED
[WARN] [1783523179.754] [/local_avoidance]: [local_avoidance] ACTIVATED  (min_dist=0.35 m, idx=9183)
[INFO] [1783523179.913] [/local_avoidance]: [local_avoidance] DEACTIVATED
[WARN] [1783523179.953] [/local_avoidance]: [local_avoidance] ACTIVATED  (min_dist=0.35 m, idx=2204)
[INFO] [1783523180.003] [/local_avoidance]: [local_avoidance] DEACTIVATED
[WARN] [1783523180.053] [/local_avoidance]: [local_avoidance] ACTIVATED  (min_dist=0.35 m, idx=3238)
[INFO] [1783523180.103] [/local_avoidance]: [local_avoidance] avoiding...  min_dist=0.36 m
[INFO] [1783523181.103] [/local_avoidance]: [local_avoidance] avoiding...  min_dist=0.35 m
[INFO] [1783523181.805] [/cloud_crop_bridge]: [CloudCrop] 2773 -> 355 pts (13%)
[INFO] [1783523182.104] [/local_avoidance]: [local_avoidance] avoiding...  min_dist=0.35 m
[WARN] [1783523182.366] [/exploration_node]: wait for trigger.
[INFO] [1783523183.105] [/local_avoidance]: [local_avoidance] avoiding...  min_dist=0.35 m
[INFO] [1783523183.654] [/local_avoidance]: [local_avoidance] DEACTIVATED
[WARN] [1783523183.703] [/local_avoidance]: [local_avoidance] ACTIVATED  (min_dist=0.35 m, idx=360)
[INFO] [1783523183.853] [/local_avoidance]: [local_avoidance] DEACTIVATED
[WARN] [1783523183.911] [/local_avoidance]: [local_avoidance] ACTIVATED  (min_dist=0.35 m, idx=812)
[INFO] [1783523183.963] [/local_avoidance]: [local_avoidance] DEACTIVATED
[WARN] [1783523184.008] [/local_avoidance]: [local_avoidance] ACTIVATED  (min_dist=0.35 m, idx=7967)
[INFO] [1783523184.054] [/local_avoidance]: [local_avoidance] DEACTIVATED
[WARN] [1783523184.105] [/local_avoidance]: [local_avoidance] ACTIVATED  (min_dist=0.35 m, idx=8581)
[INFO] [1783523184.156] [/local_avoidance]: [local_avoidance] DEACTIVATED
[WARN] [1783523184.206] [/local_avoidance]: [local_avoidance] ACTIVATED  (min_dist=0.35 m, idx=988)
[INFO] [1783523184.254] [/local_avoidance]: [local_avoidance] DEACTIVATED
[WARN] [1783523184.304] [/local_avoidance]: [local_avoidance] ACTIVATED  (min_dist=0.35 m, idx=7859)
[INFO] [1783523184.354] [/local_avoidance]: [local_avoidance] DEACTIVATED
[WARN] [1783523184.403] [/local_avoidance]: [local_avoidance] ACTIVATED  (min_dist=0.35 m, idx=1546)
[INFO] [1783523184.453] [/local_avoidance]: [local_avoidance] DEACTIVATED
[WARN] [1783523184.507] [/local_avoidance]: [local_avoidance] ACTIVATED  (min_dist=0.35 m, idx=2374)
[INFO] [1783523184.553] [/local_avoidance]: [local_avoidance] avoiding...  min_dist=0.35 m
[INFO] [1783523184.656] [/local_avoidance]: [local_avoidance] DEACTIVATED
[WARN] [1783523184.704] [/local_avoidance]: [local_avoidance] ACTIVATED  (min_dist=0.35 m, idx=8759)
[INFO] [1783523184.754] [/local_avoidance]: [local_avoidance] DEACTIVATED
[WARN] [1783523184.805] [/local_avoidance]: [local_avoidance] ACTIVATED  (min_dist=0.35 m, idx=9767)
[INFO] [1783523184.856] [/local_avoidance]: [local_avoidance] DEACTIVATED
[WARN] [1783523184.928] [/local_avoidance]: [local_avoidance] ACTIVATED  (min_dist=0.35 m, idx=9211)
[INFO] [1783523185.553] [/local_avoidance]: [local_avoidance] avoiding...  min_dist=0.35 m
[INFO] [1783523186.554] [/local_avoidance]: [local_avoidance] avoiding...  min_dist=0.35 m
[INFO] [1783523186.854] [/cloud_crop_bridge]: [CloudCrop] 2789 -> 379 pts (14%)
[WARN] [1783523187.375] [/exploration_node]: wait for trigger.
[INFO] [1783523187.554] [/local_avoidance]: [local_avoidance] avoiding...  min_dist=0.35 m
[INFO] [1783523188.580] [/local_avoidance]: [local_avoidance] avoiding...  min_dist=0.35 m
[INFO] [1783523188.808] [/local_avoidance]: [local_avoidance] DEACTIVATED
[WARN] [1783523188.854] [/local_avoidance]: [local_avoidance] ACTIVATED  (min_dist=0.35 m, idx=584)
[INFO] [1783523188.904] [/local_avoidance]: [local_avoidance] DEACTIVATED
[WARN] [1783523188.954] [/local_avoidance]: [local_avoidance] ACTIVATED  (min_dist=0.35 m, idx=5893)
[INFO] [1783523189.005] [/local_avoidance]: [local_avoidance] DEACTIVATED
[WARN] [1783523189.058] [/local_avoidance]: [local_avoidance] ACTIVATED  (min_dist=0.35 m, idx=1155)
[INFO] [1783523189.106] [/local_avoidance]: [local_avoidance] DEACTIVATED
[WARN] [1783523189.165] [/local_avoidance]: [local_avoidance] ACTIVATED  (min_dist=0.34 m, idx=761)
[INFO] [1783523189.205] [/local_avoidance]: [local_avoidance] DEACTIVATED
[WARN] [1783523189.257] [/local_avoidance]: [local_avoidance] ACTIVATED  (min_dist=0.35 m, idx=2973)
[INFO] [1783523189.303] [/local_avoidance]: [local_avoidance] DEACTIVATED
[WARN] [1783523189.354] [/local_avoidance]: [local_avoidance] ACTIVATED  (min_dist=0.34 m, idx=1135)
[INFO] [1783523189.404] [/local_avoidance]: [local_avoidance] DEACTIVATED
[WARN] [1783523189.480] [/local_avoidance]: [local_avoidance] ACTIVATED  (min_dist=0.35 m, idx=7985)
[INFO] [1783523189.604] [/local_avoidance]: [local_avoidance] DEACTIVATED
[WARN] [1783523189.654] [/local_avoidance]: [local_avoidance] ACTIVATED  (min_dist=0.35 m, idx=9901)
[INFO] [1783523189.704] [/local_avoidance]: [local_avoidance] DEACTIVATED
[WARN] [1783523189.755] [/local_avoidance]: [local_avoidance] ACTIVATED  (min_dist=0.35 m, idx=2126)
[INFO] [1783523189.803] [/local_avoidance]: [local_avoidance] DEACTIVATED
[WARN] [1783523189.857] [/local_avoidance]: [local_avoidance] ACTIVATED  (min_dist=0.35 m, idx=3041)
[INFO] [1783523189.904] [/local_avoidance]: [local_avoidance] avoiding...  min_dist=0.34 m
[INFO] [1783523190.004] [/local_avoidance]: [local_avoidance] DEACTIVATED
[WARN] [1783523190.054] [/local_avoidance]: [local_avoidance] ACTIVATED  (min_dist=0.35 m, idx=3598)
[INFO] [1783523190.907] [/local_avoidance]: [local_avoidance] avoiding...  min_dist=0.35 m
[INFO] [1783523191.863] [/cloud_crop_bridge]: [CloudCrop] 2902 -> 485 pts (17%)
[INFO] [1783523191.954] [/local_avoidance]: [local_avoidance] avoiding...  min_dist=0.35 m
[WARN] [1783523192.386] [/exploration_node]: wait for trigger.
[INFO] [1783523193.004] [/local_avoidance]: [local_avoidance] avoiding...  min_dist=0.35 m
[INFO] [1783523193.754] [/local_avoidance]: [local_avoidance] DEACTIVATED
[WARN] [1783523193.828] [/local_avoidance]: [local_avoidance] ACTIVATED  (min_dist=0.35 m, idx=7672)
[INFO] [1783523193.955] [/local_avoidance]: [local_avoidance] DEACTIVATED
[WARN] [1783523194.004] [/local_avoidance]: [local_avoidance] ACTIVATED  (min_dist=0.35 m, idx=8035)
[INFO] [1783523194.054] [/local_avoidance]: [local_avoidance] DEACTIVATED
[WARN] [1783523194.108] [/local_avoidance]: [local_avoidance] ACTIVATED  (min_dist=0.35 m, idx=7483)
[INFO] [1783523194.179] [/local_avoidance]: [local_avoidance] DEACTIVATED
[WARN] [1783523194.209] [/local_avoidance]: [local_avoidance] ACTIVATED  (min_dist=0.34 m, idx=8587)
[INFO] [1783523194.253] [/local_avoidance]: [local_avoidance] DEACTIVATED
[WARN] [1783523194.304] [/local_avoidance]: [local_avoidance] ACTIVATED  (min_dist=0.35 m, idx=8123)
[INFO] [1783523194.353] [/local_avoidance]: [local_avoidance] DEACTIVATED
[WARN] [1783523194.404] [/local_avoidance]: [local_avoidance] ACTIVATED  (min_dist=0.34 m, idx=9026)
[INFO] [1783523194.454] [/local_avoidance]: [local_avoidance] DEACTIVATED
[WARN] [1783523194.506] [/local_avoidance]: [local_avoidance] ACTIVATED  (min_dist=0.35 m, idx=1236)
[INFO] [1783523194.558] [/local_avoidance]: [local_avoidance] DEACTIVATED
[WARN] [1783523194.605] [/local_avoidance]: [local_avoidance] ACTIVATED  (min_dist=0.34 m, idx=9473)
[INFO] [1783523194.654] [/local_avoidance]: [local_avoidance] DEACTIVATED
[WARN] [1783523194.729] [/local_avoidance]: [local_avoidance] ACTIVATED  (min_dist=0.35 m, idx=9119)
[INFO] [1783523194.753] [/local_avoidance]: [local_avoidance] DEACTIVATED
[WARN] [1783523194.804] [/local_avoidance]: [local_avoidance] ACTIVATED  (min_dist=0.35 m, idx=10030)
[INFO] [1783523194.854] [/local_avoidance]: [local_avoidance] DEACTIVATED
[WARN] [1783523194.904] [/local_avoidance]: [local_avoidance] ACTIVATED  (min_dist=0.35 m, idx=2167)
[INFO] [1783523194.954] [/local_avoidance]: [local_avoidance] avoiding...  min_dist=0.59 m
[INFO] [1783523195.158] [/local_avoidance]: [local_avoidance] DEACTIVATED
[WARN] [1783523195.210] [/local_avoidance]: [local_avoidance] ACTIVATED  (min_dist=0.35 m, idx=3621)
[INFO] [1783523195.961] [/local_avoidance]: [local_avoidance] avoiding...  min_dist=0.35 m
[INFO] [1783523196.905] [/cloud_crop_bridge]: [CloudCrop] 2798 -> 390 pts (14%)
[INFO] [1783523197.004] [/local_avoidance]: [local_avoidance] avoiding...  min_dist=0.35 m
[WARN] [1783523197.395] [/exploration_node]: wait for trigger.
[INFO] [1783523198.004] [/local_avoidance]: [local_avoidance] avoiding...  min_dist=0.35 m
[INFO] [1783523198.804] [/local_avoidance]: [local_avoidance] DEACTIVATED
[WARN] [1783523198.855] [/local_avoidance]: [local_avoidance] ACTIVATED  (min_dist=0.35 m, idx=6711)
[INFO] [1783523198.908] [/local_avoidance]: [local_avoidance] DEACTIVATED
[WARN] [1783523198.956] [/local_avoidance]: [local_avoidance] ACTIVATED  (min_dist=0.35 m, idx=668)
[INFO] [1783523199.004] [/local_avoidance]: [local_avoidance] DEACTIVATED
[WARN] [1783523199.054] [/local_avoidance]: [local_avoidance] ACTIVATED  (min_dist=0.35 m, idx=8525)
[INFO] [1783523199.104] [/local_avoidance]: [local_avoidance] DEACTIVATED
[WARN] [1783523199.155] [/local_avoidance]: [local_avoidance] ACTIVATED  (min_dist=0.35 m, idx=8254)
[INFO] [1783523199.205] [/local_avoidance]: [local_avoidance] DEACTIVATED
[WARN] [1783523199.259] [/local_avoidance]: [local_avoidance] ACTIVATED  (min_dist=0.35 m, idx=1861)
[INFO] [1783523199.329] [/local_avoidance]: [local_avoidance] DEACTIVATED
[WARN] [1783523199.361] [/local_avoidance]: [local_avoidance] ACTIVATED  (min_dist=0.35 m, idx=8802)
[INFO] [1783523199.403] [/local_avoidance]: [local_avoidance] DEACTIVATED
[WARN] [1783523199.459] [/local_avoidance]: [local_avoidance] ACTIVATED  (min_dist=0.35 m, idx=2418)
[INFO] [1783523199.508] [/local_avoidance]: [local_avoidance] DEACTIVATED
[WARN] [1783523199.578] [/local_avoidance]: [local_avoidance] ACTIVATED  (min_dist=0.35 m, idx=1867)
[INFO] [1783523199.604] [/local_avoidance]: [local_avoidance] DEACTIVATED
[WARN] [1783523199.654] [/local_avoidance]: [local_avoidance] ACTIVATED  (min_dist=0.35 m, idx=8611)
[INFO] [1783523199.704] [/local_avoidance]: [local_avoidance] DEACTIVATED
[WARN] [1783523199.778] [/local_avoidance]: [local_avoidance] ACTIVATED  (min_dist=0.34 m, idx=9707)
[INFO] [1783523199.809] [/local_avoidance]: [local_avoidance] DEACTIVATED
[WARN] [1783523199.856] [/local_avoidance]: [local_avoidance] ACTIVATED  (min_dist=0.35 m, idx=9155)
[INFO] [1783523199.903] [/local_avoidance]: [local_avoidance] avoiding...  min_dist=0.60 m
[INFO] [1783523200.003] [/local_avoidance]: [local_avoidance] DEACTIVATED
[WARN] [1783523200.053] [/local_avoidance]: [local_avoidance] ACTIVATED  (min_dist=0.35 m, idx=9606)
[INFO] [1783523200.108] [/local_avoidance]: [local_avoidance] DEACTIVATED
[WARN] [1783523200.160] [/local_avoidance]: [local_avoidance] ACTIVATED  (min_dist=0.35 m, idx=9150)
[INFO] [1783523200.904] [/local_avoidance]: [local_avoidance] avoiding...  min_dist=0.35 m
[INFO] [1783523201.906] [/local_avoidance]: [local_avoidance] avoiding...  min_dist=0.35 m
[INFO] [1783523201.918] [/cloud_crop_bridge]: [CloudCrop] 2755 -> 420 pts (15%)
[WARN] [1783523202.395] [/exploration_node]: wait for trigger.
[INFO] [1783523202.953] [/local_avoidance]: [local_avoidance] avoiding...  min_dist=0.34 m
[INFO] [1783523203.455] [/local_avoidance]: [local_avoidance] DEACTIVATED
[INFO] [1783523203.485] [/exploration_node]: [EV] [1783523203.485][   +457.6s][WAIT_TRIGGER] Avoidance: Deactivated  <->  Activated | cycling x2085 over 456.6s
[WARN] [1783523203.504] [/local_avoidance]: [local_avoidance] ACTIVATED  (min_dist=0.35 m, idx=6687)
[INFO] [1783523203.779] [/local_avoidance]: [local_avoidance] DEACTIVATED
[WARN] [1783523203.808] [/local_avoidance]: [local_avoidance] ACTIVATED  (min_dist=0.35 m, idx=7844)
[INFO] [1783523203.954] [/local_avoidance]: [local_avoidance] DEACTIVATED
[WARN] [1783523204.012] [/local_avoidance]: [local_avoidance] ACTIVATED  (min_dist=0.35 m, idx=980)
[INFO] [1783523204.061] [/local_avoidance]: [local_avoidance] DEACTIVATED
[WARN] [1783523204.104] [/local_avoidance]: [local_avoidance] ACTIVATED  (min_dist=0.35 m, idx=539)
[INFO] [1783523204.154] [/local_avoidance]: [local_avoidance] avoiding...  min_dist=0.59 m
[INFO] [1783523204.254] [/local_avoidance]: [local_avoidance] DEACTIVATED
[WARN] [1783523204.305] [/local_avoidance]: [local_avoidance] ACTIVATED  (min_dist=0.35 m, idx=8390)
[INFO] [1783523204.354] [/local_avoidance]: [local_avoidance] DEACTIVATED
[WARN] [1783523204.404] [/local_avoidance]: [local_avoidance] ACTIVATED  (min_dist=0.35 m, idx=1980)
[INFO] [1783523204.455] [/local_avoidance]: [local_avoidance] DEACTIVATED
[WARN] [1783523204.504] [/local_avoidance]: [local_avoidance] ACTIVATED  (min_dist=0.35 m, idx=1723)
[INFO] [1783523204.554] [/local_avoidance]: [local_avoidance] DEACTIVATED
[WARN] [1783523204.605] [/local_avoidance]: [local_avoidance] ACTIVATED  (min_dist=0.35 m, idx=9749)
[INFO] [1783523204.654] [/local_avoidance]: [local_avoidance] DEACTIVATED
[WARN] [1783523204.704] [/local_avoidance]: [local_avoidance] ACTIVATED  (min_dist=0.34 m, idx=1974)
[INFO] [1783523204.756] [/local_avoidance]: [local_avoidance] DEACTIVATED
[WARN] [1783523204.808] [/local_avoidance]: [local_avoidance] ACTIVATED  (min_dist=0.35 m, idx=2893)
[INFO] [1783523204.979] [/local_avoidance]: [local_avoidance] DEACTIVATED
[WARN] [1783523205.004] [/local_avoidance]: [local_avoidance] ACTIVATED  (min_dist=0.35 m, idx=4209)
[INFO] [1783523205.209] [/local_avoidance]: [local_avoidance] avoiding...  min_dist=0.35 m
[INFO] [1783523206.229] [/local_avoidance]: [local_avoidance] avoiding...  min_dist=0.34 m
[INFO] [1783523206.953] [/cloud_crop_bridge]: [CloudCrop] 2786 -> 396 pts (14%)
[INFO] [1783523207.230] [/local_avoidance]: [local_avoidance] avoiding...  min_dist=0.35 m
[WARN] [1783523207.405] [/exploration_node]: wait for trigger.
[INFO] [1783523208.254] [/local_avoidance]: [local_avoidance] avoiding...  min_dist=0.35 m
[INFO] [1783523208.610] [/local_avoidance]: [local_avoidance] DEACTIVATED
[WARN] [1783523208.658] [/local_avoidance]: [local_avoidance] ACTIVATED  (min_dist=0.35 m, idx=873)
[INFO] [1783523208.805] [/local_avoidance]: [local_avoidance] DEACTIVATED
[WARN] [1783523208.854] [/local_avoidance]: [local_avoidance] ACTIVATED  (min_dist=0.34 m, idx=8336)
[INFO] [1783523208.910] [/local_avoidance]: [local_avoidance] DEACTIVATED
[WARN] [1783523208.962] [/local_avoidance]: [local_avoidance] ACTIVATED  (min_dist=0.35 m, idx=652)
[INFO] [1783523209.009] [/local_avoidance]: [local_avoidance] DEACTIVATED
[WARN] [1783523209.054] [/local_avoidance]: [local_avoidance] ACTIVATED  (min_dist=0.35 m, idx=7335)
[INFO] [1783523209.103] [/local_avoidance]: [local_avoidance] DEACTIVATED
[WARN] [1783523209.154] [/local_avoidance]: [local_avoidance] ACTIVATED  (min_dist=0.35 m, idx=8439)
[INFO] [1783523209.204] [/local_avoidance]: [local_avoidance] DEACTIVATED
[WARN] [1783523209.254] [/local_avoidance]: [local_avoidance] ACTIVATED  (min_dist=0.35 m, idx=2133)
[INFO] [1783523209.308] [/local_avoidance]: [local_avoidance] DEACTIVATED
[WARN] [1783523209.359] [/local_avoidance]: [local_avoidance] ACTIVATED  (min_dist=0.35 m, idx=1560)
[INFO] [1783523209.406] [/local_avoidance]: [local_avoidance] DEACTIVATED
[WARN] [1783523209.454] [/local_avoidance]: [local_avoidance] ACTIVATED  (min_dist=0.35 m, idx=8426)
[INFO] [1783523209.507] [/local_avoidance]: [local_avoidance] DEACTIVATED
[WARN] [1783523209.553] [/local_avoidance]: [local_avoidance] ACTIVATED  (min_dist=0.35 m, idx=2131)
[INFO] [1783523209.605] [/local_avoidance]: [local_avoidance] DEACTIVATED
[WARN] [1783523209.653] [/local_avoidance]: [local_avoidance] ACTIVATED  (min_dist=0.34 m, idx=1951)
[INFO] [1783523209.707] [/local_avoidance]: [local_avoidance] DEACTIVATED
[WARN] [1783523209.754] [/local_avoidance]: [local_avoidance] ACTIVATED  (min_dist=0.34 m, idx=9882)
[INFO] [1783523209.805] [/local_avoidance]: [local_avoidance] DEACTIVATED
[WARN] [1783523209.855] [/local_avoidance]: [local_avoidance] ACTIVATED  (min_dist=0.34 m, idx=2111)
[INFO] [1783523209.933] [/local_avoidance]: [local_avoidance] avoiding...  min_dist=0.59 m
[INFO] [1783523210.105] [/local_avoidance]: [local_avoidance] DEACTIVATED
[WARN] [1783523210.154] [/local_avoidance]: [local_avoidance] ACTIVATED  (min_dist=0.35 m, idx=3464)
[INFO] [1783523210.956] [/local_avoidance]: [local_avoidance] avoiding...  min_dist=0.35 m
[INFO] [1783523211.967] [/cloud_crop_bridge]: [CloudCrop] 2918 -> 452 pts (15%)
[INFO] [1783523211.979] [/local_avoidance]: [local_avoidance] avoiding...  min_dist=0.35 m
[WARN] [1783523212.406] [/exploration_node]: wait for trigger.
[INFO] [1783523213.019] [/local_avoidance]: [local_avoidance] avoiding...  min_dist=0.34 m
[INFO] [1783523213.755] [/local_avoidance]: [local_avoidance] DEACTIVATED
[WARN] [1783523213.805] [/local_avoidance]: [local_avoidance] ACTIVATED  (min_dist=0.35 m, idx=608)
[INFO] [1783523213.853] [/local_avoidance]: [local_avoidance] DEACTIVATED
[WARN] [1783523213.904] [/local_avoidance]: [local_avoidance] ACTIVATED  (min_dist=0.35 m, idx=831)
[INFO] [1783523213.953] [/local_avoidance]: [local_avoidance] DEACTIVATED
[WARN] [1783523214.005] [/local_avoidance]: [local_avoidance] ACTIVATED  (min_dist=0.35 m, idx=8473)
[INFO] [1783523214.053] [/local_avoidance]: [local_avoidance] DEACTIVATED
[WARN] [1783523214.106] [/local_avoidance]: [local_avoidance] ACTIVATED  (min_dist=0.34 m, idx=794)
[INFO] [1783523214.158] [/local_avoidance]: [local_avoidance] avoiding...  min_dist=0.59 m
[INFO] [1783523214.260] [/local_avoidance]: [local_avoidance] DEACTIVATED
[WARN] [1783523214.304] [/local_avoidance]: [local_avoidance] ACTIVATED  (min_dist=0.35 m, idx=1246)
[INFO] [1783523214.354] [/local_avoidance]: [local_avoidance] DEACTIVATED
[WARN] [1783523214.404] [/local_avoidance]: [local_avoidance] ACTIVATED  (min_dist=0.35 m, idx=2266)
[INFO] [1783523214.455] [/local_avoidance]: [local_avoidance] DEACTIVATED
[WARN] [1783523214.530] [/local_avoidance]: [local_avoidance] ACTIVATED  (min_dist=0.34 m, idx=1794)
[INFO] [1783523214.554] [/local_avoidance]: [local_avoidance] DEACTIVATED
[WARN] [1783523214.604] [/local_avoidance]: [local_avoidance] ACTIVATED  (min_dist=0.35 m, idx=8555)
[INFO] [1783523214.654] [/local_avoidance]: [local_avoidance] DEACTIVATED
[WARN] [1783523214.704] [/local_avoidance]: [local_avoidance] ACTIVATED  (min_dist=0.35 m, idx=2520)
[INFO] [1783523214.754] [/local_avoidance]: [local_avoidance] DEACTIVATED
[WARN] [1783523214.811] [/local_avoidance]: [local_avoidance] ACTIVATED  (min_dist=0.35 m, idx=9007)
[INFO] [1783523214.854] [/local_avoidance]: [local_avoidance] DEACTIVATED
[WARN] [1783523214.904] [/local_avoidance]: [local_avoidance] ACTIVATED  (min_dist=0.35 m, idx=2684)
[INFO] [1783523214.953] [/local_avoidance]: [local_avoidance] DEACTIVATED
[WARN] [1783523215.007] [/local_avoidance]: [local_avoidance] ACTIVATED  (min_dist=0.35 m, idx=9463)
[INFO] [1783523215.204] [/local_avoidance]: [local_avoidance] avoiding...  min_dist=0.35 m
[INFO] [1783523216.254] [/local_avoidance]: [local_avoidance] avoiding...  min_dist=0.35 m
[INFO] [1783523217.004] [/cloud_crop_bridge]: [CloudCrop] 2793 -> 367 pts (13%)
[INFO] [1783523217.305] [/local_avoidance]: [local_avoidance] avoiding...  min_dist=0.35 m
[WARN] [1783523217.415] [/exploration_node]: wait for trigger.
[INFO] [1783523218.378] [/local_avoidance]: [local_avoidance] avoiding...  min_dist=0.35 m
[INFO] [1783523218.407] [/local_avoidance]: [local_avoidance] DEACTIVATED
[WARN] [1783523218.479] [/local_avoidance]: [local_avoidance] ACTIVATED  (min_dist=0.35 m, idx=1570)
[INFO] [1783523218.703] [/local_avoidance]: [local_avoidance] DEACTIVATED
[WARN] [1783523218.760] [/local_avoidance]: [local_avoidance] ACTIVATED  (min_dist=0.35 m, idx=390)
[INFO] [1783523218.903] [/local_avoidance]: [local_avoidance] DEACTIVATED
[WARN] [1783523218.955] [/local_avoidance]: [local_avoidance] ACTIVATED  (min_dist=0.35 m, idx=2435)
[INFO] [1783523219.005] [/local_avoidance]: [local_avoidance] DEACTIVATED
[WARN] [1783523219.056] [/local_avoidance]: [local_avoidance] ACTIVATED  (min_dist=0.35 m, idx=7694)
[INFO] [1783523219.104] [/local_avoidance]: [local_avoidance] DEACTIVATED
[WARN] [1783523219.158] [/local_avoidance]: [local_avoidance] ACTIVATED  (min_dist=0.34 m, idx=8702)
[INFO] [1783523219.204] [/local_avoidance]: [local_avoidance] DEACTIVATED
[WARN] [1783523219.254] [/local_avoidance]: [local_avoidance] ACTIVATED  (min_dist=0.34 m, idx=931)
[INFO] [1783523219.306] [/local_avoidance]: [local_avoidance] DEACTIVATED
[WARN] [1783523219.357] [/local_avoidance]: [local_avoidance] ACTIVATED  (min_dist=0.35 m, idx=1855)
[INFO] [1783523219.403] [/local_avoidance]: [local_avoidance] DEACTIVATED
[WARN] [1783523219.457] [/local_avoidance]: [local_avoidance] ACTIVATED  (min_dist=0.34 m, idx=1383)
[INFO] [1783523219.504] [/local_avoidance]: [local_avoidance] DEACTIVATED
[WARN] [1783523219.554] [/local_avoidance]: [local_avoidance] ACTIVATED  (min_dist=0.35 m, idx=2298)
[INFO] [1783523219.604] [/local_avoidance]: [local_avoidance] DEACTIVATED
[WARN] [1783523219.654] [/local_avoidance]: [local_avoidance] ACTIVATED  (min_dist=0.35 m, idx=1904)
[INFO] [1783523219.706] [/local_avoidance]: [local_avoidance] DEACTIVATED
[WARN] [1783523219.756] [/local_avoidance]: [local_avoidance] ACTIVATED  (min_dist=0.35 m, idx=3133)
[INFO] [1783523219.828] [/local_avoidance]: [local_avoidance] DEACTIVATED
[WARN] [1783523219.858] [/local_avoidance]: [local_avoidance] ACTIVATED  (min_dist=0.35 m, idx=2383)
[INFO] [1783523219.907] [/local_avoidance]: [local_avoidance] avoiding...  min_dist=0.60 m
[INFO] [1783523220.104] [/local_avoidance]: [local_avoidance] DEACTIVATED
[WARN] [1783523220.153] [/local_avoidance]: [local_avoidance] ACTIVATED  (min_dist=0.35 m, idx=3741)
[INFO] [1783523220.953] [/local_avoidance]: [local_avoidance] avoiding...  min_dist=0.34 m
[INFO] [1783523221.954] [/local_avoidance]: [local_avoidance] avoiding...  min_dist=0.35 m
[INFO] [1783523222.011] [/cloud_crop_bridge]: [CloudCrop] 2579 -> 411 pts (16%)
[WARN] [1783523222.428] [/exploration_node]: wait for trigger.
[INFO] [1783523222.979] [/local_avoidance]: [local_avoidance] avoiding...  min_dist=0.35 m
[INFO] [1783523223.754] [/local_avoidance]: [local_avoidance] DEACTIVATED
[WARN] [1783523223.807] [/local_avoidance]: [local_avoidance] ACTIVATED  (min_dist=0.35 m, idx=990)
[INFO] [1783523223.879] [/local_avoidance]: [local_avoidance] DEACTIVATED
[WARN] [1783523223.928] [/local_avoidance]: [local_avoidance] ACTIVATED  (min_dist=0.35 m, idx=623)
[INFO] [1783523223.979] [/local_avoidance]: [local_avoidance] DEACTIVATED
[WARN] [1783523224.005] [/local_avoidance]: [local_avoidance] ACTIVATED  (min_dist=0.35 m, idx=7561)
[INFO] [1783523224.053] [/local_avoidance]: [local_avoidance] DEACTIVATED
[WARN] [1783523224.104] [/local_avoidance]: [local_avoidance] ACTIVATED  (min_dist=0.34 m, idx=8375)
[INFO] [1783523224.154] [/local_avoidance]: [local_avoidance] DEACTIVATED
[WARN] [1783523224.204] [/local_avoidance]: [local_avoidance] ACTIVATED  (min_dist=0.35 m, idx=1981)
[INFO] [1783523224.254] [/local_avoidance]: [local_avoidance] avoiding...  min_dist=0.49 m
[INFO] [1783523224.354] [/local_avoidance]: [local_avoidance] DEACTIVATED
[WARN] [1783523224.404] [/local_avoidance]: [local_avoidance] ACTIVATED  (min_dist=0.35 m, idx=8283)
[INFO] [1783523224.454] [/local_avoidance]: [local_avoidance] DEACTIVATED
[WARN] [1783523224.508] [/local_avoidance]: [local_avoidance] ACTIVATED  (min_dist=0.35 m, idx=1979)
[INFO] [1783523224.563] [/local_avoidance]: [local_avoidance] DEACTIVATED
[WARN] [1783523224.611] [/local_avoidance]: [local_avoidance] ACTIVATED  (min_dist=0.34 m, idx=1484)
[INFO] [1783523224.660] [/local_avoidance]: [local_avoidance] DEACTIVATED
[WARN] [1783523224.706] [/local_avoidance]: [local_avoidance] ACTIVATED  (min_dist=0.34 m, idx=9822)
[INFO] [1783523224.754] [/local_avoidance]: [local_avoidance] DEACTIVATED
[WARN] [1783523224.807] [/local_avoidance]: [local_avoidance] ACTIVATED  (min_dist=0.35 m, idx=1940)
[INFO] [1783523225.054] [/local_avoidance]: [local_avoidance] DEACTIVATED
[WARN] [1783523225.110] [/local_avoidance]: [local_avoidance] ACTIVATED  (min_dist=0.35 m, idx=3417)
[INFO] [1783523225.254] [/local_avoidance]: [local_avoidance] avoiding...  min_dist=0.35 m
[INFO] [1783523226.303] [/local_avoidance]: [local_avoidance] avoiding...  min_dist=0.35 m
[INFO] [1783523227.055] [/cloud_crop_bridge]: [CloudCrop] 2752 -> 461 pts (17%)
[INFO] [1783523227.358] [/local_avoidance]: [local_avoidance] avoiding...  min_dist=0.35 m
[WARN] [1783523227.436] [/exploration_node]: wait for trigger.
[INFO] [1783523228.403] [/local_avoidance]: [local_avoidance] avoiding...  min_dist=0.34 m
[INFO] [1783523228.729] [/local_avoidance]: [local_avoidance] DEACTIVATED
[WARN] [1783523228.754] [/local_avoidance]: [local_avoidance] ACTIVATED  (min_dist=0.35 m, idx=936)
[INFO] [1783523228.904] [/local_avoidance]: [local_avoidance] DEACTIVATED
[WARN] [1783523228.954] [/local_avoidance]: [local_avoidance] ACTIVATED  (min_dist=0.35 m, idx=1100)
[INFO] [1783523229.005] [/local_avoidance]: [local_avoidance] DEACTIVATED
[WARN] [1783523229.056] [/local_avoidance]: [local_avoidance] ACTIVATED  (min_dist=0.34 m, idx=1026)
[INFO] [1783523229.104] [/local_avoidance]: [local_avoidance] DEACTIVATED
[WARN] [1783523229.156] [/local_avoidance]: [local_avoidance] ACTIVATED  (min_dist=0.35 m, idx=7407)
[INFO] [1783523229.204] [/local_avoidance]: [local_avoidance] DEACTIVATED
[WARN] [1783523229.253] [/local_avoidance]: [local_avoidance] ACTIVATED  (min_dist=0.35 m, idx=8411)
[INFO] [1783523229.303] [/local_avoidance]: [local_avoidance] DEACTIVATED
[WARN] [1783523229.353] [/local_avoidance]: [local_avoidance] ACTIVATED  (min_dist=0.35 m, idx=2123)
[INFO] [1783523229.406] [/local_avoidance]: [local_avoidance] DEACTIVATED
[WARN] [1783523229.456] [/local_avoidance]: [local_avoidance] ACTIVATED  (min_dist=0.34 m, idx=8854)
[INFO] [1783523229.504] [/local_avoidance]: [local_avoidance] DEACTIVATED
[WARN] [1783523229.556] [/local_avoidance]: [local_avoidance] ACTIVATED  (min_dist=0.35 m, idx=2561)
[INFO] [1783523229.606] [/local_avoidance]: [local_avoidance] DEACTIVATED
[WARN] [1783523229.653] [/local_avoidance]: [local_avoidance] ACTIVATED  (min_dist=0.35 m, idx=2084)
[INFO] [1783523229.704] [/local_avoidance]: [local_avoidance] DEACTIVATED
[WARN] [1783523229.753] [/local_avoidance]: [local_avoidance] ACTIVATED  (min_dist=0.35 m, idx=3114)
[INFO] [1783523229.807] [/local_avoidance]: [local_avoidance] DEACTIVATED
[WARN] [1783523229.856] [/local_avoidance]: [local_avoidance] ACTIVATED  (min_dist=0.35 m, idx=2930)
[INFO] [1783523229.905] [/local_avoidance]: [local_avoidance] DEACTIVATED
[WARN] [1783523229.956] [/local_avoidance]: [local_avoidance] ACTIVATED  (min_dist=0.35 m, idx=9498)
[INFO] [1783523230.005] [/local_avoidance]: [local_avoidance] avoiding...  min_dist=0.59 m
[INFO] [1783523231.053] [/local_avoidance]: [local_avoidance] avoiding...  min_dist=0.35 m
[INFO] [1783523232.054] [/local_avoidance]: [local_avoidance] avoiding...  min_dist=0.35 m
[INFO] [1783523232.104] [/cloud_crop_bridge]: [CloudCrop] 2726 -> 414 pts (15%)
[WARN] [1783523232.445] [/exploration_node]: wait for trigger.
[INFO] [1783523233.054] [/local_avoidance]: [local_avoidance] avoiding...  min_dist=0.34 m
[INFO] [1783523233.855] [/local_avoidance]: [local_avoidance] DEACTIVATED
[INFO] [1783523233.885] [/exploration_node]: [EV] [1783523233.885][   +488.0s][WAIT_TRIGGER] Avoidance: Deactivated  <->  Activated | cycling x2229 over 487.0s
[WARN] [1783523233.903] [/local_avoidance]: [local_avoidance] ACTIVATED  (min_dist=0.35 m, idx=680)
[INFO] [1783523234.054] [/local_avoidance]: [local_avoidance] DEACTIVATED
[WARN] [1783523234.104] [/local_avoidance]: [local_avoidance] ACTIVATED  (min_dist=0.35 m, idx=7085)
[INFO] [1783523234.154] [/local_avoidance]: [local_avoidance] DEACTIVATED
[WARN] [1783523234.229] [/local_avoidance]: [local_avoidance] ACTIVATED  (min_dist=0.34 m, idx=783)
[INFO] [1783523234.259] [/local_avoidance]: [local_avoidance] DEACTIVATED
[WARN] [1783523234.306] [/local_avoidance]: [local_avoidance] ACTIVATED  (min_dist=0.35 m, idx=7635)
[INFO] [1783523234.356] [/local_avoidance]: [local_avoidance] DEACTIVATED
[WARN] [1783523234.406] [/local_avoidance]: [local_avoidance] ACTIVATED  (min_dist=0.35 m, idx=8639)
[INFO] [1783523234.456] [/local_avoidance]: [local_avoidance] DEACTIVATED
[WARN] [1783523234.504] [/local_avoidance]: [local_avoidance] ACTIVATED  (min_dist=0.35 m, idx=8081)
[INFO] [1783523234.553] [/local_avoidance]: [local_avoidance] DEACTIVATED
[WARN] [1783523234.604] [/local_avoidance]: [local_avoidance] ACTIVATED  (min_dist=0.34 m, idx=1761)
[INFO] [1783523234.654] [/local_avoidance]: [local_avoidance] DEACTIVATED
[WARN] [1783523234.706] [/local_avoidance]: [local_avoidance] ACTIVATED  (min_dist=0.35 m, idx=2689)
[INFO] [1783523234.756] [/local_avoidance]: [local_avoidance] DEACTIVATED
[WARN] [1783523234.803] [/local_avoidance]: [local_avoidance] ACTIVATED  (min_dist=0.35 m, idx=2231)
[INFO] [1783523234.853] [/local_avoidance]: [local_avoidance] DEACTIVATED
[WARN] [1783523234.904] [/local_avoidance]: [local_avoidance] ACTIVATED  (min_dist=0.35 m, idx=8987)
[INFO] [1783523234.954] [/local_avoidance]: [local_avoidance] avoiding...  min_dist=0.37 m
[INFO] [1783523235.053] [/local_avoidance]: [local_avoidance] DEACTIVATED
[WARN] [1783523235.106] [/local_avoidance]: [local_avoidance] ACTIVATED  (min_dist=0.35 m, idx=9434)
[INFO] [1783523235.954] [/local_avoidance]: [local_avoidance] avoiding...  min_dist=0.35 m
[INFO] [1783523236.958] [/local_avoidance]: [local_avoidance] avoiding...  min_dist=0.35 m
[INFO] [1783523237.105] [/cloud_crop_bridge]: [CloudCrop] 2846 -> 353 pts (12%)
[WARN] [1783523237.446] [/exploration_node]: wait for trigger.
[INFO] [1783523238.003] [/local_avoidance]: [local_avoidance] avoiding...  min_dist=0.34 m
[INFO] [1783523238.703] [/local_avoidance]: [local_avoidance] DEACTIVATED
[WARN] [1783523238.769] [/local_avoidance]: [local_avoidance] ACTIVATED  (min_dist=0.35 m, idx=7255)
[INFO] [1783523238.805] [/local_avoidance]: [local_avoidance] DEACTIVATED
[WARN] [1783523238.854] [/local_avoidance]: [local_avoidance] ACTIVATED  (min_dist=0.34 m, idx=7770)
[INFO] [1783523238.909] [/local_avoidance]: [local_avoidance] DEACTIVATED
[WARN] [1783523238.956] [/local_avoidance]: [local_avoidance] ACTIVATED  (min_dist=0.35 m, idx=7223)
[INFO] [1783523239.006] [/local_avoidance]: [local_avoidance] DEACTIVATED
[WARN] [1783523239.079] [/local_avoidance]: [local_avoidance] ACTIVATED  (min_dist=0.35 m, idx=8988)
[INFO] [1783523239.104] [/local_avoidance]: [local_avoidance] DEACTIVATED
[WARN] [1783523239.154] [/local_avoidance]: [local_avoidance] ACTIVATED  (min_dist=0.35 m, idx=7861)
[INFO] [1783523239.204] [/local_avoidance]: [local_avoidance] DEACTIVATED
[WARN] [1783523239.256] [/local_avoidance]: [local_avoidance] ACTIVATED  (min_dist=0.35 m, idx=8672)
[INFO] [1783523239.306] [/local_avoidance]: [local_avoidance] DEACTIVATED
[WARN] [1783523239.354] [/local_avoidance]: [local_avoidance] ACTIVATED  (min_dist=0.35 m, idx=8217)
[INFO] [1783523239.404] [/local_avoidance]: [local_avoidance] DEACTIVATED
[WARN] [1783523239.483] [/local_avoidance]: [local_avoidance] ACTIVATED  (min_dist=0.35 m, idx=9696)
[INFO] [1783523239.503] [/local_avoidance]: [local_avoidance] DEACTIVATED
[WARN] [1783523239.554] [/local_avoidance]: [local_avoidance] ACTIVATED  (min_dist=0.34 m, idx=1436)
[INFO] [1783523239.605] [/local_avoidance]: [local_avoidance] DEACTIVATED
[WARN] [1783523239.655] [/local_avoidance]: [local_avoidance] ACTIVATED  (min_dist=0.35 m, idx=2379)
[INFO] [1783523239.703] [/local_avoidance]: [local_avoidance] DEACTIVATED
[WARN] [1783523239.754] [/local_avoidance]: [local_avoidance] ACTIVATED  (min_dist=0.35 m, idx=1884)
[INFO] [1783523239.803] [/local_avoidance]: [local_avoidance] avoiding...  min_dist=0.58 m
[INFO] [1783523239.904] [/local_avoidance]: [local_avoidance] DEACTIVATED
[WARN] [1783523239.954] [/local_avoidance]: [local_avoidance] ACTIVATED  (min_dist=0.35 m, idx=2455)
[INFO] [1783523240.007] [/local_avoidance]: [local_avoidance] DEACTIVATED
[WARN] [1783523240.054] [/local_avoidance]: [local_avoidance] ACTIVATED  (min_dist=0.35 m, idx=3375)
[INFO] [1783523240.203] [/local_avoidance]: [local_avoidance] DEACTIVATED
[WARN] [1783523240.253] [/local_avoidance]: [local_avoidance] ACTIVATED  (min_dist=0.35 m, idx=3827)
[INFO] [1783523240.807] [/local_avoidance]: [local_avoidance] avoiding...  min_dist=0.36 m
[INFO] [1783523241.854] [/local_avoidance]: [local_avoidance] avoiding...  min_dist=0.35 m
[INFO] [1783523242.154] [/cloud_crop_bridge]: [CloudCrop] 2859 -> 371 pts (13%)
[WARN] [1783523242.456] [/exploration_node]: wait for trigger.
[INFO] [1783523242.904] [/local_avoidance]: [local_avoidance] avoiding...  min_dist=0.35 m
[INFO] [1783523243.854] [/local_avoidance]: [local_avoidance] DEACTIVATED
[WARN] [1783523243.904] [/local_avoidance]: [local_avoidance] ACTIVATED  (min_dist=0.35 m, idx=8461)
[INFO] [1783523243.953] [/local_avoidance]: [local_avoidance] DEACTIVATED
[WARN] [1783523244.009] [/local_avoidance]: [local_avoidance] ACTIVATED  (min_dist=0.34 m, idx=7903)
[INFO] [1783523244.063] [/local_avoidance]: [local_avoidance] DEACTIVATED
[WARN] [1783523244.129] [/local_avoidance]: [local_avoidance] ACTIVATED  (min_dist=0.35 m, idx=7363)
[INFO] [1783523244.154] [/local_avoidance]: [local_avoidance] DEACTIVATED
[WARN] [1783523244.204] [/local_avoidance]: [local_avoidance] ACTIVATED  (min_dist=0.35 m, idx=1147)
[INFO] [1783523244.253] [/local_avoidance]: [local_avoidance] DEACTIVATED
[WARN] [1783523244.308] [/local_avoidance]: [local_avoidance] ACTIVATED  (min_dist=0.35 m, idx=2446)
[INFO] [1783523244.360] [/local_avoidance]: [local_avoidance] DEACTIVATED
[WARN] [1783523244.405] [/local_avoidance]: [local_avoidance] ACTIVATED  (min_dist=0.34 m, idx=1485)
[INFO] [1783523244.456] [/local_avoidance]: [local_avoidance] DEACTIVATED
[WARN] [1783523244.503] [/local_avoidance]: [local_avoidance] ACTIVATED  (min_dist=0.35 m, idx=8351)
[INFO] [1783523244.557] [/local_avoidance]: [local_avoidance] DEACTIVATED
[WARN] [1783523244.604] [/local_avoidance]: [local_avoidance] ACTIVATED  (min_dist=0.34 m, idx=9350)
[INFO] [1783523244.653] [/local_avoidance]: [local_avoidance] DEACTIVATED
[WARN] [1783523244.704] [/local_avoidance]: [local_avoidance] ACTIVATED  (min_dist=0.35 m, idx=3062)
[INFO] [1783523244.758] [/local_avoidance]: [local_avoidance] DEACTIVATED
[WARN] [1783523244.810] [/local_avoidance]: [local_avoidance] ACTIVATED  (min_dist=0.35 m, idx=9907)
[INFO] [1783523244.855] [/local_avoidance]: [local_avoidance] DEACTIVATED
[WARN] [1783523244.907] [/local_avoidance]: [local_avoidance] ACTIVATED  (min_dist=0.35 m, idx=3802)
[INFO] [1783523244.954] [/local_avoidance]: [local_avoidance] avoiding...  min_dist=0.59 m
[INFO] [1783523246.004] [/local_avoidance]: [local_avoidance] avoiding...  min_dist=0.35 m
[INFO] [1783523247.004] [/local_avoidance]: [local_avoidance] avoiding...  min_dist=0.37 m
[INFO] [1783523247.159] [/cloud_crop_bridge]: [CloudCrop] 2119 -> 504 pts (24%)
[WARN] [1783523247.466] [/exploration_node]: wait for trigger.
[INFO] [1783523248.054] [/local_avoidance]: [local_avoidance] avoiding...  min_dist=0.35 m
[INFO] [1783523248.804] [/local_avoidance]: [local_avoidance] DEACTIVATED
[WARN] [1783523248.854] [/local_avoidance]: [local_avoidance] ACTIVATED  (min_dist=0.35 m, idx=8036)
[INFO] [1783523249.007] [/local_avoidance]: [local_avoidance] DEACTIVATED
[WARN] [1783523249.054] [/local_avoidance]: [local_avoidance] ACTIVATED  (min_dist=0.35 m, idx=1195)
[INFO] [1783523249.113] [/local_avoidance]: [local_avoidance] DEACTIVATED
[WARN] [1783523249.164] [/local_avoidance]: [local_avoidance] ACTIVATED  (min_dist=0.35 m, idx=8139)
[INFO] [1783523249.203] [/local_avoidance]: [local_avoidance] DEACTIVATED
[WARN] [1783523249.254] [/local_avoidance]: [local_avoidance] ACTIVATED  (min_dist=0.35 m, idx=1482)
[INFO] [1783523249.303] [/local_avoidance]: [local_avoidance] DEACTIVATED
[WARN] [1783523249.354] [/local_avoidance]: [local_avoidance] ACTIVATED  (min_dist=0.35 m, idx=1283)
[INFO] [1783523249.429] [/local_avoidance]: [local_avoidance] DEACTIVATED
[WARN] [1783523249.457] [/local_avoidance]: [local_avoidance] ACTIVATED  (min_dist=0.35 m, idx=8031)
[INFO] [1783523249.503] [/local_avoidance]: [local_avoidance] DEACTIVATED
[WARN] [1783523249.554] [/local_avoidance]: [local_avoidance] ACTIVATED  (min_dist=0.35 m, idx=1800)
[INFO] [1783523249.605] [/local_avoidance]: [local_avoidance] DEACTIVATED
[WARN] [1783523249.654] [/local_avoidance]: [local_avoidance] ACTIVATED  (min_dist=0.35 m, idx=2651)
[INFO] [1783523249.709] [/local_avoidance]: [local_avoidance] avoiding...  min_dist=0.35 m
[INFO] [1783523249.808] [/local_avoidance]: [local_avoidance] DEACTIVATED
[WARN] [1783523249.854] [/local_avoidance]: [local_avoidance] ACTIVATED  (min_dist=0.35 m, idx=9030)
[INFO] [1783523250.004] [/local_avoidance]: [local_avoidance] DEACTIVATED
[WARN] [1783523250.054] [/local_avoidance]: [local_avoidance] ACTIVATED  (min_dist=0.35 m, idx=3537)
[INFO] [1783523250.754] [/local_avoidance]: [local_avoidance] avoiding...  min_dist=0.35 m
[INFO] [1783523251.759] [/local_avoidance]: [local_avoidance] avoiding...  min_dist=0.35 m
[INFO] [1783523252.215] [/cloud_crop_bridge]: [CloudCrop] 2672 -> 372 pts (14%)
[WARN] [1783523252.467] [/exploration_node]: wait for trigger.
[INFO] [1783523252.803] [/local_avoidance]: [local_avoidance] avoiding...  min_dist=0.35 m
[INFO] [1783523253.455] [/local_avoidance]: [local_avoidance] DEACTIVATED
[WARN] [1783523253.506] [/local_avoidance]: [local_avoidance] ACTIVATED  (min_dist=0.35 m, idx=6169)
[INFO] [1783523253.653] [/local_avoidance]: [local_avoidance] DEACTIVATED
[WARN] [1783523253.704] [/local_avoidance]: [local_avoidance] ACTIVATED  (min_dist=0.35 m, idx=7103)
[INFO] [1783523253.753] [/local_avoidance]: [local_avoidance] DEACTIVATED
[WARN] [1783523253.804] [/local_avoidance]: [local_avoidance] ACTIVATED  (min_dist=0.34 m, idx=7718)
[INFO] [1783523253.853] [/local_avoidance]: [local_avoidance] DEACTIVATED
[WARN] [1783523253.910] [/local_avoidance]: [local_avoidance] ACTIVATED  (min_dist=0.35 m, idx=8536)
[INFO] [1783523253.954] [/local_avoidance]: [local_avoidance] avoiding...  min_dist=0.59 m
[INFO] [1783523254.054] [/local_avoidance]: [local_avoidance] DEACTIVATED
[WARN] [1783523254.104] [/local_avoidance]: [local_avoidance] ACTIVATED  (min_dist=0.35 m, idx=7911)
[INFO] [1783523254.256] [/local_avoidance]: [local_avoidance] DEACTIVATED
[WARN] [1783523254.329] [/local_avoidance]: [local_avoidance] ACTIVATED  (min_dist=0.35 m, idx=8167)
[INFO] [1783523254.353] [/local_avoidance]: [local_avoidance] DEACTIVATED
[WARN] [1783523254.404] [/local_avoidance]: [local_avoidance] ACTIVATED  (min_dist=0.35 m, idx=1852)
[INFO] [1783523254.454] [/local_avoidance]: [local_avoidance] DEACTIVATED
[WARN] [1783523254.504] [/local_avoidance]: [local_avoidance] ACTIVATED  (min_dist=0.35 m, idx=1284)
[INFO] [1783523254.554] [/local_avoidance]: [local_avoidance] DEACTIVATED
[WARN] [1783523254.606] [/local_avoidance]: [local_avoidance] ACTIVATED  (min_dist=0.35 m, idx=8163)
[INFO] [1783523254.653] [/local_avoidance]: [local_avoidance] DEACTIVATED
[WARN] [1783523254.704] [/local_avoidance]: [local_avoidance] ACTIVATED  (min_dist=0.34 m, idx=1759)
[INFO] [1783523254.854] [/local_avoidance]: [local_avoidance] DEACTIVATED
[WARN] [1783523254.910] [/local_avoidance]: [local_avoidance] ACTIVATED  (min_dist=0.34 m, idx=2288)
[INFO] [1783523254.961] [/local_avoidance]: [local_avoidance] DEACTIVATED
[WARN] [1783523255.005] [/local_avoidance]: [local_avoidance] ACTIVATED  (min_dist=0.35 m, idx=9159)
[INFO] [1783523255.054] [/local_avoidance]: [local_avoidance] avoiding...  min_dist=0.35 m
[INFO] [1783523255.154] [/local_avoidance]: [local_avoidance] DEACTIVATED
[WARN] [1783523255.204] [/local_avoidance]: [local_avoidance] ACTIVATED  (min_dist=0.35 m, idx=3775)
[INFO] [1783523256.055] [/local_avoidance]: [local_avoidance] avoiding...  min_dist=0.35 m
[INFO] [1783523257.056] [/local_avoidance]: [local_avoidance] avoiding...  min_dist=0.35 m
[INFO] [1783523257.255] [/cloud_crop_bridge]: [CloudCrop] 2647 -> 514 pts (19%)
[WARN] [1783523257.479] [/exploration_node]: wait for trigger.
[INFO] [1783523258.103] [/local_avoidance]: [local_avoidance] avoiding...  min_dist=0.36 m
[INFO] [1783523258.629] [/local_avoidance]: [local_avoidance] DEACTIVATED
[WARN] [1783523258.654] [/local_avoidance]: [local_avoidance] ACTIVATED  (min_dist=0.35 m, idx=741)
[INFO] [1783523258.810] [/local_avoidance]: [local_avoidance] DEACTIVATED
[WARN] [1783523258.853] [/local_avoidance]: [local_avoidance] ACTIVATED  (min_dist=0.35 m, idx=905)
[INFO] [1783523258.906] [/local_avoidance]: [local_avoidance] DEACTIVATED
[WARN] [1783523258.980] [/local_avoidance]: [local_avoidance] ACTIVATED  (min_dist=0.34 m, idx=8719)
[INFO] [1783523259.106] [/local_avoidance]: [local_avoidance] DEACTIVATED
[WARN] [1783523259.157] [/local_avoidance]: [local_avoidance] ACTIVATED  (min_dist=0.35 m, idx=8298)
[INFO] [1783523259.206] [/local_avoidance]: [local_avoidance] DEACTIVATED
[WARN] [1783523259.279] [/local_avoidance]: [local_avoidance] ACTIVATED  (min_dist=0.35 m, idx=7751)
[INFO] [1783523259.303] [/local_avoidance]: [local_avoidance] avoiding...  min_dist=0.60 m
[INFO] [1783523259.406] [/local_avoidance]: [local_avoidance] DEACTIVATED
[WARN] [1783523259.461] [/local_avoidance]: [local_avoidance] ACTIVATED  (min_dist=0.35 m, idx=8299)
[INFO] [1783523259.504] [/local_avoidance]: [local_avoidance] DEACTIVATED
[WARN] [1783523259.553] [/local_avoidance]: [local_avoidance] ACTIVATED  (min_dist=0.35 m, idx=1976)
[INFO] [1783523259.604] [/local_avoidance]: [local_avoidance] DEACTIVATED
[WARN] [1783523259.659] [/local_avoidance]: [local_avoidance] ACTIVATED  (min_dist=0.35 m, idx=3001)
[INFO] [1783523259.807] [/local_avoidance]: [local_avoidance] DEACTIVATED
[WARN] [1783523259.858] [/local_avoidance]: [local_avoidance] ACTIVATED  (min_dist=0.35 m, idx=7741)
[INFO] [1783523260.304] [/local_avoidance]: [local_avoidance] avoiding...  min_dist=0.35 m
[INFO] [1783523261.354] [/local_avoidance]: [local_avoidance] avoiding...  min_dist=0.35 m
[INFO] [1783523262.309] [/cloud_crop_bridge]: [CloudCrop] 2552 -> 498 pts (20%)
[INFO] [1783523262.357] [/local_avoidance]: [local_avoidance] avoiding...  min_dist=0.35 m
[WARN] [1783523262.485] [/exploration_node]: wait for trigger.
[INFO] [1783523263.354] [/local_avoidance]: [local_avoidance] avoiding...  min_dist=0.35 m
[INFO] [1783523263.453] [/local_avoidance]: [local_avoidance] DEACTIVATED
[WARN] [1783523263.505] [/local_avoidance]: [local_avoidance] ACTIVATED  (min_dist=0.35 m, idx=6535)
[INFO] [1783523263.580] [/local_avoidance]: [local_avoidance] DEACTIVATED
[WARN] [1783523263.604] [/local_avoidance]: [local_avoidance] ACTIVATED  (min_dist=0.35 m, idx=7724)
[INFO] [1783523263.855] [/local_avoidance]: [local_avoidance] DEACTIVATED
[WARN] [1783523263.905] [/local_avoidance]: [local_avoidance] ACTIVATED  (min_dist=0.35 m, idx=296)
[WARN] [1783523263.936] [/exploration_node]: [EV] [1783523263.936][   +518.1s][WAIT_TRIGGER] Avoidance: Activated  <->  Deactivated | cycling x2370 over 517.1s
[INFO] [1783523263.954] [/local_avoidance]: [local_avoidance] DEACTIVATED
[WARN] [1783523264.005] [/local_avoidance]: [local_avoidance] ACTIVATED  (min_dist=0.35 m, idx=1120)
[INFO] [1783523264.057] [/local_avoidance]: [local_avoidance] DEACTIVATED
[WARN] [1783523264.111] [/local_avoidance]: [local_avoidance] ACTIVATED  (min_dist=0.35 m, idx=8375)
[INFO] [1783523264.253] [/local_avoidance]: [local_avoidance] DEACTIVATED
[WARN] [1783523264.304] [/local_avoidance]: [local_avoidance] ACTIVATED  (min_dist=0.35 m, idx=8434)
[INFO] [1783523264.355] [/local_avoidance]: [local_avoidance] DEACTIVATED
[WARN] [1783523264.403] [/local_avoidance]: [local_avoidance] ACTIVATED  (min_dist=0.35 m, idx=2143)
[INFO] [1783523264.479] [/local_avoidance]: [local_avoidance] DEACTIVATED
[WARN] [1783523264.507] [/local_avoidance]: [local_avoidance] ACTIVATED  (min_dist=0.35 m, idx=1671)
[INFO] [1783523264.579] [/local_avoidance]: [local_avoidance] DEACTIVATED
[WARN] [1783523264.605] [/local_avoidance]: [local_avoidance] ACTIVATED  (min_dist=0.35 m, idx=3075)
[INFO] [1783523264.653] [/local_avoidance]: [local_avoidance] DEACTIVATED
[WARN] [1783523264.704] [/local_avoidance]: [local_avoidance] ACTIVATED  (min_dist=0.35 m, idx=3593)
[INFO] [1783523264.754] [/local_avoidance]: [local_avoidance] DEACTIVATED
[WARN] [1783523264.804] [/local_avoidance]: [local_avoidance] ACTIVATED  (min_dist=0.35 m, idx=3129)
[INFO] [1783523264.854] [/local_avoidance]: [local_avoidance] avoiding...  min_dist=0.35 m
[INFO] [1783523264.955] [/local_avoidance]: [local_avoidance] DEACTIVATED
[WARN] [1783523265.007] [/local_avoidance]: [local_avoidance] ACTIVATED  (min_dist=0.35 m, idx=3577)
[INFO] [1783523265.865] [/local_avoidance]: [local_avoidance] avoiding...  min_dist=0.35 m
[INFO] [1783523266.904] [/local_avoidance]: [local_avoidance] avoiding...  min_dist=0.35 m
[INFO] [1783523267.355] [/cloud_crop_bridge]: [CloudCrop] 2631 -> 489 pts (19%)
[WARN] [1783523267.495] [/exploration_node]: wait for trigger.
[INFO] [1783523267.954] [/local_avoidance]: [local_avoidance] avoiding...  min_dist=0.35 m
[INFO] [1783523268.206] [/local_avoidance]: [local_avoidance] DEACTIVATED
[WARN] [1783523268.261] [/local_avoidance]: [local_avoidance] ACTIVATED  (min_dist=0.35 m, idx=493)
[INFO] [1783523268.612] [/local_avoidance]: [local_avoidance] DEACTIVATED
[WARN] [1783523268.656] [/local_avoidance]: [local_avoidance] ACTIVATED  (min_dist=0.35 m, idx=730)
[INFO] [1783523268.804] [/local_avoidance]: [local_avoidance] DEACTIVATED
[WARN] [1783523268.854] [/local_avoidance]: [local_avoidance] ACTIVATED  (min_dist=0.35 m, idx=1278)
[INFO] [1783523268.903] [/local_avoidance]: [local_avoidance] DEACTIVATED
[WARN] [1783523268.954] [/local_avoidance]: [local_avoidance] ACTIVATED  (min_dist=0.35 m, idx=8213)
[INFO] [1783523269.010] [/local_avoidance]: [local_avoidance] DEACTIVATED
[WARN] [1783523269.059] [/local_avoidance]: [local_avoidance] ACTIVATED  (min_dist=0.35 m, idx=7663)
[INFO] [1783523269.104] [/local_avoidance]: [local_avoidance] DEACTIVATED
[WARN] [1783523269.154] [/local_avoidance]: [local_avoidance] ACTIVATED  (min_dist=0.34 m, idx=8667)
[INFO] [1783523269.203] [/local_avoidance]: [local_avoidance] DEACTIVATED
[WARN] [1783523269.279] [/local_avoidance]: [local_avoidance] ACTIVATED  (min_dist=0.35 m, idx=8111)
[INFO] [1783523269.307] [/local_avoidance]: [local_avoidance] DEACTIVATED
[WARN] [1783523269.355] [/local_avoidance]: [local_avoidance] ACTIVATED  (min_dist=0.35 m, idx=1796)
[INFO] [1783523269.404] [/local_avoidance]: [local_avoidance] DEACTIVATED
[WARN] [1783523269.453] [/local_avoidance]: [local_avoidance] ACTIVATED  (min_dist=0.35 m, idx=7079)
[INFO] [1783523269.503] [/local_avoidance]: [local_avoidance] DEACTIVATED
[WARN] [1783523269.553] [/local_avoidance]: [local_avoidance] ACTIVATED  (min_dist=0.35 m, idx=9562)
[INFO] [1783523269.605] [/local_avoidance]: [local_avoidance] DEACTIVATED
[WARN] [1783523269.658] [/local_avoidance]: [local_avoidance] ACTIVATED  (min_dist=0.34 m, idx=9107)
[INFO] [1783523269.705] [/local_avoidance]: [local_avoidance] DEACTIVATED
[WARN] [1783523269.756] [/local_avoidance]: [local_avoidance] ACTIVATED  (min_dist=0.34 m, idx=10982)
[INFO] [1783523269.804] [/local_avoidance]: [local_avoidance] DEACTIVATED
[WARN] [1783523269.854] [/local_avoidance]: [local_avoidance] ACTIVATED  (min_dist=0.35 m, idx=9562)
[INFO] [1783523269.905] [/local_avoidance]: [local_avoidance] avoiding...  min_dist=0.60 m
[INFO] [1783523270.130] [/local_avoidance]: [local_avoidance] DEACTIVATED
[WARN] [1783523270.154] [/local_avoidance]: [local_avoidance] ACTIVATED  (min_dist=0.35 m, idx=9745)
[INFO] [1783523270.907] [/local_avoidance]: [local_avoidance] avoiding...  min_dist=0.35 m
[INFO] [1783523271.953] [/local_avoidance]: [local_avoidance] avoiding...  min_dist=0.34 m
[INFO] [1783523272.404] [/cloud_crop_bridge]: [CloudCrop] 2570 -> 520 pts (20%)
[WARN] [1783523272.505] [/exploration_node]: wait for trigger.
[INFO] [1783523272.953] [/local_avoidance]: [local_avoidance] avoiding...  min_dist=0.35 m
[INFO] [1783523273.553] [/local_avoidance]: [local_avoidance] DEACTIVATED
[WARN] [1783523273.607] [/local_avoidance]: [local_avoidance] ACTIVATED  (min_dist=0.35 m, idx=7701)
[INFO] [1783523273.856] [/local_avoidance]: [local_avoidance] DEACTIVATED
[WARN] [1783523273.904] [/local_avoidance]: [local_avoidance] ACTIVATED  (min_dist=0.35 m, idx=491)
[INFO] [1783523273.954] [/local_avoidance]: [local_avoidance] avoiding...  min_dist=0.59 m
[INFO] [1783523274.053] [/local_avoidance]: [local_avoidance] DEACTIVATED
[WARN] [1783523274.104] [/local_avoidance]: [local_avoidance] ACTIVATED  (min_dist=0.35 m, idx=1108)
[INFO] [1783523274.154] [/local_avoidance]: [local_avoidance] DEACTIVATED
[WARN] [1783523274.204] [/local_avoidance]: [local_avoidance] ACTIVATED  (min_dist=0.35 m, idx=9340)
[INFO] [1783523274.354] [/local_avoidance]: [local_avoidance] DEACTIVATED
[WARN] [1783523274.403] [/local_avoidance]: [local_avoidance] ACTIVATED  (min_dist=0.35 m, idx=2511)
[INFO] [1783523274.454] [/local_avoidance]: [local_avoidance] DEACTIVATED
[WARN] [1783523274.506] [/local_avoidance]: [local_avoidance] ACTIVATED  (min_dist=0.34 m, idx=9243)
[INFO] [1783523274.553] [/local_avoidance]: [local_avoidance] DEACTIVATED
[WARN] [1783523274.603] [/local_avoidance]: [local_avoidance] ACTIVATED  (min_dist=0.35 m, idx=8786)
[INFO] [1783523274.653] [/local_avoidance]: [local_avoidance] DEACTIVATED
[WARN] [1783523274.703] [/local_avoidance]: [local_avoidance] ACTIVATED  (min_dist=0.35 m, idx=9791)
[INFO] [1783523274.755] [/local_avoidance]: [local_avoidance] DEACTIVATED
[WARN] [1783523274.813] [/local_avoidance]: [local_avoidance] ACTIVATED  (min_dist=0.35 m, idx=3406)
[INFO] [1783523274.957] [/local_avoidance]: [local_avoidance] avoiding...  min_dist=0.35 m
[INFO] [1783523276.004] [/local_avoidance]: [local_avoidance] avoiding...  min_dist=0.35 m
[INFO] [1783523277.005] [/local_avoidance]: [local_avoidance] avoiding...  min_dist=0.35 m
[INFO] [1783523277.405] [/cloud_crop_bridge]: [CloudCrop] 2973 -> 312 pts (10%)
[WARN] [1783523277.507] [/exploration_node]: wait for trigger.
[INFO] [1783523278.005] [/local_avoidance]: [local_avoidance] avoiding...  min_dist=0.35 m
[INFO] [1783523278.409] [/local_avoidance]: [local_avoidance] DEACTIVATED
[WARN] [1783523278.456] [/local_avoidance]: [local_avoidance] ACTIVATED  (min_dist=0.35 m, idx=541)
[INFO] [1783523278.703] [/local_avoidance]: [local_avoidance] DEACTIVATED
[WARN] [1783523278.753] [/local_avoidance]: [local_avoidance] ACTIVATED  (min_dist=0.35 m, idx=612)
[INFO] [1783523278.806] [/local_avoidance]: [local_avoidance] DEACTIVATED
[WARN] [1783523278.853] [/local_avoidance]: [local_avoidance] ACTIVATED  (min_dist=0.35 m, idx=7381)
[INFO] [1783523278.908] [/local_avoidance]: [local_avoidance] DEACTIVATED
[WARN] [1783523278.953] [/local_avoidance]: [local_avoidance] ACTIVATED  (min_dist=0.35 m, idx=1283)
[INFO] [1783523279.004] [/local_avoidance]: [local_avoidance] DEACTIVATED
[WARN] [1783523279.054] [/local_avoidance]: [local_avoidance] ACTIVATED  (min_dist=0.34 m, idx=610)
[INFO] [1783523279.103] [/local_avoidance]: [local_avoidance] DEACTIVATED
[WARN] [1783523279.153] [/local_avoidance]: [local_avoidance] ACTIVATED  (min_dist=0.35 m, idx=7387)
[INFO] [1783523279.208] [/local_avoidance]: [local_avoidance] DEACTIVATED
[WARN] [1783523279.255] [/local_avoidance]: [local_avoidance] ACTIVATED  (min_dist=0.35 m, idx=8483)
[INFO] [1783523279.307] [/local_avoidance]: [local_avoidance] DEACTIVATED
[WARN] [1783523279.354] [/local_avoidance]: [local_avoidance] ACTIVATED  (min_dist=0.35 m, idx=2169)
[INFO] [1783523279.404] [/local_avoidance]: [local_avoidance] DEACTIVATED
[WARN] [1783523279.453] [/local_avoidance]: [local_avoidance] ACTIVATED  (min_dist=0.35 m, idx=1615)
[INFO] [1783523279.506] [/local_avoidance]: [local_avoidance] DEACTIVATED
[WARN] [1783523279.557] [/local_avoidance]: [local_avoidance] ACTIVATED  (min_dist=0.35 m, idx=2543)
[INFO] [1783523279.604] [/local_avoidance]: [local_avoidance] DEACTIVATED
[WARN] [1783523279.654] [/local_avoidance]: [local_avoidance] ACTIVATED  (min_dist=0.35 m, idx=9475)
[INFO] [1783523279.704] [/local_avoidance]: [local_avoidance] DEACTIVATED
[WARN] [1783523279.753] [/local_avoidance]: [local_avoidance] ACTIVATED  (min_dist=0.35 m, idx=3064)
[INFO] [1783523279.805] [/local_avoidance]: [local_avoidance] avoiding...  min_dist=0.36 m
[INFO] [1783523279.905] [/local_avoidance]: [local_avoidance] DEACTIVATED
[WARN] [1783523279.953] [/local_avoidance]: [local_avoidance] ACTIVATED  (min_dist=0.35 m, idx=3516)
[INFO] [1783523280.854] [/local_avoidance]: [local_avoidance] avoiding...  min_dist=0.35 m
[INFO] [1783523281.858] [/local_avoidance]: [local_avoidance] avoiding...  min_dist=0.35 m
[INFO] [1783523282.407] [/cloud_crop_bridge]: [CloudCrop] 2573 -> 525 pts (20%)
[WARN] [1783523282.516] [/exploration_node]: wait for trigger.
[INFO] [1783523282.908] [/local_avoidance]: [local_avoidance] avoiding...  min_dist=0.35 m
[INFO] [1783523283.554] [/local_avoidance]: [local_avoidance] DEACTIVATED
[WARN] [1783523283.605] [/local_avoidance]: [local_avoidance] ACTIVATED  (min_dist=0.35 m, idx=669)
[INFO] [1783523283.678] [/local_avoidance]: [local_avoidance] DEACTIVATED
[WARN] [1783523283.706] [/local_avoidance]: [local_avoidance] ACTIVATED  (min_dist=0.35 m, idx=389)
[INFO] [1783523283.753] [/local_avoidance]: [local_avoidance] DEACTIVATED
[WARN] [1783523283.804] [/local_avoidance]: [local_avoidance] ACTIVATED  (min_dist=0.35 m, idx=1313)
[INFO] [1783523283.853] [/local_avoidance]: [local_avoidance] DEACTIVATED
[WARN] [1783523283.904] [/local_avoidance]: [local_avoidance] ACTIVATED  (min_dist=0.35 m, idx=846)
[INFO] [1783523283.962] [/local_avoidance]: [local_avoidance] avoiding...  min_dist=0.57 m
[INFO] [1783523284.154] [/local_avoidance]: [local_avoidance] DEACTIVATED
[WARN] [1783523284.204] [/local_avoidance]: [local_avoidance] ACTIVATED  (min_dist=0.35 m, idx=8153)
[INFO] [1783523284.253] [/local_avoidance]: [local_avoidance] DEACTIVATED
[WARN] [1783523284.309] [/local_avoidance]: [local_avoidance] ACTIVATED  (min_dist=0.34 m, idx=9163)
[INFO] [1783523284.355] [/local_avoidance]: [local_avoidance] DEACTIVATED
[WARN] [1783523284.403] [/local_avoidance]: [local_avoidance] ACTIVATED  (min_dist=0.35 m, idx=8606)
[INFO] [1783523284.454] [/local_avoidance]: [local_avoidance] DEACTIVATED
[WARN] [1783523284.503] [/local_avoidance]: [local_avoidance] ACTIVATED  (min_dist=0.35 m, idx=9600)
[INFO] [1783523284.760] [/local_avoidance]: [local_avoidance] DEACTIVATED
[WARN] [1783523284.803] [/local_avoidance]: [local_avoidance] ACTIVATED  (min_dist=0.34 m, idx=2273)
[INFO] [1783523285.005] [/local_avoidance]: [local_avoidance] avoiding...  min_dist=0.34 m
[INFO] [1783523285.079] [/local_avoidance]: [local_avoidance] DEACTIVATED
[WARN] [1783523285.110] [/local_avoidance]: [local_avoidance] ACTIVATED  (min_dist=0.35 m, idx=9887)
[INFO] [1783523286.055] [/local_avoidance]: [local_avoidance] avoiding...  min_dist=0.34 m
[INFO] [1783523287.057] [/local_avoidance]: [local_avoidance] avoiding...  min_dist=0.35 m
[INFO] [1783523287.426] [/cloud_crop_bridge]: [CloudCrop] 2861 -> 241 pts (8%)
[WARN] [1783523287.528] [/exploration_node]: wait for trigger.
[INFO] [1783523288.108] [/local_avoidance]: [local_avoidance] avoiding...  min_dist=0.35 m
[INFO] [1783523288.505] [/local_avoidance]: [local_avoidance] DEACTIVATED
[WARN] [1783523288.556] [/local_avoidance]: [local_avoidance] ACTIVATED  (min_dist=0.35 m, idx=432)
[INFO] [1783523288.703] [/local_avoidance]: [local_avoidance] DEACTIVATED
[WARN] [1783523288.754] [/local_avoidance]: [local_avoidance] ACTIVATED  (min_dist=0.35 m, idx=893)
[INFO] [1783523288.806] [/local_avoidance]: [local_avoidance] DEACTIVATED
[WARN] [1783523288.855] [/local_avoidance]: [local_avoidance] ACTIVATED  (min_dist=0.34 m, idx=531)
[INFO] [1783523288.904] [/local_avoidance]: [local_avoidance] DEACTIVATED
[WARN] [1783523288.953] [/local_avoidance]: [local_avoidance] ACTIVATED  (min_dist=0.35 m, idx=1455)
[INFO] [1783523289.008] [/local_avoidance]: [local_avoidance] DEACTIVATED
[WARN] [1783523289.054] [/local_avoidance]: [local_avoidance] ACTIVATED  (min_dist=0.34 m, idx=983)
[INFO] [1783523289.103] [/local_avoidance]: [local_avoidance] DEACTIVATED
[WARN] [1783523289.153] [/local_avoidance]: [local_avoidance] ACTIVATED  (min_dist=0.35 m, idx=1893)
[INFO] [1783523289.203] [/local_avoidance]: [local_avoidance] DEACTIVATED
[WARN] [1783523289.255] [/local_avoidance]: [local_avoidance] ACTIVATED  (min_dist=0.34 m, idx=1426)
[INFO] [1783523289.303] [/local_avoidance]: [local_avoidance] DEACTIVATED
[WARN] [1783523289.358] [/local_avoidance]: [local_avoidance] ACTIVATED  (min_dist=0.35 m, idx=2455)
[INFO] [1783523289.407] [/local_avoidance]: [local_avoidance] avoiding...  min_dist=0.37 m
[INFO] [1783523289.503] [/local_avoidance]: [local_avoidance] DEACTIVATED
[WARN] [1783523289.555] [/local_avoidance]: [local_avoidance] ACTIVATED  (min_dist=0.35 m, idx=8735)
[INFO] [1783523289.605] [/local_avoidance]: [local_avoidance] DEACTIVATED
[WARN] [1783523289.653] [/local_avoidance]: [local_avoidance] ACTIVATED  (min_dist=0.35 m, idx=2426)
[INFO] [1783523289.703] [/local_avoidance]: [local_avoidance] DEACTIVATED
[WARN] [1783523289.754] [/local_avoidance]: [local_avoidance] ACTIVATED  (min_dist=0.35 m, idx=3441)
[INFO] [1783523290.478] [/local_avoidance]: [local_avoidance] avoiding...  min_dist=0.35 m
[INFO] [1783523291.506] [/local_avoidance]: [local_avoidance] avoiding...  min_dist=0.35 m
[INFO] [1783523292.452] [/cloud_crop_bridge]: [CloudCrop] 3041 -> 291 pts (10%)
[WARN] [1783523292.536] [/exploration_node]: wait for trigger.
[INFO] [1783523292.558] [/local_avoidance]: [local_avoidance] avoiding...  min_dist=0.35 m
[INFO] [1783523293.353] [/local_avoidance]: [local_avoidance] DEACTIVATED
[WARN] [1783523293.404] [/local_avoidance]: [local_avoidance] ACTIVATED  (min_dist=0.35 m, idx=502)
[INFO] [1783523293.603] [/local_avoidance]: [local_avoidance] avoiding...  min_dist=0.35 m
[INFO] [1783523293.654] [/local_avoidance]: [local_avoidance] DEACTIVATED
[WARN] [1783523293.705] [/local_avoidance]: [local_avoidance] ACTIVATED  (min_dist=0.34 m, idx=7887)
[INFO] [1783523293.854] [/local_avoidance]: [local_avoidance] DEACTIVATED
[WARN] [1783523293.903] [/local_avoidance]: [local_avoidance] ACTIVATED  (min_dist=0.35 m, idx=8420)
[INFO] [1783523293.953] [/local_avoidance]: [local_avoidance] DEACTIVATED
[INFO] [1783523293.987] [/exploration_node]: [EV] [1783523293.985][   +548.1s][WAIT_TRIGGER] Avoidance: Deactivated  <->  Activated | cycling x2509 over 547.1s
[WARN] [1783523294.004] [/local_avoidance]: [local_avoidance] ACTIVATED  (min_dist=0.34 m, idx=558)
[INFO] [1783523294.056] [/local_avoidance]: [local_avoidance] DEACTIVATED
[WARN] [1783523294.106] [/local_avoidance]: [local_avoidance] ACTIVATED  (min_dist=0.35 m, idx=2136)
[INFO] [1783523294.159] [/local_avoidance]: [local_avoidance] DEACTIVATED
[WARN] [1783523294.203] [/local_avoidance]: [local_avoidance] ACTIVATED  (min_dist=0.35 m, idx=1084)
[INFO] [1783523294.254] [/local_avoidance]: [local_avoidance] DEACTIVATED
[WARN] [1783523294.304] [/local_avoidance]: [local_avoidance] ACTIVATED  (min_dist=0.35 m, idx=2012)
[INFO] [1783523294.354] [/local_avoidance]: [local_avoidance] DEACTIVATED
[WARN] [1783523294.428] [/local_avoidance]: [local_avoidance] ACTIVATED  (min_dist=0.34 m, idx=1554)
[INFO] [1783523294.456] [/local_avoidance]: [local_avoidance] DEACTIVATED
[WARN] [1783523294.506] [/local_avoidance]: [local_avoidance] ACTIVATED  (min_dist=0.35 m, idx=9869)
[INFO] [1783523294.554] [/local_avoidance]: [local_avoidance] DEACTIVATED
[WARN] [1783523294.604] [/local_avoidance]: [local_avoidance] ACTIVATED  (min_dist=0.35 m, idx=9321)
[INFO] [1783523294.654] [/local_avoidance]: [local_avoidance] avoiding...  min_dist=0.60 m
[INFO] [1783523294.874] [/local_avoidance]: [local_avoidance] DEACTIVATED
[WARN] [1783523294.909] [/local_avoidance]: [local_avoidance] ACTIVATED  (min_dist=0.35 m, idx=3478)
[INFO] [1783523295.654] [/local_avoidance]: [local_avoidance] avoiding...  min_dist=0.35 m
[INFO] [1783523296.664] [/local_avoidance]: [local_avoidance] avoiding...  min_dist=0.35 m
[INFO] [1783523297.468] [/cloud_crop_bridge]: [CloudCrop] 2592 -> 505 pts (19%)
[WARN] [1783523297.545] [/exploration_node]: wait for trigger.
[INFO] [1783523297.705] [/local_avoidance]: [local_avoidance] avoiding...  min_dist=0.35 m
[INFO] [1783523298.705] [/local_avoidance]: [local_avoidance] DEACTIVATED
[WARN] [1783523298.757] [/local_avoidance]: [local_avoidance] ACTIVATED  (min_dist=0.35 m, idx=7007)
[INFO] [1783523298.804] [/local_avoidance]: [local_avoidance] DEACTIVATED
[WARN] [1783523298.857] [/local_avoidance]: [local_avoidance] ACTIVATED  (min_dist=0.35 m, idx=707)
[INFO] [1783523298.904] [/local_avoidance]: [local_avoidance] avoiding...  min_dist=0.59 m
[INFO] [1783523299.028] [/local_avoidance]: [local_avoidance] DEACTIVATED
[WARN] [1783523299.059] [/local_avoidance]: [local_avoidance] ACTIVATED  (min_dist=0.35 m, idx=8559)
[INFO] [1783523299.106] [/local_avoidance]: [local_avoidance] DEACTIVATED
[WARN] [1783523299.156] [/local_avoidance]: [local_avoidance] ACTIVATED  (min_dist=0.35 m, idx=8102)
[INFO] [1783523299.206] [/local_avoidance]: [local_avoidance] DEACTIVATED
[WARN] [1783523299.253] [/local_avoidance]: [local_avoidance] ACTIVATED  (min_dist=0.34 m, idx=9011)
[INFO] [1783523299.303] [/local_avoidance]: [local_avoidance] DEACTIVATED
[WARN] [1783523299.354] [/local_avoidance]: [local_avoidance] ACTIVATED  (min_dist=0.35 m, idx=8559)
[INFO] [1783523299.407] [/local_avoidance]: [local_avoidance] DEACTIVATED
[WARN] [1783523299.456] [/local_avoidance]: [local_avoidance] ACTIVATED  (min_dist=0.35 m, idx=2236)
[INFO] [1783523299.503] [/local_avoidance]: [local_avoidance] DEACTIVATED
[WARN] [1783523299.554] [/local_avoidance]: [local_avoidance] ACTIVATED  (min_dist=0.35 m, idx=1668)
[INFO] [1783523299.603] [/local_avoidance]: [local_avoidance] DEACTIVATED
[WARN] [1783523299.656] [/local_avoidance]: [local_avoidance] ACTIVATED  (min_dist=0.35 m, idx=2693)
[INFO] [1783523299.704] [/local_avoidance]: [local_avoidance] DEACTIVATED
[WARN] [1783523299.756] [/local_avoidance]: [local_avoidance] ACTIVATED  (min_dist=0.34 m, idx=2143)
[INFO] [1783523299.806] [/local_avoidance]: [local_avoidance] DEACTIVATED
[WARN] [1783523299.854] [/local_avoidance]: [local_avoidance] ACTIVATED  (min_dist=0.35 m, idx=8897)
[INFO] [1783523299.954] [/local_avoidance]: [local_avoidance] avoiding...  min_dist=0.35 m
[INFO] [1783523301.003] [/local_avoidance]: [local_avoidance] avoiding...  min_dist=0.34 m
[INFO] [1783523302.005] [/local_avoidance]: [local_avoidance] avoiding...  min_dist=0.35 m
[INFO] [1783523302.514] [/cloud_crop_bridge]: [CloudCrop] 2579 -> 522 pts (20%)
[WARN] [1783523302.545] [/exploration_node]: wait for trigger.
[INFO] [1783523303.006] [/local_avoidance]: [local_avoidance] avoiding...  min_dist=0.35 m
[INFO] [1783523303.654] [/local_avoidance]: [local_avoidance] DEACTIVATED
[WARN] [1783523303.704] [/local_avoidance]: [local_avoidance] ACTIVATED  (min_dist=0.35 m, idx=741)
[INFO] [1783523303.756] [/local_avoidance]: [local_avoidance] DEACTIVATED
[WARN] [1783523303.804] [/local_avoidance]: [local_avoidance] ACTIVATED  (min_dist=0.35 m, idx=8074)
[INFO] [1783523303.954] [/local_avoidance]: [local_avoidance] DEACTIVATED
[WARN] [1783523304.004] [/local_avoidance]: [local_avoidance] ACTIVATED  (min_dist=0.35 m, idx=822)
[INFO] [1783523304.053] [/local_avoidance]: [local_avoidance] DEACTIVATED
[WARN] [1783523304.106] [/local_avoidance]: [local_avoidance] ACTIVATED  (min_dist=0.35 m, idx=7591)
[INFO] [1783523304.153] [/local_avoidance]: [local_avoidance] DEACTIVATED
[WARN] [1783523304.203] [/local_avoidance]: [local_avoidance] ACTIVATED  (min_dist=0.35 m, idx=1370)
[INFO] [1783523304.255] [/local_avoidance]: [local_avoidance] DEACTIVATED
[WARN] [1783523304.305] [/local_avoidance]: [local_avoidance] ACTIVATED  (min_dist=0.35 m, idx=2289)
[INFO] [1783523304.378] [/local_avoidance]: [local_avoidance] avoiding...  min_dist=0.35 m
[INFO] [1783523304.454] [/local_avoidance]: [local_avoidance] DEACTIVATED
[WARN] [1783523304.504] [/local_avoidance]: [local_avoidance] ACTIVATED  (min_dist=0.35 m, idx=2741)
[INFO] [1783523304.562] [/local_avoidance]: [local_avoidance] DEACTIVATED
[WARN] [1783523304.606] [/local_avoidance]: [local_avoidance] ACTIVATED  (min_dist=0.34 m, idx=9587)
[INFO] [1783523304.656] [/local_avoidance]: [local_avoidance] DEACTIVATED
[WARN] [1783523304.703] [/local_avoidance]: [local_avoidance] ACTIVATED  (min_dist=0.35 m, idx=3289)
[INFO] [1783523304.853] [/local_avoidance]: [local_avoidance] DEACTIVATED
[WARN] [1783523304.907] [/local_avoidance]: [local_avoidance] ACTIVATED  (min_dist=0.35 m, idx=3746)
[INFO] [1783523305.430] [/local_avoidance]: [local_avoidance] avoiding...  min_dist=0.35 m
[INFO] [1783523306.458] [/local_avoidance]: [local_avoidance] avoiding...  min_dist=0.35 m
[INFO] [1783523307.506] [/local_avoidance]: [local_avoidance] avoiding...  min_dist=0.35 m
[WARN] [1783523307.558] [/exploration_node]: wait for trigger.
[INFO] [1783523307.558] [/cloud_crop_bridge]: [CloudCrop] 2550 -> 627 pts (25%)
[INFO] [1783523308.553] [/local_avoidance]: [local_avoidance] avoiding...  min_dist=0.35 m
[INFO] [1783523308.604] [/local_avoidance]: [local_avoidance] DEACTIVATED
[WARN] [1783523308.654] [/local_avoidance]: [local_avoidance] ACTIVATED  (min_dist=0.34 m, idx=7831)
[INFO] [1783523308.804] [/local_avoidance]: [local_avoidance] DEACTIVATED
[WARN] [1783523308.855] [/local_avoidance]: [local_avoidance] ACTIVATED  (min_dist=0.35 m, idx=713)
[INFO] [1783523308.908] [/local_avoidance]: [local_avoidance] DEACTIVATED
[WARN] [1783523308.957] [/local_avoidance]: [local_avoidance] ACTIVATED  (min_dist=0.34 m, idx=511)
[INFO] [1783523309.106] [/local_avoidance]: [local_avoidance] DEACTIVATED
[WARN] [1783523309.156] [/local_avoidance]: [local_avoidance] ACTIVATED  (min_dist=0.34 m, idx=963)
[INFO] [1783523309.204] [/local_avoidance]: [local_avoidance] DEACTIVATED
[WARN] [1783523309.256] [/local_avoidance]: [local_avoidance] ACTIVATED  (min_dist=0.35 m, idx=2349)
[INFO] [1783523309.304] [/local_avoidance]: [local_avoidance] DEACTIVATED
[WARN] [1783523309.353] [/local_avoidance]: [local_avoidance] ACTIVATED  (min_dist=0.34 m, idx=1393)
[INFO] [1783523309.405] [/local_avoidance]: [local_avoidance] DEACTIVATED
[WARN] [1783523309.454] [/local_avoidance]: [local_avoidance] ACTIVATED  (min_dist=0.35 m, idx=2335)
[INFO] [1783523309.509] [/local_avoidance]: [local_avoidance] DEACTIVATED
[WARN] [1783523309.554] [/local_avoidance]: [local_avoidance] ACTIVATED  (min_dist=0.34 m, idx=1863)
[INFO] [1783523309.607] [/local_avoidance]: [local_avoidance] DEACTIVATED
[WARN] [1783523309.654] [/local_avoidance]: [local_avoidance] ACTIVATED  (min_dist=0.35 m, idx=8719)
[INFO] [1783523309.704] [/local_avoidance]: [local_avoidance] avoiding...  min_dist=0.35 m
[INFO] [1783523310.008] [/local_avoidance]: [local_avoidance] DEACTIVATED
[WARN] [1783523310.057] [/local_avoidance]: [local_avoidance] ACTIVATED  (min_dist=0.35 m, idx=9619)
[INFO] [1783523310.756] [/local_avoidance]: [local_avoidance] avoiding...  min_dist=0.35 m
[INFO] [1783523311.804] [/local_avoidance]: [local_avoidance] avoiding...  min_dist=0.35 m
[INFO] [1783523312.563] [/cloud_crop_bridge]: [CloudCrop] 3062 -> 256 pts (8%)
[WARN] [1783523312.566] [/exploration_node]: wait for trigger.
[INFO] [1783523312.804] [/local_avoidance]: [local_avoidance] avoiding...  min_dist=0.35 m
[INFO] [1783523313.454] [/local_avoidance]: [local_avoidance] DEACTIVATED
[WARN] [1783523313.504] [/local_avoidance]: [local_avoidance] ACTIVATED  (min_dist=0.35 m, idx=7769)
[INFO] [1783523313.662] [/local_avoidance]: [local_avoidance] DEACTIVATED
[WARN] [1783523313.706] [/local_avoidance]: [local_avoidance] ACTIVATED  (min_dist=0.35 m, idx=1004)
[INFO] [1783523313.753] [/local_avoidance]: [local_avoidance] DEACTIVATED
[WARN] [1783523313.805] [/local_avoidance]: [local_avoidance] ACTIVATED  (min_dist=0.35 m, idx=628)
[INFO] [1783523313.860] [/local_avoidance]: [local_avoidance] DEACTIVATED
[WARN] [1783523313.905] [/local_avoidance]: [local_avoidance] ACTIVATED  (min_dist=0.35 m, idx=1465)
[INFO] [1783523313.954] [/local_avoidance]: [local_avoidance] DEACTIVATED
[WARN] [1783523314.004] [/local_avoidance]: [local_avoidance] ACTIVATED  (min_dist=0.35 m, idx=1080)
[INFO] [1783523314.053] [/local_avoidance]: [local_avoidance] DEACTIVATED
[WARN] [1783523314.103] [/local_avoidance]: [local_avoidance] ACTIVATED  (min_dist=0.35 m, idx=7955)
[INFO] [1783523314.155] [/local_avoidance]: [local_avoidance] avoiding...  min_dist=0.60 m
[INFO] [1783523314.256] [/local_avoidance]: [local_avoidance] DEACTIVATED
[WARN] [1783523314.307] [/local_avoidance]: [local_avoidance] ACTIVATED  (min_dist=0.35 m, idx=2474)
[INFO] [1783523314.453] [/local_avoidance]: [local_avoidance] DEACTIVATED
[WARN] [1783523314.504] [/local_avoidance]: [local_avoidance] ACTIVATED  (min_dist=0.35 m, idx=8851)
[INFO] [1783523314.553] [/local_avoidance]: [local_avoidance] DEACTIVATED
[WARN] [1783523314.611] [/local_avoidance]: [local_avoidance] ACTIVATED  (min_dist=0.35 m, idx=2536)
[INFO] [1783523314.655] [/local_avoidance]: [local_avoidance] DEACTIVATED
[WARN] [1783523314.710] [/local_avoidance]: [local_avoidance] ACTIVATED  (min_dist=0.34 m, idx=2475)
[INFO] [1783523314.953] [/local_avoidance]: [local_avoidance] DEACTIVATED
[WARN] [1783523315.004] [/local_avoidance]: [local_avoidance] ACTIVATED  (min_dist=0.35 m, idx=3454)
[INFO] [1783523315.157] [/local_avoidance]: [local_avoidance] avoiding...  min_dist=0.35 m
[INFO] [1783523316.203] [/local_avoidance]: [local_avoidance] avoiding...  min_dist=0.35 m
[INFO] [1783523317.208] [/local_avoidance]: [local_avoidance] avoiding...  min_dist=0.34 m
[WARN] [1783523317.575] [/exploration_node]: wait for trigger.
[INFO] [1783523317.611] [/cloud_crop_bridge]: [CloudCrop] 3034 -> 274 pts (9%)
[INFO] [1783523318.253] [/local_avoidance]: [local_avoidance] avoiding...  min_dist=0.35 m
[INFO] [1783523318.807] [/local_avoidance]: [local_avoidance] DEACTIVATED
[WARN] [1783523318.878] [/local_avoidance]: [local_avoidance] ACTIVATED  (min_dist=0.35 m, idx=1155)
[INFO] [1783523318.907] [/local_avoidance]: [local_avoidance] DEACTIVATED
[WARN] [1783523318.954] [/local_avoidance]: [local_avoidance] ACTIVATED  (min_dist=0.34 m, idx=683)
[INFO] [1783523319.004] [/local_avoidance]: [local_avoidance] DEACTIVATED
[WARN] [1783523319.054] [/local_avoidance]: [local_avoidance] ACTIVATED  (min_dist=0.35 m, idx=1502)
[INFO] [1783523319.129] [/local_avoidance]: [local_avoidance] DEACTIVATED
[WARN] [1783523319.154] [/local_avoidance]: [local_avoidance] ACTIVATED  (min_dist=0.35 m, idx=1231)
[INFO] [1783523319.204] [/local_avoidance]: [local_avoidance] DEACTIVATED
[WARN] [1783523319.253] [/local_avoidance]: [local_avoidance] ACTIVATED  (min_dist=0.35 m, idx=2146)
[INFO] [1783523319.304] [/local_avoidance]: [local_avoidance] DEACTIVATED
[WARN] [1783523319.360] [/local_avoidance]: [local_avoidance] ACTIVATED  (min_dist=0.34 m, idx=1683)
[INFO] [1783523319.406] [/local_avoidance]: [local_avoidance] DEACTIVATED
[WARN] [1783523319.463] [/local_avoidance]: [local_avoidance] ACTIVATED  (min_dist=0.35 m, idx=2603)
[INFO] [1783523319.503] [/local_avoidance]: [local_avoidance] DEACTIVATED
[WARN] [1783523319.554] [/local_avoidance]: [local_avoidance] ACTIVATED  (min_dist=0.35 m, idx=2120)
[INFO] [1783523319.608] [/local_avoidance]: [local_avoidance] DEACTIVATED
[WARN] [1783523319.655] [/local_avoidance]: [local_avoidance] ACTIVATED  (min_dist=0.35 m, idx=8887)
[INFO] [1783523319.709] [/local_avoidance]: [local_avoidance] DEACTIVATED
[WARN] [1783523319.753] [/local_avoidance]: [local_avoidance] ACTIVATED  (min_dist=0.34 m, idx=9891)
[INFO] [1783523319.804] [/local_avoidance]: [local_avoidance] DEACTIVATED
[WARN] [1783523319.853] [/local_avoidance]: [local_avoidance] ACTIVATED  (min_dist=0.35 m, idx=9435)
[INFO] [1783523319.906] [/local_avoidance]: [local_avoidance] DEACTIVATED
[WARN] [1783523319.979] [/local_avoidance]: [local_avoidance] ACTIVATED  (min_dist=0.35 m, idx=3126)
[INFO] [1783523320.008] [/local_avoidance]: [local_avoidance] avoiding...  min_dist=0.34 m
[INFO] [1783523320.105] [/local_avoidance]: [local_avoidance] DEACTIVATED
[WARN] [1783523320.154] [/local_avoidance]: [local_avoidance] ACTIVATED  (min_dist=0.35 m, idx=3587)
[INFO] [1783523321.054] [/local_avoidance]: [local_avoidance] avoiding...  min_dist=0.34 m
[INFO] [1783523322.057] [/local_avoidance]: [local_avoidance] avoiding...  min_dist=0.35 m
[WARN] [1783523322.588] [/exploration_node]: wait for trigger.
[INFO] [1783523322.651] [/cloud_crop_bridge]: [CloudCrop] 2972 -> 239 pts (8%)
[INFO] [1783523323.128] [/local_avoidance]: [local_avoidance] avoiding...  min_dist=0.35 m
[INFO] [1783523323.554] [/local_avoidance]: [local_avoidance] DEACTIVATED
[WARN] [1783523323.605] [/local_avoidance]: [local_avoidance] ACTIVATED  (min_dist=0.35 m, idx=366)
[INFO] [1783523323.854] [/local_avoidance]: [local_avoidance] DEACTIVATED
[WARN] [1783523323.906] [/local_avoidance]: [local_avoidance] ACTIVATED  (min_dist=0.34 m, idx=729)
[INFO] [1783523323.954] [/local_avoidance]: [local_avoidance] DEACTIVATED
[INFO] [1783523323.986] [/exploration_node]: [EV] [1783523323.985][   +578.1s][WAIT_TRIGGER] Avoidance: Deactivated  <->  Activated | cycling x2639 over 577.1s
[WARN] [1783523324.005] [/local_avoidance]: [local_avoidance] ACTIVATED  (min_dist=0.35 m, idx=1279)
[INFO] [1783523324.056] [/local_avoidance]: [local_avoidance] DEACTIVATED
[WARN] [1783523324.105] [/local_avoidance]: [local_avoidance] ACTIVATED  (min_dist=0.34 m, idx=1195)
[INFO] [1783523324.154] [/local_avoidance]: [local_avoidance] DEACTIVATED
[WARN] [1783523324.204] [/local_avoidance]: [local_avoidance] ACTIVATED  (min_dist=0.34 m, idx=9126)
[INFO] [1783523324.255] [/local_avoidance]: [local_avoidance] DEACTIVATED
[WARN] [1783523324.304] [/local_avoidance]: [local_avoidance] ACTIVATED  (min_dist=0.35 m, idx=8579)
[INFO] [1783523324.356] [/local_avoidance]: [local_avoidance] DEACTIVATED
[WARN] [1783523324.412] [/local_avoidance]: [local_avoidance] ACTIVATED  (min_dist=0.35 m, idx=9569)
[INFO] [1783523324.454] [/local_avoidance]: [local_avoidance] DEACTIVATED
[WARN] [1783523324.511] [/local_avoidance]: [local_avoidance] ACTIVATED  (min_dist=0.35 m, idx=9117)
[INFO] [1783523324.553] [/local_avoidance]: [local_avoidance] DEACTIVATED
[WARN] [1783523324.604] [/local_avoidance]: [local_avoidance] ACTIVATED  (min_dist=0.35 m, idx=10025)
[INFO] [1783523324.654] [/local_avoidance]: [local_avoidance] DEACTIVATED
[WARN] [1783523324.704] [/local_avoidance]: [local_avoidance] ACTIVATED  (min_dist=0.34 m, idx=2259)
[INFO] [1783523324.754] [/local_avoidance]: [local_avoidance] DEACTIVATED
[WARN] [1783523324.828] [/local_avoidance]: [local_avoidance] ACTIVATED  (min_dist=0.35 m, idx=4837)
[INFO] [1783523324.861] [/local_avoidance]: [local_avoidance] avoiding...  min_dist=0.35 m
[INFO] [1783523325.904] [/local_avoidance]: [local_avoidance] avoiding...  min_dist=0.35 m
[INFO] [1783523326.954] [/local_avoidance]: [local_avoidance] avoiding...  min_dist=0.35 m
[WARN] [1783523327.597] [/exploration_node]: wait for trigger.
[INFO] [1783523327.672] [/cloud_crop_bridge]: [CloudCrop] 2570 -> 644 pts (25%)
[INFO] [1783523327.959] [/local_avoidance]: [local_avoidance] avoiding...  min_dist=0.35 m
[INFO] [1783523328.406] [/local_avoidance]: [local_avoidance] DEACTIVATED
[WARN] [1783523328.455] [/local_avoidance]: [local_avoidance] ACTIVATED  (min_dist=0.35 m, idx=418)
[INFO] [1783523328.605] [/local_avoidance]: [local_avoidance] DEACTIVATED
[WARN] [1783523328.678] [/local_avoidance]: [local_avoidance] ACTIVATED  (min_dist=0.35 m, idx=2347)
[INFO] [1783523328.703] [/local_avoidance]: [local_avoidance] DEACTIVATED
[WARN] [1783523328.753] [/local_avoidance]: [local_avoidance] ACTIVATED  (min_dist=0.35 m, idx=502)
[INFO] [1783523328.904] [/local_avoidance]: [local_avoidance] DEACTIVATED
[WARN] [1783523328.954] [/local_avoidance]: [local_avoidance] ACTIVATED  (min_dist=0.35 m, idx=955)
[INFO] [1783523329.005] [/local_avoidance]: [local_avoidance] DEACTIVATED
[WARN] [1783523329.064] [/local_avoidance]: [local_avoidance] ACTIVATED  (min_dist=0.35 m, idx=8091)
[INFO] [1783523329.103] [/local_avoidance]: [local_avoidance] DEACTIVATED
[WARN] [1783523329.154] [/local_avoidance]: [local_avoidance] ACTIVATED  (min_dist=0.35 m, idx=8700)
[INFO] [1783523329.204] [/local_avoidance]: [local_avoidance] DEACTIVATED
[WARN] [1783523329.253] [/local_avoidance]: [local_avoidance] ACTIVATED  (min_dist=0.35 m, idx=2409)
[INFO] [1783523329.304] [/local_avoidance]: [local_avoidance] DEACTIVATED
[WARN] [1783523329.354] [/local_avoidance]: [local_avoidance] ACTIVATED  (min_dist=0.35 m, idx=1836)
[INFO] [1783523329.404] [/local_avoidance]: [local_avoidance] DEACTIVATED
[WARN] [1783523329.463] [/local_avoidance]: [local_avoidance] ACTIVATED  (min_dist=0.35 m, idx=8711)
[INFO] [1783523329.528] [/local_avoidance]: [local_avoidance] avoiding...  min_dist=0.60 m
[INFO] [1783523329.603] [/local_avoidance]: [local_avoidance] DEACTIVATED
[WARN] [1783523329.653] [/local_avoidance]: [local_avoidance] ACTIVATED  (min_dist=0.35 m, idx=1838)
[INFO] [1783523329.808] [/local_avoidance]: [local_avoidance] DEACTIVATED
[WARN] [1783523329.866] [/local_avoidance]: [local_avoidance] ACTIVATED  (min_dist=0.35 m, idx=9707)
[INFO] [1783523330.554] [/local_avoidance]: [local_avoidance] avoiding...  min_dist=0.35 m
[INFO] [1783523331.604] [/local_avoidance]: [local_avoidance] avoiding...  min_dist=0.35 m
[WARN] [1783523332.607] [/exploration_node]: wait for trigger.
[INFO] [1783523332.654] [/local_avoidance]: [local_avoidance] avoiding...  min_dist=0.35 m
[INFO] [1783523332.701] [/cloud_crop_bridge]: [CloudCrop] 2515 -> 528 pts (21%)
[INFO] [1783523333.656] [/local_avoidance]: [local_avoidance] DEACTIVATED
[WARN] [1783523333.729] [/local_avoidance]: [local_avoidance] ACTIVATED  (min_dist=0.34 m, idx=467)
[INFO] [1783523333.757] [/local_avoidance]: [local_avoidance] avoiding...  min_dist=0.59 m
[INFO] [1783523333.854] [/local_avoidance]: [local_avoidance] DEACTIVATED
[WARN] [1783523333.904] [/local_avoidance]: [local_avoidance] ACTIVATED  (min_dist=0.35 m, idx=512)
[INFO] [1783523333.954] [/local_avoidance]: [local_avoidance] DEACTIVATED
[WARN] [1783523334.008] [/local_avoidance]: [local_avoidance] ACTIVATED  (min_dist=0.35 m, idx=1720)
[INFO] [1783523334.056] [/local_avoidance]: [local_avoidance] DEACTIVATED
[WARN] [1783523334.107] [/local_avoidance]: [local_avoidance] ACTIVATED  (min_dist=0.35 m, idx=9159)
[INFO] [1783523334.153] [/local_avoidance]: [local_avoidance] DEACTIVATED
[WARN] [1783523334.204] [/local_avoidance]: [local_avoidance] ACTIVATED  (min_dist=0.35 m, idx=7935)
[INFO] [1783523334.254] [/local_avoidance]: [local_avoidance] DEACTIVATED
[WARN] [1783523334.306] [/local_avoidance]: [local_avoidance] ACTIVATED  (min_dist=0.35 m, idx=1508)
[INFO] [1783523334.357] [/local_avoidance]: [local_avoidance] DEACTIVATED
[WARN] [1783523334.403] [/local_avoidance]: [local_avoidance] ACTIVATED  (min_dist=0.35 m, idx=8383)
[INFO] [1783523334.454] [/local_avoidance]: [local_avoidance] DEACTIVATED
[WARN] [1783523334.504] [/local_avoidance]: [local_avoidance] ACTIVATED  (min_dist=0.34 m, idx=2358)
[INFO] [1783523334.554] [/local_avoidance]: [local_avoidance] DEACTIVATED
[WARN] [1783523334.610] [/local_avoidance]: [local_avoidance] ACTIVATED  (min_dist=0.35 m, idx=7378)
[INFO] [1783523334.753] [/local_avoidance]: [local_avoidance] DEACTIVATED
[WARN] [1783523334.804] [/local_avoidance]: [local_avoidance] ACTIVATED  (min_dist=0.35 m, idx=9379)
[INFO] [1783523334.855] [/local_avoidance]: [local_avoidance] DEACTIVATED
[WARN] [1783523334.929] [/local_avoidance]: [local_avoidance] ACTIVATED  (min_dist=0.35 m, idx=3252)
[INFO] [1783523334.955] [/local_avoidance]: [local_avoidance] avoiding...  min_dist=0.35 m
[INFO] [1783523336.004] [/local_avoidance]: [local_avoidance] avoiding...  min_dist=0.34 m
[INFO] [1783523337.004] [/local_avoidance]: [local_avoidance] avoiding...  min_dist=0.35 m
[WARN] [1783523337.615] [/exploration_node]: wait for trigger.
[INFO] [1783523337.702] [/cloud_crop_bridge]: [CloudCrop] 3030 -> 221 pts (7%)
[INFO] [1783523338.005] [/local_avoidance]: [local_avoidance] avoiding...  min_dist=0.35 m
[INFO] [1783523338.205] [/local_avoidance]: [local_avoidance] DEACTIVATED
[WARN] [1783523338.253] [/local_avoidance]: [local_avoidance] ACTIVATED  (min_dist=0.35 m, idx=517)
[INFO] [1783523338.404] [/local_avoidance]: [local_avoidance] DEACTIVATED
[WARN] [1783523338.460] [/local_avoidance]: [local_avoidance] ACTIVATED  (min_dist=0.35 m, idx=585)
[INFO] [1783523338.705] [/local_avoidance]: [local_avoidance] DEACTIVATED
[WARN] [1783523338.756] [/local_avoidance]: [local_avoidance] ACTIVATED  (min_dist=0.35 m, idx=661)
[INFO] [1783523338.904] [/local_avoidance]: [local_avoidance] DEACTIVATED
[WARN] [1783523338.954] [/local_avoidance]: [local_avoidance] ACTIVATED  (min_dist=0.35 m, idx=1108)
[INFO] [1783523339.007] [/local_avoidance]: [local_avoidance] DEACTIVATED
[WARN] [1783523339.058] [/local_avoidance]: [local_avoidance] ACTIVATED  (min_dist=0.34 m, idx=663)
[INFO] [1783523339.105] [/local_avoidance]: [local_avoidance] DEACTIVATED
[WARN] [1783523339.153] [/local_avoidance]: [local_avoidance] ACTIVATED  (min_dist=0.35 m, idx=3206)
[INFO] [1783523339.204] [/local_avoidance]: [local_avoidance] DEACTIVATED
[WARN] [1783523339.262] [/local_avoidance]: [local_avoidance] ACTIVATED  (min_dist=0.35 m, idx=8615)
[INFO] [1783523339.304] [/local_avoidance]: [local_avoidance] DEACTIVATED
[WARN] [1783523339.353] [/local_avoidance]: [local_avoidance] ACTIVATED  (min_dist=0.35 m, idx=8345)
[INFO] [1783523339.403] [/local_avoidance]: [local_avoidance] DEACTIVATED
[WARN] [1783523339.454] [/local_avoidance]: [local_avoidance] ACTIVATED  (min_dist=0.35 m, idx=8975)
[INFO] [1783523339.507] [/local_avoidance]: [local_avoidance] DEACTIVATED
[WARN] [1783523339.554] [/local_avoidance]: [local_avoidance] ACTIVATED  (min_dist=0.35 m, idx=2583)
[INFO] [1783523339.629] [/local_avoidance]: [local_avoidance] DEACTIVATED
[WARN] [1783523339.678] [/local_avoidance]: [local_avoidance] ACTIVATED  (min_dist=0.34 m, idx=2102)
[INFO] [1783523339.704] [/local_avoidance]: [local_avoidance] avoiding...  min_dist=0.59 m
[INFO] [1783523339.904] [/local_avoidance]: [local_avoidance] DEACTIVATED
[WARN] [1783523339.956] [/local_avoidance]: [local_avoidance] ACTIVATED  (min_dist=0.35 m, idx=3569)
[INFO] [1783523340.704] [/local_avoidance]: [local_avoidance] avoiding...  min_dist=0.35 m
[INFO] [1783523341.704] [/local_avoidance]: [local_avoidance] avoiding...  min_dist=0.34 m
[WARN] [1783523342.615] [/exploration_node]: wait for trigger.
[INFO] [1783523342.706] [/local_avoidance]: [local_avoidance] avoiding...  min_dist=0.35 m
[INFO] [1783523342.713] [/cloud_crop_bridge]: [CloudCrop] 2497 -> 516 pts (21%)
[INFO] [1783523343.354] [/local_avoidance]: [local_avoidance] DEACTIVATED
[WARN] [1783523343.404] [/local_avoidance]: [local_avoidance] ACTIVATED  (min_dist=0.35 m, idx=348)
[INFO] [1783523343.555] [/local_avoidance]: [local_avoidance] DEACTIVATED
[WARN] [1783523343.615] [/local_avoidance]: [local_avoidance] ACTIVATED  (min_dist=0.35 m, idx=727)
[INFO] [1783523343.660] [/local_avoidance]: [local_avoidance] DEACTIVATED
[WARN] [1783523343.703] [/local_avoidance]: [local_avoidance] ACTIVATED  (min_dist=0.34 m, idx=438)
[INFO] [1783523343.753] [/local_avoidance]: [local_avoidance] DEACTIVATED
[WARN] [1783523343.803] [/local_avoidance]: [local_avoidance] ACTIVATED  (min_dist=0.35 m, idx=7107)
[INFO] [1783523343.853] [/local_avoidance]: [local_avoidance] DEACTIVATED
[WARN] [1783523343.905] [/local_avoidance]: [local_avoidance] ACTIVATED  (min_dist=0.34 m, idx=8207)
[INFO] [1783523343.956] [/local_avoidance]: [local_avoidance] DEACTIVATED
[WARN] [1783523344.005] [/local_avoidance]: [local_avoidance] ACTIVATED  (min_dist=0.35 m, idx=7747)
[INFO] [1783523344.054] [/local_avoidance]: [local_avoidance] DEACTIVATED
[WARN] [1783523344.103] [/local_avoidance]: [local_avoidance] ACTIVATED  (min_dist=0.34 m, idx=1351)
[INFO] [1783523344.153] [/local_avoidance]: [local_avoidance] DEACTIVATED
[WARN] [1783523344.204] [/local_avoidance]: [local_avoidance] ACTIVATED  (min_dist=0.35 m, idx=8199)
[INFO] [1783523344.254] [/local_avoidance]: [local_avoidance] DEACTIVATED
[WARN] [1783523344.304] [/local_avoidance]: [local_avoidance] ACTIVATED  (min_dist=0.34 m, idx=9207)
[INFO] [1783523344.353] [/local_avoidance]: [local_avoidance] DEACTIVATED
[WARN] [1783523344.407] [/local_avoidance]: [local_avoidance] ACTIVATED  (min_dist=0.35 m, idx=7167)
[INFO] [1783523344.455] [/local_avoidance]: [local_avoidance] DEACTIVATED
[WARN] [1783523344.508] [/local_avoidance]: [local_avoidance] ACTIVATED  (min_dist=0.34 m, idx=9550)
[INFO] [1783523344.558] [/local_avoidance]: [local_avoidance] DEACTIVATED
[WARN] [1783523344.604] [/local_avoidance]: [local_avoidance] ACTIVATED  (min_dist=0.35 m, idx=1760)
[INFO] [1783523344.653] [/local_avoidance]: [local_avoidance] avoiding...  min_dist=0.59 m
[INFO] [1783523345.055] [/local_avoidance]: [local_avoidance] DEACTIVATED
[WARN] [1783523345.111] [/local_avoidance]: [local_avoidance] ACTIVATED  (min_dist=0.35 m, idx=9733)
[INFO] [1783523345.654] [/local_avoidance]: [local_avoidance] avoiding...  min_dist=0.35 m
[INFO] [1783523346.656] [/local_avoidance]: [local_avoidance] avoiding...  min_dist=0.35 m
[WARN] [1783523347.625] [/exploration_node]: wait for trigger.
[INFO] [1783523347.707] [/local_avoidance]: [local_avoidance] avoiding...  min_dist=0.35 m
[INFO] [1783523347.753] [/cloud_crop_bridge]: [CloudCrop] 2536 -> 661 pts (26%)
[INFO] [1783523348.503] [/local_avoidance]: [local_avoidance] DEACTIVATED
[WARN] [1783523348.554] [/local_avoidance]: [local_avoidance] ACTIVATED  (min_dist=0.35 m, idx=476)
[INFO] [1783523348.728] [/local_avoidance]: [local_avoidance] DEACTIVATED
[WARN] [1783523348.753] [/local_avoidance]: [local_avoidance] ACTIVATED  (min_dist=0.35 m, idx=7083)
[INFO] [1783523348.803] [/local_avoidance]: [local_avoidance] DEACTIVATED
[WARN] [1783523348.853] [/local_avoidance]: [local_avoidance] ACTIVATED  (min_dist=0.34 m, idx=575)
[INFO] [1783523348.929] [/local_avoidance]: [local_avoidance] avoiding...  min_dist=0.59 m
[INFO] [1783523349.007] [/local_avoidance]: [local_avoidance] DEACTIVATED
[WARN] [1783523349.053] [/local_avoidance]: [local_avoidance] ACTIVATED  (min_dist=0.35 m, idx=8335)
[INFO] [1783523349.103] [/local_avoidance]: [local_avoidance] DEACTIVATED
[WARN] [1783523349.153] [/local_avoidance]: [local_avoidance] ACTIVATED  (min_dist=0.35 m, idx=7879)
[INFO] [1783523349.203] [/local_avoidance]: [local_avoidance] DEACTIVATED
[WARN] [1783523349.253] [/local_avoidance]: [local_avoidance] ACTIVATED  (min_dist=0.34 m, idx=1479)
[INFO] [1783523349.309] [/local_avoidance]: [local_avoidance] DEACTIVATED
[WARN] [1783523349.353] [/local_avoidance]: [local_avoidance] ACTIVATED  (min_dist=0.35 m, idx=8235)
[INFO] [1783523349.404] [/local_avoidance]: [local_avoidance] DEACTIVATED
[WARN] [1783523349.454] [/local_avoidance]: [local_avoidance] ACTIVATED  (min_dist=0.35 m, idx=2021)
[INFO] [1783523349.504] [/local_avoidance]: [local_avoidance] DEACTIVATED
[WARN] [1783523349.578] [/local_avoidance]: [local_avoidance] ACTIVATED  (min_dist=0.35 m, idx=8779)
[INFO] [1783523349.705] [/local_avoidance]: [local_avoidance] DEACTIVATED
[WARN] [1783523349.757] [/local_avoidance]: [local_avoidance] ACTIVATED  (min_dist=0.35 m, idx=9231)
[INFO] [1783523349.955] [/local_avoidance]: [local_avoidance] avoiding...  min_dist=0.35 m
[INFO] [1783523351.004] [/local_avoidance]: [local_avoidance] avoiding...  min_dist=0.35 m
[INFO] [1783523352.053] [/local_avoidance]: [local_avoidance] avoiding...  min_dist=0.35 m
[WARN] [1783523352.625] [/exploration_node]: wait for trigger.
[INFO] [1783523352.760] [/cloud_crop_bridge]: [CloudCrop] 3006 -> 243 pts (8%)
[INFO] [1783523353.054] [/local_avoidance]: [local_avoidance] avoiding...  min_dist=0.34 m
[INFO] [1783523353.653] [/local_avoidance]: [local_avoidance] DEACTIVATED
[WARN] [1783523353.708] [/local_avoidance]: [local_avoidance] ACTIVATED  (min_dist=0.35 m, idx=700)
[INFO] [1783523353.753] [/local_avoidance]: [local_avoidance] DEACTIVATED
[WARN] [1783523353.803] [/local_avoidance]: [local_avoidance] ACTIVATED  (min_dist=0.35 m, idx=1630)
[INFO] [1783523353.854] [/local_avoidance]: [local_avoidance] DEACTIVATED
[WARN] [1783523353.907] [/local_avoidance]: [local_avoidance] ACTIVATED  (min_dist=0.35 m, idx=1440)
[INFO] [1783523353.954] [/local_avoidance]: [local_avoidance] DEACTIVATED
[WARN] [1783523354.003] [/local_avoidance]: [local_avoidance] ACTIVATED  (min_dist=0.34 m, idx=611)
[WARN] [1783523354.035] [/exploration_node]: [EV] [1783523354.035][   +608.2s][WAIT_TRIGGER] Avoidance: Activated  <->  Deactivated | cycling x2778 over 607.2s
[INFO] [1783523354.054] [/local_avoidance]: [local_avoidance] DEACTIVATED
[WARN] [1783523354.129] [/local_avoidance]: [local_avoidance] ACTIVATED  (min_dist=0.35 m, idx=1527)
[INFO] [1783523354.153] [/local_avoidance]: [local_avoidance] DEACTIVATED
[WARN] [1783523354.204] [/local_avoidance]: [local_avoidance] ACTIVATED  (min_dist=0.34 m, idx=8471)
[INFO] [1783523354.253] [/local_avoidance]: [local_avoidance] DEACTIVATED
[WARN] [1783523354.305] [/local_avoidance]: [local_avoidance] ACTIVATED  (min_dist=0.35 m, idx=2148)
[INFO] [1783523354.354] [/local_avoidance]: [local_avoidance] DEACTIVATED
[WARN] [1783523354.406] [/local_avoidance]: [local_avoidance] ACTIVATED  (min_dist=0.35 m, idx=1584)
[INFO] [1783523354.454] [/local_avoidance]: [local_avoidance] DEACTIVATED
[WARN] [1783523354.504] [/local_avoidance]: [local_avoidance] ACTIVATED  (min_dist=0.35 m, idx=2504)
[INFO] [1783523354.554] [/local_avoidance]: [local_avoidance] DEACTIVATED
[WARN] [1783523354.604] [/local_avoidance]: [local_avoidance] ACTIVATED  (min_dist=0.35 m, idx=9367)
[INFO] [1783523354.655] [/local_avoidance]: [local_avoidance] DEACTIVATED
[WARN] [1783523354.703] [/local_avoidance]: [local_avoidance] ACTIVATED  (min_dist=0.35 m, idx=4537)
[INFO] [1783523354.754] [/local_avoidance]: [local_avoidance] avoiding...  min_dist=0.35 m
[INFO] [1783523354.854] [/local_avoidance]: [local_avoidance] DEACTIVATED
[WARN] [1783523354.910] [/local_avoidance]: [local_avoidance] ACTIVATED  (min_dist=0.35 m, idx=9359)
[INFO] [1783523355.807] [/local_avoidance]: [local_avoidance] avoiding...  min_dist=0.35 m
[INFO] [1783523356.855] [/local_avoidance]: [local_avoidance] avoiding...  min_dist=0.35 m
[WARN] [1783523357.625] [/exploration_node]: wait for trigger.
[INFO] [1783523357.802] [/cloud_crop_bridge]: [CloudCrop] 3243 -> 159 pts (5%)
[INFO] [1783523357.905] [/local_avoidance]: [local_avoidance] avoiding...  min_dist=0.35 m
[INFO] [1783523358.506] [/local_avoidance]: [local_avoidance] DEACTIVATED
[WARN] [1783523358.553] [/local_avoidance]: [local_avoidance] ACTIVATED  (min_dist=0.35 m, idx=753)
[INFO] [1783523358.604] [/local_avoidance]: [local_avoidance] DEACTIVATED
[WARN] [1783523358.654] [/local_avoidance]: [local_avoidance] ACTIVATED  (min_dist=0.35 m, idx=272)
[INFO] [1783523358.703] [/local_avoidance]: [local_avoidance] DEACTIVATED
[WARN] [1783523358.755] [/local_avoidance]: [local_avoidance] ACTIVATED  (min_dist=0.35 m, idx=7051)
[INFO] [1783523358.804] [/local_avoidance]: [local_avoidance] DEACTIVATED
[WARN] [1783523358.854] [/local_avoidance]: [local_avoidance] ACTIVATED  (min_dist=0.35 m, idx=8149)
[INFO] [1783523358.908] [/local_avoidance]: [local_avoidance] DEACTIVATED
[WARN] [1783523358.954] [/local_avoidance]: [local_avoidance] ACTIVATED  (min_dist=0.35 m, idx=1775)
[INFO] [1783523359.003] [/local_avoidance]: [local_avoidance] DEACTIVATED
[WARN] [1783523359.054] [/local_avoidance]: [local_avoidance] ACTIVATED  (min_dist=0.34 m, idx=8594)
[INFO] [1783523359.110] [/local_avoidance]: [local_avoidance] DEACTIVATED
[WARN] [1783523359.158] [/local_avoidance]: [local_avoidance] ACTIVATED  (min_dist=0.35 m, idx=2205)
[INFO] [1783523359.209] [/local_avoidance]: [local_avoidance] DEACTIVATED
[WARN] [1783523359.254] [/local_avoidance]: [local_avoidance] ACTIVATED  (min_dist=0.35 m, idx=9044)
[INFO] [1783523359.304] [/local_avoidance]: [local_avoidance] DEACTIVATED
[WARN] [1783523359.355] [/local_avoidance]: [local_avoidance] ACTIVATED  (min_dist=0.35 m, idx=8687)
[INFO] [1783523359.404] [/local_avoidance]: [local_avoidance] DEACTIVATED
[WARN] [1783523359.455] [/local_avoidance]: [local_avoidance] ACTIVATED  (min_dist=0.35 m, idx=2276)
[INFO] [1783523359.505] [/local_avoidance]: [local_avoidance] DEACTIVATED
[WARN] [1783523359.555] [/local_avoidance]: [local_avoidance] ACTIVATED  (min_dist=0.34 m, idx=1712)
[INFO] [1783523359.609] [/local_avoidance]: [local_avoidance] DEACTIVATED
[WARN] [1783523359.655] [/local_avoidance]: [local_avoidance] ACTIVATED  (min_dist=0.35 m, idx=8489)
[INFO] [1783523359.705] [/local_avoidance]: [local_avoidance] DEACTIVATED
[WARN] [1783523359.759] [/local_avoidance]: [local_avoidance] ACTIVATED  (min_dist=0.34 m, idx=2270)
[INFO] [1783523359.810] [/local_avoidance]: [local_avoidance] avoiding...  min_dist=0.58 m
[INFO] [1783523360.004] [/local_avoidance]: [local_avoidance] DEACTIVATED
[WARN] [1783523360.054] [/local_avoidance]: [local_avoidance] ACTIVATED  (min_dist=0.35 m, idx=3632)
[INFO] [1783523360.856] [/local_avoidance]: [local_avoidance] avoiding...  min_dist=0.35 m
[INFO] [1783523361.909] [/local_avoidance]: [local_avoidance] avoiding...  min_dist=0.35 m
[WARN] [1783523362.626] [/exploration_node]: wait for trigger.
[INFO] [1783523362.803] [/cloud_crop_bridge]: [CloudCrop] 2554 -> 512 pts (20%)
[INFO] [1783523362.910] [/local_avoidance]: [local_avoidance] avoiding...  min_dist=0.35 m
[INFO] [1783523363.454] [/local_avoidance]: [local_avoidance] DEACTIVATED
[WARN] [1783523363.503] [/local_avoidance]: [local_avoidance] ACTIVATED  (min_dist=0.34 m, idx=7934)
[INFO] [1783523363.655] [/local_avoidance]: [local_avoidance] DEACTIVATED
[WARN] [1783523363.713] [/local_avoidance]: [local_avoidance] ACTIVATED  (min_dist=0.35 m, idx=881)
[INFO] [1783523363.778] [/local_avoidance]: [local_avoidance] DEACTIVATED
[WARN] [1783523363.809] [/local_avoidance]: [local_avoidance] ACTIVATED  (min_dist=0.34 m, idx=1479)
[INFO] [1783523363.853] [/local_avoidance]: [local_avoidance] DEACTIVATED
[WARN] [1783523363.904] [/local_avoidance]: [local_avoidance] ACTIVATED  (min_dist=0.35 m, idx=1324)
[INFO] [1783523363.978] [/local_avoidance]: [local_avoidance] DEACTIVATED
[WARN] [1783523364.010] [/local_avoidance]: [local_avoidance] ACTIVATED  (min_dist=0.34 m, idx=971)
[INFO] [1783523364.057] [/local_avoidance]: [local_avoidance] avoiding...  min_dist=0.58 m
[INFO] [1783523364.153] [/local_avoidance]: [local_avoidance] DEACTIVATED
[WARN] [1783523364.205] [/local_avoidance]: [local_avoidance] ACTIVATED  (min_dist=0.35 m, idx=8822)
[INFO] [1783523364.259] [/local_avoidance]: [local_avoidance] DEACTIVATED
[WARN] [1783523364.329] [/local_avoidance]: [local_avoidance] ACTIVATED  (min_dist=0.35 m, idx=2333)
[INFO] [1783523364.360] [/local_avoidance]: [local_avoidance] DEACTIVATED
[WARN] [1783523364.404] [/local_avoidance]: [local_avoidance] ACTIVATED  (min_dist=0.35 m, idx=9183)
[INFO] [1783523364.454] [/local_avoidance]: [local_avoidance] DEACTIVATED
[WARN] [1783523364.503] [/local_avoidance]: [local_avoidance] ACTIVATED  (min_dist=0.35 m, idx=2891)
[INFO] [1783523364.555] [/local_avoidance]: [local_avoidance] DEACTIVATED
[WARN] [1783523364.604] [/local_avoidance]: [local_avoidance] ACTIVATED  (min_dist=0.35 m, idx=2414)
[INFO] [1783523364.656] [/local_avoidance]: [local_avoidance] DEACTIVATED
[WARN] [1783523364.706] [/local_avoidance]: [local_avoidance] ACTIVATED  (min_dist=0.35 m, idx=9175)
[INFO] [1783523365.062] [/local_avoidance]: [local_avoidance] avoiding...  min_dist=0.36 m
[INFO] [1783523366.129] [/local_avoidance]: [local_avoidance] avoiding...  min_dist=0.35 m
[INFO] [1783523367.156] [/local_avoidance]: [local_avoidance] avoiding...  min_dist=0.35 m
[WARN] [1783523367.628] [/exploration_node]: wait for trigger.
[INFO] [1783523367.855] [/cloud_crop_bridge]: [CloudCrop] 2508 -> 655 pts (26%)
[INFO] [1783523368.203] [/local_avoidance]: [local_avoidance] avoiding...  min_dist=0.35 m
[INFO] [1783523368.303] [/local_avoidance]: [local_avoidance] DEACTIVATED
[WARN] [1783523368.356] [/local_avoidance]: [local_avoidance] ACTIVATED  (min_dist=0.35 m, idx=477)
[INFO] [1783523368.511] [/local_avoidance]: [local_avoidance] DEACTIVATED
[WARN] [1783523368.558] [/local_avoidance]: [local_avoidance] ACTIVATED  (min_dist=0.35 m, idx=6771)
[INFO] [1783523368.806] [/local_avoidance]: [local_avoidance] DEACTIVATED
[WARN] [1783523368.854] [/local_avoidance]: [local_avoidance] ACTIVATED  (min_dist=0.35 m, idx=8312)
[INFO] [1783523368.904] [/local_avoidance]: [local_avoidance] DEACTIVATED
[WARN] [1783523368.954] [/local_avoidance]: [local_avoidance] ACTIVATED  (min_dist=0.35 m, idx=532)
[INFO] [1783523369.005] [/local_avoidance]: [local_avoidance] DEACTIVATED
[WARN] [1783523369.053] [/local_avoidance]: [local_avoidance] ACTIVATED  (min_dist=0.35 m, idx=7406)
[INFO] [1783523369.104] [/local_avoidance]: [local_avoidance] DEACTIVATED
[WARN] [1783523369.154] [/local_avoidance]: [local_avoidance] ACTIVATED  (min_dist=0.34 m, idx=1099)
[INFO] [1783523369.205] [/local_avoidance]: [local_avoidance] DEACTIVATED
[WARN] [1783523369.254] [/local_avoidance]: [local_avoidance] ACTIVATED  (min_dist=0.35 m, idx=9322)
[INFO] [1783523369.307] [/local_avoidance]: [local_avoidance] DEACTIVATED
[WARN] [1783523369.358] [/local_avoidance]: [local_avoidance] ACTIVATED  (min_dist=0.35 m, idx=8862)
[INFO] [1783523369.409] [/local_avoidance]: [local_avoidance] DEACTIVATED
[WARN] [1783523369.461] [/local_avoidance]: [local_avoidance] ACTIVATED  (min_dist=0.35 m, idx=9761)
[INFO] [1783523369.504] [/local_avoidance]: [local_avoidance] DEACTIVATED
[WARN] [1783523369.554] [/local_avoidance]: [local_avoidance] ACTIVATED  (min_dist=0.35 m, idx=9309)
[INFO] [1783523369.603] [/local_avoidance]: [local_avoidance] DEACTIVATED
[WARN] [1783523369.653] [/local_avoidance]: [local_avoidance] ACTIVATED  (min_dist=0.35 m, idx=3014)
[INFO] [1783523369.733] [/local_avoidance]: [local_avoidance] avoiding...  min_dist=0.35 m
[INFO] [1783523370.769] [/local_avoidance]: [local_avoidance] avoiding...  min_dist=0.35 m
[INFO] [1783523371.820] [/local_avoidance]: [local_avoidance] avoiding...  min_dist=0.35 m
[WARN] [1783523372.635] [/exploration_node]: wait for trigger.
[INFO] [1783523372.856] [/local_avoidance]: [local_avoidance] avoiding...  min_dist=0.35 m
[INFO] [1783523372.861] [/cloud_crop_bridge]: [CloudCrop] 3103 -> 236 pts (8%)
[INFO] [1783523373.453] [/local_avoidance]: [local_avoidance] DEACTIVATED
[WARN] [1783523373.504] [/local_avoidance]: [local_avoidance] ACTIVATED  (min_dist=0.35 m, idx=6547)
[INFO] [1783523373.553] [/local_avoidance]: [local_avoidance] DEACTIVATED
[WARN] [1783523373.609] [/local_avoidance]: [local_avoidance] ACTIVATED  (min_dist=0.34 m, idx=7638)
[INFO] [1783523373.657] [/local_avoidance]: [local_avoidance] DEACTIVATED
[WARN] [1783523373.704] [/local_avoidance]: [local_avoidance] ACTIVATED  (min_dist=0.35 m, idx=2633)
[INFO] [1783523373.754] [/local_avoidance]: [local_avoidance] DEACTIVATED
[WARN] [1783523373.804] [/local_avoidance]: [local_avoidance] ACTIVATED  (min_dist=0.35 m, idx=895)
[INFO] [1783523373.854] [/local_avoidance]: [local_avoidance] DEACTIVATED
[WARN] [1783523373.903] [/local_avoidance]: [local_avoidance] ACTIVATED  (min_dist=0.35 m, idx=7543)
[INFO] [1783523373.954] [/local_avoidance]: [local_avoidance] DEACTIVATED
[WARN] [1783523374.004] [/local_avoidance]: [local_avoidance] ACTIVATED  (min_dist=0.34 m, idx=1225)
[INFO] [1783523374.054] [/local_avoidance]: [local_avoidance] DEACTIVATED
[WARN] [1783523374.105] [/local_avoidance]: [local_avoidance] ACTIVATED  (min_dist=0.35 m, idx=8955)
[INFO] [1783523374.154] [/local_avoidance]: [local_avoidance] DEACTIVATED
[WARN] [1783523374.203] [/local_avoidance]: [local_avoidance] ACTIVATED  (min_dist=0.34 m, idx=9095)
[INFO] [1783523374.253] [/local_avoidance]: [local_avoidance] DEACTIVATED
[WARN] [1783523374.305] [/local_avoidance]: [local_avoidance] ACTIVATED  (min_dist=0.35 m, idx=2697)
[INFO] [1783523374.354] [/local_avoidance]: [local_avoidance] DEACTIVATED
[WARN] [1783523374.406] [/local_avoidance]: [local_avoidance] ACTIVATED  (min_dist=0.35 m, idx=9632)
[INFO] [1783523374.455] [/local_avoidance]: [local_avoidance] DEACTIVATED
[WARN] [1783523374.506] [/local_avoidance]: [local_avoidance] ACTIVATED  (min_dist=0.34 m, idx=1683)
[INFO] [1783523374.554] [/local_avoidance]: [local_avoidance] DEACTIVATED
[WARN] [1783523374.604] [/local_avoidance]: [local_avoidance] ACTIVATED  (min_dist=0.35 m, idx=9985)
[INFO] [1783523374.657] [/local_avoidance]: [local_avoidance] avoiding...  min_dist=0.60 m
[INFO] [1783523374.978] [/local_avoidance]: [local_avoidance] DEACTIVATED
[WARN] [1783523375.005] [/local_avoidance]: [local_avoidance] ACTIVATED  (min_dist=0.35 m, idx=9433)
[INFO] [1783523375.707] [/local_avoidance]: [local_avoidance] avoiding...  min_dist=0.35 m
[INFO] [1783523376.754] [/local_avoidance]: [local_avoidance] avoiding...  min_dist=0.35 m
[WARN] [1783523377.635] [/exploration_node]: wait for trigger.
[INFO] [1783523377.757] [/local_avoidance]: [local_avoidance] avoiding...  min_dist=0.35 m
[INFO] [1783523377.875] [/cloud_crop_bridge]: [CloudCrop] 2519 -> 654 pts (26%)
[INFO] [1783523378.704] [/local_avoidance]: [local_avoidance] DEACTIVATED
[WARN] [1783523378.754] [/local_avoidance]: [local_avoidance] ACTIVATED  (min_dist=0.34 m, idx=475)
[INFO] [1783523378.805] [/local_avoidance]: [local_avoidance] DEACTIVATED
[WARN] [1783523378.879] [/local_avoidance]: [local_avoidance] ACTIVATED  (min_dist=0.35 m, idx=1583)
[INFO] [1783523378.916] [/local_avoidance]: [local_avoidance] DEACTIVATED
[WARN] [1783523378.959] [/local_avoidance]: [local_avoidance] ACTIVATED  (min_dist=0.35 m, idx=8131)
[INFO] [1783523379.003] [/local_avoidance]: [local_avoidance] DEACTIVATED
[WARN] [1783523379.054] [/local_avoidance]: [local_avoidance] ACTIVATED  (min_dist=0.35 m, idx=3275)
[INFO] [1783523379.106] [/local_avoidance]: [local_avoidance] DEACTIVATED
[WARN] [1783523379.157] [/local_avoidance]: [local_avoidance] ACTIVATED  (min_dist=0.35 m, idx=1344)
[INFO] [1783523379.204] [/local_avoidance]: [local_avoidance] DEACTIVATED
[WARN] [1783523379.254] [/local_avoidance]: [local_avoidance] ACTIVATED  (min_dist=0.35 m, idx=8127)
[INFO] [1783523379.304] [/local_avoidance]: [local_avoidance] DEACTIVATED
[WARN] [1783523379.354] [/local_avoidance]: [local_avoidance] ACTIVATED  (min_dist=0.34 m, idx=9135)
[INFO] [1783523379.407] [/local_avoidance]: [local_avoidance] DEACTIVATED
[WARN] [1783523379.458] [/local_avoidance]: [local_avoidance] ACTIVATED  (min_dist=0.35 m, idx=8575)
[INFO] [1783523379.505] [/local_avoidance]: [local_avoidance] avoiding...  min_dist=0.35 m
[INFO] [1783523379.604] [/local_avoidance]: [local_avoidance] DEACTIVATED
[WARN] [1783523379.655] [/local_avoidance]: [local_avoidance] ACTIVATED  (min_dist=0.35 m, idx=9123)
[INFO] [1783523379.808] [/local_avoidance]: [local_avoidance] DEACTIVATED
[WARN] [1783523379.854] [/local_avoidance]: [local_avoidance] ACTIVATED  (min_dist=0.35 m, idx=3834)
[INFO] [1783523380.553] [/local_avoidance]: [local_avoidance] avoiding...  min_dist=0.35 m
[INFO] [1783523381.554] [/local_avoidance]: [local_avoidance] avoiding...  min_dist=0.35 m
[INFO] [1783523382.557] [/local_avoidance]: [local_avoidance] avoiding...  min_dist=0.34 m
[WARN] [1783523382.636] [/exploration_node]: wait for trigger.
[INFO] [1783523382.903] [/cloud_crop_bridge]: [CloudCrop] 2451 -> 622 pts (25%)
[INFO] [1783523383.259] [/local_avoidance]: [local_avoidance] DEACTIVATED
[WARN] [1783523383.308] [/local_avoidance]: [local_avoidance] ACTIVATED  (min_dist=0.35 m, idx=421)
[INFO] [1783523383.553] [/local_avoidance]: [local_avoidance] DEACTIVATED
[WARN] [1783523383.618] [/local_avoidance]: [local_avoidance] ACTIVATED  (min_dist=0.35 m, idx=7911)
[INFO] [1783523383.653] [/local_avoidance]: [local_avoidance] avoiding...  min_dist=0.57 m
[INFO] [1783523383.754] [/local_avoidance]: [local_avoidance] DEACTIVATED
[WARN] [1783523383.808] [/local_avoidance]: [local_avoidance] ACTIVATED  (min_dist=0.35 m, idx=8352)
[INFO] [1783523383.855] [/local_avoidance]: [local_avoidance] DEACTIVATED
[WARN] [1783523383.905] [/local_avoidance]: [local_avoidance] ACTIVATED  (min_dist=0.34 m, idx=476)
[INFO] [1783523383.954] [/local_avoidance]: [local_avoidance] DEACTIVATED
[WARN] [1783523384.004] [/local_avoidance]: [local_avoidance] ACTIVATED  (min_dist=0.35 m, idx=7355)
[INFO] [1783523384.055] [/local_avoidance]: [local_avoidance] DEACTIVATED
[INFO] [1783523384.085] [/exploration_node]: [EV] [1783523384.085][   +638.2s][WAIT_TRIGGER] Avoidance: Deactivated  <->  Activated | cycling x2923 over 637.2s
[WARN] [1783523384.105] [/local_avoidance]: [local_avoidance] ACTIVATED  (min_dist=0.35 m, idx=1029)
[INFO] [1783523384.156] [/local_avoidance]: [local_avoidance] DEACTIVATED
[WARN] [1783523384.208] [/local_avoidance]: [local_avoidance] ACTIVATED  (min_dist=0.34 m, idx=9266)
[INFO] [1783523384.254] [/local_avoidance]: [local_avoidance] DEACTIVATED
[WARN] [1783523384.304] [/local_avoidance]: [local_avoidance] ACTIVATED  (min_dist=0.35 m, idx=8806)
[INFO] [1783523384.355] [/local_avoidance]: [local_avoidance] DEACTIVATED
[WARN] [1783523384.406] [/local_avoidance]: [local_avoidance] ACTIVATED  (min_dist=0.35 m, idx=2492)
[INFO] [1783523384.455] [/local_avoidance]: [local_avoidance] DEACTIVATED
[WARN] [1783523384.504] [/local_avoidance]: [local_avoidance] ACTIVATED  (min_dist=0.34 m, idx=2514)
[INFO] [1783523384.553] [/local_avoidance]: [local_avoidance] DEACTIVATED
[WARN] [1783523384.604] [/local_avoidance]: [local_avoidance] ACTIVATED  (min_dist=0.35 m, idx=2953)
[INFO] [1783523384.654] [/local_avoidance]: [local_avoidance] DEACTIVATED
[WARN] [1783523384.703] [/local_avoidance]: [local_avoidance] ACTIVATED  (min_dist=0.35 m, idx=2486)
[INFO] [1783523384.753] [/local_avoidance]: [local_avoidance] DEACTIVATED
[WARN] [1783523384.803] [/local_avoidance]: [local_avoidance] ACTIVATED  (min_dist=0.35 m, idx=3405)
[INFO] [1783523384.857] [/local_avoidance]: [local_avoidance] avoiding...  min_dist=0.36 m
[INFO] [1783523385.904] [/local_avoidance]: [local_avoidance] avoiding...  min_dist=0.35 m
[INFO] [1783523386.953] [/local_avoidance]: [local_avoidance] avoiding...  min_dist=0.35 m
[WARN] [1783523387.637] [/exploration_node]: wait for trigger.
[INFO] [1783523387.907] [/cloud_crop_bridge]: [CloudCrop] 3077 -> 153 pts (5%)
[INFO] [1783523387.963] [/local_avoidance]: [local_avoidance] avoiding...  min_dist=0.35 m
[INFO] [1783523388.404] [/local_avoidance]: [local_avoidance] DEACTIVATED
[WARN] [1783523388.456] [/local_avoidance]: [local_avoidance] ACTIVATED  (min_dist=0.35 m, idx=645)
[INFO] [1783523388.503] [/local_avoidance]: [local_avoidance] DEACTIVATED
[WARN] [1783523388.554] [/local_avoidance]: [local_avoidance] ACTIVATED  (min_dist=0.35 m, idx=361)
[INFO] [1783523388.603] [/local_avoidance]: [local_avoidance] DEACTIVATED
[WARN] [1783523388.658] [/local_avoidance]: [local_avoidance] ACTIVATED  (min_dist=0.35 m, idx=6943)
[INFO] [1783523388.704] [/local_avoidance]: [local_avoidance] DEACTIVATED
[WARN] [1783523388.753] [/local_avoidance]: [local_avoidance] ACTIVATED  (min_dist=0.35 m, idx=822)
[INFO] [1783523388.805] [/local_avoidance]: [local_avoidance] DEACTIVATED
[WARN] [1783523388.854] [/local_avoidance]: [local_avoidance] ACTIVATED  (min_dist=0.35 m, idx=1636)
[INFO] [1783523388.908] [/local_avoidance]: [local_avoidance] DEACTIVATED
[WARN] [1783523388.957] [/local_avoidance]: [local_avoidance] ACTIVATED  (min_dist=0.35 m, idx=8484)
[INFO] [1783523389.006] [/local_avoidance]: [local_avoidance] DEACTIVATED
[WARN] [1783523389.053] [/local_avoidance]: [local_avoidance] ACTIVATED  (min_dist=0.35 m, idx=2687)
[INFO] [1783523389.104] [/local_avoidance]: [local_avoidance] avoiding...  min_dist=0.59 m
[INFO] [1783523389.206] [/local_avoidance]: [local_avoidance] DEACTIVATED
[WARN] [1783523389.254] [/local_avoidance]: [local_avoidance] ACTIVATED  (min_dist=0.35 m, idx=2741)
[INFO] [1783523389.304] [/local_avoidance]: [local_avoidance] DEACTIVATED
[WARN] [1783523389.353] [/local_avoidance]: [local_avoidance] ACTIVATED  (min_dist=0.35 m, idx=2178)
[INFO] [1783523389.404] [/local_avoidance]: [local_avoidance] DEACTIVATED
[WARN] [1783523389.459] [/local_avoidance]: [local_avoidance] ACTIVATED  (min_dist=0.35 m, idx=1696)
[INFO] [1783523389.510] [/local_avoidance]: [local_avoidance] DEACTIVATED
[WARN] [1783523389.559] [/local_avoidance]: [local_avoidance] ACTIVATED  (min_dist=0.35 m, idx=2620)
[INFO] [1783523389.603] [/local_avoidance]: [local_avoidance] DEACTIVATED
[WARN] [1783523389.659] [/local_avoidance]: [local_avoidance] ACTIVATED  (min_dist=0.35 m, idx=2162)
[INFO] [1783523390.104] [/local_avoidance]: [local_avoidance] avoiding...  min_dist=0.35 m
[INFO] [1783523391.111] [/local_avoidance]: [local_avoidance] avoiding...  min_dist=0.34 m
[INFO] [1783523392.180] [/local_avoidance]: [local_avoidance] avoiding...  min_dist=0.35 m
[WARN] [1783523392.640] [/exploration_node]: wait for trigger.
[INFO] [1783523392.928] [/cloud_crop_bridge]: [CloudCrop] 2559 -> 640 pts (25%)
[INFO] [1783523393.204] [/local_avoidance]: [local_avoidance] avoiding...  min_dist=0.35 m
[INFO] [1783523393.354] [/local_avoidance]: [local_avoidance] DEACTIVATED
[WARN] [1783523393.403] [/local_avoidance]: [local_avoidance] ACTIVATED  (min_dist=0.35 m, idx=335)
[INFO] [1783523393.555] [/local_avoidance]: [local_avoidance] DEACTIVATED
[WARN] [1783523393.608] [/local_avoidance]: [local_avoidance] ACTIVATED  (min_dist=0.35 m, idx=860)
[INFO] [1783523393.654] [/local_avoidance]: [local_avoidance] DEACTIVATED
[WARN] [1783523393.704] [/local_avoidance]: [local_avoidance] ACTIVATED  (min_dist=0.34 m, idx=402)
[INFO] [1783523393.753] [/local_avoidance]: [local_avoidance] DEACTIVATED
[WARN] [1783523393.805] [/local_avoidance]: [local_avoidance] ACTIVATED  (min_dist=0.35 m, idx=1335)
[INFO] [1783523393.857] [/local_avoidance]: [local_avoidance] DEACTIVATED
[WARN] [1783523393.906] [/local_avoidance]: [local_avoidance] ACTIVATED  (min_dist=0.35 m, idx=8175)
[INFO] [1783523393.954] [/local_avoidance]: [local_avoidance] DEACTIVATED
[WARN] [1783523394.003] [/local_avoidance]: [local_avoidance] ACTIVATED  (min_dist=0.35 m, idx=1883)
[INFO] [1783523394.054] [/local_avoidance]: [local_avoidance] DEACTIVATED
[WARN] [1783523394.104] [/local_avoidance]: [local_avoidance] ACTIVATED  (min_dist=0.34 m, idx=1306)
[INFO] [1783523394.153] [/local_avoidance]: [local_avoidance] DEACTIVATED
[WARN] [1783523394.213] [/local_avoidance]: [local_avoidance] ACTIVATED  (min_dist=0.35 m, idx=8071)
[INFO] [1783523394.278] [/local_avoidance]: [local_avoidance] DEACTIVATED
[WARN] [1783523394.304] [/local_avoidance]: [local_avoidance] ACTIVATED  (min_dist=0.35 m, idx=1767)
[INFO] [1783523394.353] [/local_avoidance]: [local_avoidance] DEACTIVATED
[WARN] [1783523394.404] [/local_avoidance]: [local_avoidance] ACTIVATED  (min_dist=0.35 m, idx=8715)
[INFO] [1783523394.461] [/local_avoidance]: [local_avoidance] DEACTIVATED
[WARN] [1783523394.504] [/local_avoidance]: [local_avoidance] ACTIVATED  (min_dist=0.34 m, idx=9614)
[INFO] [1783523394.556] [/local_avoidance]: [local_avoidance] DEACTIVATED
[WARN] [1783523394.603] [/local_avoidance]: [local_avoidance] ACTIVATED  (min_dist=0.35 m, idx=9547)
[INFO] [1783523394.653] [/local_avoidance]: [local_avoidance] avoiding...  min_dist=0.36 m
[INFO] [1783523394.754] [/local_avoidance]: [local_avoidance] DEACTIVATED
[WARN] [1783523394.809] [/local_avoidance]: [local_avoidance] ACTIVATED  (min_dist=0.35 m, idx=3691)
[INFO] [1783523395.654] [/local_avoidance]: [local_avoidance] avoiding...  min_dist=0.35 m
[INFO] [1783523396.661] [/local_avoidance]: [local_avoidance] avoiding...  min_dist=0.34 m
[WARN] [1783523397.646] [/exploration_node]: wait for trigger.
[INFO] [1783523397.707] [/local_avoidance]: [local_avoidance] avoiding...  min_dist=0.34 m
[INFO] [1783523397.953] [/cloud_crop_bridge]: [CloudCrop] 2385 -> 642 pts (27%)
[INFO] [1783523398.005] [/local_avoidance]: [local_avoidance] DEACTIVATED
[WARN] [1783523398.055] [/local_avoidance]: [local_avoidance] ACTIVATED  (min_dist=0.35 m, idx=388)
[INFO] [1783523398.204] [/local_avoidance]: [local_avoidance] DEACTIVATED
[WARN] [1783523398.253] [/local_avoidance]: [local_avoidance] ACTIVATED  (min_dist=0.35 m, idx=6311)
[INFO] [1783523398.505] [/local_avoidance]: [local_avoidance] DEACTIVATED
[WARN] [1783523398.555] [/local_avoidance]: [local_avoidance] ACTIVATED  (min_dist=0.34 m, idx=7863)
[INFO] [1783523398.608] [/local_avoidance]: [local_avoidance] DEACTIVATED
[WARN] [1783523398.662] [/local_avoidance]: [local_avoidance] ACTIVATED  (min_dist=0.35 m, idx=7205)
[INFO] [1783523398.706] [/local_avoidance]: [local_avoidance] DEACTIVATED
[WARN] [1783523398.755] [/local_avoidance]: [local_avoidance] ACTIVATED  (min_dist=0.35 m, idx=8302)
[INFO] [1783523398.806] [/local_avoidance]: [local_avoidance] DEACTIVATED
[WARN] [1783523398.856] [/local_avoidance]: [local_avoidance] ACTIVATED  (min_dist=0.35 m, idx=6394)
[INFO] [1783523398.910] [/local_avoidance]: [local_avoidance] DEACTIVATED
[WARN] [1783523398.953] [/local_avoidance]: [local_avoidance] ACTIVATED  (min_dist=0.35 m, idx=1459)
[INFO] [1783523399.004] [/local_avoidance]: [local_avoidance] DEACTIVATED
[WARN] [1783523399.053] [/local_avoidance]: [local_avoidance] ACTIVATED  (min_dist=0.34 m, idx=977)
[INFO] [1783523399.106] [/local_avoidance]: [local_avoidance] DEACTIVATED
[WARN] [1783523399.158] [/local_avoidance]: [local_avoidance] ACTIVATED  (min_dist=0.35 m, idx=1993)
[INFO] [1783523399.205] [/local_avoidance]: [local_avoidance] DEACTIVATED
[WARN] [1783523399.262] [/local_avoidance]: [local_avoidance] ACTIVATED  (min_dist=0.35 m, idx=8755)
[INFO] [1783523399.329] [/local_avoidance]: [local_avoidance] DEACTIVATED
[WARN] [1783523399.353] [/local_avoidance]: [local_avoidance] ACTIVATED  (min_dist=0.35 m, idx=2651)
[INFO] [1783523399.404] [/local_avoidance]: [local_avoidance] DEACTIVATED
[WARN] [1783523399.454] [/local_avoidance]: [local_avoidance] ACTIVATED  (min_dist=0.35 m, idx=1999)
[INFO] [1783523399.503] [/local_avoidance]: [local_avoidance] DEACTIVATED
[WARN] [1783523399.555] [/local_avoidance]: [local_avoidance] ACTIVATED  (min_dist=0.35 m, idx=2911)
[INFO] [1783523399.608] [/local_avoidance]: [local_avoidance] avoiding...  min_dist=0.35 m
[INFO] [1783523399.710] [/local_avoidance]: [local_avoidance] DEACTIVATED
[WARN] [1783523399.757] [/local_avoidance]: [local_avoidance] ACTIVATED  (min_dist=0.35 m, idx=9199)
[INFO] [1783523400.654] [/local_avoidance]: [local_avoidance] avoiding...  min_dist=0.35 m
[INFO] [1783523401.679] [/local_avoidance]: [local_avoidance] avoiding...  min_dist=0.35 m
[WARN] [1783523402.655] [/exploration_node]: wait for trigger.
[INFO] [1783523402.706] [/local_avoidance]: [local_avoidance] avoiding...  min_dist=0.35 m
[INFO] [1783523403.003] [/cloud_crop_bridge]: [CloudCrop] 2414 -> 662 pts (27%)
[INFO] [1783523403.365] [/local_avoidance]: [local_avoidance] DEACTIVATED
[WARN] [1783523403.404] [/local_avoidance]: [local_avoidance] ACTIVATED  (min_dist=0.35 m, idx=6823)
[INFO] [1783523403.556] [/local_avoidance]: [local_avoidance] DEACTIVATED
[WARN] [1783523403.615] [/local_avoidance]: [local_avoidance] ACTIVATED  (min_dist=0.35 m, idx=1050)
[INFO] [1783523403.653] [/local_avoidance]: [local_avoidance] DEACTIVATED
[WARN] [1783523403.705] [/local_avoidance]: [local_avoidance] ACTIVATED  (min_dist=0.35 m, idx=7995)
[INFO] [1783523403.753] [/local_avoidance]: [local_avoidance] DEACTIVATED
[WARN] [1783523403.804] [/local_avoidance]: [local_avoidance] ACTIVATED  (min_dist=0.35 m, idx=1589)
[INFO] [1783523403.854] [/local_avoidance]: [local_avoidance] DEACTIVATED
[WARN] [1783523403.903] [/local_avoidance]: [local_avoidance] ACTIVATED  (min_dist=0.35 m, idx=8434)
[INFO] [1783523403.953] [/local_avoidance]: [local_avoidance] DEACTIVATED
[WARN] [1783523404.004] [/local_avoidance]: [local_avoidance] ACTIVATED  (min_dist=0.35 m, idx=2137)
[INFO] [1783523404.058] [/local_avoidance]: [local_avoidance] DEACTIVATED
[WARN] [1783523404.117] [/local_avoidance]: [local_avoidance] ACTIVATED  (min_dist=0.35 m, idx=1587)
[INFO] [1783523404.153] [/local_avoidance]: [local_avoidance] DEACTIVATED
[WARN] [1783523404.204] [/local_avoidance]: [local_avoidance] ACTIVATED  (min_dist=0.35 m, idx=2589)
[INFO] [1783523404.253] [/local_avoidance]: [local_avoidance] DEACTIVATED
[WARN] [1783523404.309] [/local_avoidance]: [local_avoidance] ACTIVATED  (min_dist=0.35 m, idx=2021)
[INFO] [1783523404.358] [/local_avoidance]: [local_avoidance] DEACTIVATED
[WARN] [1783523404.405] [/local_avoidance]: [local_avoidance] ACTIVATED  (min_dist=0.35 m, idx=3046)
[INFO] [1783523404.454] [/local_avoidance]: [local_avoidance] DEACTIVATED
[WARN] [1783523404.504] [/local_avoidance]: [local_avoidance] ACTIVATED  (min_dist=0.35 m, idx=9880)
[INFO] [1783523404.555] [/local_avoidance]: [local_avoidance] DEACTIVATED
[WARN] [1783523404.603] [/local_avoidance]: [local_avoidance] ACTIVATED  (min_dist=0.35 m, idx=9331)
[INFO] [1783523404.657] [/local_avoidance]: [local_avoidance] DEACTIVATED
[WARN] [1783523404.713] [/local_avoidance]: [local_avoidance] ACTIVATED  (min_dist=0.35 m, idx=8873)
[INFO] [1783523404.755] [/local_avoidance]: [local_avoidance] avoiding...  min_dist=0.35 m
[INFO] [1783523405.756] [/local_avoidance]: [local_avoidance] avoiding...  min_dist=0.36 m
[INFO] [1783523406.759] [/local_avoidance]: [local_avoidance] avoiding...  min_dist=0.35 m
[WARN] [1783523407.665] [/exploration_node]: wait for trigger.
[INFO] [1783523407.759] [/local_avoidance]: [local_avoidance] avoiding...  min_dist=0.34 m
[INFO] [1783523408.053] [/cloud_crop_bridge]: [CloudCrop] 2476 -> 636 pts (26%)
[INFO] [1783523408.605] [/local_avoidance]: [local_avoidance] DEACTIVATED
[WARN] [1783523408.656] [/local_avoidance]: [local_avoidance] ACTIVATED  (min_dist=0.35 m, idx=7675)
[INFO] [1783523408.711] [/local_avoidance]: [local_avoidance] DEACTIVATED
[WARN] [1783523408.756] [/local_avoidance]: [local_avoidance] ACTIVATED  (min_dist=0.35 m, idx=1160)
[INFO] [1783523408.805] [/local_avoidance]: [local_avoidance] DEACTIVATED
[WARN] [1783523408.854] [/local_avoidance]: [local_avoidance] ACTIVATED  (min_dist=0.35 m, idx=8118)
[INFO] [1783523408.904] [/local_avoidance]: [local_avoidance] DEACTIVATED
[WARN] [1783523408.955] [/local_avoidance]: [local_avoidance] ACTIVATED  (min_dist=0.35 m, idx=7479)
[INFO] [1783523409.006] [/local_avoidance]: [local_avoidance] DEACTIVATED
[WARN] [1783523409.053] [/local_avoidance]: [local_avoidance] ACTIVATED  (min_dist=0.35 m, idx=8560)
[INFO] [1783523409.104] [/local_avoidance]: [local_avoidance] DEACTIVATED
[WARN] [1783523409.156] [/local_avoidance]: [local_avoidance] ACTIVATED  (min_dist=0.35 m, idx=9473)
[INFO] [1783523409.204] [/local_avoidance]: [local_avoidance] DEACTIVATED
[WARN] [1783523409.256] [/local_avoidance]: [local_avoidance] ACTIVATED  (min_dist=0.35 m, idx=9017)
[INFO] [1783523409.306] [/local_avoidance]: [local_avoidance] DEACTIVATED
[WARN] [1783523409.354] [/local_avoidance]: [local_avoidance] ACTIVATED  (min_dist=0.35 m, idx=8659)
[INFO] [1783523409.405] [/local_avoidance]: [local_avoidance] DEACTIVATED
[WARN] [1783523409.457] [/local_avoidance]: [local_avoidance] ACTIVATED  (min_dist=0.35 m, idx=9471)
[INFO] [1783523409.506] [/local_avoidance]: [local_avoidance] DEACTIVATED
[WARN] [1783523409.554] [/local_avoidance]: [local_avoidance] ACTIVATED  (min_dist=0.35 m, idx=3073)
[INFO] [1783523409.603] [/local_avoidance]: [local_avoidance] avoiding...  min_dist=0.34 m
[INFO] [1783523409.705] [/local_avoidance]: [local_avoidance] DEACTIVATED
[WARN] [1783523409.755] [/local_avoidance]: [local_avoidance] ACTIVATED  (min_dist=0.35 m, idx=3643)
[INFO] [1783523410.606] [/local_avoidance]: [local_avoidance] avoiding...  min_dist=0.35 m
[INFO] [1783523411.658] [/local_avoidance]: [local_avoidance] avoiding...  min_dist=0.35 m
[WARN] [1783523412.666] [/exploration_node]: wait for trigger.
[INFO] [1783523412.705] [/local_avoidance]: [local_avoidance] avoiding...  min_dist=0.35 m
[INFO] [1783523413.053] [/cloud_crop_bridge]: [CloudCrop] 3144 -> 197 pts (6%)
[INFO] [1783523413.354] [/local_avoidance]: [local_avoidance] DEACTIVATED
[WARN] [1783523413.406] [/local_avoidance]: [local_avoidance] ACTIVATED  (min_dist=0.35 m, idx=6607)
[INFO] [1783523413.457] [/local_avoidance]: [local_avoidance] DEACTIVATED
[WARN] [1783523413.505] [/local_avoidance]: [local_avoidance] ACTIVATED  (min_dist=0.35 m, idx=7700)
[INFO] [1783523413.754] [/local_avoidance]: [local_avoidance] DEACTIVATED
[WARN] [1783523413.814] [/local_avoidance]: [local_avoidance] ACTIVATED  (min_dist=0.35 m, idx=7703)
[INFO] [1783523413.856] [/local_avoidance]: [local_avoidance] DEACTIVATED
[WARN] [1783523413.903] [/local_avoidance]: [local_avoidance] ACTIVATED  (min_dist=0.35 m, idx=1384)
[INFO] [1783523413.954] [/local_avoidance]: [local_avoidance] DEACTIVATED
[WARN] [1783523414.003] [/local_avoidance]: [local_avoidance] ACTIVATED  (min_dist=0.35 m, idx=820)
[INFO] [1783523414.055] [/local_avoidance]: [local_avoidance] DEACTIVATED
[WARN] [1783523414.109] [/local_avoidance]: [local_avoidance] ACTIVATED  (min_dist=0.35 m, idx=1845)
[WARN] [1783523414.135] [/exploration_node]: [EV] [1783523414.135][   +668.3s][WAIT_TRIGGER] Avoidance: Activated  <->  Deactivated | cycling x3076 over 667.3s
[INFO] [1783523414.154] [/local_avoidance]: [local_avoidance] DEACTIVATED
[WARN] [1783523414.203] [/local_avoidance]: [local_avoidance] ACTIVATED  (min_dist=0.35 m, idx=8611)
[INFO] [1783523414.253] [/local_avoidance]: [local_avoidance] DEACTIVATED
[WARN] [1783523414.304] [/local_avoidance]: [local_avoidance] ACTIVATED  (min_dist=0.34 m, idx=9610)
[INFO] [1783523414.353] [/local_avoidance]: [local_avoidance] DEACTIVATED
[WARN] [1783523414.404] [/local_avoidance]: [local_avoidance] ACTIVATED  (min_dist=0.35 m, idx=1839)
[INFO] [1783523414.453] [/local_avoidance]: [local_avoidance] DEACTIVATED
[WARN] [1783523414.504] [/local_avoidance]: [local_avoidance] ACTIVATED  (min_dist=0.35 m, idx=2763)
[INFO] [1783523414.557] [/local_avoidance]: [local_avoidance] DEACTIVATED
[WARN] [1783523414.605] [/local_avoidance]: [local_avoidance] ACTIVATED  (min_dist=0.35 m, idx=2273)
[INFO] [1783523414.666] [/local_avoidance]: [local_avoidance] avoiding...  min_dist=0.59 m
[INFO] [1783523414.853] [/local_avoidance]: [local_avoidance] DEACTIVATED
[WARN] [1783523414.904] [/local_avoidance]: [local_avoidance] ACTIVATED  (min_dist=0.35 m, idx=3749)
[INFO] [1783523415.704] [/local_avoidance]: [local_avoidance] avoiding...  min_dist=0.35 m
[INFO] [1783523416.753] [/local_avoidance]: [local_avoidance] avoiding...  min_dist=0.35 m
[WARN] [1783523417.676] [/exploration_node]: wait for trigger.
[INFO] [1783523417.755] [/local_avoidance]: [local_avoidance] avoiding...  min_dist=0.35 m
[INFO] [1783523418.053] [/cloud_crop_bridge]: [CloudCrop] 2447 -> 648 pts (26%)
[INFO] [1783523418.308] [/local_avoidance]: [local_avoidance] DEACTIVATED
[WARN] [1783523418.353] [/local_avoidance]: [local_avoidance] ACTIVATED  (min_dist=0.35 m, idx=537)
[INFO] [1783523418.532] [/local_avoidance]: [local_avoidance] DEACTIVATED
[WARN] [1783523418.554] [/local_avoidance]: [local_avoidance] ACTIVATED  (min_dist=0.35 m, idx=811)
[INFO] [1783523418.609] [/local_avoidance]: [local_avoidance] DEACTIVATED
[WARN] [1783523418.657] [/local_avoidance]: [local_avoidance] ACTIVATED  (min_dist=0.35 m, idx=522)
[INFO] [1783523418.804] [/local_avoidance]: [local_avoidance] avoiding...  min_dist=0.59 m
[INFO] [1783523418.905] [/local_avoidance]: [local_avoidance] DEACTIVATED
[WARN] [1783523418.953] [/local_avoidance]: [local_avoidance] ACTIVATED  (min_dist=0.35 m, idx=2866)
[INFO] [1783523419.004] [/local_avoidance]: [local_avoidance] DEACTIVATED
[WARN] [1783523419.055] [/local_avoidance]: [local_avoidance] ACTIVATED  (min_dist=0.35 m, idx=1429)
[INFO] [1783523419.128] [/local_avoidance]: [local_avoidance] DEACTIVATED
[WARN] [1783523419.159] [/local_avoidance]: [local_avoidance] ACTIVATED  (min_dist=0.35 m, idx=8379)
[INFO] [1783523419.205] [/local_avoidance]: [local_avoidance] DEACTIVATED
[WARN] [1783523419.280] [/local_avoidance]: [local_avoidance] ACTIVATED  (min_dist=0.34 m, idx=9291)
[INFO] [1783523419.305] [/local_avoidance]: [local_avoidance] DEACTIVATED
[WARN] [1783523419.353] [/local_avoidance]: [local_avoidance] ACTIVATED  (min_dist=0.35 m, idx=8735)
[INFO] [1783523419.806] [/local_avoidance]: [local_avoidance] avoiding...  min_dist=0.59 m
[INFO] [1783523420.854] [/local_avoidance]: [local_avoidance] avoiding...  min_dist=0.35 m
[INFO] [1783523421.854] [/local_avoidance]: [local_avoidance] avoiding...  min_dist=0.34 m
[WARN] [1783523422.686] [/exploration_node]: wait for trigger.
[INFO] [1783523422.906] [/local_avoidance]: [local_avoidance] avoiding...  min_dist=0.35 m
[INFO] [1783523423.103] [/cloud_crop_bridge]: [CloudCrop] 2477 -> 714 pts (29%)
[INFO] [1783523423.453] [/local_avoidance]: [local_avoidance] DEACTIVATED
[WARN] [1783523423.504] [/local_avoidance]: [local_avoidance] ACTIVATED  (min_dist=0.35 m, idx=560)
[INFO] [1783523423.654] [/local_avoidance]: [local_avoidance] DEACTIVATED
[WARN] [1783523423.707] [/local_avoidance]: [local_avoidance] ACTIVATED  (min_dist=0.35 m, idx=1031)
[INFO] [1783523423.754] [/local_avoidance]: [local_avoidance] DEACTIVATED
[WARN] [1783523423.806] [/local_avoidance]: [local_avoidance] ACTIVATED  (min_dist=0.35 m, idx=7962)
[INFO] [1783523423.954] [/local_avoidance]: [local_avoidance] DEACTIVATED
[WARN] [1783523424.004] [/local_avoidance]: [local_avoidance] ACTIVATED  (min_dist=0.34 m, idx=1207)
[INFO] [1783523424.053] [/local_avoidance]: [local_avoidance] DEACTIVATED
[WARN] [1783523424.106] [/local_avoidance]: [local_avoidance] ACTIVATED  (min_dist=0.35 m, idx=2031)
[INFO] [1783523424.156] [/local_avoidance]: [local_avoidance] DEACTIVATED
[WARN] [1783523424.216] [/local_avoidance]: [local_avoidance] ACTIVATED  (min_dist=0.35 m, idx=1536)
[INFO] [1783523424.253] [/local_avoidance]: [local_avoidance] DEACTIVATED
[WARN] [1783523424.305] [/local_avoidance]: [local_avoidance] ACTIVATED  (min_dist=0.35 m, idx=2565)
[INFO] [1783523424.354] [/local_avoidance]: [local_avoidance] DEACTIVATED
[WARN] [1783523424.413] [/local_avoidance]: [local_avoidance] ACTIVATED  (min_dist=0.35 m, idx=2102)
[INFO] [1783523424.455] [/local_avoidance]: [local_avoidance] DEACTIVATED
[WARN] [1783523424.528] [/local_avoidance]: [local_avoidance] ACTIVATED  (min_dist=0.35 m, idx=8863)
[INFO] [1783523424.556] [/local_avoidance]: [local_avoidance] avoiding...  min_dist=0.35 m
[INFO] [1783523424.654] [/local_avoidance]: [local_avoidance] DEACTIVATED
[WARN] [1783523424.706] [/local_avoidance]: [local_avoidance] ACTIVATED  (min_dist=0.35 m, idx=3469)
[INFO] [1783523425.578] [/local_avoidance]: [local_avoidance] avoiding...  min_dist=0.35 m
[INFO] [1783523426.610] [/local_avoidance]: [local_avoidance] avoiding...  min_dist=0.35 m
[INFO] [1783523427.653] [/local_avoidance]: [local_avoidance] avoiding...  min_dist=0.35 m
[WARN] [1783523427.695] [/exploration_node]: wait for trigger.
[INFO] [1783523428.103] [/cloud_crop_bridge]: [CloudCrop] 3086 -> 121 pts (4%)
[INFO] [1783523428.306] [/local_avoidance]: [local_avoidance] DEACTIVATED
[WARN] [1783523428.355] [/local_avoidance]: [local_avoidance] ACTIVATED  (min_dist=0.35 m, idx=709)
[INFO] [1783523428.606] [/local_avoidance]: [local_avoidance] DEACTIVATED
[WARN] [1783523428.679] [/local_avoidance]: [local_avoidance] ACTIVATED  (min_dist=0.35 m, idx=8000)
[INFO] [1783523428.706] [/local_avoidance]: [local_avoidance] avoiding...  min_dist=0.56 m
[INFO] [1783523428.804] [/local_avoidance]: [local_avoidance] DEACTIVATED
[WARN] [1783523428.854] [/local_avoidance]: [local_avoidance] ACTIVATED  (min_dist=0.35 m, idx=1255)
[INFO] [1783523428.904] [/local_avoidance]: [local_avoidance] DEACTIVATED
[WARN] [1783523428.954] [/local_avoidance]: [local_avoidance] ACTIVATED  (min_dist=0.35 m, idx=686)
[INFO] [1783523429.029] [/local_avoidance]: [local_avoidance] DEACTIVATED
[WARN] [1783523429.057] [/local_avoidance]: [local_avoidance] ACTIVATED  (min_dist=0.34 m, idx=9002)
[INFO] [1783523429.104] [/local_avoidance]: [local_avoidance] DEACTIVATED
[WARN] [1783523429.154] [/local_avoidance]: [local_avoidance] ACTIVATED  (min_dist=0.34 m, idx=1239)
[INFO] [1783523429.204] [/local_avoidance]: [local_avoidance] DEACTIVATED
[WARN] [1783523429.256] [/local_avoidance]: [local_avoidance] ACTIVATED  (min_dist=0.35 m, idx=9458)
[INFO] [1783523429.333] [/local_avoidance]: [local_avoidance] DEACTIVATED
[WARN] [1783523429.354] [/local_avoidance]: [local_avoidance] ACTIVATED  (min_dist=0.34 m, idx=1966)
[INFO] [1783523429.405] [/local_avoidance]: [local_avoidance] DEACTIVATED
[WARN] [1783523429.454] [/local_avoidance]: [local_avoidance] ACTIVATED  (min_dist=0.35 m, idx=2711)
[INFO] [1783523429.531] [/local_avoidance]: [local_avoidance] DEACTIVATED
[WARN] [1783523429.555] [/local_avoidance]: [local_avoidance] ACTIVATED  (min_dist=0.35 m, idx=9639)
[INFO] [1783523429.608] [/local_avoidance]: [local_avoidance] DEACTIVATED
[WARN] [1783523429.661] [/local_avoidance]: [local_avoidance] ACTIVATED  (min_dist=0.35 m, idx=3145)
[INFO] [1783523429.710] [/local_avoidance]: [local_avoidance] avoiding...  min_dist=0.34 m
[INFO] [1783523429.804] [/local_avoidance]: [local_avoidance] DEACTIVATED
[WARN] [1783523429.854] [/local_avoidance]: [local_avoidance] ACTIVATED  (min_dist=0.35 m, idx=3619)
[INFO] [1783523430.754] [/local_avoidance]: [local_avoidance] avoiding...  min_dist=0.35 m
[INFO] [1783523431.760] [/local_avoidance]: [local_avoidance] avoiding...  min_dist=0.35 m
[WARN] [1783523432.695] [/exploration_node]: wait for trigger.
[INFO] [1783523432.804] [/local_avoidance]: [local_avoidance] avoiding...  min_dist=0.35 m
[INFO] [1783523433.108] [/cloud_crop_bridge]: [CloudCrop] 2524 -> 736 pts (29%)
[INFO] [1783523433.553] [/local_avoidance]: [local_avoidance] DEACTIVATED
[WARN] [1783523433.605] [/local_avoidance]: [local_avoidance] ACTIVATED  (min_dist=0.35 m, idx=356)
[INFO] [1783523433.681] [/local_avoidance]: [local_avoidance] DEACTIVATED
[WARN] [1783523433.704] [/local_avoidance]: [local_avoidance] ACTIVATED  (min_dist=0.35 m, idx=2778)
[INFO] [1783523433.754] [/local_avoidance]: [local_avoidance] DEACTIVATED
[WARN] [1783523433.805] [/local_avoidance]: [local_avoidance] ACTIVATED  (min_dist=0.35 m, idx=8128)
[INFO] [1783523433.856] [/local_avoidance]: [local_avoidance] DEACTIVATED
[WARN] [1783523433.907] [/local_avoidance]: [local_avoidance] ACTIVATED  (min_dist=0.35 m, idx=7691)
[INFO] [1783523433.957] [/local_avoidance]: [local_avoidance] avoiding...  min_dist=0.59 m
[INFO] [1783523434.054] [/local_avoidance]: [local_avoidance] DEACTIVATED
[WARN] [1783523434.103] [/local_avoidance]: [local_avoidance] ACTIVATED  (min_dist=0.35 m, idx=8131)
[INFO] [1783523434.154] [/local_avoidance]: [local_avoidance] DEACTIVATED
[WARN] [1783523434.203] [/local_avoidance]: [local_avoidance] ACTIVATED  (min_dist=0.35 m, idx=9128)
[INFO] [1783523434.253] [/local_avoidance]: [local_avoidance] DEACTIVATED
[WARN] [1783523434.307] [/local_avoidance]: [local_avoidance] ACTIVATED  (min_dist=0.35 m, idx=8675)
[INFO] [1783523434.357] [/local_avoidance]: [local_avoidance] DEACTIVATED
[WARN] [1783523434.404] [/local_avoidance]: [local_avoidance] ACTIVATED  (min_dist=0.34 m, idx=9577)
[INFO] [1783523434.456] [/local_avoidance]: [local_avoidance] DEACTIVATED
[WARN] [1783523434.504] [/local_avoidance]: [local_avoidance] ACTIVATED  (min_dist=0.34 m, idx=1801)
[INFO] [1783523434.654] [/local_avoidance]: [local_avoidance] DEACTIVATED
[WARN] [1783523434.708] [/local_avoidance]: [local_avoidance] ACTIVATED  (min_dist=0.35 m, idx=9587)
[INFO] [1783523435.003] [/local_avoidance]: [local_avoidance] avoiding...  min_dist=0.35 m
[INFO] [1783523436.004] [/local_avoidance]: [local_avoidance] avoiding...  min_dist=0.35 m
[INFO] [1783523437.005] [/local_avoidance]: [local_avoidance] avoiding...  min_dist=0.35 m
[WARN] [1783523437.707] [/exploration_node]: wait for trigger.
[INFO] [1783523438.006] [/local_avoidance]: [local_avoidance] avoiding...  min_dist=0.35 m
[INFO] [1783523438.155] [/cloud_crop_bridge]: [CloudCrop] 2454 -> 644 pts (26%)
[INFO] [1783523438.604] [/local_avoidance]: [local_avoidance] DEACTIVATED
[WARN] [1783523438.653] [/local_avoidance]: [local_avoidance] ACTIVATED  (min_dist=0.35 m, idx=869)
[INFO] [1783523438.710] [/local_avoidance]: [local_avoidance] DEACTIVATED
[WARN] [1783523438.756] [/local_avoidance]: [local_avoidance] ACTIVATED  (min_dist=0.35 m, idx=488)
[INFO] [1783523438.803] [/local_avoidance]: [local_avoidance] DEACTIVATED
[WARN] [1783523438.854] [/local_avoidance]: [local_avoidance] ACTIVATED  (min_dist=0.35 m, idx=7267)
[INFO] [1783523438.905] [/local_avoidance]: [local_avoidance] DEACTIVATED
[WARN] [1783523438.955] [/local_avoidance]: [local_avoidance] ACTIVATED  (min_dist=0.34 m, idx=1046)
[INFO] [1783523439.009] [/local_avoidance]: [local_avoidance] DEACTIVATED
[WARN] [1783523439.055] [/local_avoidance]: [local_avoidance] ACTIVATED  (min_dist=0.35 m, idx=1883)
[INFO] [1783523439.106] [/local_avoidance]: [local_avoidance] DEACTIVATED
[WARN] [1783523439.154] [/local_avoidance]: [local_avoidance] ACTIVATED  (min_dist=0.35 m, idx=1484)
[INFO] [1783523439.204] [/local_avoidance]: [local_avoidance] DEACTIVATED
[WARN] [1783523439.254] [/local_avoidance]: [local_avoidance] ACTIVATED  (min_dist=0.35 m, idx=8171)
[INFO] [1783523439.329] [/local_avoidance]: [local_avoidance] DEACTIVATED
[WARN] [1783523439.356] [/local_avoidance]: [local_avoidance] ACTIVATED  (min_dist=0.35 m, idx=1950)
[INFO] [1783523439.404] [/local_avoidance]: [local_avoidance] DEACTIVATED
[WARN] [1783523439.454] [/local_avoidance]: [local_avoidance] ACTIVATED  (min_dist=0.35 m, idx=2965)
[INFO] [1783523439.503] [/local_avoidance]: [local_avoidance] DEACTIVATED
[WARN] [1783523439.554] [/local_avoidance]: [local_avoidance] ACTIVATED  (min_dist=0.35 m, idx=2388)
[INFO] [1783523439.610] [/local_avoidance]: [local_avoidance] DEACTIVATED
[WARN] [1783523439.653] [/local_avoidance]: [local_avoidance] ACTIVATED  (min_dist=0.35 m, idx=3427)
[INFO] [1783523439.704] [/local_avoidance]: [local_avoidance] avoiding...  min_dist=0.35 m
[INFO] [1783523439.807] [/local_avoidance]: [local_avoidance] DEACTIVATED
[WARN] [1783523439.857] [/local_avoidance]: [local_avoidance] ACTIVATED  (min_dist=0.35 m, idx=3879)
[INFO] [1783523439.904] [/local_avoidance]: [local_avoidance] DEACTIVATED
[WARN] [1783523439.953] [/local_avoidance]: [local_avoidance] ACTIVATED  (min_dist=0.35 m, idx=3392)
[INFO] [1783523440.709] [/local_avoidance]: [local_avoidance] avoiding...  min_dist=0.35 m
[INFO] [1783523441.754] [/local_avoidance]: [local_avoidance] avoiding...  min_dist=0.35 m
[WARN] [1783523442.715] [/exploration_node]: wait for trigger.
[INFO] [1783523442.759] [/local_avoidance]: [local_avoidance] avoiding...  min_dist=0.35 m
[INFO] [1783523443.168] [/cloud_crop_bridge]: [CloudCrop] 3089 -> 103 pts (3%)
[INFO] [1783523443.254] [/local_avoidance]: [local_avoidance] DEACTIVATED
[WARN] [1783523443.304] [/local_avoidance]: [local_avoidance] ACTIVATED  (min_dist=0.35 m, idx=7764)
[INFO] [1783523443.455] [/local_avoidance]: [local_avoidance] DEACTIVATED
[WARN] [1783523443.505] [/local_avoidance]: [local_avoidance] ACTIVATED  (min_dist=0.35 m, idx=7143)
[INFO] [1783523443.555] [/local_avoidance]: [local_avoidance] DEACTIVATED
[WARN] [1783523443.604] [/local_avoidance]: [local_avoidance] ACTIVATED  (min_dist=0.35 m, idx=7959)
[INFO] [1783523443.755] [/local_avoidance]: [local_avoidance] DEACTIVATED
[WARN] [1783523443.810] [/local_avoidance]: [local_avoidance] ACTIVATED  (min_dist=0.35 m, idx=2586)
[INFO] [1783523443.855] [/local_avoidance]: [local_avoidance] DEACTIVATED
[WARN] [1783523443.903] [/local_avoidance]: [local_avoidance] ACTIVATED  (min_dist=0.35 m, idx=7951)
[INFO] [1783523443.953] [/local_avoidance]: [local_avoidance] DEACTIVATED
[WARN] [1783523444.029] [/local_avoidance]: [local_avoidance] ACTIVATED  (min_dist=0.35 m, idx=1536)
[INFO] [1783523444.079] [/local_avoidance]: [local_avoidance] DEACTIVATED
[WARN] [1783523444.130] [/local_avoidance]: [local_avoidance] ACTIVATED  (min_dist=0.34 m, idx=1087)
[INFO] [1783523444.155] [/local_avoidance]: [local_avoidance] DEACTIVATED
[WARN] [1783523444.157] [/exploration_node]: [EV] [1783523444.157][   +698.3s][WAIT_TRIGGER] Avoidance: Activated  <->  Deactivated | cycling x3208 over 697.3s
[WARN] [1783523444.204] [/local_avoidance]: [local_avoidance] ACTIVATED  (min_dist=0.35 m, idx=2103)
[INFO] [1783523444.259] [/local_avoidance]: [local_avoidance] avoiding...  min_dist=0.60 m
[INFO] [1783523444.358] [/local_avoidance]: [local_avoidance] DEACTIVATED
[WARN] [1783523444.404] [/local_avoidance]: [local_avoidance] ACTIVATED  (min_dist=0.35 m, idx=2920)
[INFO] [1783523444.454] [/local_avoidance]: [local_avoidance] DEACTIVATED
[WARN] [1783523444.505] [/local_avoidance]: [local_avoidance] ACTIVATED  (min_dist=0.35 m, idx=2087)
[INFO] [1783523444.556] [/local_avoidance]: [local_avoidance] DEACTIVATED
[WARN] [1783523444.605] [/local_avoidance]: [local_avoidance] ACTIVATED  (min_dist=0.35 m, idx=3007)
[INFO] [1783523445.312] [/local_avoidance]: [local_avoidance] avoiding...  min_dist=0.35 m
[INFO] [1783523446.353] [/local_avoidance]: [local_avoidance] avoiding...  min_dist=0.35 m
[INFO] [1783523447.379] [/local_avoidance]: [local_avoidance] avoiding...  min_dist=0.35 m
[WARN] [1783523447.716] [/exploration_node]: wait for trigger.
[INFO] [1783523448.204] [/cloud_crop_bridge]: [CloudCrop] 3084 -> 130 pts (4%)
[INFO] [1783523448.429] [/local_avoidance]: [local_avoidance] DEACTIVATED
[WARN] [1783523448.459] [/local_avoidance]: [local_avoidance] ACTIVATED  (min_dist=0.35 m, idx=2239)
[INFO] [1783523448.504] [/local_avoidance]: [local_avoidance] DEACTIVATED
[WARN] [1783523448.553] [/local_avoidance]: [local_avoidance] ACTIVATED  (min_dist=0.35 m, idx=7635)
[INFO] [1783523448.605] [/local_avoidance]: [local_avoidance] DEACTIVATED
[WARN] [1783523448.656] [/local_avoidance]: [local_avoidance] ACTIVATED  (min_dist=0.35 m, idx=6987)
[INFO] [1783523448.703] [/local_avoidance]: [local_avoidance] DEACTIVATED
[WARN] [1783523448.778] [/local_avoidance]: [local_avoidance] ACTIVATED  (min_dist=0.34 m, idx=1346)
[INFO] [1783523448.804] [/local_avoidance]: [local_avoidance] DEACTIVATED
[WARN] [1783523448.855] [/local_avoidance]: [local_avoidance] ACTIVATED  (min_dist=0.35 m, idx=7627)
[INFO] [1783523448.903] [/local_avoidance]: [local_avoidance] DEACTIVATED
[WARN] [1783523448.953] [/local_avoidance]: [local_avoidance] ACTIVATED  (min_dist=0.34 m, idx=1318)
[INFO] [1783523449.003] [/local_avoidance]: [local_avoidance] DEACTIVATED
[WARN] [1783523449.054] [/local_avoidance]: [local_avoidance] ACTIVATED  (min_dist=0.35 m, idx=2233)
[INFO] [1783523449.108] [/local_avoidance]: [local_avoidance] DEACTIVATED
[WARN] [1783523449.179] [/local_avoidance]: [local_avoidance] ACTIVATED  (min_dist=0.35 m, idx=8987)
[INFO] [1783523449.206] [/local_avoidance]: [local_avoidance] DEACTIVATED
[WARN] [1783523449.263] [/local_avoidance]: [local_avoidance] ACTIVATED  (min_dist=0.35 m, idx=8527)
[INFO] [1783523449.304] [/local_avoidance]: [local_avoidance] DEACTIVATED
[WARN] [1783523449.353] [/local_avoidance]: [local_avoidance] ACTIVATED  (min_dist=0.34 m, idx=9439)
[INFO] [1783523449.404] [/local_avoidance]: [local_avoidance] DEACTIVATED
[WARN] [1783523449.454] [/local_avoidance]: [local_avoidance] ACTIVATED  (min_dist=0.35 m, idx=3137)
[INFO] [1783523449.528] [/local_avoidance]: [local_avoidance] DEACTIVATED
[WARN] [1783523449.579] [/local_avoidance]: [local_avoidance] ACTIVATED  (min_dist=0.35 m, idx=3048)
[INFO] [1783523449.608] [/local_avoidance]: [local_avoidance] DEACTIVATED
[WARN] [1783523449.654] [/local_avoidance]: [local_avoidance] ACTIVATED  (min_dist=0.34 m, idx=2215)
[INFO] [1783523449.708] [/local_avoidance]: [local_avoidance] avoiding...  min_dist=0.59 m
[INFO] [1783523450.756] [/local_avoidance]: [local_avoidance] avoiding...  min_dist=0.35 m
[INFO] [1783523451.756] [/local_avoidance]: [local_avoidance] avoiding...  min_dist=0.34 m
[WARN] [1783523452.725] [/exploration_node]: wait for trigger.
[INFO] [1783523452.808] [/local_avoidance]: [local_avoidance] avoiding...  min_dist=0.35 m
[INFO] [1783523452.962] [/local_avoidance]: [local_avoidance] DEACTIVATED
[WARN] [1783523453.003] [/local_avoidance]: [local_avoidance] ACTIVATED  (min_dist=0.34 m, idx=7835)
[INFO] [1783523453.205] [/cloud_crop_bridge]: [CloudCrop] 2444 -> 762 pts (31%)
[INFO] [1783523453.554] [/local_avoidance]: [local_avoidance] DEACTIVATED
[WARN] [1783523453.603] [/local_avoidance]: [local_avoidance] ACTIVATED  (min_dist=0.35 m, idx=904)
[INFO] [1783523453.655] [/local_avoidance]: [local_avoidance] DEACTIVATED
[WARN] [1783523453.708] [/local_avoidance]: [local_avoidance] ACTIVATED  (min_dist=0.35 m, idx=428)
[INFO] [1783523453.779] [/local_avoidance]: [local_avoidance] DEACTIVATED
[WARN] [1783523453.808] [/local_avoidance]: [local_avoidance] ACTIVATED  (min_dist=0.35 m, idx=2061)
[INFO] [1783523453.857] [/local_avoidance]: [local_avoidance] DEACTIVATED
[WARN] [1783523453.915] [/local_avoidance]: [local_avoidance] ACTIVATED  (min_dist=0.35 m, idx=8213)
[INFO] [1783523453.978] [/local_avoidance]: [local_avoidance] DEACTIVATED
[WARN] [1783523454.004] [/local_avoidance]: [local_avoidance] ACTIVATED  (min_dist=0.34 m, idx=9501)
[INFO] [1783523454.054] [/local_avoidance]: [local_avoidance] DEACTIVATED
[WARN] [1783523454.105] [/local_avoidance]: [local_avoidance] ACTIVATED  (min_dist=0.35 m, idx=8666)
[INFO] [1783523454.157] [/local_avoidance]: [local_avoidance] DEACTIVATED
[WARN] [1783523454.229] [/local_avoidance]: [local_avoidance] ACTIVATED  (min_dist=0.35 m, idx=8115)
[INFO] [1783523454.253] [/local_avoidance]: [local_avoidance] DEACTIVATED
[WARN] [1783523454.304] [/local_avoidance]: [local_avoidance] ACTIVATED  (min_dist=0.35 m, idx=9215)
[INFO] [1783523454.353] [/local_avoidance]: [local_avoidance] DEACTIVATED
[WARN] [1783523454.403] [/local_avoidance]: [local_avoidance] ACTIVATED  (min_dist=0.35 m, idx=2813)
[INFO] [1783523454.453] [/local_avoidance]: [local_avoidance] avoiding...  min_dist=0.35 m
[INFO] [1783523454.553] [/local_avoidance]: [local_avoidance] DEACTIVATED
[WARN] [1783523454.605] [/local_avoidance]: [local_avoidance] ACTIVATED  (min_dist=0.35 m, idx=9111)
[INFO] [1783523454.755] [/local_avoidance]: [local_avoidance] DEACTIVATED
[WARN] [1783523454.806] [/local_avoidance]: [local_avoidance] ACTIVATED  (min_dist=0.35 m, idx=3822)
[INFO] [1783523455.455] [/local_avoidance]: [local_avoidance] avoiding...  min_dist=0.35 m
[INFO] [1783523456.463] [/local_avoidance]: [local_avoidance] avoiding...  min_dist=0.35 m
[INFO] [1783523457.504] [/local_avoidance]: [local_avoidance] avoiding...  min_dist=0.35 m
[WARN] [1783523457.729] [/exploration_node]: wait for trigger.
[INFO] [1783523458.204] [/local_avoidance]: [local_avoidance] DEACTIVATED
[WARN] [1783523458.253] [/local_avoidance]: [local_avoidance] ACTIVATED  (min_dist=0.35 m, idx=6351)
[INFO] [1783523458.253] [/cloud_crop_bridge]: [CloudCrop] 2416 -> 664 pts (27%)
[INFO] [1783523458.404] [/local_avoidance]: [local_avoidance] DEACTIVATED
[WARN] [1783523458.454] [/local_avoidance]: [local_avoidance] ACTIVATED  (min_dist=0.34 m, idx=8260)
[INFO] [1783523458.503] [/local_avoidance]: [local_avoidance] DEACTIVATED
[WARN] [1783523458.558] [/local_avoidance]: [local_avoidance] ACTIVATED  (min_dist=0.35 m, idx=7894)
[INFO] [1783523458.604] [/local_avoidance]: [local_avoidance] avoiding...  min_dist=0.59 m
[INFO] [1783523458.704] [/local_avoidance]: [local_avoidance] DEACTIVATED
[WARN] [1783523458.754] [/local_avoidance]: [local_avoidance] ACTIVATED  (min_dist=0.35 m, idx=2527)
[INFO] [1783523458.803] [/local_avoidance]: [local_avoidance] DEACTIVATED
[WARN] [1783523458.854] [/local_avoidance]: [local_avoidance] ACTIVATED  (min_dist=0.35 m, idx=7894)
[INFO] [1783523458.908] [/local_avoidance]: [local_avoidance] DEACTIVATED
[WARN] [1783523458.956] [/local_avoidance]: [local_avoidance] ACTIVATED  (min_dist=0.35 m, idx=8792)
[INFO] [1783523459.004] [/local_avoidance]: [local_avoidance] DEACTIVATED
[WARN] [1783523459.054] [/local_avoidance]: [local_avoidance] ACTIVATED  (min_dist=0.35 m, idx=8351)
[INFO] [1783523459.104] [/local_avoidance]: [local_avoidance] DEACTIVATED
[WARN] [1783523459.154] [/local_avoidance]: [local_avoidance] ACTIVATED  (min_dist=0.35 m, idx=9350)
[INFO] [1783523459.210] [/local_avoidance]: [local_avoidance] DEACTIVATED
[WARN] [1783523459.253] [/local_avoidance]: [local_avoidance] ACTIVATED  (min_dist=0.35 m, idx=1468)
[INFO] [1783523459.303] [/local_avoidance]: [local_avoidance] DEACTIVATED
[WARN] [1783523459.354] [/local_avoidance]: [local_avoidance] ACTIVATED  (min_dist=0.35 m, idx=8337)
[INFO] [1783523459.404] [/local_avoidance]: [local_avoidance] DEACTIVATED
[WARN] [1783523459.453] [/local_avoidance]: [local_avoidance] ACTIVATED  (min_dist=0.34 m, idx=2013)
[INFO] [1783523459.508] [/local_avoidance]: [local_avoidance] DEACTIVATED
[WARN] [1783523459.554] [/local_avoidance]: [local_avoidance] ACTIVATED  (min_dist=0.35 m, idx=8799)
[INFO] [1783523459.604] [/local_avoidance]: [local_avoidance] avoiding...  min_dist=0.35 m
[INFO] [1783523459.904] [/local_avoidance]: [local_avoidance] DEACTIVATED
[WARN] [1783523459.956] [/local_avoidance]: [local_avoidance] ACTIVATED  (min_dist=0.35 m, idx=3955)
[INFO] [1783523460.611] [/local_avoidance]: [local_avoidance] avoiding...  min_dist=0.35 m
[INFO] [1783523461.654] [/local_avoidance]: [local_avoidance] avoiding...  min_dist=0.35 m
[INFO] [1783523462.704] [/local_avoidance]: [local_avoidance] avoiding...  min_dist=0.35 m
[WARN] [1783523462.735] [/exploration_node]: wait for trigger.
[INFO] [1783523463.255] [/cloud_crop_bridge]: [CloudCrop] 3159 -> 60 pts (2%)
[INFO] [1783523463.358] [/local_avoidance]: [local_avoidance] DEACTIVATED
[WARN] [1783523463.405] [/local_avoidance]: [local_avoidance] ACTIVATED  (min_dist=0.35 m, idx=6477)
[INFO] [1783523463.554] [/local_avoidance]: [local_avoidance] DEACTIVATED
[WARN] [1783523463.606] [/local_avoidance]: [local_avoidance] ACTIVATED  (min_dist=0.35 m, idx=1085)
[INFO] [1783523463.680] [/local_avoidance]: [local_avoidance] DEACTIVATED
[WARN] [1783523463.704] [/local_avoidance]: [local_avoidance] ACTIVATED  (min_dist=0.35 m, idx=8615)
[INFO] [1783523463.754] [/local_avoidance]: [local_avoidance] DEACTIVATED
[WARN] [1783523463.804] [/local_avoidance]: [local_avoidance] ACTIVATED  (min_dist=0.35 m, idx=1729)
[INFO] [1783523463.854] [/local_avoidance]: [local_avoidance] DEACTIVATED
[WARN] [1783523463.903] [/local_avoidance]: [local_avoidance] ACTIVATED  (min_dist=0.35 m, idx=8569)
[INFO] [1783523463.954] [/local_avoidance]: [local_avoidance] DEACTIVATED
[WARN] [1783523464.006] [/local_avoidance]: [local_avoidance] ACTIVATED  (min_dist=0.34 m, idx=9576)
[INFO] [1783523464.057] [/local_avoidance]: [local_avoidance] DEACTIVATED
[WARN] [1783523464.108] [/local_avoidance]: [local_avoidance] ACTIVATED  (min_dist=0.35 m, idx=1608)
[INFO] [1783523464.179] [/local_avoidance]: [local_avoidance] DEACTIVATED
[WARN] [1783523464.204] [/local_avoidance]: [local_avoidance] ACTIVATED  (min_dist=0.35 m, idx=2935)
[INFO] [1783523464.253] [/local_avoidance]: [local_avoidance] DEACTIVATED
[WARN] [1783523464.303] [/local_avoidance]: [local_avoidance] ACTIVATED  (min_dist=0.34 m, idx=9483)
[INFO] [1783523464.354] [/local_avoidance]: [local_avoidance] DEACTIVATED
[WARN] [1783523464.406] [/local_avoidance]: [local_avoidance] ACTIVATED  (min_dist=0.35 m, idx=8923)
[INFO] [1783523464.454] [/local_avoidance]: [local_avoidance] DEACTIVATED
[WARN] [1783523464.506] [/local_avoidance]: [local_avoidance] ACTIVATED  (min_dist=0.35 m, idx=9920)
[INFO] [1783523464.554] [/local_avoidance]: [local_avoidance] DEACTIVATED
[WARN] [1783523464.610] [/local_avoidance]: [local_avoidance] ACTIVATED  (min_dist=0.35 m, idx=2145)
[INFO] [1783523464.654] [/local_avoidance]: [local_avoidance] avoiding...  min_dist=0.59 m
[INFO] [1783523465.655] [/local_avoidance]: [local_avoidance] avoiding...  min_dist=0.35 m
[INFO] [1783523466.704] [/local_avoidance]: [local_avoidance] avoiding...  min_dist=0.35 m
[INFO] [1783523467.708] [/local_avoidance]: [local_avoidance] avoiding...  min_dist=0.35 m
[WARN] [1783523467.735] [/exploration_node]: wait for trigger.
[INFO] [1783523468.259] [/cloud_crop_bridge]: [CloudCrop] 2460 -> 671 pts (27%)
[INFO] [1783523468.306] [/local_avoidance]: [local_avoidance] DEACTIVATED
[WARN] [1783523468.353] [/local_avoidance]: [local_avoidance] ACTIVATED  (min_dist=0.35 m, idx=6354)
[INFO] [1783523468.505] [/local_avoidance]: [local_avoidance] DEACTIVATED
[WARN] [1783523468.553] [/local_avoidance]: [local_avoidance] ACTIVATED  (min_dist=0.35 m, idx=944)
[INFO] [1783523468.708] [/local_avoidance]: [local_avoidance] DEACTIVATED
[WARN] [1783523468.753] [/local_avoidance]: [local_avoidance] ACTIVATED  (min_dist=0.35 m, idx=1323)
[INFO] [1783523468.804] [/local_avoidance]: [local_avoidance] DEACTIVATED
[WARN] [1783523468.854] [/local_avoidance]: [local_avoidance] ACTIVATED  (min_dist=0.35 m, idx=851)
[INFO] [1783523468.903] [/local_avoidance]: [local_avoidance] DEACTIVATED
[WARN] [1783523468.954] [/local_avoidance]: [local_avoidance] ACTIVATED  (min_dist=0.35 m, idx=1761)
[INFO] [1783523469.004] [/local_avoidance]: [local_avoidance] DEACTIVATED
[WARN] [1783523469.055] [/local_avoidance]: [local_avoidance] ACTIVATED  (min_dist=0.35 m, idx=1303)
[INFO] [1783523469.128] [/local_avoidance]: [local_avoidance] DEACTIVATED
[WARN] [1783523469.157] [/local_avoidance]: [local_avoidance] ACTIVATED  (min_dist=0.35 m, idx=8163)
[INFO] [1783523469.229] [/local_avoidance]: [local_avoidance] DEACTIVATED
[WARN] [1783523469.254] [/local_avoidance]: [local_avoidance] ACTIVATED  (min_dist=0.34 m, idx=1746)
[INFO] [1783523469.306] [/local_avoidance]: [local_avoidance] DEACTIVATED
[WARN] [1783523469.354] [/local_avoidance]: [local_avoidance] ACTIVATED  (min_dist=0.35 m, idx=8703)
[INFO] [1783523469.404] [/local_avoidance]: [local_avoidance] DEACTIVATED
[WARN] [1783523469.454] [/local_avoidance]: [local_avoidance] ACTIVATED  (min_dist=0.35 m, idx=2390)
[INFO] [1783523469.504] [/local_avoidance]: [local_avoidance] DEACTIVATED
[WARN] [1783523469.554] [/local_avoidance]: [local_avoidance] ACTIVATED  (min_dist=0.35 m, idx=9247)
[INFO] [1783523469.605] [/local_avoidance]: [local_avoidance] avoiding...  min_dist=0.37 m
[INFO] [1783523469.703] [/local_avoidance]: [local_avoidance] DEACTIVATED
[WARN] [1783523469.757] [/local_avoidance]: [local_avoidance] ACTIVATED  (min_dist=0.35 m, idx=3661)
[INFO] [1783523470.608] [/local_avoidance]: [local_avoidance] avoiding...  min_dist=0.35 m
[INFO] [1783523471.611] [/local_avoidance]: [local_avoidance] avoiding...  min_dist=0.35 m
[INFO] [1783523472.655] [/local_avoidance]: [local_avoidance] avoiding...  min_dist=0.35 m
[WARN] [1783523472.745] [/exploration_node]: wait for trigger.
[INFO] [1783523473.154] [/local_avoidance]: [local_avoidance] DEACTIVATED
[WARN] [1783523473.204] [/local_avoidance]: [local_avoidance] ACTIVATED  (min_dist=0.35 m, idx=6198)
[INFO] [1783523473.304] [/cloud_crop_bridge]: [CloudCrop] 2439 -> 775 pts (32%)
[INFO] [1783523473.478] [/local_avoidance]: [local_avoidance] DEACTIVATED
[WARN] [1783523473.507] [/local_avoidance]: [local_avoidance] ACTIVATED  (min_dist=0.35 m, idx=447)
[INFO] [1783523473.656] [/local_avoidance]: [local_avoidance] DEACTIVATED
[WARN] [1783523473.711] [/local_avoidance]: [local_avoidance] ACTIVATED  (min_dist=0.35 m, idx=986)
[INFO] [1783523473.754] [/local_avoidance]: [local_avoidance] DEACTIVATED
[WARN] [1783523473.803] [/local_avoidance]: [local_avoidance] ACTIVATED  (min_dist=0.35 m, idx=6285)
[INFO] [1783523473.854] [/local_avoidance]: [local_avoidance] DEACTIVATED
[WARN] [1783523473.903] [/local_avoidance]: [local_avoidance] ACTIVATED  (min_dist=0.35 m, idx=8838)
[INFO] [1783523473.953] [/local_avoidance]: [local_avoidance] DEACTIVATED
[WARN] [1783523474.004] [/local_avoidance]: [local_avoidance] ACTIVATED  (min_dist=0.35 m, idx=8290)
[INFO] [1783523474.055] [/local_avoidance]: [local_avoidance] DEACTIVATED
[WARN] [1783523474.105] [/local_avoidance]: [local_avoidance] ACTIVATED  (min_dist=0.35 m, idx=2091)
[INFO] [1783523474.154] [/local_avoidance]: [local_avoidance] DEACTIVATED
[INFO] [1783523474.186] [/exploration_node]: [EV] [1783523474.186][   +728.3s][WAIT_TRIGGER] Avoidance: Deactivated  <->  Activated | cycling x3355 over 727.3s
[WARN] [1783523474.203] [/local_avoidance]: [local_avoidance] ACTIVATED  (min_dist=0.35 m, idx=1500)
[INFO] [1783523474.262] [/local_avoidance]: [local_avoidance] DEACTIVATED
[WARN] [1783523474.311] [/local_avoidance]: [local_avoidance] ACTIVATED  (min_dist=0.35 m, idx=8281)
[INFO] [1783523474.355] [/local_avoidance]: [local_avoidance] DEACTIVATED
[WARN] [1783523474.404] [/local_avoidance]: [local_avoidance] ACTIVATED  (min_dist=0.35 m, idx=1952)
[INFO] [1783523474.454] [/local_avoidance]: [local_avoidance] DEACTIVATED
[WARN] [1783523474.503] [/local_avoidance]: [local_avoidance] ACTIVATED  (min_dist=0.35 m, idx=8733)
[INFO] [1783523474.554] [/local_avoidance]: [local_avoidance] DEACTIVATED
[WARN] [1783523474.606] [/local_avoidance]: [local_avoidance] ACTIVATED  (min_dist=0.34 m, idx=2418)
[INFO] [1783523474.654] [/local_avoidance]: [local_avoidance] DEACTIVATED
[WARN] [1783523474.703] [/local_avoidance]: [local_avoidance] ACTIVATED  (min_dist=0.35 m, idx=3337)
[INFO] [1783523474.754] [/local_avoidance]: [local_avoidance] avoiding...  min_dist=0.35 m
[INFO] [1783523475.803] [/local_avoidance]: [local_avoidance] avoiding...  min_dist=0.35 m
[INFO] [1783523476.804] [/local_avoidance]: [local_avoidance] avoiding...  min_dist=0.35 m
[WARN] [1783523477.755] [/exploration_node]: wait for trigger.
[INFO] [1783523477.810] [/local_avoidance]: [local_avoidance] avoiding...  min_dist=0.34 m
[INFO] [1783523478.314] [/cloud_crop_bridge]: [CloudCrop] 3155 -> 129 pts (4%)
[INFO] [1783523478.404] [/local_avoidance]: [local_avoidance] DEACTIVATED
[WARN] [1783523478.454] [/local_avoidance]: [local_avoidance] ACTIVATED  (min_dist=0.35 m, idx=7523)
[INFO] [1783523478.504] [/local_avoidance]: [local_avoidance] DEACTIVATED
[WARN] [1783523478.554] [/local_avoidance]: [local_avoidance] ACTIVATED  (min_dist=0.35 m, idx=1047)
[INFO] [1783523478.605] [/local_avoidance]: [local_avoidance] DEACTIVATED
[WARN] [1783523478.656] [/local_avoidance]: [local_avoidance] ACTIVATED  (min_dist=0.35 m, idx=648)
[INFO] [1783523478.708] [/local_avoidance]: [local_avoidance] DEACTIVATED
[WARN] [1783523478.753] [/local_avoidance]: [local_avoidance] ACTIVATED  (min_dist=0.35 m, idx=8876)
[INFO] [1783523478.809] [/local_avoidance]: [local_avoidance] DEACTIVATED
[WARN] [1783523478.868] [/local_avoidance]: [local_avoidance] ACTIVATED  (min_dist=0.35 m, idx=1292)
[INFO] [1783523478.904] [/local_avoidance]: [local_avoidance] DEACTIVATED
[WARN] [1783523478.954] [/local_avoidance]: [local_avoidance] ACTIVATED  (min_dist=0.35 m, idx=2029)
[INFO] [1783523479.003] [/local_avoidance]: [local_avoidance] DEACTIVATED
[WARN] [1783523479.055] [/local_avoidance]: [local_avoidance] ACTIVATED  (min_dist=0.35 m, idx=2133)
[INFO] [1783523479.108] [/local_avoidance]: [local_avoidance] DEACTIVATED
[WARN] [1783523479.153] [/local_avoidance]: [local_avoidance] ACTIVATED  (min_dist=0.35 m, idx=8419)
[INFO] [1783523479.204] [/local_avoidance]: [local_avoidance] DEACTIVATED
[WARN] [1783523479.253] [/local_avoidance]: [local_avoidance] ACTIVATED  (min_dist=0.34 m, idx=9523)
[INFO] [1783523479.312] [/local_avoidance]: [local_avoidance] DEACTIVATED
[WARN] [1783523479.359] [/local_avoidance]: [local_avoidance] ACTIVATED  (min_dist=0.35 m, idx=8871)
[INFO] [1783523479.403] [/local_avoidance]: [local_avoidance] DEACTIVATED
[WARN] [1783523479.460] [/local_avoidance]: [local_avoidance] ACTIVATED  (min_dist=0.35 m, idx=2410)
[INFO] [1783523479.504] [/local_avoidance]: [local_avoidance] DEACTIVATED
[WARN] [1783523479.554] [/local_avoidance]: [local_avoidance] ACTIVATED  (min_dist=0.34 m, idx=2084)
[INFO] [1783523479.604] [/local_avoidance]: [local_avoidance] avoiding...  min_dist=0.60 m
[INFO] [1783523480.654] [/local_avoidance]: [local_avoidance] avoiding...  min_dist=0.35 m
[INFO] [1783523481.660] [/local_avoidance]: [local_avoidance] avoiding...  min_dist=0.34 m
[INFO] [1783523482.707] [/local_avoidance]: [local_avoidance] avoiding...  min_dist=0.35 m
[WARN] [1783523482.765] [/exploration_node]: wait for trigger.
[INFO] [1783523483.362] [/cloud_crop_bridge]: [CloudCrop] 3126 -> 12 pts (0%)
[INFO] [1783523483.456] [/local_avoidance]: [local_avoidance] DEACTIVATED
[WARN] [1783523483.504] [/local_avoidance]: [local_avoidance] ACTIVATED  (min_dist=0.34 m, idx=8206)
[INFO] [1783523483.754] [/local_avoidance]: [local_avoidance] DEACTIVATED
[WARN] [1783523483.804] [/local_avoidance]: [local_avoidance] ACTIVATED  (min_dist=0.35 m, idx=8105)
[INFO] [1783523483.854] [/local_avoidance]: [local_avoidance] DEACTIVATED
[WARN] [1783523483.904] [/local_avoidance]: [local_avoidance] ACTIVATED  (min_dist=0.35 m, idx=1888)
[INFO] [1783523483.958] [/local_avoidance]: [local_avoidance] DEACTIVATED
[WARN] [1783523484.007] [/local_avoidance]: [local_avoidance] ACTIVATED  (min_dist=0.35 m, idx=8559)
[INFO] [1783523484.059] [/local_avoidance]: [local_avoidance] DEACTIVATED
[WARN] [1783523484.108] [/local_avoidance]: [local_avoidance] ACTIVATED  (min_dist=0.35 m, idx=8007)
[INFO] [1783523484.154] [/local_avoidance]: [local_avoidance] DEACTIVATED
[WARN] [1783523484.203] [/local_avoidance]: [local_avoidance] ACTIVATED  (min_dist=0.35 m, idx=1772)
[INFO] [1783523484.254] [/local_avoidance]: [local_avoidance] DEACTIVATED
[WARN] [1783523484.304] [/local_avoidance]: [local_avoidance] ACTIVATED  (min_dist=0.35 m, idx=8551)
[INFO] [1783523484.354] [/local_avoidance]: [local_avoidance] DEACTIVATED
[WARN] [1783523484.404] [/local_avoidance]: [local_avoidance] ACTIVATED  (min_dist=0.35 m, idx=2334)
[INFO] [1783523484.453] [/local_avoidance]: [local_avoidance] DEACTIVATED
[WARN] [1783523484.506] [/local_avoidance]: [local_avoidance] ACTIVATED  (min_dist=0.35 m, idx=3148)
[INFO] [1783523484.555] [/local_avoidance]: [local_avoidance] avoiding...  min_dist=0.59 m
[INFO] [1783523484.655] [/local_avoidance]: [local_avoidance] DEACTIVATED
[WARN] [1783523484.705] [/local_avoidance]: [local_avoidance] ACTIVATED  (min_dist=0.35 m, idx=9643)
[INFO] [1783523485.604] [/local_avoidance]: [local_avoidance] avoiding...  min_dist=0.35 m
[INFO] [1783523486.604] [/local_avoidance]: [local_avoidance] avoiding...  min_dist=0.35 m
[INFO] [1783523487.654] [/local_avoidance]: [local_avoidance] avoiding...  min_dist=0.35 m
[WARN] [1783523487.765] [/exploration_node]: wait for trigger.
[INFO] [1783523488.229] [/local_avoidance]: [local_avoidance] DEACTIVATED
[WARN] [1783523488.278] [/local_avoidance]: [local_avoidance] ACTIVATED  (min_dist=0.35 m, idx=7818)
[INFO] [1783523488.310] [/local_avoidance]: [local_avoidance] DEACTIVATED
[WARN] [1783523488.355] [/local_avoidance]: [local_avoidance] ACTIVATED  (min_dist=0.35 m, idx=840)
[INFO] [1783523488.384] [/cloud_crop_bridge]: [CloudCrop] 2381 -> 689 pts (29%)
[INFO] [1783523488.408] [/local_avoidance]: [local_avoidance] DEACTIVATED
[WARN] [1783523488.457] [/local_avoidance]: [local_avoidance] ACTIVATED  (min_dist=0.35 m, idx=7799)
[INFO] [1783523488.710] [/local_avoidance]: [local_avoidance] DEACTIVATED
[WARN] [1783523488.754] [/local_avoidance]: [local_avoidance] ACTIVATED  (min_dist=0.35 m, idx=9803)
[INFO] [1783523488.804] [/local_avoidance]: [local_avoidance] DEACTIVATED
[WARN] [1783523488.854] [/local_avoidance]: [local_avoidance] ACTIVATED  (min_dist=0.35 m, idx=1491)
[INFO] [1783523488.903] [/local_avoidance]: [local_avoidance] DEACTIVATED
[WARN] [1783523488.955] [/local_avoidance]: [local_avoidance] ACTIVATED  (min_dist=0.35 m, idx=1384)
[INFO] [1783523489.004] [/local_avoidance]: [local_avoidance] DEACTIVATED
[WARN] [1783523489.056] [/local_avoidance]: [local_avoidance] ACTIVATED  (min_dist=0.35 m, idx=1943)
[INFO] [1783523489.120] [/local_avoidance]: [local_avoidance] DEACTIVATED
[WARN] [1783523489.156] [/local_avoidance]: [local_avoidance] ACTIVATED  (min_dist=0.34 m, idx=1571)
[INFO] [1783523489.206] [/local_avoidance]: [local_avoidance] DEACTIVATED
[WARN] [1783523489.253] [/local_avoidance]: [local_avoidance] ACTIVATED  (min_dist=0.34 m, idx=9694)
[INFO] [1783523489.304] [/local_avoidance]: [local_avoidance] avoiding...  min_dist=0.60 m
[INFO] [1783523489.803] [/local_avoidance]: [local_avoidance] DEACTIVATED
[WARN] [1783523489.854] [/local_avoidance]: [local_avoidance] ACTIVATED  (min_dist=0.35 m, idx=9679)
[INFO] [1783523490.309] [/local_avoidance]: [local_avoidance] avoiding...  min_dist=0.35 m
[INFO] [1783523491.354] [/local_avoidance]: [local_avoidance] avoiding...  min_dist=0.35 m
[INFO] [1783523492.405] [/local_avoidance]: [local_avoidance] avoiding...  min_dist=0.35 m
[WARN] [1783523492.775] [/exploration_node]: wait for trigger.
[INFO] [1783523493.255] [/local_avoidance]: [local_avoidance] DEACTIVATED
[WARN] [1783523493.304] [/local_avoidance]: [local_avoidance] ACTIVATED  (min_dist=0.35 m, idx=7920)
[INFO] [1783523493.404] [/local_avoidance]: [local_avoidance] avoiding...  min_dist=0.34 m
[INFO] [1783523493.405] [/cloud_crop_bridge]: [CloudCrop] 2208 -> 765 pts (35%)
[INFO] [1783523493.559] [/local_avoidance]: [local_avoidance] DEACTIVATED
[WARN] [1783523493.604] [/local_avoidance]: [local_avoidance] ACTIVATED  (min_dist=0.35 m, idx=606)
[INFO] [1783523493.653] [/local_avoidance]: [local_avoidance] DEACTIVATED
[WARN] [1783523493.703] [/local_avoidance]: [local_avoidance] ACTIVATED  (min_dist=0.35 m, idx=7371)
[INFO] [1783523493.754] [/local_avoidance]: [local_avoidance] DEACTIVATED
[WARN] [1783523493.804] [/local_avoidance]: [local_avoidance] ACTIVATED  (min_dist=0.35 m, idx=8375)
[INFO] [1783523493.854] [/local_avoidance]: [local_avoidance] DEACTIVATED
[WARN] [1783523493.903] [/local_avoidance]: [local_avoidance] ACTIVATED  (min_dist=0.35 m, idx=2087)
[INFO] [1783523493.956] [/local_avoidance]: [local_avoidance] DEACTIVATED
[WARN] [1783523494.008] [/local_avoidance]: [local_avoidance] ACTIVATED  (min_dist=0.35 m, idx=1500)
[INFO] [1783523494.056] [/local_avoidance]: [local_avoidance] DEACTIVATED
[WARN] [1783523494.108] [/local_avoidance]: [local_avoidance] ACTIVATED  (min_dist=0.35 m, idx=2631)
[INFO] [1783523494.159] [/local_avoidance]: [local_avoidance] DEACTIVATED
[WARN] [1783523494.204] [/local_avoidance]: [local_avoidance] ACTIVATED  (min_dist=0.35 m, idx=9855)
[INFO] [1783523494.253] [/local_avoidance]: [local_avoidance] DEACTIVATED
[WARN] [1783523494.303] [/local_avoidance]: [local_avoidance] ACTIVATED  (min_dist=0.35 m, idx=8723)
[INFO] [1783523494.453] [/local_avoidance]: [local_avoidance] DEACTIVATED
[WARN] [1783523494.503] [/local_avoidance]: [local_avoidance] ACTIVATED  (min_dist=0.35 m, idx=9363)
[INFO] [1783523494.554] [/local_avoidance]: [local_avoidance] DEACTIVATED
[WARN] [1783523494.604] [/local_avoidance]: [local_avoidance] ACTIVATED  (min_dist=0.35 m, idx=3048)
[INFO] [1783523494.654] [/local_avoidance]: [local_avoidance] avoiding...  min_dist=0.35 m
[INFO] [1783523495.660] [/local_avoidance]: [local_avoidance] avoiding...  min_dist=0.34 m
[INFO] [1783523496.704] [/local_avoidance]: [local_avoidance] avoiding...  min_dist=0.35 m
[INFO] [1783523497.754] [/local_avoidance]: [local_avoidance] avoiding...  min_dist=0.35 m
[WARN] [1783523497.775] [/exploration_node]: wait for trigger.
[INFO] [1783523498.404] [/local_avoidance]: [local_avoidance] DEACTIVATED
[INFO] [1783523498.406] [/cloud_crop_bridge]: [CloudCrop] 3176 -> 129 pts (4%)
[WARN] [1783523498.453] [/local_avoidance]: [local_avoidance] ACTIVATED  (min_dist=0.35 m, idx=644)
[INFO] [1783523498.706] [/local_avoidance]: [local_avoidance] DEACTIVATED
[WARN] [1783523498.761] [/local_avoidance]: [local_avoidance] ACTIVATED  (min_dist=0.34 m, idx=1223)
[INFO] [1783523498.810] [/local_avoidance]: [local_avoidance] DEACTIVATED
[WARN] [1783523498.858] [/local_avoidance]: [local_avoidance] ACTIVATED  (min_dist=0.35 m, idx=1955)
[INFO] [1783523498.903] [/local_avoidance]: [local_avoidance] DEACTIVATED
[WARN] [1783523498.954] [/local_avoidance]: [local_avoidance] ACTIVATED  (min_dist=0.34 m, idx=1291)
[INFO] [1783523499.003] [/local_avoidance]: [local_avoidance] DEACTIVATED
[WARN] [1783523499.053] [/local_avoidance]: [local_avoidance] ACTIVATED  (min_dist=0.35 m, idx=9505)
[INFO] [1783523499.104] [/local_avoidance]: [local_avoidance] DEACTIVATED
[WARN] [1783523499.153] [/local_avoidance]: [local_avoidance] ACTIVATED  (min_dist=0.34 m, idx=1743)
[INFO] [1783523499.204] [/local_avoidance]: [local_avoidance] DEACTIVATED
[WARN] [1783523499.253] [/local_avoidance]: [local_avoidance] ACTIVATED  (min_dist=0.35 m, idx=2663)
[INFO] [1783523499.303] [/local_avoidance]: [local_avoidance] DEACTIVATED
[WARN] [1783523499.354] [/local_avoidance]: [local_avoidance] ACTIVATED  (min_dist=0.35 m, idx=9503)
[INFO] [1783523499.403] [/local_avoidance]: [local_avoidance] DEACTIVATED
[WARN] [1783523499.454] [/local_avoidance]: [local_avoidance] ACTIVATED  (min_dist=0.35 m, idx=3119)
[INFO] [1783523499.504] [/local_avoidance]: [local_avoidance] avoiding...  min_dist=0.35 m
[INFO] [1783523499.603] [/local_avoidance]: [local_avoidance] DEACTIVATED
[WARN] [1783523499.653] [/local_avoidance]: [local_avoidance] ACTIVATED  (min_dist=0.35 m, idx=9591)
[INFO] [1783523500.504] [/local_avoidance]: [local_avoidance] avoiding...  min_dist=0.35 m
[INFO] [1783523501.554] [/local_avoidance]: [local_avoidance] avoiding...  min_dist=0.35 m
[INFO] [1783523502.603] [/local_avoidance]: [local_avoidance] avoiding...  min_dist=0.35 m
[WARN] [1783523502.776] [/exploration_node]: wait for trigger.
[INFO] [1783523503.254] [/local_avoidance]: [local_avoidance] DEACTIVATED
[WARN] [1783523503.304] [/local_avoidance]: [local_avoidance] ACTIVATED  (min_dist=0.35 m, idx=8100)
[INFO] [1783523503.360] [/local_avoidance]: [local_avoidance] DEACTIVATED
[WARN] [1783523503.409] [/local_avoidance]: [local_avoidance] ACTIVATED  (min_dist=0.34 m, idx=7735)
[INFO] [1783523503.411] [/cloud_crop_bridge]: [CloudCrop] 2398 -> 776 pts (32%)
[INFO] [1783523503.458] [/local_avoidance]: [local_avoidance] DEACTIVATED
[WARN] [1783523503.504] [/local_avoidance]: [local_avoidance] ACTIVATED  (min_dist=0.35 m, idx=1341)
[INFO] [1783523503.555] [/local_avoidance]: [local_avoidance] DEACTIVATED
[WARN] [1783523503.605] [/local_avoidance]: [local_avoidance] ACTIVATED  (min_dist=0.34 m, idx=8287)
[INFO] [1783523503.671] [/local_avoidance]: [local_avoidance] DEACTIVATED
[WARN] [1783523503.706] [/local_avoidance]: [local_avoidance] ACTIVATED  (min_dist=0.35 m, idx=7730)
[INFO] [1783523503.778] [/local_avoidance]: [local_avoidance] avoiding...  min_dist=0.56 m
[INFO] [1783523503.859] [/local_avoidance]: [local_avoidance] DEACTIVATED
[WARN] [1783523503.904] [/local_avoidance]: [local_avoidance] ACTIVATED  (min_dist=0.35 m, idx=848)
[INFO] [1783523503.953] [/local_avoidance]: [local_avoidance] DEACTIVATED
[WARN] [1783523504.007] [/local_avoidance]: [local_avoidance] ACTIVATED  (min_dist=0.35 m, idx=1868)
[INFO] [1783523504.053] [/local_avoidance]: [local_avoidance] DEACTIVATED
[WARN] [1783523504.103] [/local_avoidance]: [local_avoidance] ACTIVATED  (min_dist=0.35 m, idx=8631)
[INFO] [1783523504.154] [/local_avoidance]: [local_avoidance] DEACTIVATED
[WARN] [1783523504.204] [/local_avoidance]: [local_avoidance] ACTIVATED  (min_dist=0.34 m, idx=9638)
[WARN] [1783523504.235] [/exploration_node]: [EV] [1783523504.235][   +758.4s][WAIT_TRIGGER] Avoidance: Activated  <->  Deactivated | cycling x3490 over 757.4s
[INFO] [1783523504.253] [/local_avoidance]: [local_avoidance] DEACTIVATED
[WARN] [1783523504.309] [/local_avoidance]: [local_avoidance] ACTIVATED  (min_dist=0.34 m, idx=2053)
[INFO] [1783523504.355] [/local_avoidance]: [local_avoidance] DEACTIVATED
[WARN] [1783523504.403] [/local_avoidance]: [local_avoidance] ACTIVATED  (min_dist=0.35 m, idx=2873)
[INFO] [1783523504.453] [/local_avoidance]: [local_avoidance] DEACTIVATED
[WARN] [1783523504.503] [/local_avoidance]: [local_avoidance] ACTIVATED  (min_dist=0.35 m, idx=2331)
[INFO] [1783523504.553] [/local_avoidance]: [local_avoidance] DEACTIVATED
[WARN] [1783523504.607] [/local_avoidance]: [local_avoidance] ACTIVATED  (min_dist=0.35 m, idx=3316)
[INFO] [1783523504.755] [/local_avoidance]: [local_avoidance] DEACTIVATED
[WARN] [1783523504.813] [/local_avoidance]: [local_avoidance] ACTIVATED  (min_dist=0.35 m, idx=4161)
[INFO] [1783523504.854] [/local_avoidance]: [local_avoidance] avoiding...  min_dist=0.35 m
[INFO] [1783523505.857] [/local_avoidance]: [local_avoidance] avoiding...  min_dist=0.35 m
[INFO] [1783523506.904] [/local_avoidance]: [local_avoidance] avoiding...  min_dist=0.35 m
[WARN] [1783523507.785] [/exploration_node]: wait for trigger.
[INFO] [1783523507.954] [/local_avoidance]: [local_avoidance] avoiding...  min_dist=0.35 m
[INFO] [1783523508.203] [/local_avoidance]: [local_avoidance] DEACTIVATED
[WARN] [1783523508.274] [/local_avoidance]: [local_avoidance] ACTIVATED  (min_dist=0.34 m, idx=7672)
[INFO] [1783523508.403] [/local_avoidance]: [local_avoidance] DEACTIVATED
[WARN] [1783523508.454] [/local_avoidance]: [local_avoidance] ACTIVATED  (min_dist=0.35 m, idx=8321)
[INFO] [1783523508.455] [/cloud_crop_bridge]: [CloudCrop] 2400 -> 783 pts (33%)
[INFO] [1783523508.505] [/local_avoidance]: [local_avoidance] DEACTIVATED
[WARN] [1783523508.554] [/local_avoidance]: [local_avoidance] ACTIVATED  (min_dist=0.35 m, idx=7871)
[INFO] [1783523508.606] [/local_avoidance]: [local_avoidance] DEACTIVATED
[WARN] [1783523508.654] [/local_avoidance]: [local_avoidance] ACTIVATED  (min_dist=0.35 m, idx=1373)
[INFO] [1783523508.704] [/local_avoidance]: [local_avoidance] DEACTIVATED
[WARN] [1783523508.755] [/local_avoidance]: [local_avoidance] ACTIVATED  (min_dist=0.34 m, idx=1119)
[INFO] [1783523508.806] [/local_avoidance]: [local_avoidance] DEACTIVATED
[WARN] [1783523508.862] [/local_avoidance]: [local_avoidance] ACTIVATED  (min_dist=0.35 m, idx=9316)
[INFO] [1783523508.906] [/local_avoidance]: [local_avoidance] DEACTIVATED
[WARN] [1783523508.978] [/local_avoidance]: [local_avoidance] ACTIVATED  (min_dist=0.34 m, idx=1562)
[INFO] [1783523509.004] [/local_avoidance]: [local_avoidance] DEACTIVATED
[WARN] [1783523509.053] [/local_avoidance]: [local_avoidance] ACTIVATED  (min_dist=0.35 m, idx=8315)
[INFO] [1783523509.103] [/local_avoidance]: [local_avoidance] DEACTIVATED
[WARN] [1783523509.178] [/local_avoidance]: [local_avoidance] ACTIVATED  (min_dist=0.34 m, idx=9315)
[INFO] [1783523509.203] [/local_avoidance]: [local_avoidance] DEACTIVATED
[WARN] [1783523509.254] [/local_avoidance]: [local_avoidance] ACTIVATED  (min_dist=0.35 m, idx=8767)
[INFO] [1783523509.303] [/local_avoidance]: [local_avoidance] DEACTIVATED
[WARN] [1783523509.354] [/local_avoidance]: [local_avoidance] ACTIVATED  (min_dist=0.35 m, idx=2449)
[INFO] [1783523509.403] [/local_avoidance]: [local_avoidance] DEACTIVATED
[WARN] [1783523509.454] [/local_avoidance]: [local_avoidance] ACTIVATED  (min_dist=0.35 m, idx=7827)
[INFO] [1783523509.503] [/local_avoidance]: [local_avoidance] avoiding...  min_dist=0.59 m
[INFO] [1783523510.503] [/local_avoidance]: [local_avoidance] avoiding...  min_dist=0.35 m
[INFO] [1783523511.505] [/local_avoidance]: [local_avoidance] avoiding...  min_dist=0.34 m
[INFO] [1783523512.553] [/local_avoidance]: [local_avoidance] avoiding...  min_dist=0.35 m
[WARN] [1783523512.795] [/exploration_node]: wait for trigger.
[INFO] [1783523513.256] [/local_avoidance]: [local_avoidance] DEACTIVATED
[WARN] [1783523513.304] [/local_avoidance]: [local_avoidance] ACTIVATED  (min_dist=0.35 m, idx=7002)
[INFO] [1783523513.353] [/local_avoidance]: [local_avoidance] DEACTIVATED
[WARN] [1783523513.403] [/local_avoidance]: [local_avoidance] ACTIVATED  (min_dist=0.35 m, idx=684)
[INFO] [1783523513.505] [/cloud_crop_bridge]: [CloudCrop] 2387 -> 766 pts (32%)
[INFO] [1783523513.555] [/local_avoidance]: [local_avoidance] DEACTIVATED
[WARN] [1783523513.603] [/local_avoidance]: [local_avoidance] ACTIVATED  (min_dist=0.35 m, idx=8458)
[INFO] [1783523513.653] [/local_avoidance]: [local_avoidance] DEACTIVATED
[WARN] [1783523513.704] [/local_avoidance]: [local_avoidance] ACTIVATED  (min_dist=0.34 m, idx=8007)
[INFO] [1783523513.754] [/local_avoidance]: [local_avoidance] DEACTIVATED
[WARN] [1783523513.807] [/local_avoidance]: [local_avoidance] ACTIVATED  (min_dist=0.35 m, idx=1492)
[INFO] [1783523513.857] [/local_avoidance]: [local_avoidance] DEACTIVATED
[WARN] [1783523513.904] [/local_avoidance]: [local_avoidance] ACTIVATED  (min_dist=0.35 m, idx=1226)
[INFO] [1783523513.955] [/local_avoidance]: [local_avoidance] DEACTIVATED
[WARN] [1783523514.030] [/local_avoidance]: [local_avoidance] ACTIVATED  (min_dist=0.35 m, idx=2136)
[INFO] [1783523514.053] [/local_avoidance]: [local_avoidance] DEACTIVATED
[WARN] [1783523514.103] [/local_avoidance]: [local_avoidance] ACTIVATED  (min_dist=0.35 m, idx=1678)
[INFO] [1783523514.154] [/local_avoidance]: [local_avoidance] DEACTIVATED
[WARN] [1783523514.204] [/local_avoidance]: [local_avoidance] ACTIVATED  (min_dist=0.35 m, idx=2597)
[INFO] [1783523514.254] [/local_avoidance]: [local_avoidance] DEACTIVATED
[WARN] [1783523514.306] [/local_avoidance]: [local_avoidance] ACTIVATED  (min_dist=0.35 m, idx=7986)
[INFO] [1783523514.353] [/local_avoidance]: [local_avoidance] avoiding...  min_dist=0.35 m
[INFO] [1783523515.356] [/local_avoidance]: [local_avoidance] avoiding...  min_dist=0.35 m
[INFO] [1783523516.403] [/local_avoidance]: [local_avoidance] avoiding...  min_dist=0.35 m
[INFO] [1783523517.403] [/local_avoidance]: [local_avoidance] avoiding...  min_dist=0.35 m
[WARN] [1783523517.810] [/exploration_node]: wait for trigger.
[INFO] [1783523518.206] [/local_avoidance]: [local_avoidance] DEACTIVATED
[WARN] [1783523518.253] [/local_avoidance]: [local_avoidance] ACTIVATED  (min_dist=0.35 m, idx=837)
[INFO] [1783523518.303] [/local_avoidance]: [local_avoidance] DEACTIVATED
[WARN] [1783523518.359] [/local_avoidance]: [local_avoidance] ACTIVATED  (min_dist=0.35 m, idx=7676)
[INFO] [1783523518.405] [/local_avoidance]: [local_avoidance] DEACTIVATED
[WARN] [1783523518.454] [/local_avoidance]: [local_avoidance] ACTIVATED  (min_dist=0.35 m, idx=1591)
[INFO] [1783523518.504] [/local_avoidance]: [local_avoidance] DEACTIVATED
[INFO] [1783523518.507] [/cloud_crop_bridge]: [CloudCrop] 3197 -> 85 pts (3%)
[WARN] [1783523518.555] [/local_avoidance]: [local_avoidance] ACTIVATED  (min_dist=0.35 m, idx=8128)
[INFO] [1783523518.607] [/local_avoidance]: [local_avoidance] DEACTIVATED
[WARN] [1783523518.653] [/local_avoidance]: [local_avoidance] ACTIVATED  (min_dist=0.35 m, idx=7769)
[INFO] [1783523518.710] [/local_avoidance]: [local_avoidance] avoiding...  min_dist=0.52 m
[INFO] [1783523518.803] [/local_avoidance]: [local_avoidance] DEACTIVATED
[WARN] [1783523518.854] [/local_avoidance]: [local_avoidance] ACTIVATED  (min_dist=0.35 m, idx=6669)
[INFO] [1783523518.904] [/local_avoidance]: [local_avoidance] DEACTIVATED
[WARN] [1783523518.953] [/local_avoidance]: [local_avoidance] ACTIVATED  (min_dist=0.35 m, idx=1716)
[INFO] [1783523519.005] [/local_avoidance]: [local_avoidance] DEACTIVATED
[WARN] [1783523519.054] [/local_avoidance]: [local_avoidance] ACTIVATED  (min_dist=0.34 m, idx=1262)
[INFO] [1783523519.104] [/local_avoidance]: [local_avoidance] DEACTIVATED
[WARN] [1783523519.156] [/local_avoidance]: [local_avoidance] ACTIVATED  (min_dist=0.34 m, idx=9586)
[INFO] [1783523519.205] [/local_avoidance]: [local_avoidance] DEACTIVATED
[WARN] [1783523519.254] [/local_avoidance]: [local_avoidance] ACTIVATED  (min_dist=0.35 m, idx=1911)
[INFO] [1783523519.406] [/local_avoidance]: [local_avoidance] DEACTIVATED
[WARN] [1783523519.454] [/local_avoidance]: [local_avoidance] ACTIVATED  (min_dist=0.34 m, idx=2459)
[INFO] [1783523519.706] [/local_avoidance]: [local_avoidance] DEACTIVATED
[WARN] [1783523519.754] [/local_avoidance]: [local_avoidance] ACTIVATED  (min_dist=0.35 m, idx=3620)
[INFO] [1783523519.804] [/local_avoidance]: [local_avoidance] avoiding...  min_dist=0.35 m
[INFO] [1783523520.855] [/local_avoidance]: [local_avoidance] avoiding...  min_dist=0.35 m
[INFO] [1783523521.857] [/local_avoidance]: [local_avoidance] avoiding...  min_dist=0.35 m
[WARN] [1783523522.815] [/exploration_node]: wait for trigger.
[INFO] [1783523522.860] [/local_avoidance]: [local_avoidance] avoiding...  min_dist=0.34 m
[INFO] [1783523523.153] [/local_avoidance]: [local_avoidance] DEACTIVATED
[WARN] [1783523523.204] [/local_avoidance]: [local_avoidance] ACTIVATED  (min_dist=0.35 m, idx=431)
[INFO] [1783523523.354] [/local_avoidance]: [local_avoidance] DEACTIVATED
[WARN] [1783523523.404] [/local_avoidance]: [local_avoidance] ACTIVATED  (min_dist=0.35 m, idx=869)
[INFO] [1783523523.454] [/local_avoidance]: [local_avoidance] DEACTIVATED
[WARN] [1783523523.504] [/local_avoidance]: [local_avoidance] ACTIVATED  (min_dist=0.34 m, idx=498)
[INFO] [1783523523.554] [/local_avoidance]: [local_avoidance] DEACTIVATED
[INFO] [1783523523.555] [/cloud_crop_bridge]: [CloudCrop] 3136 -> 0 pts (0%)
[WARN] [1783523523.603] [/local_avoidance]: [local_avoidance] ACTIVATED  (min_dist=0.35 m, idx=1335)
[INFO] [1783523523.679] [/local_avoidance]: [local_avoidance] DEACTIVATED
[WARN] [1783523523.703] [/local_avoidance]: [local_avoidance] ACTIVATED  (min_dist=0.34 m, idx=1622)
[INFO] [1783523523.754] [/local_avoidance]: [local_avoidance] DEACTIVATED
[WARN] [1783523523.803] [/local_avoidance]: [local_avoidance] ACTIVATED  (min_dist=0.35 m, idx=7715)
[INFO] [1783523523.853] [/local_avoidance]: [local_avoidance] DEACTIVATED
[WARN] [1783523523.907] [/local_avoidance]: [local_avoidance] ACTIVATED  (min_dist=0.35 m, idx=8719)
[INFO] [1783523523.957] [/local_avoidance]: [local_avoidance] DEACTIVATED
[WARN] [1783523524.004] [/local_avoidance]: [local_avoidance] ACTIVATED  (min_dist=0.35 m, idx=2321)
[INFO] [1783523524.053] [/local_avoidance]: [local_avoidance] DEACTIVATED
[WARN] [1783523524.103] [/local_avoidance]: [local_avoidance] ACTIVATED  (min_dist=0.34 m, idx=1854)
[INFO] [1783523524.179] [/local_avoidance]: [local_avoidance] DEACTIVATED
[WARN] [1783523524.205] [/local_avoidance]: [local_avoidance] ACTIVATED  (min_dist=0.35 m, idx=8807)
[INFO] [1783523524.253] [/local_avoidance]: [local_avoidance] DEACTIVATED
[WARN] [1783523524.304] [/local_avoidance]: [local_avoidance] ACTIVATED  (min_dist=0.35 m, idx=9623)
[INFO] [1783523524.356] [/local_avoidance]: [local_avoidance] DEACTIVATED
[WARN] [1783523524.409] [/local_avoidance]: [local_avoidance] ACTIVATED  (min_dist=0.35 m, idx=9162)
[INFO] [1783523524.468] [/local_avoidance]: [local_avoidance] avoiding...  min_dist=0.60 m
[INFO] [1783523524.554] [/local_avoidance]: [local_avoidance] DEACTIVATED
[WARN] [1783523524.605] [/local_avoidance]: [local_avoidance] ACTIVATED  (min_dist=0.34 m, idx=2399)
[INFO] [1783523525.504] [/local_avoidance]: [local_avoidance] avoiding...  min_dist=0.35 m
[INFO] [1783523526.504] [/local_avoidance]: [local_avoidance] avoiding...  min_dist=0.34 m
[INFO] [1783523527.506] [/local_avoidance]: [local_avoidance] avoiding...  min_dist=0.35 m
[WARN] [1783523527.815] [/exploration_node]: wait for trigger.
[INFO] [1783523527.829] [/local_avoidance]: [local_avoidance] DEACTIVATED
[WARN] [1783523527.861] [/local_avoidance]: [local_avoidance] ACTIVATED  (min_dist=0.35 m, idx=6623)
[INFO] [1783523528.007] [/local_avoidance]: [local_avoidance] DEACTIVATED
[WARN] [1783523528.053] [/local_avoidance]: [local_avoidance] ACTIVATED  (min_dist=0.35 m, idx=379)
[INFO] [1783523528.304] [/local_avoidance]: [local_avoidance] DEACTIVATED
[WARN] [1783523528.356] [/local_avoidance]: [local_avoidance] ACTIVATED  (min_dist=0.35 m, idx=7850)
[INFO] [1783523528.504] [/local_avoidance]: [local_avoidance] DEACTIVATED
[WARN] [1783523528.554] [/local_avoidance]: [local_avoidance] ACTIVATED  (min_dist=0.35 m, idx=1084)
[INFO] [1783523528.556] [/cloud_crop_bridge]: [CloudCrop] 2274 -> 856 pts (38%)
[INFO] [1783523528.606] [/local_avoidance]: [local_avoidance] DEACTIVATED
[WARN] [1783523528.653] [/local_avoidance]: [local_avoidance] ACTIVATED  (min_dist=0.35 m, idx=7847)
[INFO] [1783523528.704] [/local_avoidance]: [local_avoidance] DEACTIVATED
[WARN] [1783523528.754] [/local_avoidance]: [local_avoidance] ACTIVATED  (min_dist=0.35 m, idx=1463)
[INFO] [1783523528.806] [/local_avoidance]: [local_avoidance] DEACTIVATED
[WARN] [1783523528.854] [/local_avoidance]: [local_avoidance] ACTIVATED  (min_dist=0.35 m, idx=8393)
[INFO] [1783523528.903] [/local_avoidance]: [local_avoidance] DEACTIVATED
[WARN] [1783523528.958] [/local_avoidance]: [local_avoidance] ACTIVATED  (min_dist=0.34 m, idx=9297)
[INFO] [1783523529.004] [/local_avoidance]: [local_avoidance] DEACTIVATED
[WARN] [1783523529.053] [/local_avoidance]: [local_avoidance] ACTIVATED  (min_dist=0.35 m, idx=8847)
[INFO] [1783523529.104] [/local_avoidance]: [local_avoidance] DEACTIVATED
[WARN] [1783523529.155] [/local_avoidance]: [local_avoidance] ACTIVATED  (min_dist=0.35 m, idx=8295)
[INFO] [1783523529.205] [/local_avoidance]: [local_avoidance] DEACTIVATED
[WARN] [1783523529.254] [/local_avoidance]: [local_avoidance] ACTIVATED  (min_dist=0.35 m, idx=9290)
[INFO] [1783523529.303] [/local_avoidance]: [local_avoidance] DEACTIVATED
[WARN] [1783523529.357] [/local_avoidance]: [local_avoidance] ACTIVATED  (min_dist=0.35 m, idx=2993)
[INFO] [1783523529.428] [/local_avoidance]: [local_avoidance] avoiding...  min_dist=0.36 m
[INFO] [1783523529.505] [/local_avoidance]: [local_avoidance] DEACTIVATED
[WARN] [1783523529.554] [/local_avoidance]: [local_avoidance] ACTIVATED  (min_dist=0.35 m, idx=9285)
[INFO] [1783523530.457] [/local_avoidance]: [local_avoidance] avoiding...  min_dist=0.35 m
[INFO] [1783523531.512] [/local_avoidance]: [local_avoidance] avoiding...  min_dist=0.35 m
[INFO] [1783523532.554] [/local_avoidance]: [local_avoidance] avoiding...  min_dist=0.35 m
[WARN] [1783523532.816] [/exploration_node]: wait for trigger.
[INFO] [1783523533.155] [/local_avoidance]: [local_avoidance] DEACTIVATED
[WARN] [1783523533.203] [/local_avoidance]: [local_avoidance] ACTIVATED  (min_dist=0.35 m, idx=502)
[INFO] [1783523533.280] [/local_avoidance]: [local_avoidance] DEACTIVATED
[WARN] [1783523533.304] [/local_avoidance]: [local_avoidance] ACTIVATED  (min_dist=0.35 m, idx=335)
[INFO] [1783523533.354] [/local_avoidance]: [local_avoidance] DEACTIVATED
[WARN] [1783523533.404] [/local_avoidance]: [local_avoidance] ACTIVATED  (min_dist=0.35 m, idx=6876)
[INFO] [1783523533.454] [/local_avoidance]: [local_avoidance] DEACTIVATED
[WARN] [1783523533.504] [/local_avoidance]: [local_avoidance] ACTIVATED  (min_dist=0.35 m, idx=668)
[INFO] [1783523533.553] [/local_avoidance]: [local_avoidance] DEACTIVATED
[INFO] [1783523533.563] [/cloud_crop_bridge]: [CloudCrop] 3080 -> 0 pts (0%)
[WARN] [1783523533.604] [/local_avoidance]: [local_avoidance] ACTIVATED  (min_dist=0.35 m, idx=6189)
[INFO] [1783523533.654] [/local_avoidance]: [local_avoidance] DEACTIVATED
[WARN] [1783523533.704] [/local_avoidance]: [local_avoidance] ACTIVATED  (min_dist=0.35 m, idx=1117)
[INFO] [1783523533.754] [/local_avoidance]: [local_avoidance] DEACTIVATED
[WARN] [1783523533.831] [/local_avoidance]: [local_avoidance] ACTIVATED  (min_dist=0.35 m, idx=7979)
[INFO] [1783523533.855] [/local_avoidance]: [local_avoidance] DEACTIVATED
[WARN] [1783523533.904] [/local_avoidance]: [local_avoidance] ACTIVATED  (min_dist=0.35 m, idx=1569)
[INFO] [1783523533.954] [/local_avoidance]: [local_avoidance] DEACTIVATED
[WARN] [1783523534.004] [/local_avoidance]: [local_avoidance] ACTIVATED  (min_dist=0.35 m, idx=2611)
[INFO] [1783523534.056] [/local_avoidance]: [local_avoidance] DEACTIVATED
[WARN] [1783523534.129] [/local_avoidance]: [local_avoidance] ACTIVATED  (min_dist=0.34 m, idx=9438)
[INFO] [1783523534.162] [/local_avoidance]: [local_avoidance] DEACTIVATED
[WARN] [1783523534.204] [/local_avoidance]: [local_avoidance] ACTIVATED  (min_dist=0.35 m, idx=1544)
[WARN] [1783523534.237] [/exploration_node]: [EV] [1783523534.235][   +788.4s][WAIT_TRIGGER] Avoidance: Activated  <->  Deactivated | cycling x3642 over 787.4s
[INFO] [1783523534.254] [/local_avoidance]: [local_avoidance] DEACTIVATED
[WARN] [1783523534.303] [/local_avoidance]: [local_avoidance] ACTIVATED  (min_dist=0.35 m, idx=2573)
[INFO] [1783523534.379] [/local_avoidance]: [local_avoidance] DEACTIVATED
[WARN] [1783523534.406] [/local_avoidance]: [local_avoidance] ACTIVATED  (min_dist=0.35 m, idx=9723)
[INFO] [1783523534.463] [/local_avoidance]: [local_avoidance] DEACTIVATED
[WARN] [1783523534.506] [/local_avoidance]: [local_avoidance] ACTIVATED  (min_dist=0.35 m, idx=3016)
[INFO] [1783523534.554] [/local_avoidance]: [local_avoidance] avoiding...  min_dist=0.34 m
[INFO] [1783523534.654] [/local_avoidance]: [local_avoidance] DEACTIVATED
[WARN] [1783523534.706] [/local_avoidance]: [local_avoidance] ACTIVATED  (min_dist=0.35 m, idx=9431)
[INFO] [1783523535.555] [/local_avoidance]: [local_avoidance] avoiding...  min_dist=0.35 m
[INFO] [1783523536.604] [/local_avoidance]: [local_avoidance] avoiding...  min_dist=0.35 m
[INFO] [1783523537.657] [/local_avoidance]: [local_avoidance] avoiding...  min_dist=0.36 m
[WARN] [1783523537.825] [/exploration_node]: wait for trigger.
[INFO] [1783523538.303] [/local_avoidance]: [local_avoidance] DEACTIVATED
[WARN] [1783523538.354] [/local_avoidance]: [local_avoidance] ACTIVATED  (min_dist=0.35 m, idx=6479)
[INFO] [1783523538.403] [/local_avoidance]: [local_avoidance] DEACTIVATED
[WARN] [1783523538.459] [/local_avoidance]: [local_avoidance] ACTIVATED  (min_dist=0.35 m, idx=7667)
[INFO] [1783523538.514] [/local_avoidance]: [local_avoidance] DEACTIVATED
[WARN] [1783523538.553] [/local_avoidance]: [local_avoidance] ACTIVATED  (min_dist=0.35 m, idx=8473)
[INFO] [1783523538.603] [/local_avoidance]: [local_avoidance] DEACTIVATED
[INFO] [1783523538.606] [/cloud_crop_bridge]: [CloudCrop] 3216 -> 64 pts (2%)
[WARN] [1783523538.654] [/local_avoidance]: [local_avoidance] ACTIVATED  (min_dist=0.35 m, idx=784)
[INFO] [1783523538.704] [/local_avoidance]: [local_avoidance] DEACTIVATED
[WARN] [1783523538.753] [/local_avoidance]: [local_avoidance] ACTIVATED  (min_dist=0.35 m, idx=7563)
[INFO] [1783523538.804] [/local_avoidance]: [local_avoidance] DEACTIVATED
[WARN] [1783523538.879] [/local_avoidance]: [local_avoidance] ACTIVATED  (min_dist=0.35 m, idx=8663)
[INFO] [1783523538.905] [/local_avoidance]: [local_avoidance] DEACTIVATED
[WARN] [1783523538.953] [/local_avoidance]: [local_avoidance] ACTIVATED  (min_dist=0.35 m, idx=2165)
[INFO] [1783523539.004] [/local_avoidance]: [local_avoidance] DEACTIVATED
[WARN] [1783523539.055] [/local_avoidance]: [local_avoidance] ACTIVATED  (min_dist=0.35 m, idx=9008)
[INFO] [1783523539.104] [/local_avoidance]: [local_avoidance] DEACTIVATED
[WARN] [1783523539.162] [/local_avoidance]: [local_avoidance] ACTIVATED  (min_dist=0.35 m, idx=7105)
[INFO] [1783523539.204] [/local_avoidance]: [local_avoidance] DEACTIVATED
[WARN] [1783523539.257] [/local_avoidance]: [local_avoidance] ACTIVATED  (min_dist=0.35 m, idx=3392)
[INFO] [1783523539.303] [/local_avoidance]: [local_avoidance] DEACTIVATED
[WARN] [1783523539.354] [/local_avoidance]: [local_avoidance] ACTIVATED  (min_dist=0.35 m, idx=3169)
[INFO] [1783523539.403] [/local_avoidance]: [local_avoidance] avoiding...  min_dist=0.60 m
[INFO] [1783523539.506] [/local_avoidance]: [local_avoidance] DEACTIVATED
[WARN] [1783523539.556] [/local_avoidance]: [local_avoidance] ACTIVATED  (min_dist=0.35 m, idx=9462)
[INFO] [1783523540.404] [/local_avoidance]: [local_avoidance] avoiding...  min_dist=0.35 m
[INFO] [1783523541.407] [/local_avoidance]: [local_avoidance] avoiding...  min_dist=0.35 m
[INFO] [1783523542.454] [/local_avoidance]: [local_avoidance] avoiding...  min_dist=0.35 m
[WARN] [1783523542.835] [/exploration_node]: wait for trigger.
[INFO] [1783523543.256] [/local_avoidance]: [local_avoidance] DEACTIVATED
[WARN] [1783523543.331] [/local_avoidance]: [local_avoidance] ACTIVATED  (min_dist=0.35 m, idx=7792)
[INFO] [1783523543.454] [/local_avoidance]: [local_avoidance] avoiding...  min_dist=0.59 m
[INFO] [1783523543.555] [/local_avoidance]: [local_avoidance] DEACTIVATED
[WARN] [1783523543.608] [/local_avoidance]: [local_avoidance] ACTIVATED  (min_dist=0.35 m, idx=465)
[INFO] [1783523543.609] [/cloud_crop_bridge]: [CloudCrop] 2385 -> 767 pts (32%)
[INFO] [1783523543.659] [/local_avoidance]: [local_avoidance] DEACTIVATED
[WARN] [1783523543.710] [/local_avoidance]: [local_avoidance] ACTIVATED  (min_dist=0.35 m, idx=1407)
[INFO] [1783523543.757] [/local_avoidance]: [local_avoidance] DEACTIVATED
[WARN] [1783523543.804] [/local_avoidance]: [local_avoidance] ACTIVATED  (min_dist=0.34 m, idx=935)
[INFO] [1783523543.853] [/local_avoidance]: [local_avoidance] DEACTIVATED
[WARN] [1783523543.929] [/local_avoidance]: [local_avoidance] ACTIVATED  (min_dist=0.35 m, idx=9249)
[INFO] [1783523544.053] [/local_avoidance]: [local_avoidance] DEACTIVATED
[WARN] [1783523544.104] [/local_avoidance]: [local_avoidance] ACTIVATED  (min_dist=0.35 m, idx=8143)
[INFO] [1783523544.155] [/local_avoidance]: [local_avoidance] DEACTIVATED
[WARN] [1783523544.228] [/local_avoidance]: [local_avoidance] ACTIVATED  (min_dist=0.35 m, idx=1839)
[INFO] [1783523544.254] [/local_avoidance]: [local_avoidance] DEACTIVATED
[WARN] [1783523544.310] [/local_avoidance]: [local_avoidance] ACTIVATED  (min_dist=0.35 m, idx=2754)
[INFO] [1783523544.454] [/local_avoidance]: [local_avoidance] DEACTIVATED
[WARN] [1783523544.511] [/local_avoidance]: [local_avoidance] ACTIVATED  (min_dist=0.35 m, idx=3293)
[INFO] [1783523544.579] [/local_avoidance]: [local_avoidance] avoiding...  min_dist=0.36 m
[INFO] [1783523544.654] [/local_avoidance]: [local_avoidance] DEACTIVATED
[WARN] [1783523544.704] [/local_avoidance]: [local_avoidance] ACTIVATED  (min_dist=0.35 m, idx=9591)
[INFO] [1783523545.603] [/local_avoidance]: [local_avoidance] avoiding...  min_dist=0.35 m
[INFO] [1783523546.606] [/local_avoidance]: [local_avoidance] avoiding...  min_dist=0.35 m
[INFO] [1783523547.654] [/local_avoidance]: [local_avoidance] avoiding...  min_dist=0.35 m
[WARN] [1783523547.846] [/exploration_node]: wait for trigger.
[INFO] [1783523548.304] [/local_avoidance]: [local_avoidance] DEACTIVATED
[WARN] [1783523548.357] [/local_avoidance]: [local_avoidance] ACTIVATED  (min_dist=0.35 m, idx=884)
[INFO] [1783523548.404] [/local_avoidance]: [local_avoidance] DEACTIVATED
[WARN] [1783523548.453] [/local_avoidance]: [local_avoidance] ACTIVATED  (min_dist=0.34 m, idx=508)
[INFO] [1783523548.631] [/cloud_crop_bridge]: [CloudCrop] 3229 -> 48 pts (1%)
[INFO] [1783523548.704] [/local_avoidance]: [local_avoidance] DEACTIVATED
[WARN] [1783523548.753] [/local_avoidance]: [local_avoidance] ACTIVATED  (min_dist=0.35 m, idx=6347)
[INFO] [1783523548.804] [/local_avoidance]: [local_avoidance] avoiding...  min_dist=0.59 m
[INFO] [1783523549.009] [/local_avoidance]: [local_avoidance] DEACTIVATED
[WARN] [1783523549.057] [/local_avoidance]: [local_avoidance] ACTIVATED  (min_dist=0.35 m, idx=1964)
[INFO] [1783523549.204] [/local_avoidance]: [local_avoidance] DEACTIVATED
[WARN] [1783523549.254] [/local_avoidance]: [local_avoidance] ACTIVATED  (min_dist=0.35 m, idx=2416)
[INFO] [1783523549.306] [/local_avoidance]: [local_avoidance] DEACTIVATED
[WARN] [1783523549.356] [/local_avoidance]: [local_avoidance] ACTIVATED  (min_dist=0.34 m, idx=1967)
[INFO] [1783523549.604] [/local_avoidance]: [local_avoidance] DEACTIVATED
[WARN] [1783523549.653] [/local_avoidance]: [local_avoidance] ACTIVATED  (min_dist=0.35 m, idx=3430)
[INFO] [1783523549.805] [/local_avoidance]: [local_avoidance] avoiding...  min_dist=0.35 m
[INFO] [1783523550.853] [/local_avoidance]: [local_avoidance] avoiding...  min_dist=0.34 m
[INFO] [1783523551.855] [/local_avoidance]: [local_avoidance] avoiding...  min_dist=0.35 m
[WARN] [1783523552.855] [/exploration_node]: wait for trigger.
[INFO] [1783523552.904] [/local_avoidance]: [local_avoidance] avoiding...  min_dist=0.35 m
[INFO] [1783523553.256] [/local_avoidance]: [local_avoidance] DEACTIVATED
[WARN] [1783523553.303] [/local_avoidance]: [local_avoidance] ACTIVATED  (min_dist=0.35 m, idx=568)
[INFO] [1783523553.454] [/local_avoidance]: [local_avoidance] DEACTIVATED
[WARN] [1783523553.504] [/local_avoidance]: [local_avoidance] ACTIVATED  (min_dist=0.35 m, idx=8425)
[INFO] [1783523553.553] [/local_avoidance]: [local_avoidance] DEACTIVATED
[WARN] [1783523553.604] [/local_avoidance]: [local_avoidance] ACTIVATED  (min_dist=0.35 m, idx=7967)
[INFO] [1783523553.684] [/cloud_crop_bridge]: [CloudCrop] 3151 -> 0 pts (0%)
[INFO] [1783523553.753] [/local_avoidance]: [local_avoidance] DEACTIVATED
[WARN] [1783523553.805] [/local_avoidance]: [local_avoidance] ACTIVATED  (min_dist=0.35 m, idx=8890)
[INFO] [1783523553.859] [/local_avoidance]: [local_avoidance] DEACTIVATED
[WARN] [1783523553.912] [/local_avoidance]: [local_avoidance] ACTIVATED  (min_dist=0.35 m, idx=8443)
[INFO] [1783523553.953] [/local_avoidance]: [local_avoidance] DEACTIVATED
[WARN] [1783523554.003] [/local_avoidance]: [local_avoidance] ACTIVATED  (min_dist=0.34 m, idx=1851)
[INFO] [1783523554.057] [/local_avoidance]: [local_avoidance] DEACTIVATED
[WARN] [1783523554.105] [/local_avoidance]: [local_avoidance] ACTIVATED  (min_dist=0.35 m, idx=8410)
[INFO] [1783523554.155] [/local_avoidance]: [local_avoidance] DEACTIVATED
[WARN] [1783523554.203] [/local_avoidance]: [local_avoidance] ACTIVATED  (min_dist=0.35 m, idx=9511)
[INFO] [1783523554.259] [/local_avoidance]: [local_avoidance] DEACTIVATED
[WARN] [1783523554.328] [/local_avoidance]: [local_avoidance] ACTIVATED  (min_dist=0.35 m, idx=9051)
[INFO] [1783523554.354] [/local_avoidance]: [local_avoidance] DEACTIVATED
[WARN] [1783523554.404] [/local_avoidance]: [local_avoidance] ACTIVATED  (min_dist=0.35 m, idx=2636)
[INFO] [1783523554.454] [/local_avoidance]: [local_avoidance] DEACTIVATED
[WARN] [1783523554.504] [/local_avoidance]: [local_avoidance] ACTIVATED  (min_dist=0.35 m, idx=3574)
[INFO] [1783523554.555] [/local_avoidance]: [local_avoidance] avoiding...  min_dist=0.59 m
[INFO] [1783523554.757] [/local_avoidance]: [local_avoidance] DEACTIVATED
[WARN] [1783523554.804] [/local_avoidance]: [local_avoidance] ACTIVATED  (min_dist=0.35 m, idx=3544)
[INFO] [1783523555.604] [/local_avoidance]: [local_avoidance] avoiding...  min_dist=0.35 m
[INFO] [1783523556.604] [/local_avoidance]: [local_avoidance] avoiding...  min_dist=0.34 m
[INFO] [1783523557.609] [/local_avoidance]: [local_avoidance] avoiding...  min_dist=0.35 m
[WARN] [1783523557.856] [/exploration_node]: wait for trigger.
[INFO] [1783523557.904] [/local_avoidance]: [local_avoidance] DEACTIVATED
[WARN] [1783523557.953] [/local_avoidance]: [local_avoidance] ACTIVATED  (min_dist=0.35 m, idx=357)
[INFO] [1783523558.203] [/local_avoidance]: [local_avoidance] DEACTIVATED
[WARN] [1783523558.253] [/local_avoidance]: [local_avoidance] ACTIVATED  (min_dist=0.35 m, idx=7644)
[INFO] [1783523558.404] [/local_avoidance]: [local_avoidance] DEACTIVATED
[WARN] [1783523558.479] [/local_avoidance]: [local_avoidance] ACTIVATED  (min_dist=0.35 m, idx=797)
[INFO] [1783523558.504] [/local_avoidance]: [local_avoidance] DEACTIVATED
[WARN] [1783523558.554] [/local_avoidance]: [local_avoidance] ACTIVATED  (min_dist=0.35 m, idx=7742)
[INFO] [1783523558.609] [/local_avoidance]: [local_avoidance] DEACTIVATED
[WARN] [1783523558.654] [/local_avoidance]: [local_avoidance] ACTIVATED  (min_dist=0.35 m, idx=7089)
[INFO] [1783523558.703] [/local_avoidance]: [local_avoidance] DEACTIVATED
[INFO] [1783523558.706] [/cloud_crop_bridge]: [CloudCrop] 3276 -> 16 pts (0%)
[WARN] [1783523558.754] [/local_avoidance]: [local_avoidance] ACTIVATED  (min_dist=0.35 m, idx=8195)
[INFO] [1783523558.808] [/local_avoidance]: [local_avoidance] DEACTIVATED
[WARN] [1783523558.856] [/local_avoidance]: [local_avoidance] ACTIVATED  (min_dist=0.35 m, idx=7637)
[INFO] [1783523558.905] [/local_avoidance]: [local_avoidance] DEACTIVATED
[WARN] [1783523558.953] [/local_avoidance]: [local_avoidance] ACTIVATED  (min_dist=0.35 m, idx=1226)
[INFO] [1783523559.004] [/local_avoidance]: [local_avoidance] DEACTIVATED
[WARN] [1783523559.054] [/local_avoidance]: [local_avoidance] ACTIVATED  (min_dist=0.35 m, idx=9545)
[INFO] [1783523559.104] [/local_avoidance]: [local_avoidance] DEACTIVATED
[WARN] [1783523559.153] [/local_avoidance]: [local_avoidance] ACTIVATED  (min_dist=0.35 m, idx=9003)
[INFO] [1783523559.204] [/local_avoidance]: [local_avoidance] DEACTIVATED
[WARN] [1783523559.255] [/local_avoidance]: [local_avoidance] ACTIVATED  (min_dist=0.35 m, idx=8543)
[INFO] [1783523559.303] [/local_avoidance]: [local_avoidance] DEACTIVATED
[WARN] [1783523559.353] [/local_avoidance]: [local_avoidance] ACTIVATED  (min_dist=0.35 m, idx=9540)
[INFO] [1783523559.404] [/local_avoidance]: [local_avoidance] DEACTIVATED
[WARN] [1783523559.454] [/local_avoidance]: [local_avoidance] ACTIVATED  (min_dist=0.35 m, idx=3232)
[INFO] [1783523559.505] [/local_avoidance]: [local_avoidance] avoiding...  min_dist=0.35 m
[INFO] [1783523559.604] [/local_avoidance]: [local_avoidance] DEACTIVATED
[WARN] [1783523559.654] [/local_avoidance]: [local_avoidance] ACTIVATED  (min_dist=0.35 m, idx=3684)
[INFO] [1783523560.553] [/local_avoidance]: [local_avoidance] avoiding...  min_dist=0.35 m
[INFO] [1783523561.560] [/local_avoidance]: [local_avoidance] avoiding...  min_dist=0.36 m
[INFO] [1783523562.629] [/local_avoidance]: [local_avoidance] avoiding...  min_dist=0.34 m
[WARN] [1783523562.865] [/exploration_node]: wait for trigger.
[INFO] [1783523563.053] [/local_avoidance]: [local_avoidance] DEACTIVATED
[WARN] [1783523563.103] [/local_avoidance]: [local_avoidance] ACTIVATED  (min_dist=0.35 m, idx=385)
[INFO] [1783523563.253] [/local_avoidance]: [local_avoidance] DEACTIVATED
[WARN] [1783523563.303] [/local_avoidance]: [local_avoidance] ACTIVATED  (min_dist=0.34 m, idx=8328)
[INFO] [1783523563.356] [/local_avoidance]: [local_avoidance] DEACTIVATED
[WARN] [1783523563.405] [/local_avoidance]: [local_avoidance] ACTIVATED  (min_dist=0.34 m, idx=461)
[INFO] [1783523563.454] [/local_avoidance]: [local_avoidance] DEACTIVATED
[WARN] [1783523563.505] [/local_avoidance]: [local_avoidance] ACTIVATED  (min_dist=0.35 m, idx=8688)
[INFO] [1783523563.555] [/local_avoidance]: [local_avoidance] DEACTIVATED
[WARN] [1783523563.604] [/local_avoidance]: [local_avoidance] ACTIVATED  (min_dist=0.35 m, idx=1297)
[INFO] [1783523563.653] [/local_avoidance]: [local_avoidance] DEACTIVATED
[WARN] [1783523563.708] [/local_avoidance]: [local_avoidance] ACTIVATED  (min_dist=0.35 m, idx=7871)
[INFO] [1783523563.708] [/cloud_crop_bridge]: [CloudCrop] 2399 -> 763 pts (32%)
[INFO] [1783523563.778] [/local_avoidance]: [local_avoidance] DEACTIVATED
[WARN] [1783523563.805] [/local_avoidance]: [local_avoidance] ACTIVATED  (min_dist=0.35 m, idx=1461)
[INFO] [1783523563.854] [/local_avoidance]: [local_avoidance] DEACTIVATED
[WARN] [1783523563.905] [/local_avoidance]: [local_avoidance] ACTIVATED  (min_dist=0.35 m, idx=2481)
[INFO] [1783523563.960] [/local_avoidance]: [local_avoidance] DEACTIVATED
[WARN] [1783523564.005] [/local_avoidance]: [local_avoidance] ACTIVATED  (min_dist=0.34 m, idx=9221)
[INFO] [1783523564.053] [/local_avoidance]: [local_avoidance] DEACTIVATED
[WARN] [1783523564.103] [/local_avoidance]: [local_avoidance] ACTIVATED  (min_dist=0.35 m, idx=1445)
[INFO] [1783523564.153] [/local_avoidance]: [local_avoidance] DEACTIVATED
[WARN] [1783523564.204] [/local_avoidance]: [local_avoidance] ACTIVATED  (min_dist=0.34 m, idx=9682)
[WARN] [1783523564.235] [/exploration_node]: [EV] [1783523564.235][   +818.4s][WAIT_TRIGGER] Avoidance: Activated  <->  Deactivated | cycling x3782 over 817.4s
[INFO] [1783523564.253] [/local_avoidance]: [local_avoidance] DEACTIVATED
[WARN] [1783523564.306] [/local_avoidance]: [local_avoidance] ACTIVATED  (min_dist=0.35 m, idx=1888)
[INFO] [1783523564.380] [/local_avoidance]: [local_avoidance] DEACTIVATED
[WARN] [1783523564.404] [/local_avoidance]: [local_avoidance] ACTIVATED  (min_dist=0.35 m, idx=2917)
[INFO] [1783523564.455] [/local_avoidance]: [local_avoidance] DEACTIVATED
[WARN] [1783523564.504] [/local_avoidance]: [local_avoidance] ACTIVATED  (min_dist=0.35 m, idx=2354)
[INFO] [1783523564.554] [/local_avoidance]: [local_avoidance] DEACTIVATED
[WARN] [1783523564.604] [/local_avoidance]: [local_avoidance] ACTIVATED  (min_dist=0.35 m, idx=9314)
[INFO] [1783523564.655] [/local_avoidance]: [local_avoidance] avoiding...  min_dist=0.35 m
[INFO] [1783523564.755] [/local_avoidance]: [local_avoidance] DEACTIVATED
[WARN] [1783523564.804] [/local_avoidance]: [local_avoidance] ACTIVATED  (min_dist=0.35 m, idx=3908)
[INFO] [1783523565.704] [/local_avoidance]: [local_avoidance] avoiding...  min_dist=0.35 m
[INFO] [1783523566.754] [/local_avoidance]: [local_avoidance] avoiding...  min_dist=0.35 m
[INFO] [1783523567.758] [/local_avoidance]: [local_avoidance] avoiding...  min_dist=0.35 m
[WARN] [1783523567.875] [/exploration_node]: wait for trigger.
[INFO] [1783523568.203] [/local_avoidance]: [local_avoidance] DEACTIVATED
[WARN] [1783523568.253] [/local_avoidance]: [local_avoidance] ACTIVATED  (min_dist=0.35 m, idx=451)
[INFO] [1783523568.429] [/local_avoidance]: [local_avoidance] DEACTIVATED
[WARN] [1783523568.456] [/local_avoidance]: [local_avoidance] ACTIVATED  (min_dist=0.35 m, idx=1061)
[INFO] [1783523568.504] [/local_avoidance]: [local_avoidance] DEACTIVATED
[WARN] [1783523568.553] [/local_avoidance]: [local_avoidance] ACTIVATED  (min_dist=0.35 m, idx=7915)
[INFO] [1783523568.703] [/local_avoidance]: [local_avoidance] DEACTIVATED
[INFO] [1783523568.710] [/cloud_crop_bridge]: [CloudCrop] 3219 -> 15 pts (0%)
[WARN] [1783523568.754] [/local_avoidance]: [local_avoidance] ACTIVATED  (min_dist=0.35 m, idx=8359)
[INFO] [1783523568.804] [/local_avoidance]: [local_avoidance] DEACTIVATED
[WARN] [1783523568.854] [/local_avoidance]: [local_avoidance] ACTIVATED  (min_dist=0.35 m, idx=7907)
[INFO] [1783523568.905] [/local_avoidance]: [local_avoidance] DEACTIVATED
[WARN] [1783523568.956] [/local_avoidance]: [local_avoidance] ACTIVATED  (min_dist=0.34 m, idx=1699)
[INFO] [1783523569.028] [/local_avoidance]: [local_avoidance] DEACTIVATED
[WARN] [1783523569.056] [/local_avoidance]: [local_avoidance] ACTIVATED  (min_dist=0.35 m, idx=8647)
[INFO] [1783523569.103] [/local_avoidance]: [local_avoidance] DEACTIVATED
[WARN] [1783523569.153] [/local_avoidance]: [local_avoidance] ACTIVATED  (min_dist=0.35 m, idx=2036)
[INFO] [1783523569.204] [/local_avoidance]: [local_avoidance] DEACTIVATED
[WARN] [1783523569.258] [/local_avoidance]: [local_avoidance] ACTIVATED  (min_dist=0.35 m, idx=9383)
[INFO] [1783523569.307] [/local_avoidance]: [local_avoidance] DEACTIVATED
[WARN] [1783523569.354] [/local_avoidance]: [local_avoidance] ACTIVATED  (min_dist=0.35 m, idx=2594)
[INFO] [1783523569.403] [/local_avoidance]: [local_avoidance] DEACTIVATED
[WARN] [1783523569.454] [/local_avoidance]: [local_avoidance] ACTIVATED  (min_dist=0.35 m, idx=9351)
[INFO] [1783523569.504] [/local_avoidance]: [local_avoidance] avoiding...  min_dist=0.58 m
[INFO] [1783523570.504] [/local_avoidance]: [local_avoidance] avoiding...  min_dist=0.35 m
[INFO] [1783523571.507] [/local_avoidance]: [local_avoidance] avoiding...  min_dist=0.35 m
[INFO] [1783523572.554] [/local_avoidance]: [local_avoidance] avoiding...  min_dist=0.34 m
[WARN] [1783523572.877] [/exploration_node]: wait for trigger.
[INFO] [1783523573.379] [/local_avoidance]: [local_avoidance] DEACTIVATED
[WARN] [1783523573.404] [/local_avoidance]: [local_avoidance] ACTIVATED  (min_dist=0.34 m, idx=8054)
[INFO] [1783523573.553] [/local_avoidance]: [local_avoidance] DEACTIVATED
[WARN] [1783523573.603] [/local_avoidance]: [local_avoidance] ACTIVATED  (min_dist=0.35 m, idx=1180)
[INFO] [1783523573.654] [/local_avoidance]: [local_avoidance] DEACTIVATED
[WARN] [1783523573.710] [/local_avoidance]: [local_avoidance] ACTIVATED  (min_dist=0.34 m, idx=731)
[INFO] [1783523573.718] [/cloud_crop_bridge]: [CloudCrop] 2360 -> 757 pts (32%)
[INFO] [1783523573.753] [/local_avoidance]: [local_avoidance] DEACTIVATED
[WARN] [1783523573.803] [/local_avoidance]: [local_avoidance] ACTIVATED  (min_dist=0.35 m, idx=1728)
[INFO] [1783523573.853] [/local_avoidance]: [local_avoidance] DEACTIVATED
[WARN] [1783523573.905] [/local_avoidance]: [local_avoidance] ACTIVATED  (min_dist=0.35 m, idx=1279)
[INFO] [1783523573.978] [/local_avoidance]: [local_avoidance] DEACTIVATED
[WARN] [1783523574.003] [/local_avoidance]: [local_avoidance] ACTIVATED  (min_dist=0.35 m, idx=3665)
[INFO] [1783523574.070] [/local_avoidance]: [local_avoidance] DEACTIVATED
[WARN] [1783523574.104] [/local_avoidance]: [local_avoidance] ACTIVATED  (min_dist=0.35 m, idx=9047)
[INFO] [1783523574.153] [/local_avoidance]: [local_avoidance] DEACTIVATED
[WARN] [1783523574.204] [/local_avoidance]: [local_avoidance] ACTIVATED  (min_dist=0.35 m, idx=2751)
[INFO] [1783523574.280] [/local_avoidance]: [local_avoidance] DEACTIVATED
[WARN] [1783523574.304] [/local_avoidance]: [local_avoidance] ACTIVATED  (min_dist=0.35 m, idx=2471)
[INFO] [1783523574.354] [/local_avoidance]: [local_avoidance] DEACTIVATED
[WARN] [1783523574.404] [/local_avoidance]: [local_avoidance] ACTIVATED  (min_dist=0.35 m, idx=9125)
[INFO] [1783523574.456] [/local_avoidance]: [local_avoidance] avoiding...  min_dist=0.36 m
[INFO] [1783523574.561] [/local_avoidance]: [local_avoidance] DEACTIVATED
[WARN] [1783523574.604] [/local_avoidance]: [local_avoidance] ACTIVATED  (min_dist=0.35 m, idx=3843)
[INFO] [1783523575.504] [/local_avoidance]: [local_avoidance] avoiding...  min_dist=0.35 m
[INFO] [1783523576.553] [/local_avoidance]: [local_avoidance] avoiding...  min_dist=0.35 m
[INFO] [1783523577.559] [/local_avoidance]: [local_avoidance] avoiding...  min_dist=0.35 m
[WARN] [1783523577.885] [/exploration_node]: wait for trigger.
[INFO] [1783523578.213] [/local_avoidance]: [local_avoidance] DEACTIVATED
[WARN] [1783523578.254] [/local_avoidance]: [local_avoidance] ACTIVATED  (min_dist=0.35 m, idx=6631)
[INFO] [1783523578.304] [/local_avoidance]: [local_avoidance] DEACTIVATED
[WARN] [1783523578.353] [/local_avoidance]: [local_avoidance] ACTIVATED  (min_dist=0.34 m, idx=405)
[INFO] [1783523578.405] [/local_avoidance]: [local_avoidance] DEACTIVATED
[WARN] [1783523578.459] [/local_avoidance]: [local_avoidance] ACTIVATED  (min_dist=0.35 m, idx=7463)
[INFO] [1783523578.504] [/local_avoidance]: [local_avoidance] DEACTIVATED
[WARN] [1783523578.553] [/local_avoidance]: [local_avoidance] ACTIVATED  (min_dist=0.34 m, idx=8279)
[INFO] [1783523578.604] [/local_avoidance]: [local_avoidance] avoiding...  min_dist=0.60 m
[INFO] [1783523578.709] [/local_avoidance]: [local_avoidance] DEACTIVATED
[INFO] [1783523578.765] [/cloud_crop_bridge]: [CloudCrop] 2357 -> 889 pts (38%)
[WARN] [1783523578.766] [/local_avoidance]: [local_avoidance] ACTIVATED  (min_dist=0.34 m, idx=8631)
[INFO] [1783523578.805] [/local_avoidance]: [local_avoidance] DEACTIVATED
[WARN] [1783523578.855] [/local_avoidance]: [local_avoidance] ACTIVATED  (min_dist=0.36 m, idx=8171)
[INFO] [1783523578.904] [/local_avoidance]: [local_avoidance] DEACTIVATED
[WARN] [1783523578.955] [/local_avoidance]: [local_avoidance] ACTIVATED  (min_dist=0.35 m, idx=9266)
[INFO] [1783523579.004] [/local_avoidance]: [local_avoidance] DEACTIVATED
[WARN] [1783523579.054] [/local_avoidance]: [local_avoidance] ACTIVATED  (min_dist=0.34 m, idx=1407)
[INFO] [1783523579.105] [/local_avoidance]: [local_avoidance] DEACTIVATED
[WARN] [1783523579.155] [/local_avoidance]: [local_avoidance] ACTIVATED  (min_dist=0.35 m, idx=9718)
[INFO] [1783523579.204] [/local_avoidance]: [local_avoidance] DEACTIVATED
[WARN] [1783523579.254] [/local_avoidance]: [local_avoidance] ACTIVATED  (min_dist=0.35 m, idx=9160)
[INFO] [1783523579.408] [/local_avoidance]: [local_avoidance] DEACTIVATED
[WARN] [1783523579.456] [/local_avoidance]: [local_avoidance] ACTIVATED  (min_dist=0.34 m, idx=2311)
[INFO] [1783523579.504] [/local_avoidance]: [local_avoidance] DEACTIVATED
[WARN] [1783523579.555] [/local_avoidance]: [local_avoidance] ACTIVATED  (min_dist=0.35 m, idx=3619)
[INFO] [1783523579.604] [/local_avoidance]: [local_avoidance] avoiding...  min_dist=0.35 m
[INFO] [1783523579.705] [/local_avoidance]: [local_avoidance] DEACTIVATED
[WARN] [1783523579.753] [/local_avoidance]: [local_avoidance] ACTIVATED  (min_dist=0.35 m, idx=3765)
[INFO] [1783523580.605] [/local_avoidance]: [local_avoidance] avoiding...  min_dist=0.35 m
[INFO] [1783523581.655] [/local_avoidance]: [local_avoidance] avoiding...  min_dist=0.35 m
[INFO] [1783523582.704] [/local_avoidance]: [local_avoidance] avoiding...  min_dist=0.35 m
[WARN] [1783523582.896] [/exploration_node]: wait for trigger.
[INFO] [1783523583.179] [/local_avoidance]: [local_avoidance] DEACTIVATED
[WARN] [1783523583.204] [/local_avoidance]: [local_avoidance] ACTIVATED  (min_dist=0.35 m, idx=759)
[INFO] [1783523583.468] [/local_avoidance]: [local_avoidance] DEACTIVATED
[WARN] [1783523583.504] [/local_avoidance]: [local_avoidance] ACTIVATED  (min_dist=0.35 m, idx=559)
[INFO] [1783523583.553] [/local_avoidance]: [local_avoidance] DEACTIVATED
[WARN] [1783523583.605] [/local_avoidance]: [local_avoidance] ACTIVATED  (min_dist=0.34 m, idx=9149)
[INFO] [1783523583.664] [/local_avoidance]: [local_avoidance] DEACTIVATED
[WARN] [1783523583.710] [/local_avoidance]: [local_avoidance] ACTIVATED  (min_dist=0.35 m, idx=8315)
[INFO] [1783523583.754] [/local_avoidance]: [local_avoidance] DEACTIVATED
[WARN] [1783523583.804] [/local_avoidance]: [local_avoidance] ACTIVATED  (min_dist=0.35 m, idx=1909)
[INFO] [1783523583.806] [/cloud_crop_bridge]: [CloudCrop] 2289 -> 807 pts (35%)
[INFO] [1783523583.854] [/local_avoidance]: [local_avoidance] DEACTIVATED
[WARN] [1783523583.912] [/local_avoidance]: [local_avoidance] ACTIVATED  (min_dist=0.34 m, idx=1629)
[INFO] [1783523583.954] [/local_avoidance]: [local_avoidance] DEACTIVATED
[WARN] [1783523584.004] [/local_avoidance]: [local_avoidance] ACTIVATED  (min_dist=0.35 m, idx=3951)
[INFO] [1783523584.053] [/local_avoidance]: [local_avoidance] DEACTIVATED
[WARN] [1783523584.104] [/local_avoidance]: [local_avoidance] ACTIVATED  (min_dist=0.35 m, idx=1985)
[INFO] [1783523584.155] [/local_avoidance]: [local_avoidance] DEACTIVATED
[WARN] [1783523584.204] [/local_avoidance]: [local_avoidance] ACTIVATED  (min_dist=0.35 m, idx=8851)
[INFO] [1783523584.258] [/local_avoidance]: [local_avoidance] DEACTIVATED
[WARN] [1783523584.310] [/local_avoidance]: [local_avoidance] ACTIVATED  (min_dist=0.35 m, idx=4502)
[INFO] [1783523584.353] [/local_avoidance]: [local_avoidance] DEACTIVATED
[WARN] [1783523584.404] [/local_avoidance]: [local_avoidance] ACTIVATED  (min_dist=0.35 m, idx=9299)
[INFO] [1783523584.453] [/local_avoidance]: [local_avoidance] avoiding...  min_dist=0.59 m
[INFO] [1783523585.457] [/local_avoidance]: [local_avoidance] avoiding...  min_dist=0.34 m
[INFO] [1783523586.503] [/local_avoidance]: [local_avoidance] avoiding...  min_dist=0.35 m
[INFO] [1783523587.504] [/local_avoidance]: [local_avoidance] avoiding...  min_dist=0.35 m
[WARN] [1783523587.905] [/exploration_node]: wait for trigger.
[INFO] [1783523588.203] [/local_avoidance]: [local_avoidance] DEACTIVATED
[WARN] [1783523588.253] [/local_avoidance]: [local_avoidance] ACTIVATED  (min_dist=0.35 m, idx=7561)
[INFO] [1783523588.303] [/local_avoidance]: [local_avoidance] DEACTIVATED
[WARN] [1783523588.353] [/local_avoidance]: [local_avoidance] ACTIVATED  (min_dist=0.35 m, idx=7984)
[INFO] [1783523588.503] [/local_avoidance]: [local_avoidance] DEACTIVATED
[WARN] [1783523588.554] [/local_avoidance]: [local_avoidance] ACTIVATED  (min_dist=0.34 m, idx=8442)
[INFO] [1783523588.603] [/local_avoidance]: [local_avoidance] DEACTIVATED
[WARN] [1783523588.654] [/local_avoidance]: [local_avoidance] ACTIVATED  (min_dist=0.34 m, idx=858)
[INFO] [1783523588.704] [/local_avoidance]: [local_avoidance] DEACTIVATED
[WARN] [1783523588.754] [/local_avoidance]: [local_avoidance] ACTIVATED  (min_dist=0.35 m, idx=1864)
[INFO] [1783523588.807] [/local_avoidance]: [local_avoidance] DEACTIVATED
[INFO] [1783523588.809] [/cloud_crop_bridge]: [CloudCrop] 3205 -> 0 pts (0%)
[WARN] [1783523588.860] [/local_avoidance]: [local_avoidance] ACTIVATED  (min_dist=0.34 m, idx=1127)
[INFO] [1783523588.903] [/local_avoidance]: [local_avoidance] DEACTIVATED
[WARN] [1783523588.953] [/local_avoidance]: [local_avoidance] ACTIVATED  (min_dist=0.35 m, idx=8079)
[INFO] [1783523589.007] [/local_avoidance]: [local_avoidance] DEACTIVATED
[WARN] [1783523589.053] [/local_avoidance]: [local_avoidance] ACTIVATED  (min_dist=0.35 m, idx=1675)
[INFO] [1783523589.104] [/local_avoidance]: [local_avoidance] DEACTIVATED
[WARN] [1783523589.155] [/local_avoidance]: [local_avoidance] ACTIVATED  (min_dist=0.35 m, idx=2777)
[INFO] [1783523589.203] [/local_avoidance]: [local_avoidance] DEACTIVATED
[WARN] [1783523589.253] [/local_avoidance]: [local_avoidance] ACTIVATED  (min_dist=0.35 m, idx=2118)
[INFO] [1783523589.303] [/local_avoidance]: [local_avoidance] DEACTIVATED
[WARN] [1783523589.354] [/local_avoidance]: [local_avoidance] ACTIVATED  (min_dist=0.35 m, idx=3146)
[INFO] [1783523589.409] [/local_avoidance]: [local_avoidance] avoiding...  min_dist=0.36 m
[INFO] [1783523589.504] [/local_avoidance]: [local_avoidance] DEACTIVATED
[WARN] [1783523589.554] [/local_avoidance]: [local_avoidance] ACTIVATED  (min_dist=0.35 m, idx=3681)
[INFO] [1783523590.454] [/local_avoidance]: [local_avoidance] avoiding...  min_dist=0.35 m
[INFO] [1783523591.454] [/local_avoidance]: [local_avoidance] avoiding...  min_dist=0.35 m
[INFO] [1783523592.462] [/local_avoidance]: [local_avoidance] avoiding...  min_dist=0.35 m
[WARN] [1783523592.906] [/exploration_node]: wait for trigger.
[INFO] [1783523592.955] [/local_avoidance]: [local_avoidance] DEACTIVATED
[WARN] [1783523593.005] [/local_avoidance]: [local_avoidance] ACTIVATED  (min_dist=0.35 m, idx=7183)
[INFO] [1783523593.059] [/local_avoidance]: [local_avoidance] DEACTIVATED
[WARN] [1783523593.103] [/local_avoidance]: [local_avoidance] ACTIVATED  (min_dist=0.35 m, idx=8091)
[INFO] [1783523593.154] [/local_avoidance]: [local_avoidance] DEACTIVATED
[WARN] [1783523593.203] [/local_avoidance]: [local_avoidance] ACTIVATED  (min_dist=0.35 m, idx=729)
[INFO] [1783523593.253] [/local_avoidance]: [local_avoidance] DEACTIVATED
[WARN] [1783523593.307] [/local_avoidance]: [local_avoidance] ACTIVATED  (min_dist=0.35 m, idx=353)
[INFO] [1783523593.379] [/local_avoidance]: [local_avoidance] DEACTIVATED
[WARN] [1783523593.433] [/local_avoidance]: [local_avoidance] ACTIVATED  (min_dist=0.35 m, idx=7027)
[INFO] [1783523593.453] [/local_avoidance]: [local_avoidance] DEACTIVATED
[WARN] [1783523593.503] [/local_avoidance]: [local_avoidance] ACTIVATED  (min_dist=0.34 m, idx=823)
[INFO] [1783523593.553] [/local_avoidance]: [local_avoidance] DEACTIVATED
[WARN] [1783523593.629] [/local_avoidance]: [local_avoidance] ACTIVATED  (min_dist=0.35 m, idx=7667)
[INFO] [1783523593.675] [/local_avoidance]: [local_avoidance] DEACTIVATED
[WARN] [1783523593.704] [/local_avoidance]: [local_avoidance] ACTIVATED  (min_dist=0.35 m, idx=1371)
[INFO] [1783523593.754] [/local_avoidance]: [local_avoidance] DEACTIVATED
[WARN] [1783523593.806] [/local_avoidance]: [local_avoidance] ACTIVATED  (min_dist=0.35 m, idx=8211)
[INFO] [1783523593.812] [/cloud_crop_bridge]: [CloudCrop] 2454 -> 773 pts (31%)
[INFO] [1783523593.858] [/local_avoidance]: [local_avoidance] DEACTIVATED
[WARN] [1783523593.911] [/local_avoidance]: [local_avoidance] ACTIVATED  (min_dist=0.35 m, idx=9208)
[INFO] [1783523593.953] [/local_avoidance]: [local_avoidance] DEACTIVATED
[WARN] [1783523594.004] [/local_avoidance]: [local_avoidance] ACTIVATED  (min_dist=0.34 m, idx=1337)
[INFO] [1783523594.057] [/local_avoidance]: [local_avoidance] DEACTIVATED
[WARN] [1783523594.107] [/local_avoidance]: [local_avoidance] ACTIVATED  (min_dist=0.35 m, idx=2252)
[INFO] [1783523594.154] [/local_avoidance]: [local_avoidance] DEACTIVATED
[WARN] [1783523594.204] [/local_avoidance]: [local_avoidance] ACTIVATED  (min_dist=0.34 m, idx=1903)
[WARN] [1783523594.236] [/exploration_node]: [EV] [1783523594.236][   +848.4s][WAIT_TRIGGER] Avoidance: Activated  <->  Deactivated | cycling x3934 over 847.4s
[INFO] [1783523594.254] [/local_avoidance]: [local_avoidance] avoiding...  min_dist=0.59 m
[INFO] [1783523594.458] [/local_avoidance]: [local_avoidance] DEACTIVATED
[WARN] [1783523594.503] [/local_avoidance]: [local_avoidance] ACTIVATED  (min_dist=0.35 m, idx=3103)
[INFO] [1783523594.654] [/local_avoidance]: [local_avoidance] DEACTIVATED
[WARN] [1783523594.706] [/local_avoidance]: [local_avoidance] ACTIVATED  (min_dist=0.35 m, idx=3718)
[INFO] [1783523595.255] [/local_avoidance]: [local_avoidance] avoiding...  min_dist=0.35 m
[INFO] [1783523596.309] [/local_avoidance]: [local_avoidance] avoiding...  min_dist=0.35 m
[INFO] [1783523597.354] [/local_avoidance]: [local_avoidance] avoiding...  min_dist=0.35 m
[WARN] [1783523597.917] [/exploration_node]: wait for trigger.
[INFO] [1783523598.304] [/local_avoidance]: [local_avoidance] DEACTIVATED
[WARN] [1783523598.355] [/local_avoidance]: [local_avoidance] ACTIVATED  (min_dist=0.35 m, idx=857)
[INFO] [1783523598.411] [/local_avoidance]: [local_avoidance] DEACTIVATED
[WARN] [1783523598.457] [/local_avoidance]: [local_avoidance] ACTIVATED  (min_dist=0.34 m, idx=582)
[INFO] [1783523598.503] [/local_avoidance]: [local_avoidance] avoiding...  min_dist=0.60 m
[INFO] [1783523598.603] [/local_avoidance]: [local_avoidance] DEACTIVATED
[WARN] [1783523598.653] [/local_avoidance]: [local_avoidance] ACTIVATED  (min_dist=0.35 m, idx=1034)
[INFO] [1783523598.705] [/local_avoidance]: [local_avoidance] DEACTIVATED
[WARN] [1783523598.758] [/local_avoidance]: [local_avoidance] ACTIVATED  (min_dist=0.35 m, idx=7703)
[INFO] [1783523598.809] [/local_avoidance]: [local_avoidance] DEACTIVATED
[INFO] [1783523598.850] [/cloud_crop_bridge]: [CloudCrop] 2330 -> 866 pts (37%)
[WARN] [1783523598.853] [/local_avoidance]: [local_avoidance] ACTIVATED  (min_dist=0.34 m, idx=1399)
[INFO] [1783523598.904] [/local_avoidance]: [local_avoidance] DEACTIVATED
[WARN] [1783523598.954] [/local_avoidance]: [local_avoidance] ACTIVATED  (min_dist=0.35 m, idx=2404)
[INFO] [1783523599.004] [/local_avoidance]: [local_avoidance] DEACTIVATED
[WARN] [1783523599.056] [/local_avoidance]: [local_avoidance] ACTIVATED  (min_dist=0.35 m, idx=1929)
[INFO] [1783523599.104] [/local_avoidance]: [local_avoidance] DEACTIVATED
[WARN] [1783523599.153] [/local_avoidance]: [local_avoidance] ACTIVATED  (min_dist=0.35 m, idx=8699)
[INFO] [1783523599.203] [/local_avoidance]: [local_avoidance] DEACTIVATED
[WARN] [1783523599.256] [/local_avoidance]: [local_avoidance] ACTIVATED  (min_dist=0.34 m, idx=9899)
[INFO] [1783523599.307] [/local_avoidance]: [local_avoidance] DEACTIVATED
[WARN] [1783523599.354] [/local_avoidance]: [local_avoidance] ACTIVATED  (min_dist=0.35 m, idx=9247)
[INFO] [1783523599.504] [/local_avoidance]: [local_avoidance] avoiding...  min_dist=0.35 m
[INFO] [1783523600.553] [/local_avoidance]: [local_avoidance] avoiding...  min_dist=0.35 m
[INFO] [1783523601.556] [/local_avoidance]: [local_avoidance] avoiding...  min_dist=0.35 m
[INFO] [1783523602.604] [/local_avoidance]: [local_avoidance] avoiding...  min_dist=0.35 m
[WARN] [1783523602.926] [/exploration_node]: wait for trigger.
[INFO] [1783523603.255] [/local_avoidance]: [local_avoidance] DEACTIVATED
[WARN] [1783523603.305] [/local_avoidance]: [local_avoidance] ACTIVATED  (min_dist=0.35 m, idx=812)
[INFO] [1783523603.453] [/local_avoidance]: [local_avoidance] DEACTIVATED
[WARN] [1783523603.504] [/local_avoidance]: [local_avoidance] ACTIVATED  (min_dist=0.35 m, idx=1072)
[INFO] [1783523603.555] [/local_avoidance]: [local_avoidance] DEACTIVATED
[WARN] [1783523603.604] [/local_avoidance]: [local_avoidance] ACTIVATED  (min_dist=0.35 m, idx=1286)
[INFO] [1783523603.654] [/local_avoidance]: [local_avoidance] DEACTIVATED
[WARN] [1783523603.704] [/local_avoidance]: [local_avoidance] ACTIVATED  (min_dist=0.35 m, idx=1620)
[INFO] [1783523603.754] [/local_avoidance]: [local_avoidance] DEACTIVATED
[WARN] [1783523603.806] [/local_avoidance]: [local_avoidance] ACTIVATED  (min_dist=0.34 m, idx=8483)
[INFO] [1783523603.855] [/local_avoidance]: [local_avoidance] DEACTIVATED
[INFO] [1783523603.866] [/cloud_crop_bridge]: [CloudCrop] 3144 -> 0 pts (0%)
[WARN] [1783523603.908] [/local_avoidance]: [local_avoidance] ACTIVATED  (min_dist=0.35 m, idx=9573)
[INFO] [1783523603.954] [/local_avoidance]: [local_avoidance] DEACTIVATED
[WARN] [1783523604.003] [/local_avoidance]: [local_avoidance] ACTIVATED  (min_dist=0.34 m, idx=1623)
[INFO] [1783523604.054] [/local_avoidance]: [local_avoidance] DEACTIVATED
[WARN] [1783523604.106] [/local_avoidance]: [local_avoidance] ACTIVATED  (min_dist=0.35 m, idx=8475)
[INFO] [1783523604.158] [/local_avoidance]: [local_avoidance] DEACTIVATED
[WARN] [1783523604.204] [/local_avoidance]: [local_avoidance] ACTIVATED  (min_dist=0.34 m, idx=2075)
[INFO] [1783523604.253] [/local_avoidance]: [local_avoidance] DEACTIVATED
[WARN] [1783523604.303] [/local_avoidance]: [local_avoidance] ACTIVATED  (min_dist=0.35 m, idx=3086)
[INFO] [1783523604.354] [/local_avoidance]: [local_avoidance] avoiding...  min_dist=0.36 m
[INFO] [1783523604.462] [/local_avoidance]: [local_avoidance] DEACTIVATED
[WARN] [1783523604.503] [/local_avoidance]: [local_avoidance] ACTIVATED  (min_dist=0.35 m, idx=9375)
[INFO] [1783523605.358] [/local_avoidance]: [local_avoidance] avoiding...  min_dist=0.35 m
[INFO] [1783523606.411] [/local_avoidance]: [local_avoidance] avoiding...  min_dist=0.35 m
[INFO] [1783523607.430] [/local_avoidance]: [local_avoidance] avoiding...  min_dist=0.34 m
[WARN] [1783523607.926] [/exploration_node]: wait for trigger.
[INFO] [1783523608.108] [/local_avoidance]: [local_avoidance] DEACTIVATED
[WARN] [1783523608.154] [/local_avoidance]: [local_avoidance] ACTIVATED  (min_dist=0.35 m, idx=778)
[INFO] [1783523608.203] [/local_avoidance]: [local_avoidance] DEACTIVATED
[WARN] [1783523608.254] [/local_avoidance]: [local_avoidance] ACTIVATED  (min_dist=0.35 m, idx=411)
[INFO] [1783523608.307] [/local_avoidance]: [local_avoidance] DEACTIVATED
[WARN] [1783523608.353] [/local_avoidance]: [local_avoidance] ACTIVATED  (min_dist=0.35 m, idx=1317)
[INFO] [1783523608.403] [/local_avoidance]: [local_avoidance] DEACTIVATED
[WARN] [1783523608.453] [/local_avoidance]: [local_avoidance] ACTIVATED  (min_dist=0.35 m, idx=8267)
[INFO] [1783523608.507] [/local_avoidance]: [local_avoidance] avoiding...  min_dist=0.59 m
[INFO] [1783523608.704] [/local_avoidance]: [local_avoidance] DEACTIVATED
[WARN] [1783523608.754] [/local_avoidance]: [local_avoidance] ACTIVATED  (min_dist=0.35 m, idx=8159)
[INFO] [1783523608.806] [/local_avoidance]: [local_avoidance] DEACTIVATED
[WARN] [1783523608.878] [/local_avoidance]: [local_avoidance] ACTIVATED  (min_dist=0.35 m, idx=1748)
[INFO] [1783523608.880] [/cloud_crop_bridge]: [CloudCrop] 2393 -> 882 pts (37%)
[INFO] [1783523608.904] [/local_avoidance]: [local_avoidance] DEACTIVATED
[WARN] [1783523608.953] [/local_avoidance]: [local_avoidance] ACTIVATED  (min_dist=0.35 m, idx=1276)
[INFO] [1783523609.005] [/local_avoidance]: [local_avoidance] DEACTIVATED
[WARN] [1783523609.054] [/local_avoidance]: [local_avoidance] ACTIVATED  (min_dist=0.35 m, idx=9509)
[INFO] [1783523609.105] [/local_avoidance]: [local_avoidance] DEACTIVATED
[WARN] [1783523609.157] [/local_avoidance]: [local_avoidance] ACTIVATED  (min_dist=0.34 m, idx=1751)
[INFO] [1783523609.203] [/local_avoidance]: [local_avoidance] DEACTIVATED
[WARN] [1783523609.253] [/local_avoidance]: [local_avoidance] ACTIVATED  (min_dist=0.35 m, idx=8615)
[INFO] [1783523609.306] [/local_avoidance]: [local_avoidance] DEACTIVATED
[WARN] [1783523609.353] [/local_avoidance]: [local_avoidance] ACTIVATED  (min_dist=0.35 m, idx=9519)
[INFO] [1783523609.405] [/local_avoidance]: [local_avoidance] DEACTIVATED
[WARN] [1783523609.458] [/local_avoidance]: [local_avoidance] ACTIVATED  (min_dist=0.35 m, idx=9534)
[INFO] [1783523609.554] [/local_avoidance]: [local_avoidance] avoiding...  min_dist=0.35 m
[INFO] [1783523609.604] [/local_avoidance]: [local_avoidance] DEACTIVATED
[WARN] [1783523609.654] [/local_avoidance]: [local_avoidance] ACTIVATED  (min_dist=0.35 m, idx=9611)
[INFO] [1783523610.558] [/local_avoidance]: [local_avoidance] avoiding...  min_dist=0.35 m
[INFO] [1783523611.603] [/local_avoidance]: [local_avoidance] avoiding...  min_dist=0.34 m
[INFO] [1783523612.606] [/local_avoidance]: [local_avoidance] avoiding...  min_dist=0.35 m
[WARN] [1783523612.938] [/exploration_node]: wait for trigger.
[INFO] [1783523613.057] [/local_avoidance]: [local_avoidance] DEACTIVATED
[WARN] [1783523613.106] [/local_avoidance]: [local_avoidance] ACTIVATED  (min_dist=0.35 m, idx=1615)
[INFO] [1783523613.253] [/local_avoidance]: [local_avoidance] DEACTIVATED
[WARN] [1783523613.306] [/local_avoidance]: [local_avoidance] ACTIVATED  (min_dist=0.35 m, idx=6747)
[INFO] [1783523613.354] [/local_avoidance]: [local_avoidance] DEACTIVATED
[WARN] [1783523613.403] [/local_avoidance]: [local_avoidance] ACTIVATED  (min_dist=0.35 m, idx=7847)
[INFO] [1783523613.453] [/local_avoidance]: [local_avoidance] DEACTIVATED
[WARN] [1783523613.504] [/local_avoidance]: [local_avoidance] ACTIVATED  (min_dist=0.35 m, idx=7207)
[INFO] [1783523613.553] [/local_avoidance]: [local_avoidance] DEACTIVATED
[WARN] [1783523613.604] [/local_avoidance]: [local_avoidance] ACTIVATED  (min_dist=0.35 m, idx=8303)
[INFO] [1783523613.659] [/local_avoidance]: [local_avoidance] DEACTIVATED
[WARN] [1783523613.705] [/local_avoidance]: [local_avoidance] ACTIVATED  (min_dist=0.35 m, idx=3373)
[INFO] [1783523613.753] [/local_avoidance]: [local_avoidance] avoiding...  min_dist=0.59 m
[INFO] [1783523613.853] [/local_avoidance]: [local_avoidance] DEACTIVATED
[INFO] [1783523613.901] [/cloud_crop_bridge]: [CloudCrop] 2378 -> 770 pts (32%)
[WARN] [1783523613.904] [/local_avoidance]: [local_avoidance] ACTIVATED  (min_dist=0.35 m, idx=8291)
[INFO] [1783523613.958] [/local_avoidance]: [local_avoidance] DEACTIVATED
[WARN] [1783523614.005] [/local_avoidance]: [local_avoidance] ACTIVATED  (min_dist=0.35 m, idx=1982)
[INFO] [1783523614.053] [/local_avoidance]: [local_avoidance] DEACTIVATED
[WARN] [1783523614.104] [/local_avoidance]: [local_avoidance] ACTIVATED  (min_dist=0.35 m, idx=2897)
[INFO] [1783523614.254] [/local_avoidance]: [local_avoidance] DEACTIVATED
[WARN] [1783523614.305] [/local_avoidance]: [local_avoidance] ACTIVATED  (min_dist=0.35 m, idx=3363)
[INFO] [1783523614.356] [/local_avoidance]: [local_avoidance] DEACTIVATED
[WARN] [1783523614.403] [/local_avoidance]: [local_avoidance] ACTIVATED  (min_dist=0.35 m, idx=2895)
[INFO] [1783523614.753] [/local_avoidance]: [local_avoidance] avoiding...  min_dist=0.35 m
[INFO] [1783523615.754] [/local_avoidance]: [local_avoidance] avoiding...  min_dist=0.35 m
[INFO] [1783523616.806] [/local_avoidance]: [local_avoidance] avoiding...  min_dist=0.34 m
[INFO] [1783523617.809] [/local_avoidance]: [local_avoidance] avoiding...  min_dist=0.35 m
[INFO] [1783523617.904] [/local_avoidance]: [local_avoidance] DEACTIVATED
[WARN] [1783523617.946] [/exploration_node]: wait for trigger.
[WARN] [1783523617.954] [/local_avoidance]: [local_avoidance] ACTIVATED  (min_dist=0.35 m, idx=6339)
[INFO] [1783523618.203] [/local_avoidance]: [local_avoidance] DEACTIVATED
[WARN] [1783523618.253] [/local_avoidance]: [local_avoidance] ACTIVATED  (min_dist=0.35 m, idx=7880)
[INFO] [1783523618.407] [/local_avoidance]: [local_avoidance] DEACTIVATED
[WARN] [1783523618.453] [/local_avoidance]: [local_avoidance] ACTIVATED  (min_dist=0.35 m, idx=1016)
[INFO] [1783523618.503] [/local_avoidance]: [local_avoidance] DEACTIVATED
[WARN] [1783523618.554] [/local_avoidance]: [local_avoidance] ACTIVATED  (min_dist=0.34 m, idx=667)
[INFO] [1783523618.603] [/local_avoidance]: [local_avoidance] DEACTIVATED
[WARN] [1783523618.654] [/local_avoidance]: [local_avoidance] ACTIVATED  (min_dist=0.34 m, idx=8882)
[INFO] [1783523618.704] [/local_avoidance]: [local_avoidance] DEACTIVATED
[WARN] [1783523618.754] [/local_avoidance]: [local_avoidance] ACTIVATED  (min_dist=0.35 m, idx=1106)
[INFO] [1783523618.805] [/local_avoidance]: [local_avoidance] DEACTIVATED
[WARN] [1783523618.881] [/local_avoidance]: [local_avoidance] ACTIVATED  (min_dist=0.35 m, idx=7690)
[INFO] [1783523618.901] [/cloud_crop_bridge]: [CloudCrop] 3193 -> 0 pts (0%)
[INFO] [1783523618.903] [/local_avoidance]: [local_avoidance] DEACTIVATED
[WARN] [1783523618.956] [/local_avoidance]: [local_avoidance] ACTIVATED  (min_dist=0.34 m, idx=1567)
[INFO] [1783523619.007] [/local_avoidance]: [local_avoidance] DEACTIVATED
[WARN] [1783523619.054] [/local_avoidance]: [local_avoidance] ACTIVATED  (min_dist=0.35 m, idx=9785)
[INFO] [1783523619.104] [/local_avoidance]: [local_avoidance] avoiding...  min_dist=0.59 m
[INFO] [1783523619.207] [/local_avoidance]: [local_avoidance] DEACTIVATED
[WARN] [1783523619.253] [/local_avoidance]: [local_avoidance] ACTIVATED  (min_dist=0.35 m, idx=8871)
[INFO] [1783523619.431] [/local_avoidance]: [local_avoidance] DEACTIVATED
[WARN] [1783523619.458] [/local_avoidance]: [local_avoidance] ACTIVATED  (min_dist=0.35 m, idx=9318)
[INFO] [1783523620.105] [/local_avoidance]: [local_avoidance] avoiding...  min_dist=0.36 m
[INFO] [1783523621.109] [/local_avoidance]: [local_avoidance] avoiding...  min_dist=0.35 m
[INFO] [1783523622.154] [/local_avoidance]: [local_avoidance] avoiding...  min_dist=0.35 m
[WARN] [1783523622.956] [/exploration_node]: wait for trigger.
[INFO] [1783523623.056] [/local_avoidance]: [local_avoidance] DEACTIVATED
[WARN] [1783523623.104] [/local_avoidance]: [local_avoidance] ACTIVATED  (min_dist=0.35 m, idx=612)
[INFO] [1783523623.155] [/local_avoidance]: [local_avoidance] avoiding...  min_dist=0.56 m
[INFO] [1783523623.356] [/local_avoidance]: [local_avoidance] DEACTIVATED
[WARN] [1783523623.404] [/local_avoidance]: [local_avoidance] ACTIVATED  (min_dist=0.35 m, idx=798)
[INFO] [1783523623.554] [/local_avoidance]: [local_avoidance] DEACTIVATED
[WARN] [1783523623.605] [/local_avoidance]: [local_avoidance] ACTIVATED  (min_dist=0.34 m, idx=8567)
[INFO] [1783523623.654] [/local_avoidance]: [local_avoidance] DEACTIVATED
[WARN] [1783523623.706] [/local_avoidance]: [local_avoidance] ACTIVATED  (min_dist=0.35 m, idx=6518)
[INFO] [1783523623.856] [/local_avoidance]: [local_avoidance] DEACTIVATED
[INFO] [1783523623.907] [/cloud_crop_bridge]: [CloudCrop] 2351 -> 764 pts (32%)
[WARN] [1783523623.909] [/local_avoidance]: [local_avoidance] ACTIVATED  (min_dist=0.35 m, idx=2713)
[INFO] [1783523623.954] [/local_avoidance]: [local_avoidance] DEACTIVATED
[WARN] [1783523624.003] [/local_avoidance]: [local_avoidance] ACTIVATED  (min_dist=0.35 m, idx=9461)
[INFO] [1783523624.056] [/local_avoidance]: [local_avoidance] DEACTIVATED
[WARN] [1783523624.107] [/local_avoidance]: [local_avoidance] ACTIVATED  (min_dist=0.35 m, idx=9007)
[INFO] [1783523624.157] [/local_avoidance]: [local_avoidance] avoiding...  min_dist=0.58 m
[INFO] [1783523624.253] [/local_avoidance]: [local_avoidance] DEACTIVATED
[INFO] [1783523624.286] [/exploration_node]: [EV] [1783523624.286][   +878.4s][WAIT_TRIGGER] Avoidance: Deactivated  <->  Activated | cycling x4065 over 877.4s
[WARN] [1783523624.303] [/local_avoidance]: [local_avoidance] ACTIVATED  (min_dist=0.34 m, idx=2051)
[INFO] [1783523624.554] [/local_avoidance]: [local_avoidance] DEACTIVATED
[WARN] [1783523624.604] [/local_avoidance]: [local_avoidance] ACTIVATED  (min_dist=0.35 m, idx=9451)
[INFO] [1783523625.203] [/local_avoidance]: [local_avoidance] avoiding...  min_dist=0.35 m
[INFO] [1783523626.206] [/local_avoidance]: [local_avoidance] avoiding...  min_dist=0.35 m
[INFO] [1783523627.254] [/local_avoidance]: [local_avoidance] avoiding...  min_dist=0.35 m
[WARN] [1783523627.958] [/exploration_node]: wait for trigger.
[INFO] [1783523628.255] [/local_avoidance]: [local_avoidance] avoiding...  min_dist=0.35 m
[INFO] [1783523628.305] [/local_avoidance]: [local_avoidance] DEACTIVATED
[WARN] [1783523628.354] [/local_avoidance]: [local_avoidance] ACTIVATED  (min_dist=0.35 m, idx=387)
[INFO] [1783523628.505] [/local_avoidance]: [local_avoidance] DEACTIVATED
[WARN] [1783523628.553] [/local_avoidance]: [local_avoidance] ACTIVATED  (min_dist=0.35 m, idx=839)
[INFO] [1783523628.604] [/local_avoidance]: [local_avoidance] DEACTIVATED
[WARN] [1783523628.654] [/local_avoidance]: [local_avoidance] ACTIVATED  (min_dist=0.35 m, idx=1855)
[INFO] [1783523628.705] [/local_avoidance]: [local_avoidance] DEACTIVATED
[WARN] [1783523628.754] [/local_avoidance]: [local_avoidance] ACTIVATED  (min_dist=0.34 m, idx=1378)
[INFO] [1783523628.810] [/local_avoidance]: [local_avoidance] DEACTIVATED
[WARN] [1783523628.879] [/local_avoidance]: [local_avoidance] ACTIVATED  (min_dist=0.35 m, idx=8335)
[INFO] [1783523628.910] [/local_avoidance]: [local_avoidance] DEACTIVATED
[INFO] [1783523628.951] [/cloud_crop_bridge]: [CloudCrop] 2425 -> 876 pts (36%)
[WARN] [1783523628.953] [/local_avoidance]: [local_avoidance] ACTIVATED  (min_dist=0.35 m, idx=1839)
[INFO] [1783523629.004] [/local_avoidance]: [local_avoidance] DEACTIVATED
[WARN] [1783523629.053] [/local_avoidance]: [local_avoidance] ACTIVATED  (min_dist=0.35 m, idx=2754)
[INFO] [1783523629.108] [/local_avoidance]: [local_avoidance] DEACTIVATED
[WARN] [1783523629.156] [/local_avoidance]: [local_avoidance] ACTIVATED  (min_dist=0.35 m, idx=2291)
[INFO] [1783523629.231] [/local_avoidance]: [local_avoidance] DEACTIVATED
[WARN] [1783523629.253] [/local_avoidance]: [local_avoidance] ACTIVATED  (min_dist=0.35 m, idx=3581)
[INFO] [1783523629.303] [/local_avoidance]: [local_avoidance] avoiding...  min_dist=0.58 m
[INFO] [1783523629.407] [/local_avoidance]: [local_avoidance] DEACTIVATED
[WARN] [1783523629.457] [/local_avoidance]: [local_avoidance] ACTIVATED  (min_dist=0.35 m, idx=3745)
[INFO] [1783523629.706] [/local_avoidance]: [local_avoidance] DEACTIVATED
[WARN] [1783523629.764] [/local_avoidance]: [local_avoidance] ACTIVATED  (min_dist=0.35 m, idx=9583)
[INFO] [1783523630.331] [/local_avoidance]: [local_avoidance] avoiding...  min_dist=0.35 m
[INFO] [1783523631.356] [/local_avoidance]: [local_avoidance] avoiding...  min_dist=0.35 m
[INFO] [1783523632.406] [/local_avoidance]: [local_avoidance] avoiding...  min_dist=0.35 m
[INFO] [1783523632.856] [/local_avoidance]: [local_avoidance] DEACTIVATED
[WARN] [1783523632.908] [/local_avoidance]: [local_avoidance] ACTIVATED  (min_dist=0.35 m, idx=6283)
[WARN] [1783523632.966] [/exploration_node]: wait for trigger.
[INFO] [1783523633.154] [/local_avoidance]: [local_avoidance] DEACTIVATED
[WARN] [1783523633.204] [/local_avoidance]: [local_avoidance] ACTIVATED  (min_dist=0.34 m, idx=8030)
[INFO] [1783523633.354] [/local_avoidance]: [local_avoidance] DEACTIVATED
[WARN] [1783523633.406] [/local_avoidance]: [local_avoidance] ACTIVATED  (min_dist=0.34 m, idx=9622)
[INFO] [1783523633.455] [/local_avoidance]: [local_avoidance] DEACTIVATED
[WARN] [1783523633.507] [/local_avoidance]: [local_avoidance] ACTIVATED  (min_dist=0.35 m, idx=7826)
[INFO] [1783523633.554] [/local_avoidance]: [local_avoidance] DEACTIVATED
[WARN] [1783523633.603] [/local_avoidance]: [local_avoidance] ACTIVATED  (min_dist=0.34 m, idx=8725)
[INFO] [1783523633.653] [/local_avoidance]: [local_avoidance] DEACTIVATED
[WARN] [1783523633.703] [/local_avoidance]: [local_avoidance] ACTIVATED  (min_dist=0.34 m, idx=967)
[INFO] [1783523633.755] [/local_avoidance]: [local_avoidance] DEACTIVATED
[WARN] [1783523633.811] [/local_avoidance]: [local_avoidance] ACTIVATED  (min_dist=0.34 m, idx=9273)
[INFO] [1783523633.857] [/local_avoidance]: [local_avoidance] DEACTIVATED
[WARN] [1783523633.904] [/local_avoidance]: [local_avoidance] ACTIVATED  (min_dist=0.35 m, idx=8735)
[INFO] [1783523633.951] [/cloud_crop_bridge]: [CloudCrop] 3200 -> 0 pts (0%)
[INFO] [1783523633.953] [/local_avoidance]: [local_avoidance] DEACTIVATED
[WARN] [1783523634.004] [/local_avoidance]: [local_avoidance] ACTIVATED  (min_dist=0.34 m, idx=9720)
[INFO] [1783523634.054] [/local_avoidance]: [local_avoidance] DEACTIVATED
[WARN] [1783523634.104] [/local_avoidance]: [local_avoidance] ACTIVATED  (min_dist=0.35 m, idx=1963)
[INFO] [1783523634.159] [/local_avoidance]: [local_avoidance] avoiding...  min_dist=0.59 m
[INFO] [1783523635.204] [/local_avoidance]: [local_avoidance] avoiding...  min_dist=0.35 m
[INFO] [1783523636.254] [/local_avoidance]: [local_avoidance] avoiding...  min_dist=0.35 m
[INFO] [1783523637.258] [/local_avoidance]: [local_avoidance] avoiding...  min_dist=0.35 m
[WARN] [1783523637.976] [/exploration_node]: wait for trigger.
[INFO] [1783523638.009] [/local_avoidance]: [local_avoidance] DEACTIVATED
[WARN] [1783523638.060] [/local_avoidance]: [local_avoidance] ACTIVATED  (min_dist=0.35 m, idx=478)
[INFO] [1783523638.204] [/local_avoidance]: [local_avoidance] DEACTIVATED
[WARN] [1783523638.253] [/local_avoidance]: [local_avoidance] ACTIVATED  (min_dist=0.35 m, idx=6863)
[INFO] [1783523638.304] [/local_avoidance]: [local_avoidance] DEACTIVATED
[WARN] [1783523638.354] [/local_avoidance]: [local_avoidance] ACTIVATED  (min_dist=0.35 m, idx=7956)
[INFO] [1783523638.404] [/local_avoidance]: [local_avoidance] avoiding...  min_dist=0.59 m
[INFO] [1783523638.528] [/local_avoidance]: [local_avoidance] DEACTIVATED
[WARN] [1783523638.558] [/local_avoidance]: [local_avoidance] ACTIVATED  (min_dist=0.34 m, idx=8411)
[INFO] [1783523638.605] [/local_avoidance]: [local_avoidance] DEACTIVATED
[WARN] [1783523638.654] [/local_avoidance]: [local_avoidance] ACTIVATED  (min_dist=0.35 m, idx=7859)
[INFO] [1783523638.803] [/local_avoidance]: [local_avoidance] DEACTIVATED
[WARN] [1783523638.853] [/local_avoidance]: [local_avoidance] ACTIVATED  (min_dist=0.35 m, idx=8406)
[INFO] [1783523638.929] [/local_avoidance]: [local_avoidance] DEACTIVATED
[INFO] [1783523638.959] [/cloud_crop_bridge]: [CloudCrop] 2417 -> 898 pts (37%)
[WARN] [1783523638.964] [/local_avoidance]: [local_avoidance] ACTIVATED  (min_dist=0.35 m, idx=9401)
[INFO] [1783523639.003] [/local_avoidance]: [local_avoidance] DEACTIVATED
[WARN] [1783523639.054] [/local_avoidance]: [local_avoidance] ACTIVATED  (min_dist=0.34 m, idx=1547)
[INFO] [1783523639.115] [/local_avoidance]: [local_avoidance] DEACTIVATED
[WARN] [1783523639.156] [/local_avoidance]: [local_avoidance] ACTIVATED  (min_dist=0.35 m, idx=8411)
[INFO] [1783523639.203] [/local_avoidance]: [local_avoidance] DEACTIVATED
[WARN] [1783523639.254] [/local_avoidance]: [local_avoidance] ACTIVATED  (min_dist=0.35 m, idx=7849)
[INFO] [1783523639.453] [/local_avoidance]: [local_avoidance] avoiding...  min_dist=0.34 m
[INFO] [1783523639.504] [/local_avoidance]: [local_avoidance] DEACTIVATED
[WARN] [1783523639.557] [/local_avoidance]: [local_avoidance] ACTIVATED  (min_dist=0.35 m, idx=3466)
[INFO] [1783523640.457] [/local_avoidance]: [local_avoidance] avoiding...  min_dist=0.35 m
[INFO] [1783523641.504] [/local_avoidance]: [local_avoidance] avoiding...  min_dist=0.35 m
[INFO] [1783523642.554] [/local_avoidance]: [local_avoidance] avoiding...  min_dist=0.35 m
[WARN] [1783523642.986] [/exploration_node]: wait for trigger.
[INFO] [1783523643.154] [/local_avoidance]: [local_avoidance] DEACTIVATED
[WARN] [1783523643.204] [/local_avoidance]: [local_avoidance] ACTIVATED  (min_dist=0.35 m, idx=780)
[INFO] [1783523643.254] [/local_avoidance]: [local_avoidance] DEACTIVATED
[WARN] [1783523643.329] [/local_avoidance]: [local_avoidance] ACTIVATED  (min_dist=0.34 m, idx=139)
[INFO] [1783523643.357] [/local_avoidance]: [local_avoidance] DEACTIVATED
[WARN] [1783523643.409] [/local_avoidance]: [local_avoidance] ACTIVATED  (min_dist=0.35 m, idx=1040)
[INFO] [1783523643.454] [/local_avoidance]: [local_avoidance] DEACTIVATED
[WARN] [1783523643.504] [/local_avoidance]: [local_avoidance] ACTIVATED  (min_dist=0.35 m, idx=7999)
[INFO] [1783523643.563] [/local_avoidance]: [local_avoidance] avoiding...  min_dist=0.59 m
[INFO] [1783523643.653] [/local_avoidance]: [local_avoidance] DEACTIVATED
[WARN] [1783523643.703] [/local_avoidance]: [local_avoidance] ACTIVATED  (min_dist=0.35 m, idx=8541)
[INFO] [1783523643.754] [/local_avoidance]: [local_avoidance] DEACTIVATED
[WARN] [1783523643.804] [/local_avoidance]: [local_avoidance] ACTIVATED  (min_dist=0.35 m, idx=2150)
[INFO] [1783523643.853] [/local_avoidance]: [local_avoidance] DEACTIVATED
[WARN] [1783523643.911] [/local_avoidance]: [local_avoidance] ACTIVATED  (min_dist=0.35 m, idx=8995)
[INFO] [1783523643.978] [/local_avoidance]: [local_avoidance] DEACTIVATED
[INFO] [1783523643.978] [/cloud_crop_bridge]: [CloudCrop] 3039 -> 0 pts (0%)
[WARN] [1783523644.003] [/local_avoidance]: [local_avoidance] ACTIVATED  (min_dist=0.35 m, idx=2990)
[INFO] [1783523644.053] [/local_avoidance]: [local_avoidance] DEACTIVATED
[WARN] [1783523644.112] [/local_avoidance]: [local_avoidance] ACTIVATED  (min_dist=0.35 m, idx=2139)
[INFO] [1783523644.158] [/local_avoidance]: [local_avoidance] DEACTIVATED
[WARN] [1783523644.204] [/local_avoidance]: [local_avoidance] ACTIVATED  (min_dist=0.35 m, idx=3145)
[INFO] [1783523644.254] [/local_avoidance]: [local_avoidance] DEACTIVATED
[WARN] [1783523644.303] [/local_avoidance]: [local_avoidance] ACTIVATED  (min_dist=0.35 m, idx=2760)
[INFO] [1783523644.356] [/local_avoidance]: [local_avoidance] DEACTIVATED
[WARN] [1783523644.408] [/local_avoidance]: [local_avoidance] ACTIVATED  (min_dist=0.35 m, idx=7977)
[INFO] [1783523644.611] [/local_avoidance]: [local_avoidance] avoiding...  min_dist=0.35 m
[INFO] [1783523645.655] [/local_avoidance]: [local_avoidance] avoiding...  min_dist=0.35 m
[INFO] [1783523646.704] [/local_avoidance]: [local_avoidance] avoiding...  min_dist=0.34 m
[INFO] [1783523647.709] [/local_avoidance]: [local_avoidance] avoiding...  min_dist=0.34 m
[WARN] [1783523648.000] [/exploration_node]: wait for trigger.
[INFO] [1783523648.306] [/local_avoidance]: [local_avoidance] DEACTIVATED
[WARN] [1783523648.379] [/local_avoidance]: [local_avoidance] ACTIVATED  (min_dist=0.35 m, idx=812)
[INFO] [1783523648.429] [/local_avoidance]: [local_avoidance] DEACTIVATED
[WARN] [1783523648.453] [/local_avoidance]: [local_avoidance] ACTIVATED  (min_dist=0.34 m, idx=367)
[INFO] [1783523648.503] [/local_avoidance]: [local_avoidance] DEACTIVATED
[WARN] [1783523648.554] [/local_avoidance]: [local_avoidance] ACTIVATED  (min_dist=0.35 m, idx=7135)
[INFO] [1783523648.609] [/local_avoidance]: [local_avoidance] DEACTIVATED
[WARN] [1783523648.659] [/local_avoidance]: [local_avoidance] ACTIVATED  (min_dist=0.34 m, idx=1107)
[INFO] [1783523648.704] [/local_avoidance]: [local_avoidance] DEACTIVATED
[WARN] [1783523648.754] [/local_avoidance]: [local_avoidance] ACTIVATED  (min_dist=0.35 m, idx=1812)
[INFO] [1783523648.807] [/local_avoidance]: [local_avoidance] DEACTIVATED
[WARN] [1783523648.855] [/local_avoidance]: [local_avoidance] ACTIVATED  (min_dist=0.34 m, idx=1267)
[INFO] [1783523648.904] [/local_avoidance]: [local_avoidance] DEACTIVATED
[WARN] [1783523648.954] [/local_avoidance]: [local_avoidance] ACTIVATED  (min_dist=0.35 m, idx=2287)
[INFO] [1783523649.004] [/cloud_crop_bridge]: [CloudCrop] 2954 -> 15 pts (1%)
[INFO] [1783523649.011] [/local_avoidance]: [local_avoidance] DEACTIVATED
[WARN] [1783523649.056] [/local_avoidance]: [local_avoidance] ACTIVATED  (min_dist=0.34 m, idx=2583)
[INFO] [1783523649.103] [/local_avoidance]: [local_avoidance] DEACTIVATED
[WARN] [1783523649.155] [/local_avoidance]: [local_avoidance] ACTIVATED  (min_dist=0.35 m, idx=2725)
[INFO] [1783523649.206] [/local_avoidance]: [local_avoidance] DEACTIVATED
[WARN] [1783523649.269] [/local_avoidance]: [local_avoidance] ACTIVATED  (min_dist=0.35 m, idx=2258)
[INFO] [1783523649.304] [/local_avoidance]: [local_avoidance] DEACTIVATED
[WARN] [1783523649.355] [/local_avoidance]: [local_avoidance] ACTIVATED  (min_dist=0.35 m, idx=3191)
[INFO] [1783523649.406] [/local_avoidance]: [local_avoidance] avoiding...  min_dist=0.36 m
[INFO] [1783523649.503] [/local_avoidance]: [local_avoidance] DEACTIVATED
[WARN] [1783523649.554] [/local_avoidance]: [local_avoidance] ACTIVATED  (min_dist=0.35 m, idx=9571)
[INFO] [1783523650.453] [/local_avoidance]: [local_avoidance] avoiding...  min_dist=0.35 m
[INFO] [1783523651.453] [/local_avoidance]: [local_avoidance] avoiding...  min_dist=0.35 m
[INFO] [1783523652.505] [/local_avoidance]: [local_avoidance] avoiding...  min_dist=0.35 m
[WARN] [1783523653.006] [/exploration_node]: wait for trigger.
[INFO] [1783523653.157] [/local_avoidance]: [local_avoidance] DEACTIVATED
[WARN] [1783523653.232] [/local_avoidance]: [local_avoidance] ACTIVATED  (min_dist=0.35 m, idx=7003)
[INFO] [1783523653.254] [/local_avoidance]: [local_avoidance] DEACTIVATED
[WARN] [1783523653.304] [/local_avoidance]: [local_avoidance] ACTIVATED  (min_dist=0.35 m, idx=498)
[INFO] [1783523653.354] [/local_avoidance]: [local_avoidance] DEACTIVATED
[WARN] [1783523653.410] [/local_avoidance]: [local_avoidance] ACTIVATED  (min_dist=0.35 m, idx=1321)
[INFO] [1783523653.461] [/local_avoidance]: [local_avoidance] DEACTIVATED
[WARN] [1783523653.508] [/local_avoidance]: [local_avoidance] ACTIVATED  (min_dist=0.34 m, idx=950)
[INFO] [1783523653.553] [/local_avoidance]: [local_avoidance] DEACTIVATED
[WARN] [1783523653.605] [/local_avoidance]: [local_avoidance] ACTIVATED  (min_dist=0.35 m, idx=7806)
[INFO] [1783523653.655] [/local_avoidance]: [local_avoidance] DEACTIVATED
[WARN] [1783523653.710] [/local_avoidance]: [local_avoidance] ACTIVATED  (min_dist=0.35 m, idx=8719)
[INFO] [1783523653.761] [/local_avoidance]: [local_avoidance] DEACTIVATED
[WARN] [1783523653.804] [/local_avoidance]: [local_avoidance] ACTIVATED  (min_dist=0.35 m, idx=2605)
[INFO] [1783523653.853] [/local_avoidance]: [local_avoidance] DEACTIVATED
[WARN] [1783523653.904] [/local_avoidance]: [local_avoidance] ACTIVATED  (min_dist=0.35 m, idx=1940)
[INFO] [1783523653.978] [/local_avoidance]: [local_avoidance] DEACTIVATED
[INFO] [1783523654.014] [/cloud_crop_bridge]: [CloudCrop] 2393 -> 787 pts (33%)
[WARN] [1783523654.028] [/local_avoidance]: [local_avoidance] ACTIVATED  (min_dist=0.34 m, idx=1399)
[INFO] [1783523654.056] [/local_avoidance]: [local_avoidance] DEACTIVATED
[WARN] [1783523654.110] [/local_avoidance]: [local_avoidance] ACTIVATED  (min_dist=0.35 m, idx=2392)
[INFO] [1783523654.153] [/local_avoidance]: [local_avoidance] avoiding...  min_dist=0.60 m
[INFO] [1783523654.361] [/local_avoidance]: [local_avoidance] DEACTIVATED
[INFO] [1783523654.386] [/exploration_node]: [EV] [1783523654.386][   +908.5s][WAIT_TRIGGER] Avoidance: Deactivated  <->  Activated | cycling x4201 over 907.5s
[WARN] [1783523654.405] [/local_avoidance]: [local_avoidance] ACTIVATED  (min_dist=0.35 m, idx=10095)
[INFO] [1783523654.454] [/local_avoidance]: [local_avoidance] DEACTIVATED
[WARN] [1783523654.504] [/local_avoidance]: [local_avoidance] ACTIVATED  (min_dist=0.35 m, idx=9149)
[INFO] [1783523654.657] [/local_avoidance]: [local_avoidance] DEACTIVATED
[WARN] [1783523654.705] [/local_avoidance]: [local_avoidance] ACTIVATED  (min_dist=0.35 m, idx=4242)
[INFO] [1783523655.154] [/local_avoidance]: [local_avoidance] avoiding...  min_dist=0.35 m
[INFO] [1783523656.159] [/local_avoidance]: [local_avoidance] avoiding...  min_dist=0.35 m
[INFO] [1783523657.207] [/local_avoidance]: [local_avoidance] avoiding...  min_dist=0.36 m
[WARN] [1783523658.007] [/exploration_node]: wait for trigger.
[INFO] [1783523658.104] [/local_avoidance]: [local_avoidance] DEACTIVATED
[WARN] [1783523658.156] [/local_avoidance]: [local_avoidance] ACTIVATED  (min_dist=0.35 m, idx=7845)
[INFO] [1783523658.254] [/local_avoidance]: [local_avoidance] avoiding...  min_dist=0.35 m
[INFO] [1783523658.329] [/local_avoidance]: [local_avoidance] DEACTIVATED
[WARN] [1783523658.353] [/local_avoidance]: [local_avoidance] ACTIVATED  (min_dist=0.35 m, idx=2486)
[INFO] [1783523658.403] [/local_avoidance]: [local_avoidance] DEACTIVATED
[WARN] [1783523658.456] [/local_avoidance]: [local_avoidance] ACTIVATED  (min_dist=0.35 m, idx=7939)
[INFO] [1783523658.525] [/local_avoidance]: [local_avoidance] DEACTIVATED
[WARN] [1783523658.553] [/local_avoidance]: [local_avoidance] ACTIVATED  (min_dist=0.35 m, idx=7295)
[INFO] [1783523658.604] [/local_avoidance]: [local_avoidance] DEACTIVATED
[WARN] [1783523658.655] [/local_avoidance]: [local_avoidance] ACTIVATED  (min_dist=0.34 m, idx=8482)
[INFO] [1783523658.730] [/local_avoidance]: [local_avoidance] DEACTIVATED
[WARN] [1783523658.755] [/local_avoidance]: [local_avoidance] ACTIVATED  (min_dist=0.34 m, idx=9292)
[INFO] [1783523658.807] [/local_avoidance]: [local_avoidance] DEACTIVATED
[WARN] [1783523658.864] [/local_avoidance]: [local_avoidance] ACTIVATED  (min_dist=0.35 m, idx=2307)
[INFO] [1783523658.904] [/local_avoidance]: [local_avoidance] DEACTIVATED
[WARN] [1783523658.953] [/local_avoidance]: [local_avoidance] ACTIVATED  (min_dist=0.35 m, idx=2925)
[INFO] [1783523659.005] [/local_avoidance]: [local_avoidance] DEACTIVATED
[INFO] [1783523659.055] [/cloud_crop_bridge]: [CloudCrop] 2410 -> 882 pts (37%)
[WARN] [1783523659.059] [/local_avoidance]: [local_avoidance] ACTIVATED  (min_dist=0.35 m, idx=1968)
[INFO] [1783523659.104] [/local_avoidance]: [local_avoidance] DEACTIVATED
[WARN] [1783523659.153] [/local_avoidance]: [local_avoidance] ACTIVATED  (min_dist=0.35 m, idx=7477)
[INFO] [1783523659.203] [/local_avoidance]: [local_avoidance] DEACTIVATED
[WARN] [1783523659.253] [/local_avoidance]: [local_avoidance] ACTIVATED  (min_dist=0.34 m, idx=9846)
[INFO] [1783523659.311] [/local_avoidance]: [local_avoidance] DEACTIVATED
[WARN] [1783523659.359] [/local_avoidance]: [local_avoidance] ACTIVATED  (min_dist=0.35 m, idx=3445)
[INFO] [1783523659.405] [/local_avoidance]: [local_avoidance] avoiding...  min_dist=0.52 m
[INFO] [1783523659.604] [/local_avoidance]: [local_avoidance] DEACTIVATED
[WARN] [1783523659.653] [/local_avoidance]: [local_avoidance] ACTIVATED  (min_dist=0.35 m, idx=3516)
[INFO] [1783523660.454] [/local_avoidance]: [local_avoidance] avoiding...  min_dist=0.35 m
[INFO] [1783523661.455] [/local_avoidance]: [local_avoidance] avoiding...  min_dist=0.35 m
[INFO] [1783523662.460] [/local_avoidance]: [local_avoidance] avoiding...  min_dist=0.35 m
[INFO] [1783523662.753] [/local_avoidance]: [local_avoidance] DEACTIVATED
[WARN] [1783523662.803] [/local_avoidance]: [local_avoidance] ACTIVATED  (min_dist=0.35 m, idx=329)
[INFO] [1783523662.964] [/local_avoidance]: [local_avoidance] DEACTIVATED
[WARN] [1783523663.003] [/local_avoidance]: [local_avoidance] ACTIVATED  (min_dist=0.35 m, idx=1165)
[WARN] [1783523663.009] [/exploration_node]: wait for trigger.
[INFO] [1783523663.266] [/local_avoidance]: [local_avoidance] DEACTIVATED
[WARN] [1783523663.303] [/local_avoidance]: [local_avoidance] ACTIVATED  (min_dist=0.35 m, idx=660)
[INFO] [1783523663.455] [/local_avoidance]: [local_avoidance] DEACTIVATED
[WARN] [1783523663.506] [/local_avoidance]: [local_avoidance] ACTIVATED  (min_dist=0.35 m, idx=1208)
[INFO] [1783523663.579] [/local_avoidance]: [local_avoidance] DEACTIVATED
[WARN] [1783523663.608] [/local_avoidance]: [local_avoidance] ACTIVATED  (min_dist=0.34 m, idx=667)
[INFO] [1783523663.658] [/local_avoidance]: [local_avoidance] avoiding...  min_dist=0.56 m
[INFO] [1783523663.860] [/local_avoidance]: [local_avoidance] DEACTIVATED
[WARN] [1783523663.904] [/local_avoidance]: [local_avoidance] ACTIVATED  (min_dist=0.35 m, idx=7975)
[INFO] [1783523663.956] [/local_avoidance]: [local_avoidance] DEACTIVATED
[WARN] [1783523664.004] [/local_avoidance]: [local_avoidance] ACTIVATED  (min_dist=0.34 m, idx=1663)
[INFO] [1783523664.054] [/local_avoidance]: [local_avoidance] DEACTIVATED
[WARN] [1783523664.104] [/local_avoidance]: [local_avoidance] ACTIVATED  (min_dist=0.35 m, idx=2669)
[INFO] [1783523664.109] [/cloud_crop_bridge]: [CloudCrop] 2372 -> 769 pts (32%)
[INFO] [1783523664.156] [/local_avoidance]: [local_avoidance] DEACTIVATED
[WARN] [1783523664.206] [/local_avoidance]: [local_avoidance] ACTIVATED  (min_dist=0.35 m, idx=2118)
[INFO] [1783523664.456] [/local_avoidance]: [local_avoidance] DEACTIVATED
[WARN] [1783523664.503] [/local_avoidance]: [local_avoidance] ACTIVATED  (min_dist=0.35 m, idx=3573)
[INFO] [1783523664.704] [/local_avoidance]: [local_avoidance] avoiding...  min_dist=0.35 m
[INFO] [1783523665.730] [/local_avoidance]: [local_avoidance] avoiding...  min_dist=0.35 m
[INFO] [1783523666.754] [/local_avoidance]: [local_avoidance] avoiding...  min_dist=0.34 m
[INFO] [1783523667.814] [/local_avoidance]: [local_avoidance] avoiding...  min_dist=0.35 m
[INFO] [1783523667.904] [/local_avoidance]: [local_avoidance] DEACTIVATED
[WARN] [1783523667.953] [/local_avoidance]: [local_avoidance] ACTIVATED  (min_dist=0.34 m, idx=7660)
[WARN] [1783523668.016] [/exploration_node]: wait for trigger.
[INFO] [1783523668.206] [/local_avoidance]: [local_avoidance] DEACTIVATED
[WARN] [1783523668.254] [/local_avoidance]: [local_avoidance] ACTIVATED  (min_dist=0.34 m, idx=428)
[INFO] [1783523668.308] [/local_avoidance]: [local_avoidance] DEACTIVATED
[WARN] [1783523668.358] [/local_avoidance]: [local_avoidance] ACTIVATED  (min_dist=0.34 m, idx=8564)
[INFO] [1783523668.413] [/local_avoidance]: [local_avoidance] DEACTIVATED
[WARN] [1783523668.466] [/local_avoidance]: [local_avoidance] ACTIVATED  (min_dist=0.35 m, idx=1268)
[INFO] [1783523668.504] [/local_avoidance]: [local_avoidance] DEACTIVATED
[WARN] [1783523668.553] [/local_avoidance]: [local_avoidance] ACTIVATED  (min_dist=0.35 m, idx=1821)
[INFO] [1783523668.605] [/local_avoidance]: [local_avoidance] DEACTIVATED
[WARN] [1783523668.658] [/local_avoidance]: [local_avoidance] ACTIVATED  (min_dist=0.34 m, idx=8663)
[INFO] [1783523668.711] [/local_avoidance]: [local_avoidance] DEACTIVATED
[WARN] [1783523668.755] [/local_avoidance]: [local_avoidance] ACTIVATED  (min_dist=0.35 m, idx=6719)
[INFO] [1783523668.805] [/local_avoidance]: [local_avoidance] DEACTIVATED
[WARN] [1783523668.856] [/local_avoidance]: [local_avoidance] ACTIVATED  (min_dist=0.34 m, idx=9197)
[INFO] [1783523668.928] [/local_avoidance]: [local_avoidance] DEACTIVATED
[WARN] [1783523668.954] [/local_avoidance]: [local_avoidance] ACTIVATED  (min_dist=0.35 m, idx=1224)
[INFO] [1783523669.003] [/local_avoidance]: [local_avoidance] DEACTIVATED
[WARN] [1783523669.053] [/local_avoidance]: [local_avoidance] ACTIVATED  (min_dist=0.35 m, idx=8207)
[INFO] [1783523669.103] [/local_avoidance]: [local_avoidance] DEACTIVATED
[WARN] [1783523669.157] [/local_avoidance]: [local_avoidance] ACTIVATED  (min_dist=0.34 m, idx=1795)
[INFO] [1783523669.157] [/cloud_crop_bridge]: [CloudCrop] 2439 -> 791 pts (32%)
[INFO] [1783523669.207] [/local_avoidance]: [local_avoidance] avoiding...  min_dist=0.59 m
[INFO] [1783523669.307] [/local_avoidance]: [local_avoidance] DEACTIVATED
[WARN] [1783523669.354] [/local_avoidance]: [local_avoidance] ACTIVATED  (min_dist=0.34 m, idx=2243)
[INFO] [1783523669.403] [/local_avoidance]: [local_avoidance] DEACTIVATED
[WARN] [1783523669.453] [/local_avoidance]: [local_avoidance] ACTIVATED  (min_dist=0.35 m, idx=3359)
[INFO] [1783523669.611] [/local_avoidance]: [local_avoidance] DEACTIVATED
[WARN] [1783523669.653] [/local_avoidance]: [local_avoidance] ACTIVATED  (min_dist=0.35 m, idx=3701)
[INFO] [1783523670.254] [/local_avoidance]: [local_avoidance] avoiding...  min_dist=0.35 m
[INFO] [1783523671.255] [/local_avoidance]: [local_avoidance] avoiding...  min_dist=0.35 m
[INFO] [1783523672.329] [/local_avoidance]: [local_avoidance] avoiding...  min_dist=0.35 m
[WARN] [1783523673.026] [/exploration_node]: wait for trigger.
[INFO] [1783523673.054] [/local_avoidance]: [local_avoidance] DEACTIVATED
[WARN] [1783523673.104] [/local_avoidance]: [local_avoidance] ACTIVATED  (min_dist=0.35 m, idx=7802)
[INFO] [1783523673.257] [/local_avoidance]: [local_avoidance] DEACTIVATED
[WARN] [1783523673.304] [/local_avoidance]: [local_avoidance] ACTIVATED  (min_dist=0.35 m, idx=1028)
[INFO] [1783523673.353] [/local_avoidance]: [local_avoidance] DEACTIVATED
[WARN] [1783523673.404] [/local_avoidance]: [local_avoidance] ACTIVATED  (min_dist=0.35 m, idx=7891)
[INFO] [1783523673.453] [/local_avoidance]: [local_avoidance] DEACTIVATED
[WARN] [1783523673.506] [/local_avoidance]: [local_avoidance] ACTIVATED  (min_dist=0.35 m, idx=7335)
[INFO] [1783523673.556] [/local_avoidance]: [local_avoidance] DEACTIVATED
[WARN] [1783523673.605] [/local_avoidance]: [local_avoidance] ACTIVATED  (min_dist=0.35 m, idx=1022)
[INFO] [1783523673.657] [/local_avoidance]: [local_avoidance] DEACTIVATED
[WARN] [1783523673.703] [/local_avoidance]: [local_avoidance] ACTIVATED  (min_dist=0.35 m, idx=7787)
[INFO] [1783523673.754] [/local_avoidance]: [local_avoidance] DEACTIVATED
[WARN] [1783523673.803] [/local_avoidance]: [local_avoidance] ACTIVATED  (min_dist=0.35 m, idx=1460)
[INFO] [1783523673.854] [/local_avoidance]: [local_avoidance] DEACTIVATED
[WARN] [1783523673.905] [/local_avoidance]: [local_avoidance] ACTIVATED  (min_dist=0.35 m, idx=8234)
[INFO] [1783523673.953] [/local_avoidance]: [local_avoidance] DEACTIVATED
[WARN] [1783523674.006] [/local_avoidance]: [local_avoidance] ACTIVATED  (min_dist=0.35 m, idx=2008)
[INFO] [1783523674.055] [/local_avoidance]: [local_avoidance] DEACTIVATED
[WARN] [1783523674.104] [/local_avoidance]: [local_avoidance] ACTIVATED  (min_dist=0.34 m, idx=10240)
[INFO] [1783523674.153] [/local_avoidance]: [local_avoidance] DEACTIVATED
[INFO] [1783523674.202] [/cloud_crop_bridge]: [CloudCrop] 2430 -> 801 pts (33%)
[WARN] [1783523674.204] [/local_avoidance]: [local_avoidance] ACTIVATED  (min_dist=0.35 m, idx=9791)
[INFO] [1783523674.256] [/local_avoidance]: [local_avoidance] DEACTIVATED
[WARN] [1783523674.306] [/local_avoidance]: [local_avoidance] ACTIVATED  (min_dist=0.35 m, idx=9331)
[INFO] [1783523674.380] [/local_avoidance]: [local_avoidance] avoiding...  min_dist=0.60 m
[INFO] [1783523675.409] [/local_avoidance]: [local_avoidance] avoiding...  min_dist=0.35 m
[INFO] [1783523676.413] [/local_avoidance]: [local_avoidance] avoiding...  min_dist=0.35 m
[INFO] [1783523677.454] [/local_avoidance]: [local_avoidance] avoiding...  min_dist=0.35 m
[INFO] [1783523677.904] [/local_avoidance]: [local_avoidance] DEACTIVATED
[WARN] [1783523677.964] [/local_avoidance]: [local_avoidance] ACTIVATED  (min_dist=0.35 m, idx=6379)
[WARN] [1783523678.026] [/exploration_node]: wait for trigger.
[INFO] [1783523678.303] [/local_avoidance]: [local_avoidance] DEACTIVATED
[WARN] [1783523678.353] [/local_avoidance]: [local_avoidance] ACTIVATED  (min_dist=0.35 m, idx=634)
[INFO] [1783523678.403] [/local_avoidance]: [local_avoidance] DEACTIVATED
[WARN] [1783523678.454] [/local_avoidance]: [local_avoidance] ACTIVATED  (min_dist=0.35 m, idx=1156)
[INFO] [1783523678.505] [/local_avoidance]: [local_avoidance] DEACTIVATED
[WARN] [1783523678.554] [/local_avoidance]: [local_avoidance] ACTIVATED  (min_dist=0.35 m, idx=803)
[INFO] [1783523678.603] [/local_avoidance]: [local_avoidance] DEACTIVATED
[WARN] [1783523678.653] [/local_avoidance]: [local_avoidance] ACTIVATED  (min_dist=0.35 m, idx=1535)
[INFO] [1783523678.705] [/local_avoidance]: [local_avoidance] DEACTIVATED
[WARN] [1783523678.759] [/local_avoidance]: [local_avoidance] ACTIVATED  (min_dist=0.35 m, idx=1150)
[INFO] [1783523678.806] [/local_avoidance]: [local_avoidance] DEACTIVATED
[WARN] [1783523678.856] [/local_avoidance]: [local_avoidance] ACTIVATED  (min_dist=0.34 m, idx=9369)
[INFO] [1783523678.904] [/local_avoidance]: [local_avoidance] DEACTIVATED
[WARN] [1783523678.953] [/local_avoidance]: [local_avoidance] ACTIVATED  (min_dist=0.35 m, idx=8917)
[INFO] [1783523679.003] [/local_avoidance]: [local_avoidance] DEACTIVATED
[WARN] [1783523679.059] [/local_avoidance]: [local_avoidance] ACTIVATED  (min_dist=0.35 m, idx=9829)
[INFO] [1783523679.129] [/local_avoidance]: [local_avoidance] DEACTIVATED
[WARN] [1783523679.155] [/local_avoidance]: [local_avoidance] ACTIVATED  (min_dist=0.35 m, idx=2063)
[INFO] [1783523679.204] [/local_avoidance]: [local_avoidance] avoiding...  min_dist=0.57 m
[INFO] [1783523679.252] [/cloud_crop_bridge]: [CloudCrop] 2349 -> 749 pts (32%)
[INFO] [1783523679.404] [/local_avoidance]: [local_avoidance] DEACTIVATED
[WARN] [1783523679.458] [/local_avoidance]: [local_avoidance] ACTIVATED  (min_dist=0.35 m, idx=7918)
[INFO] [1783523680.260] [/local_avoidance]: [local_avoidance] avoiding...  min_dist=0.35 m
[INFO] [1783523681.310] [/local_avoidance]: [local_avoidance] avoiding...  min_dist=0.35 m
[INFO] [1783523682.354] [/local_avoidance]: [local_avoidance] avoiding...  min_dist=0.35 m
[WARN] [1783523683.027] [/exploration_node]: wait for trigger.
[INFO] [1783523683.054] [/local_avoidance]: [local_avoidance] DEACTIVATED
[WARN] [1783523683.109] [/local_avoidance]: [local_avoidance] ACTIVATED  (min_dist=0.35 m, idx=679)
[INFO] [1783523683.254] [/local_avoidance]: [local_avoidance] DEACTIVATED
[WARN] [1783523683.304] [/local_avoidance]: [local_avoidance] ACTIVATED  (min_dist=0.35 m, idx=7059)
[INFO] [1783523683.361] [/local_avoidance]: [local_avoidance] DEACTIVATED
[WARN] [1783523683.409] [/local_avoidance]: [local_avoidance] ACTIVATED  (min_dist=0.35 m, idx=8159)
[INFO] [1783523683.482] [/local_avoidance]: [local_avoidance] DEACTIVATED
[WARN] [1783523683.505] [/local_avoidance]: [local_avoidance] ACTIVATED  (min_dist=0.35 m, idx=7891)
[INFO] [1783523683.554] [/local_avoidance]: [local_avoidance] DEACTIVATED
[WARN] [1783523683.616] [/local_avoidance]: [local_avoidance] ACTIVATED  (min_dist=0.34 m, idx=8511)
[INFO] [1783523683.658] [/local_avoidance]: [local_avoidance] DEACTIVATED
[WARN] [1783523683.704] [/local_avoidance]: [local_avoidance] ACTIVATED  (min_dist=0.35 m, idx=8147)
[INFO] [1783523683.754] [/local_avoidance]: [local_avoidance] DEACTIVATED
[WARN] [1783523683.804] [/local_avoidance]: [local_avoidance] ACTIVATED  (min_dist=0.34 m, idx=9146)
[INFO] [1783523683.853] [/local_avoidance]: [local_avoidance] DEACTIVATED
[WARN] [1783523683.903] [/local_avoidance]: [local_avoidance] ACTIVATED  (min_dist=0.35 m, idx=2861)
[INFO] [1783523683.953] [/local_avoidance]: [local_avoidance] DEACTIVATED
[WARN] [1783523684.013] [/local_avoidance]: [local_avoidance] ACTIVATED  (min_dist=0.35 m, idx=8141)
[INFO] [1783523684.058] [/local_avoidance]: [local_avoidance] DEACTIVATED
[WARN] [1783523684.104] [/local_avoidance]: [local_avoidance] ACTIVATED  (min_dist=0.35 m, idx=1743)
[INFO] [1783523684.154] [/local_avoidance]: [local_avoidance] avoiding...  min_dist=0.59 m
[INFO] [1783523684.252] [/cloud_crop_bridge]: [CloudCrop] 3224 -> 125 pts (4%)
[INFO] [1783523684.253] [/local_avoidance]: [local_avoidance] DEACTIVATED
[WARN] [1783523684.306] [/local_avoidance]: [local_avoidance] ACTIVATED  (min_dist=0.35 m, idx=3670)
[INFO] [1783523684.354] [/local_avoidance]: [local_avoidance] DEACTIVATED
[INFO] [1783523684.387] [/exploration_node]: [EV] [1783523684.387][   +938.5s][WAIT_TRIGGER] Avoidance: Deactivated  <->  Activated | cycling x4349 over 937.5s
[WARN] [1783523684.406] [/local_avoidance]: [local_avoidance] ACTIVATED  (min_dist=0.35 m, idx=9041)
[INFO] [1783523685.204] [/local_avoidance]: [local_avoidance] avoiding...  min_dist=0.35 m
[INFO] [1783523686.255] [/local_avoidance]: [local_avoidance] avoiding...  min_dist=0.35 m
[INFO] [1783523687.256] [/local_avoidance]: [local_avoidance] avoiding...  min_dist=0.35 m
[WARN] [1783523688.036] [/exploration_node]: wait for trigger.
[INFO] [1783523688.229] [/local_avoidance]: [local_avoidance] DEACTIVATED
[WARN] [1783523688.256] [/local_avoidance]: [local_avoidance] ACTIVATED  (min_dist=0.34 m, idx=8044)
[INFO] [1783523688.304] [/local_avoidance]: [local_avoidance] DEACTIVATED
[WARN] [1783523688.353] [/local_avoidance]: [local_avoidance] ACTIVATED  (min_dist=0.35 m, idx=7737)
[INFO] [1783523688.421] [/local_avoidance]: [local_avoidance] DEACTIVATED
[WARN] [1783523688.458] [/local_avoidance]: [local_avoidance] ACTIVATED  (min_dist=0.35 m, idx=7195)
[INFO] [1783523688.504] [/local_avoidance]: [local_avoidance] DEACTIVATED
[WARN] [1783523688.553] [/local_avoidance]: [local_avoidance] ACTIVATED  (min_dist=0.35 m, idx=8281)
[INFO] [1783523688.610] [/local_avoidance]: [local_avoidance] DEACTIVATED
[WARN] [1783523688.658] [/local_avoidance]: [local_avoidance] ACTIVATED  (min_dist=0.35 m, idx=7735)
[INFO] [1783523688.704] [/local_avoidance]: [local_avoidance] DEACTIVATED
[WARN] [1783523688.754] [/local_avoidance]: [local_avoidance] ACTIVATED  (min_dist=0.35 m, idx=8733)
[INFO] [1783523688.803] [/local_avoidance]: [local_avoidance] DEACTIVATED
[WARN] [1783523688.854] [/local_avoidance]: [local_avoidance] ACTIVATED  (min_dist=0.35 m, idx=2433)
[INFO] [1783523688.904] [/local_avoidance]: [local_avoidance] DEACTIVATED
[WARN] [1783523688.955] [/local_avoidance]: [local_avoidance] ACTIVATED  (min_dist=0.34 m, idx=9182)
[INFO] [1783523689.011] [/local_avoidance]: [local_avoidance] DEACTIVATED
[WARN] [1783523689.056] [/local_avoidance]: [local_avoidance] ACTIVATED  (min_dist=0.35 m, idx=3173)
[INFO] [1783523689.103] [/local_avoidance]: [local_avoidance] avoiding...  min_dist=0.35 m
[INFO] [1783523689.231] [/local_avoidance]: [local_avoidance] DEACTIVATED
[WARN] [1783523689.259] [/local_avoidance]: [local_avoidance] ACTIVATED  (min_dist=0.35 m, idx=8998)
[INFO] [1783523689.260] [/cloud_crop_bridge]: [CloudCrop] 2311 -> 749 pts (32%)
[INFO] [1783523689.316] [/local_avoidance]: [local_avoidance] DEACTIVATED
[WARN] [1783523689.354] [/local_avoidance]: [local_avoidance] ACTIVATED  (min_dist=0.34 m, idx=10091)
[INFO] [1783523689.403] [/local_avoidance]: [local_avoidance] DEACTIVATED
[WARN] [1783523689.454] [/local_avoidance]: [local_avoidance] ACTIVATED  (min_dist=0.35 m, idx=8173)
[INFO] [1783523690.104] [/local_avoidance]: [local_avoidance] avoiding...  min_dist=0.35 m
[INFO] [1783523691.105] [/local_avoidance]: [local_avoidance] avoiding...  min_dist=0.35 m
[INFO] [1783523692.155] [/local_avoidance]: [local_avoidance] avoiding...  min_dist=0.35 m
[INFO] [1783523692.854] [/local_avoidance]: [local_avoidance] DEACTIVATED
[WARN] [1783523692.905] [/local_avoidance]: [local_avoidance] ACTIVATED  (min_dist=0.34 m, idx=7784)
[WARN] [1783523693.036] [/exploration_node]: wait for trigger.
[INFO] [1783523693.154] [/local_avoidance]: [local_avoidance] DEACTIVATED
[WARN] [1783523693.206] [/local_avoidance]: [local_avoidance] ACTIVATED  (min_dist=0.35 m, idx=557)
[INFO] [1783523693.278] [/local_avoidance]: [local_avoidance] avoiding...  min_dist=0.60 m
[INFO] [1783523693.354] [/local_avoidance]: [local_avoidance] DEACTIVATED
[WARN] [1783523693.404] [/local_avoidance]: [local_avoidance] ACTIVATED  (min_dist=0.35 m, idx=8508)
[INFO] [1783523693.453] [/local_avoidance]: [local_avoidance] DEACTIVATED
[WARN] [1783523693.507] [/local_avoidance]: [local_avoidance] ACTIVATED  (min_dist=0.35 m, idx=628)
[INFO] [1783523693.554] [/local_avoidance]: [local_avoidance] DEACTIVATED
[WARN] [1783523693.604] [/local_avoidance]: [local_avoidance] ACTIVATED  (min_dist=0.35 m, idx=1552)
[INFO] [1783523693.655] [/local_avoidance]: [local_avoidance] DEACTIVATED
[WARN] [1783523693.704] [/local_avoidance]: [local_avoidance] ACTIVATED  (min_dist=0.35 m, idx=1088)
[INFO] [1783523693.754] [/local_avoidance]: [local_avoidance] DEACTIVATED
[WARN] [1783523693.808] [/local_avoidance]: [local_avoidance] ACTIVATED  (min_dist=0.35 m, idx=8055)
[INFO] [1783523693.856] [/local_avoidance]: [local_avoidance] DEACTIVATED
[WARN] [1783523693.909] [/local_avoidance]: [local_avoidance] ACTIVATED  (min_dist=0.34 m, idx=1555)
[INFO] [1783523693.953] [/local_avoidance]: [local_avoidance] DEACTIVATED
[WARN] [1783523694.004] [/local_avoidance]: [local_avoidance] ACTIVATED  (min_dist=0.35 m, idx=2579)
[INFO] [1783523694.054] [/local_avoidance]: [local_avoidance] DEACTIVATED
[WARN] [1783523694.104] [/local_avoidance]: [local_avoidance] ACTIVATED  (min_dist=0.34 m, idx=1998)
[INFO] [1783523694.159] [/local_avoidance]: [local_avoidance] DEACTIVATED
[WARN] [1783523694.204] [/local_avoidance]: [local_avoidance] ACTIVATED  (min_dist=0.35 m, idx=3685)
[INFO] [1783523694.302] [/cloud_crop_bridge]: [CloudCrop] 2392 -> 756 pts (32%)
[INFO] [1783523694.306] [/local_avoidance]: [local_avoidance] avoiding...  min_dist=0.34 m
[INFO] [1783523694.354] [/local_avoidance]: [local_avoidance] DEACTIVATED
[WARN] [1783523694.411] [/local_avoidance]: [local_avoidance] ACTIVATED  (min_dist=0.35 m, idx=9311)
[INFO] [1783523695.354] [/local_avoidance]: [local_avoidance] avoiding...  min_dist=0.35 m
[INFO] [1783523696.405] [/local_avoidance]: [local_avoidance] avoiding...  min_dist=0.35 m
[INFO] [1783523697.409] [/local_avoidance]: [local_avoidance] avoiding...  min_dist=0.35 m
[INFO] [1783523698.011] [/local_avoidance]: [local_avoidance] DEACTIVATED
[WARN] [1783523698.036] [/exploration_node]: wait for trigger.
[WARN] [1783523698.054] [/local_avoidance]: [local_avoidance] ACTIVATED  (min_dist=0.35 m, idx=609)
[INFO] [1783523698.307] [/local_avoidance]: [local_avoidance] DEACTIVATED
[WARN] [1783523698.354] [/local_avoidance]: [local_avoidance] ACTIVATED  (min_dist=0.35 m, idx=8092)
[INFO] [1783523698.453] [/local_avoidance]: [local_avoidance] avoiding...  min_dist=0.35 m
[INFO] [1783523698.604] [/local_avoidance]: [local_avoidance] DEACTIVATED
[WARN] [1783523698.654] [/local_avoidance]: [local_avoidance] ACTIVATED  (min_dist=0.35 m, idx=2179)
[INFO] [1783523698.704] [/local_avoidance]: [local_avoidance] DEACTIVATED
[WARN] [1783523698.754] [/local_avoidance]: [local_avoidance] ACTIVATED  (min_dist=0.35 m, idx=1680)
[INFO] [1783523698.808] [/local_avoidance]: [local_avoidance] DEACTIVATED
[WARN] [1783523698.866] [/local_avoidance]: [local_avoidance] ACTIVATED  (min_dist=0.35 m, idx=8543)
[INFO] [1783523699.106] [/local_avoidance]: [local_avoidance] DEACTIVATED
[WARN] [1783523699.162] [/local_avoidance]: [local_avoidance] ACTIVATED  (min_dist=0.35 m, idx=10002)
[INFO] [1783523699.204] [/local_avoidance]: [local_avoidance] DEACTIVATED
[WARN] [1783523699.254] [/local_avoidance]: [local_avoidance] ACTIVATED  (min_dist=0.34 m, idx=2126)
[INFO] [1783523699.306] [/cloud_crop_bridge]: [CloudCrop] 3073 -> 4 pts (0%)
[INFO] [1783523699.466] [/local_avoidance]: [local_avoidance] avoiding...  min_dist=0.35 m
[INFO] [1783523700.503] [/local_avoidance]: [local_avoidance] avoiding...  min_dist=0.35 m
[INFO] [1783523701.506] [/local_avoidance]: [local_avoidance] avoiding...  min_dist=0.35 m
[INFO] [1783523702.581] [/local_avoidance]: [local_avoidance] avoiding...  min_dist=0.35 m
[INFO] [1783523702.654] [/local_avoidance]: [local_avoidance] DEACTIVATED
[WARN] [1783523702.708] [/local_avoidance]: [local_avoidance] ACTIVATED  (min_dist=0.35 m, idx=6142)
[INFO] [1783523702.954] [/local_avoidance]: [local_avoidance] DEACTIVATED
[WARN] [1783523703.006] [/local_avoidance]: [local_avoidance] ACTIVATED  (min_dist=0.35 m, idx=6326)
[WARN] [1783523703.045] [/exploration_node]: wait for trigger.
[INFO] [1783523703.154] [/local_avoidance]: [local_avoidance] DEACTIVATED
[WARN] [1783523703.204] [/local_avoidance]: [local_avoidance] ACTIVATED  (min_dist=0.35 m, idx=728)
[INFO] [1783523703.253] [/local_avoidance]: [local_avoidance] DEACTIVATED
[WARN] [1783523703.329] [/local_avoidance]: [local_avoidance] ACTIVATED  (min_dist=0.35 m, idx=567)
[INFO] [1783523703.453] [/local_avoidance]: [local_avoidance] DEACTIVATED
[WARN] [1783523703.505] [/local_avoidance]: [local_avoidance] ACTIVATED  (min_dist=0.35 m, idx=8231)
[INFO] [1783523703.555] [/local_avoidance]: [local_avoidance] DEACTIVATED
[WARN] [1783523703.606] [/local_avoidance]: [local_avoidance] ACTIVATED  (min_dist=0.35 m, idx=1943)
[INFO] [1783523703.655] [/local_avoidance]: [local_avoidance] DEACTIVATED
[WARN] [1783523703.706] [/local_avoidance]: [local_avoidance] ACTIVATED  (min_dist=0.34 m, idx=1366)
[INFO] [1783523703.754] [/local_avoidance]: [local_avoidance] DEACTIVATED
[WARN] [1783523703.805] [/local_avoidance]: [local_avoidance] ACTIVATED  (min_dist=0.35 m, idx=2299)
[INFO] [1783523703.855] [/local_avoidance]: [local_avoidance] DEACTIVATED
[WARN] [1783523703.907] [/local_avoidance]: [local_avoidance] ACTIVATED  (min_dist=0.35 m, idx=1905)
[INFO] [1783523703.962] [/local_avoidance]: [local_avoidance] DEACTIVATED
[WARN] [1783523704.009] [/local_avoidance]: [local_avoidance] ACTIVATED  (min_dist=0.35 m, idx=8579)
[INFO] [1783523704.054] [/local_avoidance]: [local_avoidance] avoiding...  min_dist=0.38 m
[INFO] [1783523704.154] [/local_avoidance]: [local_avoidance] DEACTIVATED
[WARN] [1783523704.208] [/local_avoidance]: [local_avoidance] ACTIVATED  (min_dist=0.35 m, idx=9223)
[INFO] [1783523704.313] [/cloud_crop_bridge]: [CloudCrop] 2436 -> 763 pts (31%)
[INFO] [1783523704.355] [/local_avoidance]: [local_avoidance] DEACTIVATED
[WARN] [1783523704.411] [/local_avoidance]: [local_avoidance] ACTIVATED  (min_dist=0.35 m, idx=4789)
[INFO] [1783523705.054] [/local_avoidance]: [local_avoidance] avoiding...  min_dist=0.35 m
[INFO] [1783523706.061] [/local_avoidance]: [local_avoidance] avoiding...  min_dist=0.35 m
[INFO] [1783523707.107] [/local_avoidance]: [local_avoidance] avoiding...  min_dist=0.35 m
[WARN] [1783523708.055] [/exploration_node]: wait for trigger.
[INFO] [1783523708.104] [/local_avoidance]: [local_avoidance] DEACTIVATED
[WARN] [1783523708.155] [/local_avoidance]: [local_avoidance] ACTIVATED  (min_dist=0.35 m, idx=496)
[INFO] [1783523708.208] [/local_avoidance]: [local_avoidance] avoiding...  min_dist=0.55 m
[INFO] [1783523708.312] [/local_avoidance]: [local_avoidance] DEACTIVATED
[WARN] [1783523708.354] [/local_avoidance]: [local_avoidance] ACTIVATED  (min_dist=0.34 m, idx=8362)
[INFO] [1783523708.404] [/local_avoidance]: [local_avoidance] DEACTIVATED
[WARN] [1783523708.453] [/local_avoidance]: [local_avoidance] ACTIVATED  (min_dist=0.34 m, idx=498)
[INFO] [1783523708.510] [/local_avoidance]: [local_avoidance] DEACTIVATED
[WARN] [1783523708.557] [/local_avoidance]: [local_avoidance] ACTIVATED  (min_dist=0.35 m, idx=1615)
[INFO] [1783523708.605] [/local_avoidance]: [local_avoidance] DEACTIVATED
[WARN] [1783523708.654] [/local_avoidance]: [local_avoidance] ACTIVATED  (min_dist=0.34 m, idx=1147)
[INFO] [1783523708.703] [/local_avoidance]: [local_avoidance] DEACTIVATED
[WARN] [1783523708.756] [/local_avoidance]: [local_avoidance] ACTIVATED  (min_dist=0.35 m, idx=9261)
[INFO] [1783523708.818] [/local_avoidance]: [local_avoidance] DEACTIVATED
[WARN] [1783523708.854] [/local_avoidance]: [local_avoidance] ACTIVATED  (min_dist=0.35 m, idx=9001)
[INFO] [1783523708.903] [/local_avoidance]: [local_avoidance] DEACTIVATED
[WARN] [1783523708.954] [/local_avoidance]: [local_avoidance] ACTIVATED  (min_dist=0.35 m, idx=2523)
[INFO] [1783523709.004] [/local_avoidance]: [local_avoidance] DEACTIVATED
[WARN] [1783523709.059] [/local_avoidance]: [local_avoidance] ACTIVATED  (min_dist=0.35 m, idx=1951)
[INFO] [1783523709.108] [/local_avoidance]: [local_avoidance] DEACTIVATED
[WARN] [1783523709.154] [/local_avoidance]: [local_avoidance] ACTIVATED  (min_dist=0.35 m, idx=2991)
[INFO] [1783523709.257] [/local_avoidance]: [local_avoidance] avoiding...  min_dist=0.35 m
[INFO] [1783523709.353] [/cloud_crop_bridge]: [CloudCrop] 2209 -> 659 pts (30%)
[INFO] [1783523709.507] [/local_avoidance]: [local_avoidance] DEACTIVATED
[WARN] [1783523709.560] [/local_avoidance]: [local_avoidance] ACTIVATED  (min_dist=0.35 m, idx=9707)
[INFO] [1783523710.257] [/local_avoidance]: [local_avoidance] avoiding...  min_dist=0.34 m
[INFO] [1783523711.304] [/local_avoidance]: [local_avoidance] avoiding...  min_dist=0.35 m
[INFO] [1783523712.306] [/local_avoidance]: [local_avoidance] avoiding...  min_dist=0.35 m
[INFO] [1783523713.054] [/local_avoidance]: [local_avoidance] DEACTIVATED
[WARN] [1783523713.065] [/exploration_node]: wait for trigger.
[WARN] [1783523713.104] [/local_avoidance]: [local_avoidance] ACTIVATED  (min_dist=0.35 m, idx=7695)
[INFO] [1783523713.253] [/local_avoidance]: [local_avoidance] DEACTIVATED
[WARN] [1783523713.303] [/local_avoidance]: [local_avoidance] ACTIVATED  (min_dist=0.35 m, idx=821)
[INFO] [1783523713.353] [/local_avoidance]: [local_avoidance] DEACTIVATED
[WARN] [1783523713.403] [/local_avoidance]: [local_avoidance] ACTIVATED  (min_dist=0.35 m, idx=7495)
[INFO] [1783523713.454] [/local_avoidance]: [local_avoidance] DEACTIVATED
[WARN] [1783523713.509] [/local_avoidance]: [local_avoidance] ACTIVATED  (min_dist=0.35 m, idx=8490)
[INFO] [1783523713.561] [/local_avoidance]: [local_avoidance] DEACTIVATED
[WARN] [1783523713.606] [/local_avoidance]: [local_avoidance] ACTIVATED  (min_dist=0.35 m, idx=2101)
[INFO] [1783523713.654] [/local_avoidance]: [local_avoidance] DEACTIVATED
[WARN] [1783523713.703] [/local_avoidance]: [local_avoidance] ACTIVATED  (min_dist=0.35 m, idx=9047)
[INFO] [1783523713.753] [/local_avoidance]: [local_avoidance] DEACTIVATED
[WARN] [1783523713.804] [/local_avoidance]: [local_avoidance] ACTIVATED  (min_dist=0.35 m, idx=8491)
[INFO] [1783523713.856] [/local_avoidance]: [local_avoidance] DEACTIVATED
[WARN] [1783523713.908] [/local_avoidance]: [local_avoidance] ACTIVATED  (min_dist=0.35 m, idx=2172)
[INFO] [1783523713.954] [/local_avoidance]: [local_avoidance] DEACTIVATED
[WARN] [1783523714.004] [/local_avoidance]: [local_avoidance] ACTIVATED  (min_dist=0.35 m, idx=1704)
[INFO] [1783523714.056] [/local_avoidance]: [local_avoidance] avoiding...  min_dist=0.60 m
[INFO] [1783523714.181] [/local_avoidance]: [local_avoidance] DEACTIVATED
[WARN] [1783523714.203] [/local_avoidance]: [local_avoidance] ACTIVATED  (min_dist=0.34 m, idx=2083)
[INFO] [1783523714.374] [/cloud_crop_bridge]: [CloudCrop] 3136 -> 123 pts (4%)
[INFO] [1783523715.057] [/local_avoidance]: [local_avoidance] avoiding...  min_dist=0.35 m
[INFO] [1783523716.104] [/local_avoidance]: [local_avoidance] avoiding...  min_dist=0.34 m
[INFO] [1783523717.154] [/local_avoidance]: [local_avoidance] avoiding...  min_dist=0.35 m
[INFO] [1783523717.908] [/local_avoidance]: [local_avoidance] DEACTIVATED
[INFO] [1783523717.935] [/exploration_node]: [EV] [1783523717.935][   +972.1s][WAIT_TRIGGER] Avoidance: Deactivated  <->  Activated | cycling x4479 over 971.1s
[WARN] [1783523717.956] [/local_avoidance]: [local_avoidance] ACTIVATED  (min_dist=0.35 m, idx=6173)
[WARN] [1783523718.074] [/exploration_node]: wait for trigger.
[INFO] [1783523718.104] [/local_avoidance]: [local_avoidance] DEACTIVATED
[WARN] [1783523718.154] [/local_avoidance]: [local_avoidance] ACTIVATED  (min_dist=0.35 m, idx=676)
[INFO] [1783523718.205] [/local_avoidance]: [local_avoidance] DEACTIVATED
[WARN] [1783523718.253] [/local_avoidance]: [local_avoidance] ACTIVATED  (min_dist=0.35 m, idx=7639)
[INFO] [1783523718.330] [/local_avoidance]: [local_avoidance] DEACTIVATED
[WARN] [1783523718.354] [/local_avoidance]: [local_avoidance] ACTIVATED  (min_dist=0.35 m, idx=7655)
[INFO] [1783523718.405] [/local_avoidance]: [local_avoidance] DEACTIVATED
[WARN] [1783523718.454] [/local_avoidance]: [local_avoidance] ACTIVATED  (min_dist=0.35 m, idx=8179)
[INFO] [1783523718.505] [/local_avoidance]: [local_avoidance] DEACTIVATED
[WARN] [1783523718.555] [/local_avoidance]: [local_avoidance] ACTIVATED  (min_dist=0.35 m, idx=9085)
[INFO] [1783523718.603] [/local_avoidance]: [local_avoidance] DEACTIVATED
[WARN] [1783523718.655] [/local_avoidance]: [local_avoidance] ACTIVATED  (min_dist=0.35 m, idx=1392)
[INFO] [1783523718.703] [/local_avoidance]: [local_avoidance] DEACTIVATED
[WARN] [1783523718.754] [/local_avoidance]: [local_avoidance] ACTIVATED  (min_dist=0.35 m, idx=2325)
[INFO] [1783523718.812] [/local_avoidance]: [local_avoidance] avoiding...  min_dist=0.59 m
[INFO] [1783523718.904] [/local_avoidance]: [local_avoidance] DEACTIVATED
[WARN] [1783523718.954] [/local_avoidance]: [local_avoidance] ACTIVATED  (min_dist=0.35 m, idx=10172)
[INFO] [1783523719.004] [/local_avoidance]: [local_avoidance] DEACTIVATED
[WARN] [1783523719.056] [/local_avoidance]: [local_avoidance] ACTIVATED  (min_dist=0.35 m, idx=2296)
[INFO] [1783523719.106] [/local_avoidance]: [local_avoidance] DEACTIVATED
[WARN] [1783523719.155] [/local_avoidance]: [local_avoidance] ACTIVATED  (min_dist=0.35 m, idx=3325)
[INFO] [1783523719.304] [/local_avoidance]: [local_avoidance] DEACTIVATED
[WARN] [1783523719.354] [/local_avoidance]: [local_avoidance] ACTIVATED  (min_dist=0.35 m, idx=3768)
[INFO] [1783523719.404] [/cloud_crop_bridge]: [CloudCrop] 3128 -> 30 pts (1%)
[INFO] [1783523719.858] [/local_avoidance]: [local_avoidance] avoiding...  min_dist=0.35 m
[INFO] [1783523720.905] [/local_avoidance]: [local_avoidance] avoiding...  min_dist=0.35 m
[INFO] [1783523721.954] [/local_avoidance]: [local_avoidance] avoiding...  min_dist=0.35 m
[INFO] [1783523722.761] [/local_avoidance]: [local_avoidance] DEACTIVATED
[WARN] [1783523722.804] [/local_avoidance]: [local_avoidance] ACTIVATED  (min_dist=0.35 m, idx=6315)
[INFO] [1783523723.004] [/local_avoidance]: [local_avoidance] avoiding...  min_dist=0.35 m
[INFO] [1783523723.059] [/local_avoidance]: [local_avoidance] DEACTIVATED
[WARN] [1783523723.085] [/exploration_node]: wait for trigger.
[WARN] [1783523723.104] [/local_avoidance]: [local_avoidance] ACTIVATED  (min_dist=0.35 m, idx=7856)
[INFO] [1783523723.254] [/local_avoidance]: [local_avoidance] DEACTIVATED
[WARN] [1783523723.307] [/local_avoidance]: [local_avoidance] ACTIVATED  (min_dist=0.35 m, idx=896)
[INFO] [1783523723.358] [/local_avoidance]: [local_avoidance] DEACTIVATED
[WARN] [1783523723.407] [/local_avoidance]: [local_avoidance] ACTIVATED  (min_dist=0.35 m, idx=7858)
[INFO] [1783523723.457] [/local_avoidance]: [local_avoidance] DEACTIVATED
[WARN] [1783523723.503] [/local_avoidance]: [local_avoidance] ACTIVATED  (min_dist=0.35 m, idx=8853)
[INFO] [1783523723.554] [/local_avoidance]: [local_avoidance] DEACTIVATED
[WARN] [1783523723.603] [/local_avoidance]: [local_avoidance] ACTIVATED  (min_dist=0.34 m, idx=999)
[INFO] [1783523723.653] [/local_avoidance]: [local_avoidance] DEACTIVATED
[WARN] [1783523723.706] [/local_avoidance]: [local_avoidance] ACTIVATED  (min_dist=0.35 m, idx=7947)
[INFO] [1783523723.758] [/local_avoidance]: [local_avoidance] DEACTIVATED
[WARN] [1783523723.804] [/local_avoidance]: [local_avoidance] ACTIVATED  (min_dist=0.34 m, idx=1447)
[INFO] [1783523723.853] [/local_avoidance]: [local_avoidance] DEACTIVATED
[WARN] [1783523723.904] [/local_avoidance]: [local_avoidance] ACTIVATED  (min_dist=0.35 m, idx=2444)
[INFO] [1783523723.953] [/local_avoidance]: [local_avoidance] DEACTIVATED
[WARN] [1783523724.015] [/local_avoidance]: [local_avoidance] ACTIVATED  (min_dist=0.34 m, idx=1899)
[INFO] [1783523724.056] [/local_avoidance]: [local_avoidance] DEACTIVATED
[WARN] [1783523724.104] [/local_avoidance]: [local_avoidance] ACTIVATED  (min_dist=0.35 m, idx=2919)
[INFO] [1783523724.154] [/local_avoidance]: [local_avoidance] avoiding...  min_dist=0.35 m
[INFO] [1783523724.256] [/local_avoidance]: [local_avoidance] DEACTIVATED
[WARN] [1783523724.304] [/local_avoidance]: [local_avoidance] ACTIVATED  (min_dist=0.35 m, idx=3444)
[INFO] [1783523724.403] [/cloud_crop_bridge]: [CloudCrop] 2467 -> 740 pts (30%)
[INFO] [1783523724.455] [/local_avoidance]: [local_avoidance] DEACTIVATED
[WARN] [1783523724.503] [/local_avoidance]: [local_avoidance] ACTIVATED  (min_dist=0.35 m, idx=3919)
[INFO] [1783523725.154] [/local_avoidance]: [local_avoidance] avoiding...  min_dist=0.36 m
[INFO] [1783523726.156] [/local_avoidance]: [local_avoidance] avoiding...  min_dist=0.35 m
[INFO] [1783523727.207] [/local_avoidance]: [local_avoidance] avoiding...  min_dist=0.35 m
[INFO] [1783523728.029] [/local_avoidance]: [local_avoidance] DEACTIVATED
[WARN] [1783523728.057] [/local_avoidance]: [local_avoidance] ACTIVATED  (min_dist=0.34 m, idx=409)
[WARN] [1783523728.095] [/exploration_node]: wait for trigger.
[INFO] [1783523728.115] [/local_avoidance]: [local_avoidance] DEACTIVATED
[WARN] [1783523728.155] [/local_avoidance]: [local_avoidance] ACTIVATED  (min_dist=0.35 m, idx=1049)
[INFO] [1783523728.204] [/local_avoidance]: [local_avoidance] DEACTIVATED
[WARN] [1783523728.253] [/local_avoidance]: [local_avoidance] ACTIVATED  (min_dist=0.35 m, idx=7998)
[INFO] [1783523728.305] [/local_avoidance]: [local_avoidance] DEACTIVATED
[WARN] [1783523728.356] [/local_avoidance]: [local_avoidance] ACTIVATED  (min_dist=0.35 m, idx=1396)
[INFO] [1783523728.407] [/local_avoidance]: [local_avoidance] DEACTIVATED
[WARN] [1783523728.453] [/local_avoidance]: [local_avoidance] ACTIVATED  (min_dist=0.35 m, idx=1120)
[INFO] [1783523728.503] [/local_avoidance]: [local_avoidance] DEACTIVATED
[WARN] [1783523728.555] [/local_avoidance]: [local_avoidance] ACTIVATED  (min_dist=0.35 m, idx=7987)
[INFO] [1783523728.613] [/local_avoidance]: [local_avoidance] DEACTIVATED
[WARN] [1783523728.653] [/local_avoidance]: [local_avoidance] ACTIVATED  (min_dist=0.35 m, idx=2062)
[INFO] [1783523728.703] [/local_avoidance]: [local_avoidance] DEACTIVATED
[WARN] [1783523728.753] [/local_avoidance]: [local_avoidance] ACTIVATED  (min_dist=0.35 m, idx=2607)
[INFO] [1783523728.804] [/local_avoidance]: [local_avoidance] DEACTIVATED
[WARN] [1783523728.856] [/local_avoidance]: [local_avoidance] ACTIVATED  (min_dist=0.35 m, idx=9432)
[INFO] [1783523728.903] [/local_avoidance]: [local_avoidance] DEACTIVATED
[WARN] [1783523728.954] [/local_avoidance]: [local_avoidance] ACTIVATED  (min_dist=0.35 m, idx=8895)
[INFO] [1783523729.003] [/local_avoidance]: [local_avoidance] DEACTIVATED
[WARN] [1783523729.054] [/local_avoidance]: [local_avoidance] ACTIVATED  (min_dist=0.35 m, idx=2572)
[INFO] [1783523729.103] [/local_avoidance]: [local_avoidance] DEACTIVATED
[WARN] [1783523729.154] [/local_avoidance]: [local_avoidance] ACTIVATED  (min_dist=0.34 m, idx=2127)
[INFO] [1783523729.203] [/local_avoidance]: [local_avoidance] avoiding...  min_dist=0.58 m
[INFO] [1783523729.455] [/cloud_crop_bridge]: [CloudCrop] 2450 -> 758 pts (31%)
[INFO] [1783523730.204] [/local_avoidance]: [local_avoidance] avoiding...  min_dist=0.35 m
[INFO] [1783523731.204] [/local_avoidance]: [local_avoidance] avoiding...  min_dist=0.35 m
[INFO] [1783523732.204] [/local_avoidance]: [local_avoidance] avoiding...  min_dist=0.35 m
[WARN] [1783523733.095] [/exploration_node]: wait for trigger.
[INFO] [1783523733.155] [/local_avoidance]: [local_avoidance] DEACTIVATED
[WARN] [1783523733.205] [/local_avoidance]: [local_avoidance] ACTIVATED  (min_dist=0.34 m, idx=363)
[INFO] [1783523733.260] [/local_avoidance]: [local_avoidance] DEACTIVATED
[WARN] [1783523733.312] [/local_avoidance]: [local_avoidance] ACTIVATED  (min_dist=0.35 m, idx=1264)
[INFO] [1783523733.356] [/local_avoidance]: [local_avoidance] DEACTIVATED
[WARN] [1783523733.429] [/local_avoidance]: [local_avoidance] ACTIVATED  (min_dist=0.35 m, idx=788)
[INFO] [1783523733.461] [/local_avoidance]: [local_avoidance] DEACTIVATED
[WARN] [1783523733.504] [/local_avoidance]: [local_avoidance] ACTIVATED  (min_dist=0.34 m, idx=9029)
[INFO] [1783523733.554] [/local_avoidance]: [local_avoidance] DEACTIVATED
[WARN] [1783523733.605] [/local_avoidance]: [local_avoidance] ACTIVATED  (min_dist=0.35 m, idx=8564)
[INFO] [1783523733.658] [/local_avoidance]: [local_avoidance] DEACTIVATED
[WARN] [1783523733.704] [/local_avoidance]: [local_avoidance] ACTIVATED  (min_dist=0.35 m, idx=6766)
[INFO] [1783523733.778] [/local_avoidance]: [local_avoidance] DEACTIVATED
[WARN] [1783523733.804] [/local_avoidance]: [local_avoidance] ACTIVATED  (min_dist=0.35 m, idx=1719)
[INFO] [1783523733.854] [/local_avoidance]: [local_avoidance] DEACTIVATED
[WARN] [1783523733.906] [/local_avoidance]: [local_avoidance] ACTIVATED  (min_dist=0.35 m, idx=8567)
[INFO] [1783523733.955] [/local_avoidance]: [local_avoidance] DEACTIVATED
[WARN] [1783523734.004] [/local_avoidance]: [local_avoidance] ACTIVATED  (min_dist=0.35 m, idx=2249)
[INFO] [1783523734.053] [/local_avoidance]: [local_avoidance] DEACTIVATED
[WARN] [1783523734.103] [/local_avoidance]: [local_avoidance] ACTIVATED  (min_dist=0.35 m, idx=9019)
[INFO] [1783523734.159] [/local_avoidance]: [local_avoidance] avoiding...  min_dist=0.59 m
[INFO] [1783523734.257] [/local_avoidance]: [local_avoidance] DEACTIVATED
[WARN] [1783523734.304] [/local_avoidance]: [local_avoidance] ACTIVATED  (min_dist=0.35 m, idx=9567)
[INFO] [1783523734.503] [/cloud_crop_bridge]: [CloudCrop] 2482 -> 651 pts (26%)
[INFO] [1783523735.178] [/local_avoidance]: [local_avoidance] avoiding...  min_dist=0.35 m
[INFO] [1783523736.204] [/local_avoidance]: [local_avoidance] avoiding...  min_dist=0.35 m
[INFO] [1783523737.254] [/local_avoidance]: [local_avoidance] avoiding...  min_dist=0.35 m
[INFO] [1783523737.903] [/local_avoidance]: [local_avoidance] DEACTIVATED
[WARN] [1783523737.953] [/local_avoidance]: [local_avoidance] ACTIVATED  (min_dist=0.35 m, idx=769)
[INFO] [1783523738.004] [/local_avoidance]: [local_avoidance] DEACTIVATED
[WARN] [1783523738.056] [/local_avoidance]: [local_avoidance] ACTIVATED  (min_dist=0.34 m, idx=7706)
[WARN] [1783523738.095] [/exploration_node]: wait for trigger.
[INFO] [1783523738.203] [/local_avoidance]: [local_avoidance] DEACTIVATED
[WARN] [1783523738.253] [/local_avoidance]: [local_avoidance] ACTIVATED  (min_dist=0.35 m, idx=8158)
[INFO] [1783523738.303] [/local_avoidance]: [local_avoidance] DEACTIVATED
[WARN] [1783523738.354] [/local_avoidance]: [local_avoidance] ACTIVATED  (min_dist=0.34 m, idx=372)
[INFO] [1783523738.409] [/local_avoidance]: [local_avoidance] DEACTIVATED
[WARN] [1783523738.455] [/local_avoidance]: [local_avoidance] ACTIVATED  (min_dist=0.35 m, idx=1296)
[INFO] [1783523738.511] [/local_avoidance]: [local_avoidance] DEACTIVATED
[WARN] [1783523738.554] [/local_avoidance]: [local_avoidance] ACTIVATED  (min_dist=0.35 m, idx=2308)
[INFO] [1783523738.603] [/local_avoidance]: [local_avoidance] DEACTIVATED
[WARN] [1783523738.679] [/local_avoidance]: [local_avoidance] ACTIVATED  (min_dist=0.35 m, idx=9162)
[INFO] [1783523738.714] [/local_avoidance]: [local_avoidance] DEACTIVATED
[WARN] [1783523738.756] [/local_avoidance]: [local_avoidance] ACTIVATED  (min_dist=0.34 m, idx=1395)
[INFO] [1783523738.804] [/local_avoidance]: [local_avoidance] DEACTIVATED
[WARN] [1783523738.854] [/local_avoidance]: [local_avoidance] ACTIVATED  (min_dist=0.35 m, idx=8150)
[INFO] [1783523738.903] [/local_avoidance]: [local_avoidance] DEACTIVATED
[WARN] [1783523738.955] [/local_avoidance]: [local_avoidance] ACTIVATED  (min_dist=0.35 m, idx=9146)
[INFO] [1783523739.028] [/local_avoidance]: [local_avoidance] DEACTIVATED
[WARN] [1783523739.054] [/local_avoidance]: [local_avoidance] ACTIVATED  (min_dist=0.35 m, idx=3617)
[INFO] [1783523739.103] [/local_avoidance]: [local_avoidance] DEACTIVATED
[WARN] [1783523739.156] [/local_avoidance]: [local_avoidance] ACTIVATED  (min_dist=0.35 m, idx=2286)
[INFO] [1783523739.229] [/local_avoidance]: [local_avoidance] DEACTIVATED
[WARN] [1783523739.258] [/local_avoidance]: [local_avoidance] ACTIVATED  (min_dist=0.35 m, idx=3319)
[INFO] [1783523739.303] [/local_avoidance]: [local_avoidance] avoiding...  min_dist=0.34 m
[INFO] [1783523739.403] [/local_avoidance]: [local_avoidance] DEACTIVATED
[WARN] [1783523739.454] [/local_avoidance]: [local_avoidance] ACTIVATED  (min_dist=0.35 m, idx=3753)
[INFO] [1783523739.503] [/cloud_crop_bridge]: [CloudCrop] 3130 -> 84 pts (3%)
[INFO] [1783523740.304] [/local_avoidance]: [local_avoidance] avoiding...  min_dist=0.35 m
[INFO] [1783523741.353] [/local_avoidance]: [local_avoidance] avoiding...  min_dist=0.35 m
[INFO] [1783523742.354] [/local_avoidance]: [local_avoidance] avoiding...  min_dist=0.34 m
[INFO] [1783523743.062] [/local_avoidance]: [local_avoidance] DEACTIVATED
[WARN] [1783523743.105] [/exploration_node]: wait for trigger.
[WARN] [1783523743.130] [/local_avoidance]: [local_avoidance] ACTIVATED  (min_dist=0.35 m, idx=801)
[INFO] [1783523743.154] [/local_avoidance]: [local_avoidance] DEACTIVATED
[WARN] [1783523743.203] [/local_avoidance]: [local_avoidance] ACTIVATED  (min_dist=0.34 m, idx=526)
[INFO] [1783523743.356] [/local_avoidance]: [local_avoidance] DEACTIVATED
[WARN] [1783523743.407] [/local_avoidance]: [local_avoidance] ACTIVATED  (min_dist=0.35 m, idx=8295)
[INFO] [1783523743.456] [/local_avoidance]: [local_avoidance] DEACTIVATED
[WARN] [1783523743.505] [/local_avoidance]: [local_avoidance] ACTIVATED  (min_dist=0.35 m, idx=6390)
[INFO] [1783523743.554] [/local_avoidance]: [local_avoidance] avoiding...  min_dist=0.60 m
[INFO] [1783523743.678] [/local_avoidance]: [local_avoidance] DEACTIVATED
[WARN] [1783523743.709] [/local_avoidance]: [local_avoidance] ACTIVATED  (min_dist=0.35 m, idx=8287)
[INFO] [1783523743.854] [/local_avoidance]: [local_avoidance] DEACTIVATED
[WARN] [1783523743.912] [/local_avoidance]: [local_avoidance] ACTIVATED  (min_dist=0.35 m, idx=8739)
[INFO] [1783523743.960] [/local_avoidance]: [local_avoidance] DEACTIVATED
[WARN] [1783523744.003] [/local_avoidance]: [local_avoidance] ACTIVATED  (min_dist=0.35 m, idx=2420)
[INFO] [1783523744.054] [/local_avoidance]: [local_avoidance] DEACTIVATED
[WARN] [1783523744.103] [/local_avoidance]: [local_avoidance] ACTIVATED  (min_dist=0.35 m, idx=9387)
[INFO] [1783523744.516] [/cloud_crop_bridge]: [CloudCrop] 2469 -> 697 pts (28%)
[INFO] [1783523744.554] [/local_avoidance]: [local_avoidance] avoiding...  min_dist=0.35 m
[INFO] [1783523745.555] [/local_avoidance]: [local_avoidance] avoiding...  min_dist=0.35 m
[INFO] [1783523746.604] [/local_avoidance]: [local_avoidance] avoiding...  min_dist=0.35 m
[INFO] [1783523747.606] [/local_avoidance]: [local_avoidance] avoiding...  min_dist=0.35 m
[WARN] [1783523748.117] [/exploration_node]: wait for trigger.
[INFO] [1783523748.204] [/local_avoidance]: [local_avoidance] DEACTIVATED
[INFO] [1783523748.235] [/exploration_node]: [EV] [1783523748.234][  +1002.4s][WAIT_TRIGGER] Avoidance: Deactivated  <->  Activated | cycling x4619 over 1001.4s
[WARN] [1783523748.254] [/local_avoidance]: [local_avoidance] ACTIVATED  (min_dist=0.35 m, idx=1025)
[INFO] [1783523748.305] [/local_avoidance]: [local_avoidance] DEACTIVATED
[WARN] [1783523748.355] [/local_avoidance]: [local_avoidance] ACTIVATED  (min_dist=0.35 m, idx=7975)
[INFO] [1783523748.505] [/local_avoidance]: [local_avoidance] DEACTIVATED
[WARN] [1783523748.556] [/local_avoidance]: [local_avoidance] ACTIVATED  (min_dist=0.35 m, idx=1682)
[INFO] [1783523748.603] [/local_avoidance]: [local_avoidance] DEACTIVATED
[WARN] [1783523748.654] [/local_avoidance]: [local_avoidance] ACTIVATED  (min_dist=0.35 m, idx=7871)
[INFO] [1783523748.703] [/local_avoidance]: [local_avoidance] DEACTIVATED
[WARN] [1783523748.757] [/local_avoidance]: [local_avoidance] ACTIVATED  (min_dist=0.35 m, idx=2134)
[INFO] [1783523748.807] [/local_avoidance]: [local_avoidance] DEACTIVATED
[WARN] [1783523748.855] [/local_avoidance]: [local_avoidance] ACTIVATED  (min_dist=0.35 m, idx=2587)
[INFO] [1783523748.904] [/local_avoidance]: [local_avoidance] DEACTIVATED
[WARN] [1783523748.954] [/local_avoidance]: [local_avoidance] ACTIVATED  (min_dist=0.35 m, idx=2115)
[INFO] [1783523749.003] [/local_avoidance]: [local_avoidance] DEACTIVATED
[WARN] [1783523749.058] [/local_avoidance]: [local_avoidance] ACTIVATED  (min_dist=0.35 m, idx=3025)
[INFO] [1783523749.134] [/local_avoidance]: [local_avoidance] DEACTIVATED
[WARN] [1783523749.154] [/local_avoidance]: [local_avoidance] ACTIVATED  (min_dist=0.35 m, idx=9871)
[INFO] [1783523749.204] [/local_avoidance]: [local_avoidance] DEACTIVATED
[WARN] [1783523749.256] [/local_avoidance]: [local_avoidance] ACTIVATED  (min_dist=0.35 m, idx=3473)
[INFO] [1783523749.306] [/local_avoidance]: [local_avoidance] avoiding...  min_dist=0.56 m
[INFO] [1783523749.560] [/cloud_crop_bridge]: [CloudCrop] 2348 -> 654 pts (28%)
[INFO] [1783523750.353] [/local_avoidance]: [local_avoidance] avoiding...  min_dist=0.35 m
[INFO] [1783523751.354] [/local_avoidance]: [local_avoidance] avoiding...  min_dist=0.35 m
[INFO] [1783523752.382] [/local_avoidance]: [local_avoidance] avoiding...  min_dist=0.35 m
[WARN] [1783523753.124] [/exploration_node]: wait for trigger.
[INFO] [1783523753.154] [/local_avoidance]: [local_avoidance] DEACTIVATED
[WARN] [1783523753.204] [/local_avoidance]: [local_avoidance] ACTIVATED  (min_dist=0.35 m, idx=8100)
[INFO] [1783523753.256] [/local_avoidance]: [local_avoidance] DEACTIVATED
[WARN] [1783523753.329] [/local_avoidance]: [local_avoidance] ACTIVATED  (min_dist=0.35 m, idx=412)
[INFO] [1783523753.355] [/local_avoidance]: [local_avoidance] DEACTIVATED
[WARN] [1783523753.404] [/local_avoidance]: [local_avoidance] ACTIVATED  (min_dist=0.35 m, idx=1240)
[INFO] [1783523753.454] [/local_avoidance]: [local_avoidance] DEACTIVATED
[WARN] [1783523753.503] [/local_avoidance]: [local_avoidance] ACTIVATED  (min_dist=0.35 m, idx=699)
[INFO] [1783523753.559] [/local_avoidance]: [local_avoidance] DEACTIVATED
[WARN] [1783523753.610] [/local_avoidance]: [local_avoidance] ACTIVATED  (min_dist=0.35 m, idx=1715)
[INFO] [1783523753.654] [/local_avoidance]: [local_avoidance] DEACTIVATED
[WARN] [1783523753.705] [/local_avoidance]: [local_avoidance] ACTIVATED  (min_dist=0.34 m, idx=1234)
[INFO] [1783523753.757] [/local_avoidance]: [local_avoidance] DEACTIVATED
[WARN] [1783523753.806] [/local_avoidance]: [local_avoidance] ACTIVATED  (min_dist=0.35 m, idx=8003)
[INFO] [1783523753.854] [/local_avoidance]: [local_avoidance] DEACTIVATED
[WARN] [1783523753.904] [/local_avoidance]: [local_avoidance] ACTIVATED  (min_dist=0.34 m, idx=1695)
[INFO] [1783523753.954] [/local_avoidance]: [local_avoidance] DEACTIVATED
[WARN] [1783523754.008] [/local_avoidance]: [local_avoidance] ACTIVATED  (min_dist=0.35 m, idx=8510)
[INFO] [1783523754.054] [/local_avoidance]: [local_avoidance] DEACTIVATED
[WARN] [1783523754.105] [/local_avoidance]: [local_avoidance] ACTIVATED  (min_dist=0.34 m, idx=2147)
[INFO] [1783523754.153] [/local_avoidance]: [local_avoidance] avoiding...  min_dist=0.59 m
[INFO] [1783523754.354] [/local_avoidance]: [local_avoidance] DEACTIVATED
[WARN] [1783523754.404] [/local_avoidance]: [local_avoidance] ACTIVATED  (min_dist=0.35 m, idx=9451)
[INFO] [1783523754.603] [/cloud_crop_bridge]: [CloudCrop] 2492 -> 643 pts (26%)
[INFO] [1783523755.154] [/local_avoidance]: [local_avoidance] avoiding...  min_dist=0.35 m
[INFO] [1783523756.204] [/local_avoidance]: [local_avoidance] avoiding...  min_dist=0.35 m
[INFO] [1783523757.205] [/local_avoidance]: [local_avoidance] avoiding...  min_dist=0.35 m
[INFO] [1783523758.003] [/local_avoidance]: [local_avoidance] DEACTIVATED
[WARN] [1783523758.058] [/local_avoidance]: [local_avoidance] ACTIVATED  (min_dist=0.35 m, idx=7957)
[INFO] [1783523758.128] [/local_avoidance]: [local_avoidance] DEACTIVATED
[WARN] [1783523758.134] [/exploration_node]: wait for trigger.
[WARN] [1783523758.154] [/local_avoidance]: [local_avoidance] ACTIVATED  (min_dist=0.34 m, idx=570)
[INFO] [1783523758.206] [/local_avoidance]: [local_avoidance] avoiding...  min_dist=0.58 m
[INFO] [1783523758.403] [/local_avoidance]: [local_avoidance] DEACTIVATED
[WARN] [1783523758.453] [/local_avoidance]: [local_avoidance] ACTIVATED  (min_dist=0.35 m, idx=7695)
[INFO] [1783523758.507] [/local_avoidance]: [local_avoidance] DEACTIVATED
[WARN] [1783523758.568] [/local_avoidance]: [local_avoidance] ACTIVATED  (min_dist=0.34 m, idx=1214)
[INFO] [1783523758.603] [/local_avoidance]: [local_avoidance] DEACTIVATED
[WARN] [1783523758.654] [/local_avoidance]: [local_avoidance] ACTIVATED  (min_dist=0.35 m, idx=8138)
[INFO] [1783523758.703] [/local_avoidance]: [local_avoidance] DEACTIVATED
[WARN] [1783523758.754] [/local_avoidance]: [local_avoidance] ACTIVATED  (min_dist=0.35 m, idx=1820)
[INFO] [1783523758.806] [/local_avoidance]: [local_avoidance] DEACTIVATED
[WARN] [1783523758.878] [/local_avoidance]: [local_avoidance] ACTIVATED  (min_dist=0.35 m, idx=8595)
[INFO] [1783523758.929] [/local_avoidance]: [local_avoidance] DEACTIVATED
[WARN] [1783523758.958] [/local_avoidance]: [local_avoidance] ACTIVATED  (min_dist=0.35 m, idx=8130)
[INFO] [1783523759.004] [/local_avoidance]: [local_avoidance] DEACTIVATED
[WARN] [1783523759.053] [/local_avoidance]: [local_avoidance] ACTIVATED  (min_dist=0.35 m, idx=9134)
[INFO] [1783523759.254] [/local_avoidance]: [local_avoidance] avoiding...  min_dist=0.35 m
[INFO] [1783523759.604] [/cloud_crop_bridge]: [CloudCrop] 3142 -> 149 pts (5%)
[INFO] [1783523760.257] [/local_avoidance]: [local_avoidance] avoiding...  min_dist=0.35 m
[INFO] [1783523761.307] [/local_avoidance]: [local_avoidance] avoiding...  min_dist=0.35 m
[INFO] [1783523762.355] [/local_avoidance]: [local_avoidance] avoiding...  min_dist=0.35 m
[WARN] [1783523763.135] [/exploration_node]: wait for trigger.
[INFO] [1783523763.158] [/local_avoidance]: [local_avoidance] DEACTIVATED
[WARN] [1783523763.206] [/local_avoidance]: [local_avoidance] ACTIVATED  (min_dist=0.35 m, idx=978)
[INFO] [1783523763.258] [/local_avoidance]: [local_avoidance] DEACTIVATED
[WARN] [1783523763.305] [/local_avoidance]: [local_avoidance] ACTIVATED  (min_dist=0.35 m, idx=8109)
[INFO] [1783523763.404] [/local_avoidance]: [local_avoidance] avoiding...  min_dist=0.35 m
[INFO] [1783523763.454] [/local_avoidance]: [local_avoidance] DEACTIVATED
[WARN] [1783523763.506] [/local_avoidance]: [local_avoidance] ACTIVATED  (min_dist=0.34 m, idx=1059)
[INFO] [1783523763.556] [/local_avoidance]: [local_avoidance] DEACTIVATED
[WARN] [1783523763.604] [/local_avoidance]: [local_avoidance] ACTIVATED  (min_dist=0.35 m, idx=2650)
[INFO] [1783523763.654] [/local_avoidance]: [local_avoidance] DEACTIVATED
[WARN] [1783523763.705] [/local_avoidance]: [local_avoidance] ACTIVATED  (min_dist=0.34 m, idx=1515)
[INFO] [1783523763.779] [/local_avoidance]: [local_avoidance] DEACTIVATED
[WARN] [1783523763.803] [/local_avoidance]: [local_avoidance] ACTIVATED  (min_dist=0.34 m, idx=9720)
[INFO] [1783523763.863] [/local_avoidance]: [local_avoidance] DEACTIVATED
[WARN] [1783523763.905] [/local_avoidance]: [local_avoidance] ACTIVATED  (min_dist=0.35 m, idx=1975)
[INFO] [1783523763.954] [/local_avoidance]: [local_avoidance] DEACTIVATED
[WARN] [1783523764.004] [/local_avoidance]: [local_avoidance] ACTIVATED  (min_dist=0.35 m, idx=8815)
[INFO] [1783523764.160] [/local_avoidance]: [local_avoidance] DEACTIVATED
[WARN] [1783523764.208] [/local_avoidance]: [local_avoidance] ACTIVATED  (min_dist=0.35 m, idx=7809)
[INFO] [1783523764.404] [/local_avoidance]: [local_avoidance] avoiding...  min_dist=0.35 m
[INFO] [1783523764.453] [/local_avoidance]: [local_avoidance] DEACTIVATED
[WARN] [1783523764.503] [/local_avoidance]: [local_avoidance] ACTIVATED  (min_dist=0.35 m, idx=3401)
[INFO] [1783523764.605] [/cloud_crop_bridge]: [CloudCrop] 2484 -> 648 pts (26%)
[INFO] [1783523764.654] [/local_avoidance]: [local_avoidance] DEACTIVATED
[WARN] [1783523764.730] [/local_avoidance]: [local_avoidance] ACTIVATED  (min_dist=0.35 m, idx=9711)
[INFO] [1783523765.405] [/local_avoidance]: [local_avoidance] avoiding...  min_dist=0.34 m
[INFO] [1783523766.453] [/local_avoidance]: [local_avoidance] avoiding...  min_dist=0.35 m
[INFO] [1783523767.478] [/local_avoidance]: [local_avoidance] avoiding...  min_dist=0.35 m
[INFO] [1783523768.103] [/local_avoidance]: [local_avoidance] DEACTIVATED
[WARN] [1783523768.135] [/exploration_node]: wait for trigger.
[WARN] [1783523768.154] [/local_avoidance]: [local_avoidance] ACTIVATED  (min_dist=0.35 m, idx=650)
[INFO] [1783523768.306] [/local_avoidance]: [local_avoidance] DEACTIVATED
[WARN] [1783523768.353] [/local_avoidance]: [local_avoidance] ACTIVATED  (min_dist=0.35 m, idx=8404)
[INFO] [1783523768.403] [/local_avoidance]: [local_avoidance] DEACTIVATED
[WARN] [1783523768.453] [/local_avoidance]: [local_avoidance] ACTIVATED  (min_dist=0.35 m, idx=616)
[INFO] [1783523768.505] [/local_avoidance]: [local_avoidance] DEACTIVATED
[WARN] [1783523768.553] [/local_avoidance]: [local_avoidance] ACTIVATED  (min_dist=0.35 m, idx=7498)
[INFO] [1783523768.606] [/local_avoidance]: [local_avoidance] DEACTIVATED
[WARN] [1783523768.655] [/local_avoidance]: [local_avoidance] ACTIVATED  (min_dist=0.34 m, idx=1082)
[INFO] [1783523768.729] [/local_avoidance]: [local_avoidance] DEACTIVATED
[WARN] [1783523768.755] [/local_avoidance]: [local_avoidance] ACTIVATED  (min_dist=0.35 m, idx=2097)
[INFO] [1783523768.804] [/local_avoidance]: [local_avoidance] DEACTIVATED
[WARN] [1783523768.856] [/local_avoidance]: [local_avoidance] ACTIVATED  (min_dist=0.34 m, idx=1639)
[INFO] [1783523768.905] [/local_avoidance]: [local_avoidance] DEACTIVATED
[WARN] [1783523768.979] [/local_avoidance]: [local_avoidance] ACTIVATED  (min_dist=0.35 m, idx=2391)
[INFO] [1783523769.004] [/local_avoidance]: [local_avoidance] avoiding...  min_dist=0.34 m
[INFO] [1783523769.103] [/local_avoidance]: [local_avoidance] DEACTIVATED
[WARN] [1783523769.179] [/local_avoidance]: [local_avoidance] ACTIVATED  (min_dist=0.35 m, idx=3001)
[INFO] [1783523769.304] [/local_avoidance]: [local_avoidance] DEACTIVATED
[WARN] [1783523769.354] [/local_avoidance]: [local_avoidance] ACTIVATED  (min_dist=0.35 m, idx=3549)
[INFO] [1783523769.606] [/cloud_crop_bridge]: [CloudCrop] 2899 -> 113 pts (4%)
[INFO] [1783523770.006] [/local_avoidance]: [local_avoidance] avoiding...  min_dist=0.35 m
[INFO] [1783523771.009] [/local_avoidance]: [local_avoidance] avoiding...  min_dist=0.35 m
[INFO] [1783523772.058] [/local_avoidance]: [local_avoidance] avoiding...  min_dist=0.35 m
[INFO] [1783523772.753] [/local_avoidance]: [local_avoidance] DEACTIVATED
[WARN] [1783523772.805] [/local_avoidance]: [local_avoidance] ACTIVATED  (min_dist=0.35 m, idx=337)
[INFO] [1783523773.056] [/local_avoidance]: [local_avoidance] DEACTIVATED
[WARN] [1783523773.103] [/local_avoidance]: [local_avoidance] ACTIVATED  (min_dist=0.35 m, idx=308)
[WARN] [1783523773.144] [/exploration_node]: wait for trigger.
[INFO] [1783523773.156] [/local_avoidance]: [local_avoidance] avoiding...  min_dist=0.59 m
[INFO] [1783523773.253] [/local_avoidance]: [local_avoidance] DEACTIVATED
[WARN] [1783523773.305] [/local_avoidance]: [local_avoidance] ACTIVATED  (min_dist=0.35 m, idx=6931)
[INFO] [1783523773.359] [/local_avoidance]: [local_avoidance] DEACTIVATED
[WARN] [1783523773.405] [/local_avoidance]: [local_avoidance] ACTIVATED  (min_dist=0.34 m, idx=8992)
[INFO] [1783523773.454] [/local_avoidance]: [local_avoidance] DEACTIVATED
[WARN] [1783523773.504] [/local_avoidance]: [local_avoidance] ACTIVATED  (min_dist=0.34 m, idx=8534)
[INFO] [1783523773.556] [/local_avoidance]: [local_avoidance] DEACTIVATED
[WARN] [1783523773.605] [/local_avoidance]: [local_avoidance] ACTIVATED  (min_dist=0.35 m, idx=8179)
[INFO] [1783523773.658] [/local_avoidance]: [local_avoidance] DEACTIVATED
[WARN] [1783523773.704] [/local_avoidance]: [local_avoidance] ACTIVATED  (min_dist=0.35 m, idx=9080)
[INFO] [1783523773.754] [/local_avoidance]: [local_avoidance] DEACTIVATED
[WARN] [1783523773.806] [/local_avoidance]: [local_avoidance] ACTIVATED  (min_dist=0.35 m, idx=7147)
[INFO] [1783523773.860] [/local_avoidance]: [local_avoidance] DEACTIVATED
[WARN] [1783523773.906] [/local_avoidance]: [local_avoidance] ACTIVATED  (min_dist=0.34 m, idx=9433)
[INFO] [1783523773.960] [/local_avoidance]: [local_avoidance] DEACTIVATED
[WARN] [1783523774.005] [/local_avoidance]: [local_avoidance] ACTIVATED  (min_dist=0.34 m, idx=1666)
[INFO] [1783523774.054] [/local_avoidance]: [local_avoidance] DEACTIVATED
[WARN] [1783523774.104] [/local_avoidance]: [local_avoidance] ACTIVATED  (min_dist=0.35 m, idx=2764)
[INFO] [1783523774.154] [/local_avoidance]: [local_avoidance] DEACTIVATED
[WARN] [1783523774.204] [/local_avoidance]: [local_avoidance] ACTIVATED  (min_dist=0.35 m, idx=2200)
[INFO] [1783523774.253] [/local_avoidance]: [local_avoidance] avoiding...  min_dist=0.59 m
[INFO] [1783523774.454] [/local_avoidance]: [local_avoidance] DEACTIVATED
[WARN] [1783523774.505] [/local_avoidance]: [local_avoidance] ACTIVATED  (min_dist=0.35 m, idx=3764)
[INFO] [1783523774.654] [/cloud_crop_bridge]: [CloudCrop] 3002 -> 111 pts (4%)
[INFO] [1783523775.254] [/local_avoidance]: [local_avoidance] avoiding...  min_dist=0.35 m
[INFO] [1783523776.255] [/local_avoidance]: [local_avoidance] avoiding...  min_dist=0.35 m
[INFO] [1783523777.257] [/local_avoidance]: [local_avoidance] avoiding...  min_dist=0.35 m
[INFO] [1783523777.903] [/local_avoidance]: [local_avoidance] DEACTIVATED
[WARN] [1783523777.954] [/local_avoidance]: [local_avoidance] ACTIVATED  (min_dist=0.35 m, idx=7673)
[INFO] [1783523778.111] [/local_avoidance]: [local_avoidance] DEACTIVATED
[WARN] [1783523778.145] [/exploration_node]: wait for trigger.
[WARN] [1783523778.156] [/local_avoidance]: [local_avoidance] ACTIVATED  (min_dist=0.35 m, idx=812)
[INFO] [1783523778.204] [/local_avoidance]: [local_avoidance] DEACTIVATED
[INFO] [1783523778.235] [/exploration_node]: [EV] [1783523778.235][  +1032.4s][WAIT_TRIGGER] Avoidance: Deactivated  <->  Activated | cycling x4751 over 1031.4s
[WARN] [1783523778.253] [/local_avoidance]: [local_avoidance] ACTIVATED  (min_dist=0.34 m, idx=441)
[INFO] [1783523778.305] [/local_avoidance]: [local_avoidance] DEACTIVATED
[WARN] [1783523778.355] [/local_avoidance]: [local_avoidance] ACTIVATED  (min_dist=0.35 m, idx=1360)
[INFO] [1783523778.410] [/local_avoidance]: [local_avoidance] DEACTIVATED
[WARN] [1783523778.453] [/local_avoidance]: [local_avoidance] ACTIVATED  (min_dist=0.35 m, idx=911)
[INFO] [1783523778.503] [/local_avoidance]: [local_avoidance] DEACTIVATED
[WARN] [1783523778.554] [/local_avoidance]: [local_avoidance] ACTIVATED  (min_dist=0.35 m, idx=1930)
[INFO] [1783523778.603] [/local_avoidance]: [local_avoidance] DEACTIVATED
[WARN] [1783523778.658] [/local_avoidance]: [local_avoidance] ACTIVATED  (min_dist=0.34 m, idx=1357)
[INFO] [1783523778.704] [/local_avoidance]: [local_avoidance] DEACTIVATED
[WARN] [1783523778.759] [/local_avoidance]: [local_avoidance] ACTIVATED  (min_dist=0.35 m, idx=2287)
[INFO] [1783523778.804] [/local_avoidance]: [local_avoidance] DEACTIVATED
[WARN] [1783523778.853] [/local_avoidance]: [local_avoidance] ACTIVATED  (min_dist=0.34 m, idx=1893)
[INFO] [1783523778.904] [/local_avoidance]: [local_avoidance] DEACTIVATED
[WARN] [1783523778.953] [/local_avoidance]: [local_avoidance] ACTIVATED  (min_dist=0.35 m, idx=2821)
[INFO] [1783523779.008] [/local_avoidance]: [local_avoidance] DEACTIVATED
[WARN] [1783523779.058] [/local_avoidance]: [local_avoidance] ACTIVATED  (min_dist=0.35 m, idx=9660)
[INFO] [1783523779.107] [/local_avoidance]: [local_avoidance] DEACTIVATED
[WARN] [1783523779.154] [/local_avoidance]: [local_avoidance] ACTIVATED  (min_dist=0.35 m, idx=9211)
[INFO] [1783523779.204] [/local_avoidance]: [local_avoidance] avoiding...  min_dist=0.58 m
[INFO] [1783523779.429] [/local_avoidance]: [local_avoidance] DEACTIVATED
[WARN] [1783523779.456] [/local_avoidance]: [local_avoidance] ACTIVATED  (min_dist=0.35 m, idx=3363)
[INFO] [1783523779.707] [/cloud_crop_bridge]: [CloudCrop] 3086 -> 183 pts (6%)
[INFO] [1783523780.208] [/local_avoidance]: [local_avoidance] avoiding...  min_dist=0.35 m
[INFO] [1783523781.253] [/local_avoidance]: [local_avoidance] avoiding...  min_dist=0.35 m
[INFO] [1783523782.254] [/local_avoidance]: [local_avoidance] avoiding...  min_dist=0.34 m
[INFO] [1783523782.855] [/local_avoidance]: [local_avoidance] DEACTIVATED
[WARN] [1783523782.904] [/local_avoidance]: [local_avoidance] ACTIVATED  (min_dist=0.35 m, idx=324)
[INFO] [1783523783.054] [/local_avoidance]: [local_avoidance] DEACTIVATED
[WARN] [1783523783.104] [/local_avoidance]: [local_avoidance] ACTIVATED  (min_dist=0.35 m, idx=7900)
[WARN] [1783523783.154] [/exploration_node]: wait for trigger.
[INFO] [1783523783.256] [/local_avoidance]: [local_avoidance] DEACTIVATED
[WARN] [1783523783.304] [/local_avoidance]: [local_avoidance] ACTIVATED  (min_dist=0.35 m, idx=1329)
[INFO] [1783523783.353] [/local_avoidance]: [local_avoidance] DEACTIVATED
[WARN] [1783523783.404] [/local_avoidance]: [local_avoidance] ACTIVATED  (min_dist=0.34 m, idx=495)
[INFO] [1783523783.479] [/local_avoidance]: [local_avoidance] DEACTIVATED
[WARN] [1783523783.505] [/local_avoidance]: [local_avoidance] ACTIVATED  (min_dist=0.35 m, idx=1488)
[INFO] [1783523783.554] [/local_avoidance]: [local_avoidance] DEACTIVATED
[WARN] [1783523783.604] [/local_avoidance]: [local_avoidance] ACTIVATED  (min_dist=0.34 m, idx=8443)
[INFO] [1783523783.659] [/local_avoidance]: [local_avoidance] DEACTIVATED
[WARN] [1783523783.703] [/local_avoidance]: [local_avoidance] ACTIVATED  (min_dist=0.35 m, idx=9345)
[INFO] [1783523783.767] [/local_avoidance]: [local_avoidance] DEACTIVATED
[WARN] [1783523783.804] [/local_avoidance]: [local_avoidance] ACTIVATED  (min_dist=0.35 m, idx=8807)
[INFO] [1783523783.853] [/local_avoidance]: [local_avoidance] DEACTIVATED
[WARN] [1783523783.904] [/local_avoidance]: [local_avoidance] ACTIVATED  (min_dist=0.35 m, idx=2603)
[INFO] [1783523783.978] [/local_avoidance]: [local_avoidance] DEACTIVATED
[WARN] [1783523784.007] [/local_avoidance]: [local_avoidance] ACTIVATED  (min_dist=0.35 m, idx=9451)
[INFO] [1783523784.058] [/local_avoidance]: [local_avoidance] DEACTIVATED
[WARN] [1783523784.103] [/local_avoidance]: [local_avoidance] ACTIVATED  (min_dist=0.35 m, idx=2954)
[INFO] [1783523784.154] [/local_avoidance]: [local_avoidance] avoiding...  min_dist=0.36 m
[INFO] [1783523784.710] [/cloud_crop_bridge]: [CloudCrop] 2443 -> 618 pts (25%)
[INFO] [1783523785.205] [/local_avoidance]: [local_avoidance] avoiding...  min_dist=0.35 m
[INFO] [1783523786.255] [/local_avoidance]: [local_avoidance] avoiding...  min_dist=0.35 m
[INFO] [1783523787.304] [/local_avoidance]: [local_avoidance] avoiding...  min_dist=0.35 m
[INFO] [1783523787.707] [/local_avoidance]: [local_avoidance] DEACTIVATED
[WARN] [1783523787.756] [/local_avoidance]: [local_avoidance] ACTIVATED  (min_dist=0.35 m, idx=477)
[INFO] [1783523787.904] [/local_avoidance]: [local_avoidance] DEACTIVATED
[WARN] [1783523787.958] [/local_avoidance]: [local_avoidance] ACTIVATED  (min_dist=0.35 m, idx=751)
[INFO] [1783523788.104] [/local_avoidance]: [local_avoidance] DEACTIVATED
[WARN] [1783523788.156] [/exploration_node]: wait for trigger.
[WARN] [1783523788.158] [/local_avoidance]: [local_avoidance] ACTIVATED  (min_dist=0.35 m, idx=6947)
[INFO] [1783523788.203] [/local_avoidance]: [local_avoidance] DEACTIVATED
[WARN] [1783523788.261] [/local_avoidance]: [local_avoidance] ACTIVATED  (min_dist=0.35 m, idx=731)
[INFO] [1783523788.303] [/local_avoidance]: [local_avoidance] DEACTIVATED
[WARN] [1783523788.354] [/local_avoidance]: [local_avoidance] ACTIVATED  (min_dist=0.35 m, idx=1751)
[INFO] [1783523788.408] [/local_avoidance]: [local_avoidance] DEACTIVATED
[WARN] [1783523788.456] [/local_avoidance]: [local_avoidance] ACTIVATED  (min_dist=0.34 m, idx=1174)
[INFO] [1783523788.508] [/local_avoidance]: [local_avoidance] DEACTIVATED
[WARN] [1783523788.554] [/local_avoidance]: [local_avoidance] ACTIVATED  (min_dist=0.35 m, idx=8127)
[INFO] [1783523788.604] [/local_avoidance]: [local_avoidance] DEACTIVATED
[WARN] [1783523788.655] [/local_avoidance]: [local_avoidance] ACTIVATED  (min_dist=0.35 m, idx=1708)
[INFO] [1783523788.703] [/local_avoidance]: [local_avoidance] DEACTIVATED
[WARN] [1783523788.756] [/local_avoidance]: [local_avoidance] ACTIVATED  (min_dist=0.35 m, idx=8575)
[INFO] [1783523788.804] [/local_avoidance]: [local_avoidance] avoiding...  min_dist=0.53 m
[INFO] [1783523788.908] [/local_avoidance]: [local_avoidance] DEACTIVATED
[WARN] [1783523788.957] [/local_avoidance]: [local_avoidance] ACTIVATED  (min_dist=0.35 m, idx=7481)
[INFO] [1783523789.004] [/local_avoidance]: [local_avoidance] DEACTIVATED
[WARN] [1783523789.053] [/local_avoidance]: [local_avoidance] ACTIVATED  (min_dist=0.35 m, idx=9930)
[INFO] [1783523789.109] [/local_avoidance]: [local_avoidance] DEACTIVATED
[WARN] [1783523789.153] [/local_avoidance]: [local_avoidance] ACTIVATED  (min_dist=0.35 m, idx=2171)
[INFO] [1783523789.205] [/local_avoidance]: [local_avoidance] DEACTIVATED
[WARN] [1783523789.256] [/local_avoidance]: [local_avoidance] ACTIVATED  (min_dist=0.35 m, idx=9607)
[INFO] [1783523789.404] [/local_avoidance]: [local_avoidance] DEACTIVATED
[WARN] [1783523789.462] [/local_avoidance]: [local_avoidance] ACTIVATED  (min_dist=0.35 m, idx=4581)
[INFO] [1783523789.712] [/cloud_crop_bridge]: [CloudCrop] 3130 -> 218 pts (7%)
[INFO] [1783523789.854] [/local_avoidance]: [local_avoidance] avoiding...  min_dist=0.35 m
[INFO] [1783523790.864] [/local_avoidance]: [local_avoidance] avoiding...  min_dist=0.34 m
[INFO] [1783523791.905] [/local_avoidance]: [local_avoidance] avoiding...  min_dist=0.35 m
[INFO] [1783523792.878] [/local_avoidance]: [local_avoidance] DEACTIVATED
[WARN] [1783523792.907] [/local_avoidance]: [local_avoidance] ACTIVATED  (min_dist=0.35 m, idx=7904)
[INFO] [1783523792.955] [/local_avoidance]: [local_avoidance] avoiding...  min_dist=0.34 m
[INFO] [1783523793.153] [/local_avoidance]: [local_avoidance] DEACTIVATED
[WARN] [1783523793.164] [/exploration_node]: wait for trigger.
[WARN] [1783523793.204] [/local_avoidance]: [local_avoidance] ACTIVATED  (min_dist=0.34 m, idx=407)
[INFO] [1783523793.253] [/local_avoidance]: [local_avoidance] DEACTIVATED
[WARN] [1783523793.308] [/local_avoidance]: [local_avoidance] ACTIVATED  (min_dist=0.35 m, idx=1514)
[INFO] [1783523793.355] [/local_avoidance]: [local_avoidance] DEACTIVATED
[WARN] [1783523793.429] [/local_avoidance]: [local_avoidance] ACTIVATED  (min_dist=0.34 m, idx=1047)
[INFO] [1783523793.553] [/local_avoidance]: [local_avoidance] DEACTIVATED
[WARN] [1783523793.603] [/local_avoidance]: [local_avoidance] ACTIVATED  (min_dist=0.35 m, idx=8619)
[INFO] [1783523793.654] [/local_avoidance]: [local_avoidance] DEACTIVATED
[WARN] [1783523793.711] [/local_avoidance]: [local_avoidance] ACTIVATED  (min_dist=0.34 m, idx=9516)
[INFO] [1783523793.756] [/local_avoidance]: [local_avoidance] DEACTIVATED
[WARN] [1783523793.803] [/local_avoidance]: [local_avoidance] ACTIVATED  (min_dist=0.35 m, idx=9267)
[INFO] [1783523793.853] [/local_avoidance]: [local_avoidance] DEACTIVATED
[WARN] [1783523793.908] [/local_avoidance]: [local_avoidance] ACTIVATED  (min_dist=0.35 m, idx=8611)
[INFO] [1783523793.954] [/local_avoidance]: [local_avoidance] DEACTIVATED
[WARN] [1783523794.004] [/local_avoidance]: [local_avoidance] ACTIVATED  (min_dist=0.35 m, idx=2394)
[INFO] [1783523794.054] [/local_avoidance]: [local_avoidance] DEACTIVATED
[WARN] [1783523794.106] [/local_avoidance]: [local_avoidance] ACTIVATED  (min_dist=0.35 m, idx=9159)
[INFO] [1783523794.155] [/local_avoidance]: [local_avoidance] avoiding...  min_dist=0.36 m
[INFO] [1783523794.256] [/local_avoidance]: [local_avoidance] DEACTIVATED
[WARN] [1783523794.304] [/local_avoidance]: [local_avoidance] ACTIVATED  (min_dist=0.35 m, idx=3957)
[INFO] [1783523794.579] [/local_avoidance]: [local_avoidance] DEACTIVATED
[WARN] [1783523794.611] [/local_avoidance]: [local_avoidance] ACTIVATED  (min_dist=0.35 m, idx=3763)
[INFO] [1783523794.780] [/cloud_crop_bridge]: [CloudCrop] 2984 -> 123 pts (4%)
[INFO] [1783523795.206] [/local_avoidance]: [local_avoidance] avoiding...  min_dist=0.35 m
[INFO] [1783523796.257] [/local_avoidance]: [local_avoidance] avoiding...  min_dist=0.35 m
[INFO] [1783523797.260] [/local_avoidance]: [local_avoidance] avoiding...  min_dist=0.35 m
[INFO] [1783523797.715] [/local_avoidance]: [local_avoidance] DEACTIVATED
[WARN] [1783523797.754] [/local_avoidance]: [local_avoidance] ACTIVATED  (min_dist=0.35 m, idx=7668)
[INFO] [1783523797.907] [/local_avoidance]: [local_avoidance] DEACTIVATED
[WARN] [1783523797.957] [/local_avoidance]: [local_avoidance] ACTIVATED  (min_dist=0.35 m, idx=1293)
[INFO] [1783523798.004] [/local_avoidance]: [local_avoidance] DEACTIVATED
[WARN] [1783523798.054] [/local_avoidance]: [local_avoidance] ACTIVATED  (min_dist=0.34 m, idx=7846)
[WARN] [1783523798.169] [/exploration_node]: wait for trigger.
[INFO] [1783523798.203] [/local_avoidance]: [local_avoidance] DEACTIVATED
[WARN] [1783523798.257] [/local_avoidance]: [local_avoidance] ACTIVATED  (min_dist=0.35 m, idx=8392)
[INFO] [1783523798.305] [/local_avoidance]: [local_avoidance] DEACTIVATED
[WARN] [1783523798.357] [/local_avoidance]: [local_avoidance] ACTIVATED  (min_dist=0.35 m, idx=7841)
[INFO] [1783523798.403] [/local_avoidance]: [local_avoidance] DEACTIVATED
[WARN] [1783523798.454] [/local_avoidance]: [local_avoidance] ACTIVATED  (min_dist=0.35 m, idx=1559)
[INFO] [1783523798.513] [/local_avoidance]: [local_avoidance] DEACTIVATED
[WARN] [1783523798.558] [/local_avoidance]: [local_avoidance] ACTIVATED  (min_dist=0.34 m, idx=1179)
[INFO] [1783523798.603] [/local_avoidance]: [local_avoidance] DEACTIVATED
[WARN] [1783523798.654] [/local_avoidance]: [local_avoidance] ACTIVATED  (min_dist=0.34 m, idx=9302)
[INFO] [1783523798.707] [/local_avoidance]: [local_avoidance] DEACTIVATED
[WARN] [1783523798.755] [/local_avoidance]: [local_avoidance] ACTIVATED  (min_dist=0.34 m, idx=1426)
[INFO] [1783523798.804] [/local_avoidance]: [local_avoidance] DEACTIVATED
[WARN] [1783523798.878] [/local_avoidance]: [local_avoidance] ACTIVATED  (min_dist=0.35 m, idx=8385)
[INFO] [1783523798.905] [/local_avoidance]: [local_avoidance] DEACTIVATED
[WARN] [1783523798.953] [/local_avoidance]: [local_avoidance] ACTIVATED  (min_dist=0.34 m, idx=1965)
[INFO] [1783523799.004] [/local_avoidance]: [local_avoidance] DEACTIVATED
[WARN] [1783523799.063] [/local_avoidance]: [local_avoidance] ACTIVATED  (min_dist=0.35 m, idx=9031)
[INFO] [1783523799.105] [/local_avoidance]: [local_avoidance] avoiding...  min_dist=0.35 m
[INFO] [1783523799.203] [/local_avoidance]: [local_avoidance] DEACTIVATED
[WARN] [1783523799.255] [/local_avoidance]: [local_avoidance] ACTIVATED  (min_dist=0.35 m, idx=3336)
[INFO] [1783523799.812] [/cloud_crop_bridge]: [CloudCrop] 2978 -> 195 pts (7%)
[INFO] [1783523800.107] [/local_avoidance]: [local_avoidance] avoiding...  min_dist=0.36 m
[INFO] [1783523801.112] [/local_avoidance]: [local_avoidance] avoiding...  min_dist=0.35 m
[INFO] [1783523802.154] [/local_avoidance]: [local_avoidance] avoiding...  min_dist=0.35 m
[INFO] [1783523802.855] [/local_avoidance]: [local_avoidance] DEACTIVATED
[WARN] [1783523802.906] [/local_avoidance]: [local_avoidance] ACTIVATED  (min_dist=0.35 m, idx=489)
[INFO] [1783523802.954] [/local_avoidance]: [local_avoidance] DEACTIVATED
[WARN] [1783523803.004] [/local_avoidance]: [local_avoidance] ACTIVATED  (min_dist=0.34 m, idx=7631)
[INFO] [1783523803.155] [/local_avoidance]: [local_avoidance] DEACTIVATED
[WARN] [1783523803.179] [/exploration_node]: wait for trigger.
[WARN] [1783523803.207] [/local_avoidance]: [local_avoidance] ACTIVATED  (min_dist=0.35 m, idx=7991)
[INFO] [1783523803.280] [/local_avoidance]: [local_avoidance] DEACTIVATED
[WARN] [1783523803.304] [/local_avoidance]: [local_avoidance] ACTIVATED  (min_dist=0.35 m, idx=7623)
[INFO] [1783523803.354] [/local_avoidance]: [local_avoidance] DEACTIVATED
[WARN] [1783523803.404] [/local_avoidance]: [local_avoidance] ACTIVATED  (min_dist=0.35 m, idx=1118)
[INFO] [1783523803.453] [/local_avoidance]: [local_avoidance] DEACTIVATED
[WARN] [1783523803.504] [/local_avoidance]: [local_avoidance] ACTIVATED  (min_dist=0.35 m, idx=2155)
[INFO] [1783523803.553] [/local_avoidance]: [local_avoidance] avoiding...  min_dist=0.58 m
[INFO] [1783523803.663] [/local_avoidance]: [local_avoidance] DEACTIVATED
[WARN] [1783523803.704] [/local_avoidance]: [local_avoidance] ACTIVATED  (min_dist=0.35 m, idx=2585)
[INFO] [1783523803.754] [/local_avoidance]: [local_avoidance] DEACTIVATED
[WARN] [1783523803.804] [/local_avoidance]: [local_avoidance] ACTIVATED  (min_dist=0.34 m, idx=9627)
[INFO] [1783523803.854] [/local_avoidance]: [local_avoidance] DEACTIVATED
[WARN] [1783523803.905] [/local_avoidance]: [local_avoidance] ACTIVATED  (min_dist=0.35 m, idx=3133)
[INFO] [1783523803.957] [/local_avoidance]: [local_avoidance] DEACTIVATED
[WARN] [1783523804.005] [/local_avoidance]: [local_avoidance] ACTIVATED  (min_dist=0.35 m, idx=10064)
[INFO] [1783523804.058] [/local_avoidance]: [local_avoidance] DEACTIVATED
[WARN] [1783523804.105] [/local_avoidance]: [local_avoidance] ACTIVATED  (min_dist=0.34 m, idx=2019)
[INFO] [1783523804.557] [/local_avoidance]: [local_avoidance] avoiding...  min_dist=0.35 m
[INFO] [1783523804.854] [/cloud_crop_bridge]: [CloudCrop] 3009 -> 200 pts (7%)
[INFO] [1783523805.604] [/local_avoidance]: [local_avoidance] avoiding...  min_dist=0.35 m
[INFO] [1783523806.608] [/local_avoidance]: [local_avoidance] avoiding...  min_dist=0.35 m
[INFO] [1783523807.654] [/local_avoidance]: [local_avoidance] avoiding...  min_dist=0.35 m
[INFO] [1783523807.803] [/local_avoidance]: [local_avoidance] DEACTIVATED
[WARN] [1783523807.853] [/local_avoidance]: [local_avoidance] ACTIVATED  (min_dist=0.35 m, idx=6315)
[INFO] [1783523808.005] [/local_avoidance]: [local_avoidance] DEACTIVATED
[WARN] [1783523808.054] [/local_avoidance]: [local_avoidance] ACTIVATED  (min_dist=0.35 m, idx=8122)
[INFO] [1783523808.103] [/local_avoidance]: [local_avoidance] DEACTIVATED
[WARN] [1783523808.156] [/local_avoidance]: [local_avoidance] ACTIVATED  (min_dist=0.34 m, idx=351)
[WARN] [1783523808.178] [/exploration_node]: wait for trigger.
[INFO] [1783523808.304] [/local_avoidance]: [local_avoidance] DEACTIVATED
[INFO] [1783523808.329] [/exploration_node]: [EV] [1783523808.328][  +1062.5s][WAIT_TRIGGER] Avoidance: Deactivated  <->  Activated | cycling x4901 over 1061.5s
[WARN] [1783523808.354] [/local_avoidance]: [local_avoidance] ACTIVATED  (min_dist=0.34 m, idx=803)
[INFO] [1783523808.404] [/local_avoidance]: [local_avoidance] DEACTIVATED
[WARN] [1783523808.453] [/local_avoidance]: [local_avoidance] ACTIVATED  (min_dist=0.35 m, idx=1712)
[INFO] [1783523808.504] [/local_avoidance]: [local_avoidance] DEACTIVATED
[WARN] [1783523808.553] [/local_avoidance]: [local_avoidance] ACTIVATED  (min_dist=0.34 m, idx=1342)
[INFO] [1783523808.603] [/local_avoidance]: [local_avoidance] DEACTIVATED
[WARN] [1783523808.653] [/local_avoidance]: [local_avoidance] ACTIVATED  (min_dist=0.35 m, idx=2261)
[INFO] [1783523808.704] [/local_avoidance]: [local_avoidance] DEACTIVATED
[WARN] [1783523808.755] [/local_avoidance]: [local_avoidance] ACTIVATED  (min_dist=0.35 m, idx=3906)
[INFO] [1783523808.805] [/local_avoidance]: [local_avoidance] DEACTIVATED
[WARN] [1783523808.878] [/local_avoidance]: [local_avoidance] ACTIVATED  (min_dist=0.35 m, idx=2915)
[INFO] [1783523808.904] [/local_avoidance]: [local_avoidance] DEACTIVATED
[WARN] [1783523808.953] [/local_avoidance]: [local_avoidance] ACTIVATED  (min_dist=0.35 m, idx=9659)
[INFO] [1783523809.003] [/local_avoidance]: [local_avoidance] DEACTIVATED
[WARN] [1783523809.056] [/local_avoidance]: [local_avoidance] ACTIVATED  (min_dist=0.35 m, idx=7645)
[INFO] [1783523809.113] [/local_avoidance]: [local_avoidance] avoiding...  min_dist=0.35 m
[INFO] [1783523809.204] [/local_avoidance]: [local_avoidance] DEACTIVATED
[WARN] [1783523809.255] [/local_avoidance]: [local_avoidance] ACTIVATED  (min_dist=0.35 m, idx=9555)
[INFO] [1783523809.854] [/cloud_crop_bridge]: [CloudCrop] 2604 -> 650 pts (25%)
[INFO] [1783523810.179] [/local_avoidance]: [local_avoidance] avoiding...  min_dist=0.35 m
[INFO] [1783523811.213] [/local_avoidance]: [local_avoidance] avoiding...  min_dist=0.35 m
[INFO] [1783523812.253] [/local_avoidance]: [local_avoidance] avoiding...  min_dist=0.35 m
[INFO] [1783523812.954] [/local_avoidance]: [local_avoidance] DEACTIVATED
[WARN] [1783523813.029] [/local_avoidance]: [local_avoidance] ACTIVATED  (min_dist=0.35 m, idx=7899)
[INFO] [1783523813.160] [/local_avoidance]: [local_avoidance] DEACTIVATED
[WARN] [1783523813.188] [/exploration_node]: wait for trigger.
[WARN] [1783523813.204] [/local_avoidance]: [local_avoidance] ACTIVATED  (min_dist=0.35 m, idx=1043)
[INFO] [1783523813.254] [/local_avoidance]: [local_avoidance] DEACTIVATED
[WARN] [1783523813.305] [/local_avoidance]: [local_avoidance] ACTIVATED  (min_dist=0.35 m, idx=2054)
[INFO] [1783523813.379] [/local_avoidance]: [local_avoidance] DEACTIVATED
[WARN] [1783523813.403] [/local_avoidance]: [local_avoidance] ACTIVATED  (min_dist=0.35 m, idx=8884)
[INFO] [1783523813.453] [/local_avoidance]: [local_avoidance] DEACTIVATED
[WARN] [1783523813.504] [/local_avoidance]: [local_avoidance] ACTIVATED  (min_dist=0.34 m, idx=935)
[INFO] [1783523813.554] [/local_avoidance]: [local_avoidance] DEACTIVATED
[WARN] [1783523813.608] [/local_avoidance]: [local_avoidance] ACTIVATED  (min_dist=0.35 m, idx=7785)
[INFO] [1783523813.655] [/local_avoidance]: [local_avoidance] DEACTIVATED
[WARN] [1783523813.704] [/local_avoidance]: [local_avoidance] ACTIVATED  (min_dist=0.34 m, idx=1479)
[INFO] [1783523813.753] [/local_avoidance]: [local_avoidance] DEACTIVATED
[WARN] [1783523813.804] [/local_avoidance]: [local_avoidance] ACTIVATED  (min_dist=0.34 m, idx=9698)
[INFO] [1783523813.856] [/local_avoidance]: [local_avoidance] DEACTIVATED
[WARN] [1783523813.905] [/local_avoidance]: [local_avoidance] ACTIVATED  (min_dist=0.35 m, idx=9247)
[INFO] [1783523813.953] [/local_avoidance]: [local_avoidance] DEACTIVATED
[WARN] [1783523814.004] [/local_avoidance]: [local_avoidance] ACTIVATED  (min_dist=0.35 m, idx=2951)
[INFO] [1783523814.054] [/local_avoidance]: [local_avoidance] avoiding...  min_dist=0.36 m
[INFO] [1783523814.153] [/local_avoidance]: [local_avoidance] DEACTIVATED
[WARN] [1783523814.206] [/local_avoidance]: [local_avoidance] ACTIVATED  (min_dist=0.35 m, idx=3681)
[INFO] [1783523814.855] [/cloud_crop_bridge]: [CloudCrop] 3012 -> 127 pts (4%)
[INFO] [1783523815.056] [/local_avoidance]: [local_avoidance] avoiding...  min_dist=0.35 m
[INFO] [1783523816.103] [/local_avoidance]: [local_avoidance] avoiding...  min_dist=0.35 m
[INFO] [1783523817.104] [/local_avoidance]: [local_avoidance] avoiding...  min_dist=0.37 m
[INFO] [1783523817.603] [/local_avoidance]: [local_avoidance] DEACTIVATED
[WARN] [1783523817.660] [/local_avoidance]: [local_avoidance] ACTIVATED  (min_dist=0.35 m, idx=6891)
[INFO] [1783523817.903] [/local_avoidance]: [local_avoidance] DEACTIVATED
[WARN] [1783523817.953] [/local_avoidance]: [local_avoidance] ACTIVATED  (min_dist=0.34 m, idx=171)
[INFO] [1783523818.006] [/local_avoidance]: [local_avoidance] DEACTIVATED
[WARN] [1783523818.061] [/local_avoidance]: [local_avoidance] ACTIVATED  (min_dist=0.34 m, idx=8293)
[INFO] [1783523818.108] [/local_avoidance]: [local_avoidance] DEACTIVATED
[WARN] [1783523818.180] [/local_avoidance]: [local_avoidance] ACTIVATED  (min_dist=0.35 m, idx=7931)
[WARN] [1783523818.189] [/exploration_node]: wait for trigger.
[INFO] [1783523818.203] [/local_avoidance]: [local_avoidance] DEACTIVATED
[WARN] [1783523818.253] [/local_avoidance]: [local_avoidance] ACTIVATED  (min_dist=0.35 m, idx=1451)
[INFO] [1783523818.304] [/local_avoidance]: [local_avoidance] DEACTIVATED
[WARN] [1783523818.353] [/local_avoidance]: [local_avoidance] ACTIVATED  (min_dist=0.35 m, idx=1171)
[INFO] [1783523818.403] [/local_avoidance]: [local_avoidance] DEACTIVATED
[WARN] [1783523818.457] [/local_avoidance]: [local_avoidance] ACTIVATED  (min_dist=0.35 m, idx=6472)
[INFO] [1783523818.507] [/local_avoidance]: [local_avoidance] DEACTIVATED
[WARN] [1783523818.558] [/local_avoidance]: [local_avoidance] ACTIVATED  (min_dist=0.35 m, idx=1623)
[INFO] [1783523818.603] [/local_avoidance]: [local_avoidance] DEACTIVATED
[WARN] [1783523818.653] [/local_avoidance]: [local_avoidance] ACTIVATED  (min_dist=0.35 m, idx=8375)
[INFO] [1783523818.704] [/local_avoidance]: [local_avoidance] DEACTIVATED
[WARN] [1783523818.754] [/local_avoidance]: [local_avoidance] ACTIVATED  (min_dist=0.34 m, idx=9379)
[INFO] [1783523818.807] [/local_avoidance]: [local_avoidance] DEACTIVATED
[WARN] [1783523818.880] [/local_avoidance]: [local_avoidance] ACTIVATED  (min_dist=0.35 m, idx=8823)
[INFO] [1783523818.904] [/local_avoidance]: [local_avoidance] DEACTIVATED
[WARN] [1783523818.978] [/local_avoidance]: [local_avoidance] ACTIVATED  (min_dist=0.35 m, idx=2518)
[INFO] [1783523819.004] [/local_avoidance]: [local_avoidance] DEACTIVATED
[WARN] [1783523819.058] [/local_avoidance]: [local_avoidance] ACTIVATED  (min_dist=0.35 m, idx=9365)
[INFO] [1783523819.105] [/local_avoidance]: [local_avoidance] avoiding...  min_dist=0.60 m
[INFO] [1783523819.908] [/cloud_crop_bridge]: [CloudCrop] 2962 -> 195 pts (7%)
[INFO] [1783523820.153] [/local_avoidance]: [local_avoidance] avoiding...  min_dist=0.35 m
[INFO] [1783523821.203] [/local_avoidance]: [local_avoidance] avoiding...  min_dist=0.35 m
[INFO] [1783523822.204] [/local_avoidance]: [local_avoidance] avoiding...  min_dist=0.34 m
[INFO] [1783523823.056] [/local_avoidance]: [local_avoidance] DEACTIVATED
[WARN] [1783523823.104] [/local_avoidance]: [local_avoidance] ACTIVATED  (min_dist=0.35 m, idx=276)
[INFO] [1783523823.154] [/local_avoidance]: [local_avoidance] DEACTIVATED
[WARN] [1783523823.189] [/exploration_node]: wait for trigger.
[WARN] [1783523823.204] [/local_avoidance]: [local_avoidance] ACTIVATED  (min_dist=0.35 m, idx=1196)
[INFO] [1783523823.261] [/local_avoidance]: [local_avoidance] DEACTIVATED
[WARN] [1783523823.303] [/local_avoidance]: [local_avoidance] ACTIVATED  (min_dist=0.35 m, idx=2326)
[INFO] [1783523823.354] [/local_avoidance]: [local_avoidance] DEACTIVATED
[WARN] [1783523823.403] [/local_avoidance]: [local_avoidance] ACTIVATED  (min_dist=0.35 m, idx=7603)
[INFO] [1783523823.453] [/local_avoidance]: [local_avoidance] DEACTIVATED
[WARN] [1783523823.507] [/local_avoidance]: [local_avoidance] ACTIVATED  (min_dist=0.35 m, idx=8605)
[INFO] [1783523823.556] [/local_avoidance]: [local_avoidance] DEACTIVATED
[WARN] [1783523823.604] [/local_avoidance]: [local_avoidance] ACTIVATED  (min_dist=0.35 m, idx=3655)
[INFO] [1783523823.654] [/local_avoidance]: [local_avoidance] DEACTIVATED
[WARN] [1783523823.703] [/local_avoidance]: [local_avoidance] ACTIVATED  (min_dist=0.35 m, idx=1724)
[INFO] [1783523823.753] [/local_avoidance]: [local_avoidance] DEACTIVATED
[WARN] [1783523823.807] [/local_avoidance]: [local_avoidance] ACTIVATED  (min_dist=0.35 m, idx=4133)
[INFO] [1783523823.878] [/local_avoidance]: [local_avoidance] DEACTIVATED
[WARN] [1783523823.904] [/local_avoidance]: [local_avoidance] ACTIVATED  (min_dist=0.34 m, idx=2766)
[INFO] [1783523823.954] [/local_avoidance]: [local_avoidance] DEACTIVATED
[WARN] [1783523824.004] [/local_avoidance]: [local_avoidance] ACTIVATED  (min_dist=0.35 m, idx=9051)
[INFO] [1783523824.054] [/local_avoidance]: [local_avoidance] avoiding...  min_dist=0.34 m
[INFO] [1783523824.154] [/local_avoidance]: [local_avoidance] DEACTIVATED
[WARN] [1783523824.206] [/local_avoidance]: [local_avoidance] ACTIVATED  (min_dist=0.35 m, idx=3657)
[INFO] [1783523824.916] [/cloud_crop_bridge]: [CloudCrop] 2540 -> 644 pts (25%)
[INFO] [1783523825.109] [/local_avoidance]: [local_avoidance] avoiding...  min_dist=0.35 m
[INFO] [1783523826.179] [/local_avoidance]: [local_avoidance] avoiding...  min_dist=0.35 m
[INFO] [1783523827.207] [/local_avoidance]: [local_avoidance] avoiding...  min_dist=0.35 m
[INFO] [1783523827.604] [/local_avoidance]: [local_avoidance] DEACTIVATED
[WARN] [1783523827.662] [/local_avoidance]: [local_avoidance] ACTIVATED  (min_dist=0.35 m, idx=6387)
[INFO] [1783523827.803] [/local_avoidance]: [local_avoidance] DEACTIVATED
[WARN] [1783523827.854] [/local_avoidance]: [local_avoidance] ACTIVATED  (min_dist=0.35 m, idx=801)
[INFO] [1783523827.909] [/local_avoidance]: [local_avoidance] DEACTIVATED
[WARN] [1783523827.958] [/local_avoidance]: [local_avoidance] ACTIVATED  (min_dist=0.34 m, idx=425)
[INFO] [1783523828.104] [/local_avoidance]: [local_avoidance] DEACTIVATED
[WARN] [1783523828.154] [/local_avoidance]: [local_avoidance] ACTIVATED  (min_dist=0.34 m, idx=8291)
[WARN] [1783523828.192] [/exploration_node]: wait for trigger.
[INFO] [1783523828.205] [/local_avoidance]: [local_avoidance] DEACTIVATED
[WARN] [1783523828.254] [/local_avoidance]: [local_avoidance] ACTIVATED  (min_dist=0.35 m, idx=7739)
[INFO] [1783523828.306] [/local_avoidance]: [local_avoidance] DEACTIVATED
[WARN] [1783523828.355] [/local_avoidance]: [local_avoidance] ACTIVATED  (min_dist=0.35 m, idx=8736)
[INFO] [1783523828.403] [/local_avoidance]: [local_avoidance] DEACTIVATED
[WARN] [1783523828.454] [/local_avoidance]: [local_avoidance] ACTIVATED  (min_dist=0.35 m, idx=8291)
[INFO] [1783523828.507] [/local_avoidance]: [local_avoidance] DEACTIVATED
[WARN] [1783523828.559] [/local_avoidance]: [local_avoidance] ACTIVATED  (min_dist=0.35 m, idx=7729)
[INFO] [1783523828.629] [/local_avoidance]: [local_avoidance] DEACTIVATED
[WARN] [1783523828.653] [/local_avoidance]: [local_avoidance] ACTIVATED  (min_dist=0.35 m, idx=8743)
[INFO] [1783523828.704] [/local_avoidance]: [local_avoidance] DEACTIVATED
[WARN] [1783523828.754] [/local_avoidance]: [local_avoidance] ACTIVATED  (min_dist=0.35 m, idx=2333)
[INFO] [1783523828.806] [/local_avoidance]: [local_avoidance] DEACTIVATED
[WARN] [1783523828.857] [/local_avoidance]: [local_avoidance] ACTIVATED  (min_dist=0.35 m, idx=9186)
[INFO] [1783523828.905] [/local_avoidance]: [local_avoidance] DEACTIVATED
[WARN] [1783523828.953] [/local_avoidance]: [local_avoidance] ACTIVATED  (min_dist=0.35 m, idx=2895)
[INFO] [1783523829.005] [/local_avoidance]: [local_avoidance] DEACTIVATED
[WARN] [1783523829.064] [/local_avoidance]: [local_avoidance] ACTIVATED  (min_dist=0.35 m, idx=2327)
[INFO] [1783523829.103] [/local_avoidance]: [local_avoidance] DEACTIVATED
[WARN] [1783523829.156] [/local_avoidance]: [local_avoidance] ACTIVATED  (min_dist=0.35 m, idx=3324)
[INFO] [1783523829.210] [/local_avoidance]: [local_avoidance] avoiding...  min_dist=0.35 m
[INFO] [1783523829.951] [/cloud_crop_bridge]: [CloudCrop] 2596 -> 601 pts (23%)
[INFO] [1783523830.254] [/local_avoidance]: [local_avoidance] avoiding...  min_dist=0.35 m
[INFO] [1783523831.254] [/local_avoidance]: [local_avoidance] avoiding...  min_dist=0.35 m
[INFO] [1783523832.256] [/local_avoidance]: [local_avoidance] avoiding...  min_dist=0.34 m
[INFO] [1783523832.756] [/local_avoidance]: [local_avoidance] DEACTIVATED
[WARN] [1783523832.804] [/local_avoidance]: [local_avoidance] ACTIVATED  (min_dist=0.35 m, idx=477)
[INFO] [1783523833.062] [/local_avoidance]: [local_avoidance] DEACTIVATED
[WARN] [1783523833.103] [/local_avoidance]: [local_avoidance] ACTIVATED  (min_dist=0.34 m, idx=567)
[INFO] [1783523833.153] [/local_avoidance]: [local_avoidance] DEACTIVATED
[WARN] [1783523833.190] [/exploration_node]: wait for trigger.
[WARN] [1783523833.211] [/local_avoidance]: [local_avoidance] ACTIVATED  (min_dist=0.35 m, idx=7331)
[INFO] [1783523833.256] [/local_avoidance]: [local_avoidance] DEACTIVATED
[WARN] [1783523833.303] [/local_avoidance]: [local_avoidance] ACTIVATED  (min_dist=0.35 m, idx=8327)
[INFO] [1783523833.353] [/local_avoidance]: [local_avoidance] DEACTIVATED
[WARN] [1783523833.404] [/local_avoidance]: [local_avoidance] ACTIVATED  (min_dist=0.35 m, idx=2039)
[INFO] [1783523833.453] [/local_avoidance]: [local_avoidance] DEACTIVATED
[WARN] [1783523833.503] [/local_avoidance]: [local_avoidance] ACTIVATED  (min_dist=0.35 m, idx=8703)
[INFO] [1783523833.559] [/local_avoidance]: [local_avoidance] DEACTIVATED
[WARN] [1783523833.608] [/local_avoidance]: [local_avoidance] ACTIVATED  (min_dist=0.35 m, idx=8319)
[INFO] [1783523833.656] [/local_avoidance]: [local_avoidance] DEACTIVATED
[WARN] [1783523833.705] [/local_avoidance]: [local_avoidance] ACTIVATED  (min_dist=0.34 m, idx=9323)
[INFO] [1783523833.778] [/local_avoidance]: [local_avoidance] DEACTIVATED
[WARN] [1783523833.803] [/local_avoidance]: [local_avoidance] ACTIVATED  (min_dist=0.35 m, idx=9251)
[INFO] [1783523833.853] [/local_avoidance]: [local_avoidance] DEACTIVATED
[WARN] [1783523833.904] [/local_avoidance]: [local_avoidance] ACTIVATED  (min_dist=0.35 m, idx=9765)
[INFO] [1783523833.956] [/local_avoidance]: [local_avoidance] DEACTIVATED
[WARN] [1783523834.005] [/local_avoidance]: [local_avoidance] ACTIVATED  (min_dist=0.35 m, idx=3298)
[INFO] [1783523834.079] [/local_avoidance]: [local_avoidance] avoiding...  min_dist=0.59 m
[INFO] [1783523835.004] [/cloud_crop_bridge]: [CloudCrop] 2632 -> 623 pts (24%)
[INFO] [1783523835.106] [/local_avoidance]: [local_avoidance] avoiding...  min_dist=0.35 m
[INFO] [1783523836.153] [/local_avoidance]: [local_avoidance] avoiding...  min_dist=0.35 m
[INFO] [1783523837.160] [/local_avoidance]: [local_avoidance] avoiding...  min_dist=0.35 m
[INFO] [1783523837.904] [/local_avoidance]: [local_avoidance] DEACTIVATED
[WARN] [1783523837.955] [/local_avoidance]: [local_avoidance] ACTIVATED  (min_dist=0.35 m, idx=692)
[INFO] [1783523838.106] [/local_avoidance]: [local_avoidance] DEACTIVATED
[WARN] [1783523838.155] [/local_avoidance]: [local_avoidance] ACTIVATED  (min_dist=0.35 m, idx=1144)
[WARN] [1783523838.201] [/exploration_node]: wait for trigger.
[INFO] [1783523838.231] [/local_avoidance]: [local_avoidance] DEACTIVATED
[WARN] [1783523838.281] [/local_avoidance]: [local_avoidance] ACTIVATED  (min_dist=0.35 m, idx=8011)
[INFO] [1783523838.303] [/local_avoidance]: [local_avoidance] DEACTIVATED
[WARN] [1783523838.353] [/local_avoidance]: [local_avoidance] ACTIVATED  (min_dist=0.35 m, idx=1601)
[WARN] [1783523838.379] [/exploration_node]: [EV] [1783523838.378][  +1092.5s][WAIT_TRIGGER] Avoidance: Activated  <->  Deactivated | cycling x5046 over 1091.5s
[INFO] [1783523838.405] [/local_avoidance]: [local_avoidance] DEACTIVATED
[WARN] [1783523838.455] [/local_avoidance]: [local_avoidance] ACTIVATED  (min_dist=0.34 m, idx=1243)
[INFO] [1783523838.510] [/local_avoidance]: [local_avoidance] DEACTIVATED
[WARN] [1783523838.556] [/local_avoidance]: [local_avoidance] ACTIVATED  (min_dist=0.35 m, idx=9461)
[INFO] [1783523838.629] [/local_avoidance]: [local_avoidance] DEACTIVATED
[WARN] [1783523838.653] [/local_avoidance]: [local_avoidance] ACTIVATED  (min_dist=0.35 m, idx=1703)
[INFO] [1783523838.704] [/local_avoidance]: [local_avoidance] DEACTIVATED
[WARN] [1783523838.753] [/local_avoidance]: [local_avoidance] ACTIVATED  (min_dist=0.35 m, idx=4077)
[INFO] [1783523838.808] [/local_avoidance]: [local_avoidance] DEACTIVATED
[WARN] [1783523838.853] [/local_avoidance]: [local_avoidance] ACTIVATED  (min_dist=0.35 m, idx=2155)
[INFO] [1783523838.903] [/local_avoidance]: [local_avoidance] DEACTIVATED
[WARN] [1783523838.953] [/local_avoidance]: [local_avoidance] ACTIVATED  (min_dist=0.35 m, idx=7441)
[INFO] [1783523839.006] [/local_avoidance]: [local_avoidance] avoiding...  min_dist=0.36 m
[INFO] [1783523839.105] [/local_avoidance]: [local_avoidance] DEACTIVATED
[WARN] [1783523839.157] [/local_avoidance]: [local_avoidance] ACTIVATED  (min_dist=0.35 m, idx=9447)
[INFO] [1783523840.009] [/local_avoidance]: [local_avoidance] avoiding...  min_dist=0.35 m
[INFO] [1783523840.009] [/cloud_crop_bridge]: [CloudCrop] 2839 -> 229 pts (8%)
[INFO] [1783523841.058] [/local_avoidance]: [local_avoidance] avoiding...  min_dist=0.35 m
[INFO] [1783523842.104] [/local_avoidance]: [local_avoidance] avoiding...  min_dist=0.35 m
[INFO] [1783523842.754] [/local_avoidance]: [local_avoidance] DEACTIVATED
[WARN] [1783523842.804] [/local_avoidance]: [local_avoidance] ACTIVATED  (min_dist=0.35 m, idx=759)
[INFO] [1783523842.855] [/local_avoidance]: [local_avoidance] DEACTIVATED
[WARN] [1783523842.905] [/local_avoidance]: [local_avoidance] ACTIVATED  (min_dist=0.35 m, idx=368)
[INFO] [1783523842.956] [/local_avoidance]: [local_avoidance] DEACTIVATED
[WARN] [1783523843.004] [/local_avoidance]: [local_avoidance] ACTIVATED  (min_dist=0.35 m, idx=7051)
[INFO] [1783523843.053] [/local_avoidance]: [local_avoidance] DEACTIVATED
[WARN] [1783523843.103] [/local_avoidance]: [local_avoidance] ACTIVATED  (min_dist=0.34 m, idx=8147)
[INFO] [1783523843.156] [/local_avoidance]: [local_avoidance] avoiding...  min_dist=0.54 m
[WARN] [1783523843.208] [/exploration_node]: wait for trigger.
[INFO] [1783523843.270] [/local_avoidance]: [local_avoidance] DEACTIVATED
[WARN] [1783523843.306] [/local_avoidance]: [local_avoidance] ACTIVATED  (min_dist=0.34 m, idx=8586)
[INFO] [1783523843.354] [/local_avoidance]: [local_avoidance] DEACTIVATED
[WARN] [1783523843.404] [/local_avoidance]: [local_avoidance] ACTIVATED  (min_dist=0.35 m, idx=8143)
[INFO] [1783523843.455] [/local_avoidance]: [local_avoidance] DEACTIVATED
[WARN] [1783523843.507] [/local_avoidance]: [local_avoidance] ACTIVATED  (min_dist=0.35 m, idx=1724)
[INFO] [1783523843.653] [/local_avoidance]: [local_avoidance] DEACTIVATED
[WARN] [1783523843.704] [/local_avoidance]: [local_avoidance] ACTIVATED  (min_dist=0.35 m, idx=9581)
[INFO] [1783523843.753] [/local_avoidance]: [local_avoidance] DEACTIVATED
[WARN] [1783523843.806] [/local_avoidance]: [local_avoidance] ACTIVATED  (min_dist=0.35 m, idx=9033)
[INFO] [1783523843.957] [/local_avoidance]: [local_avoidance] DEACTIVATED
[WARN] [1783523844.006] [/local_avoidance]: [local_avoidance] ACTIVATED  (min_dist=0.34 m, idx=2175)
[INFO] [1783523844.054] [/local_avoidance]: [local_avoidance] DEACTIVATED
[WARN] [1783523844.104] [/local_avoidance]: [local_avoidance] ACTIVATED  (min_dist=0.35 m, idx=3199)
[INFO] [1783523844.203] [/local_avoidance]: [local_avoidance] avoiding...  min_dist=0.35 m
[INFO] [1783523844.278] [/local_avoidance]: [local_avoidance] DEACTIVATED
[WARN] [1783523844.306] [/local_avoidance]: [local_avoidance] ACTIVATED  (min_dist=0.35 m, idx=3633)
[INFO] [1783523845.051] [/cloud_crop_bridge]: [CloudCrop] 2920 -> 243 pts (8%)
[INFO] [1783523845.230] [/local_avoidance]: [local_avoidance] avoiding...  min_dist=0.35 m
[INFO] [1783523846.253] [/local_avoidance]: [local_avoidance] avoiding...  min_dist=0.35 m
[INFO] [1783523847.259] [/local_avoidance]: [local_avoidance] avoiding...  min_dist=0.35 m
[INFO] [1783523847.908] [/local_avoidance]: [local_avoidance] DEACTIVATED
[WARN] [1783523847.954] [/local_avoidance]: [local_avoidance] ACTIVATED  (min_dist=0.35 m, idx=6627)
[INFO] [1783523848.005] [/local_avoidance]: [local_avoidance] DEACTIVATED
[WARN] [1783523848.053] [/local_avoidance]: [local_avoidance] ACTIVATED  (min_dist=0.35 m, idx=7823)
[INFO] [1783523848.105] [/local_avoidance]: [local_avoidance] DEACTIVATED
[WARN] [1783523848.157] [/local_avoidance]: [local_avoidance] ACTIVATED  (min_dist=0.34 m, idx=8624)
[WARN] [1783523848.208] [/exploration_node]: wait for trigger.
[INFO] [1783523848.217] [/local_avoidance]: [local_avoidance] DEACTIVATED
[WARN] [1783523848.253] [/local_avoidance]: [local_avoidance] ACTIVATED  (min_dist=0.35 m, idx=8269)
[INFO] [1783523848.303] [/local_avoidance]: [local_avoidance] DEACTIVATED
[WARN] [1783523848.354] [/local_avoidance]: [local_avoidance] ACTIVATED  (min_dist=0.34 m, idx=9172)
[INFO] [1783523848.404] [/local_avoidance]: [local_avoidance] DEACTIVATED
[WARN] [1783523848.454] [/local_avoidance]: [local_avoidance] ACTIVATED  (min_dist=0.34 m, idx=1419)
[INFO] [1783523848.506] [/local_avoidance]: [local_avoidance] DEACTIVATED
[WARN] [1783523848.554] [/local_avoidance]: [local_avoidance] ACTIVATED  (min_dist=0.35 m, idx=8171)
[INFO] [1783523848.632] [/local_avoidance]: [local_avoidance] DEACTIVATED
[WARN] [1783523848.653] [/local_avoidance]: [local_avoidance] ACTIVATED  (min_dist=0.35 m, idx=1871)
[INFO] [1783523848.703] [/local_avoidance]: [local_avoidance] DEACTIVATED
[WARN] [1783523848.755] [/local_avoidance]: [local_avoidance] ACTIVATED  (min_dist=0.35 m, idx=2895)
[INFO] [1783523848.806] [/local_avoidance]: [local_avoidance] DEACTIVATED
[WARN] [1783523848.855] [/local_avoidance]: [local_avoidance] ACTIVATED  (min_dist=0.35 m, idx=2305)
[INFO] [1783523848.904] [/local_avoidance]: [local_avoidance] avoiding...  min_dist=0.35 m
[INFO] [1783523849.109] [/local_avoidance]: [local_avoidance] DEACTIVATED
[WARN] [1783523849.178] [/local_avoidance]: [local_avoidance] ACTIVATED  (min_dist=0.35 m, idx=3786)
[INFO] [1783523849.911] [/local_avoidance]: [local_avoidance] avoiding...  min_dist=0.35 m
[INFO] [1783523850.061] [/cloud_crop_bridge]: [CloudCrop] 2717 -> 577 pts (21%)
[INFO] [1783523850.954] [/local_avoidance]: [local_avoidance] avoiding...  min_dist=0.35 m
[INFO] [1783523852.008] [/local_avoidance]: [local_avoidance] avoiding...  min_dist=0.34 m
[INFO] [1783523852.853] [/local_avoidance]: [local_avoidance] DEACTIVATED
[WARN] [1783523852.903] [/local_avoidance]: [local_avoidance] ACTIVATED  (min_dist=0.35 m, idx=6403)
[INFO] [1783523853.055] [/local_avoidance]: [local_avoidance] avoiding...  min_dist=0.59 m
[INFO] [1783523853.178] [/local_avoidance]: [local_avoidance] DEACTIVATED
[WARN] [1783523853.203] [/local_avoidance]: [local_avoidance] ACTIVATED  (min_dist=0.34 m, idx=534)
[WARN] [1783523853.209] [/exploration_node]: wait for trigger.
[INFO] [1783523853.254] [/local_avoidance]: [local_avoidance] DEACTIVATED
[WARN] [1783523853.309] [/local_avoidance]: [local_avoidance] ACTIVATED  (min_dist=0.35 m, idx=8166)
[INFO] [1783523853.357] [/local_avoidance]: [local_avoidance] DEACTIVATED
[WARN] [1783523853.430] [/local_avoidance]: [local_avoidance] ACTIVATED  (min_dist=0.35 m, idx=8306)
[INFO] [1783523853.454] [/local_avoidance]: [local_avoidance] DEACTIVATED
[WARN] [1783523853.504] [/local_avoidance]: [local_avoidance] ACTIVATED  (min_dist=0.35 m, idx=9309)
[INFO] [1783523853.553] [/local_avoidance]: [local_avoidance] DEACTIVATED
[WARN] [1783523853.605] [/local_avoidance]: [local_avoidance] ACTIVATED  (min_dist=0.34 m, idx=1543)
[INFO] [1783523853.655] [/local_avoidance]: [local_avoidance] DEACTIVATED
[WARN] [1783523853.703] [/local_avoidance]: [local_avoidance] ACTIVATED  (min_dist=0.35 m, idx=8299)
[INFO] [1783523853.753] [/local_avoidance]: [local_avoidance] DEACTIVATED
[WARN] [1783523853.803] [/local_avoidance]: [local_avoidance] ACTIVATED  (min_dist=0.35 m, idx=9302)
[INFO] [1783523853.853] [/local_avoidance]: [local_avoidance] DEACTIVATED
[WARN] [1783523853.904] [/local_avoidance]: [local_avoidance] ACTIVATED  (min_dist=0.35 m, idx=2905)
[INFO] [1783523854.057] [/local_avoidance]: [local_avoidance] DEACTIVATED
[WARN] [1783523854.107] [/local_avoidance]: [local_avoidance] ACTIVATED  (min_dist=0.35 m, idx=3444)
[INFO] [1783523854.154] [/local_avoidance]: [local_avoidance] avoiding...  min_dist=0.54 m
[INFO] [1783523855.105] [/cloud_crop_bridge]: [CloudCrop] 2614 -> 573 pts (22%)
[INFO] [1783523855.156] [/local_avoidance]: [local_avoidance] avoiding...  min_dist=0.35 m
[INFO] [1783523856.211] [/local_avoidance]: [local_avoidance] avoiding...  min_dist=0.35 m
[INFO] [1783523857.279] [/local_avoidance]: [local_avoidance] avoiding...  min_dist=0.35 m
[INFO] [1783523857.708] [/local_avoidance]: [local_avoidance] DEACTIVATED
[WARN] [1783523857.753] [/local_avoidance]: [local_avoidance] ACTIVATED  (min_dist=0.35 m, idx=6539)
[INFO] [1783523857.928] [/local_avoidance]: [local_avoidance] DEACTIVATED
[WARN] [1783523857.956] [/local_avoidance]: [local_avoidance] ACTIVATED  (min_dist=0.35 m, idx=1538)
[INFO] [1783523858.208] [/local_avoidance]: [local_avoidance] DEACTIVATED
[WARN] [1783523858.209] [/exploration_node]: wait for trigger.
[WARN] [1783523858.256] [/local_avoidance]: [local_avoidance] ACTIVATED  (min_dist=0.35 m, idx=1335)
[INFO] [1783523858.306] [/local_avoidance]: [local_avoidance] DEACTIVATED
[WARN] [1783523858.379] [/local_avoidance]: [local_avoidance] ACTIVATED  (min_dist=0.35 m, idx=8466)
[INFO] [1783523858.404] [/local_avoidance]: [local_avoidance] DEACTIVATED
[WARN] [1783523858.453] [/local_avoidance]: [local_avoidance] ACTIVATED  (min_dist=0.35 m, idx=1572)
[INFO] [1783523858.504] [/local_avoidance]: [local_avoidance] DEACTIVATED
[WARN] [1783523858.556] [/local_avoidance]: [local_avoidance] ACTIVATED  (min_dist=0.35 m, idx=8434)
[INFO] [1783523858.609] [/local_avoidance]: [local_avoidance] DEACTIVATED
[WARN] [1783523858.658] [/local_avoidance]: [local_avoidance] ACTIVATED  (min_dist=0.35 m, idx=2134)
[INFO] [1783523858.707] [/local_avoidance]: [local_avoidance] DEACTIVATED
[WARN] [1783523858.774] [/local_avoidance]: [local_avoidance] ACTIVATED  (min_dist=0.35 m, idx=1557)
[INFO] [1783523858.804] [/local_avoidance]: [local_avoidance] avoiding...  min_dist=0.59 m
[INFO] [1783523858.903] [/local_avoidance]: [local_avoidance] DEACTIVATED
[WARN] [1783523858.980] [/local_avoidance]: [local_avoidance] ACTIVATED  (min_dist=0.34 m, idx=2123)
[INFO] [1783523859.206] [/local_avoidance]: [local_avoidance] DEACTIVATED
[WARN] [1783523859.280] [/local_avoidance]: [local_avoidance] ACTIVATED  (min_dist=0.35 m, idx=3495)
[INFO] [1783523859.807] [/local_avoidance]: [local_avoidance] avoiding...  min_dist=0.35 m
[INFO] [1783523860.152] [/cloud_crop_bridge]: [CloudCrop] 2648 -> 648 pts (24%)
[INFO] [1783523860.854] [/local_avoidance]: [local_avoidance] avoiding...  min_dist=0.34 m
[INFO] [1783523861.857] [/local_avoidance]: [local_avoidance] avoiding...  min_dist=0.35 m
[INFO] [1783523862.854] [/local_avoidance]: [local_avoidance] DEACTIVATED
[WARN] [1783523862.906] [/local_avoidance]: [local_avoidance] ACTIVATED  (min_dist=0.35 m, idx=725)
[INFO] [1783523862.954] [/local_avoidance]: [local_avoidance] DEACTIVATED
[WARN] [1783523863.003] [/local_avoidance]: [local_avoidance] ACTIVATED  (min_dist=0.35 m, idx=7671)
[INFO] [1783523863.055] [/local_avoidance]: [local_avoidance] avoiding...  min_dist=0.59 m
[INFO] [1783523863.157] [/local_avoidance]: [local_avoidance] DEACTIVATED
[WARN] [1783523863.203] [/local_avoidance]: [local_avoidance] ACTIVATED  (min_dist=0.35 m, idx=8112)
[WARN] [1783523863.219] [/exploration_node]: wait for trigger.
[INFO] [1783523863.356] [/local_avoidance]: [local_avoidance] DEACTIVATED
[WARN] [1783523863.405] [/local_avoidance]: [local_avoidance] ACTIVATED  (min_dist=0.35 m, idx=8578)
[INFO] [1783523863.460] [/local_avoidance]: [local_avoidance] DEACTIVATED
[WARN] [1783523863.505] [/local_avoidance]: [local_avoidance] ACTIVATED  (min_dist=0.35 m, idx=8019)
[INFO] [1783523863.553] [/local_avoidance]: [local_avoidance] DEACTIVATED
[WARN] [1783523863.605] [/local_avoidance]: [local_avoidance] ACTIVATED  (min_dist=0.35 m, idx=1806)
[INFO] [1783523863.654] [/local_avoidance]: [local_avoidance] DEACTIVATED
[WARN] [1783523863.710] [/local_avoidance]: [local_avoidance] ACTIVATED  (min_dist=0.35 m, idx=8566)
[INFO] [1783523863.757] [/local_avoidance]: [local_avoidance] DEACTIVATED
[WARN] [1783523863.830] [/local_avoidance]: [local_avoidance] ACTIVATED  (min_dist=0.34 m, idx=9475)
[INFO] [1783523864.054] [/local_avoidance]: [local_avoidance] DEACTIVATED
[WARN] [1783523864.109] [/local_avoidance]: [local_avoidance] ACTIVATED  (min_dist=0.34 m, idx=2150)
[INFO] [1783523864.154] [/local_avoidance]: [local_avoidance] avoiding...  min_dist=0.60 m
[INFO] [1783523864.353] [/local_avoidance]: [local_avoidance] DEACTIVATED
[WARN] [1783523864.404] [/local_avoidance]: [local_avoidance] ACTIVATED  (min_dist=0.35 m, idx=3599)
[INFO] [1783523865.156] [/local_avoidance]: [local_avoidance] avoiding...  min_dist=0.35 m
[INFO] [1783523865.158] [/cloud_crop_bridge]: [CloudCrop] 2749 -> 245 pts (9%)
[INFO] [1783523866.204] [/local_avoidance]: [local_avoidance] avoiding...  min_dist=0.34 m
[INFO] [1783523867.206] [/local_avoidance]: [local_avoidance] avoiding...  min_dist=0.35 m
[INFO] [1783523867.504] [/local_avoidance]: [local_avoidance] DEACTIVATED
[WARN] [1783523867.553] [/local_avoidance]: [local_avoidance] ACTIVATED  (min_dist=0.35 m, idx=6157)
[INFO] [1783523867.804] [/local_avoidance]: [local_avoidance] DEACTIVATED
[WARN] [1783523867.854] [/local_avoidance]: [local_avoidance] ACTIVATED  (min_dist=0.35 m, idx=397)
[INFO] [1783523868.009] [/local_avoidance]: [local_avoidance] DEACTIVATED
[WARN] [1783523868.080] [/local_avoidance]: [local_avoidance] ACTIVATED  (min_dist=0.35 m, idx=863)
[INFO] [1783523868.105] [/local_avoidance]: [local_avoidance] DEACTIVATED
[WARN] [1783523868.155] [/local_avoidance]: [local_avoidance] ACTIVATED  (min_dist=0.34 m, idx=491)
[INFO] [1783523868.206] [/local_avoidance]: [local_avoidance] DEACTIVATED
[WARN] [1783523868.219] [/exploration_node]: wait for trigger.
[WARN] [1783523868.253] [/local_avoidance]: [local_avoidance] ACTIVATED  (min_dist=0.35 m, idx=1411)
[INFO] [1783523868.304] [/local_avoidance]: [local_avoidance] DEACTIVATED
[WARN] [1783523868.355] [/local_avoidance]: [local_avoidance] ACTIVATED  (min_dist=0.35 m, idx=939)
[WARN] [1783523868.379] [/exploration_node]: [EV] [1783523868.378][  +1122.5s][WAIT_TRIGGER] Avoidance: Activated  <->  Deactivated | cycling x5178 over 1121.5s
[INFO] [1783523868.405] [/local_avoidance]: [local_avoidance] DEACTIVATED
[WARN] [1783523868.479] [/local_avoidance]: [local_avoidance] ACTIVATED  (min_dist=0.35 m, idx=9153)
[INFO] [1783523868.504] [/local_avoidance]: [local_avoidance] DEACTIVATED
[WARN] [1783523868.555] [/local_avoidance]: [local_avoidance] ACTIVATED  (min_dist=0.35 m, idx=1391)
[INFO] [1783523868.605] [/local_avoidance]: [local_avoidance] DEACTIVATED
[WARN] [1783523868.654] [/local_avoidance]: [local_avoidance] ACTIVATED  (min_dist=0.35 m, idx=4358)
[INFO] [1783523868.703] [/local_avoidance]: [local_avoidance] DEACTIVATED
[WARN] [1783523868.757] [/local_avoidance]: [local_avoidance] ACTIVATED  (min_dist=0.35 m, idx=1820)
[INFO] [1783523868.806] [/local_avoidance]: [local_avoidance] DEACTIVATED
[WARN] [1783523868.854] [/local_avoidance]: [local_avoidance] ACTIVATED  (min_dist=0.35 m, idx=2849)
[INFO] [1783523868.904] [/local_avoidance]: [local_avoidance] DEACTIVATED
[WARN] [1783523868.953] [/local_avoidance]: [local_avoidance] ACTIVATED  (min_dist=0.35 m, idx=2298)
[INFO] [1783523869.004] [/local_avoidance]: [local_avoidance] DEACTIVATED
[WARN] [1783523869.078] [/local_avoidance]: [local_avoidance] ACTIVATED  (min_dist=0.35 m, idx=10019)
[INFO] [1783523869.103] [/local_avoidance]: [local_avoidance] avoiding...  min_dist=0.36 m
[INFO] [1783523869.204] [/local_avoidance]: [local_avoidance] DEACTIVATED
[WARN] [1783523869.253] [/local_avoidance]: [local_avoidance] ACTIVATED  (min_dist=0.35 m, idx=3753)
[INFO] [1783523870.129] [/local_avoidance]: [local_avoidance] avoiding...  min_dist=0.35 m
[INFO] [1783523870.164] [/cloud_crop_bridge]: [CloudCrop] 2468 -> 522 pts (21%)
[INFO] [1783523871.154] [/local_avoidance]: [local_avoidance] avoiding...  min_dist=0.35 m
[INFO] [1783523872.203] [/local_avoidance]: [local_avoidance] avoiding...  min_dist=0.35 m
[INFO] [1783523872.654] [/local_avoidance]: [local_avoidance] DEACTIVATED
[WARN] [1783523872.708] [/local_avoidance]: [local_avoidance] ACTIVATED  (min_dist=0.35 m, idx=463)
[INFO] [1783523872.853] [/local_avoidance]: [local_avoidance] DEACTIVATED
[WARN] [1783523872.903] [/local_avoidance]: [local_avoidance] ACTIVATED  (min_dist=0.35 m, idx=6743)
[INFO] [1783523872.978] [/local_avoidance]: [local_avoidance] DEACTIVATED
[WARN] [1783523873.007] [/local_avoidance]: [local_avoidance] ACTIVATED  (min_dist=0.34 m, idx=7839)
[INFO] [1783523873.079] [/local_avoidance]: [local_avoidance] DEACTIVATED
[WARN] [1783523873.104] [/local_avoidance]: [local_avoidance] ACTIVATED  (min_dist=0.35 m, idx=1445)
[INFO] [1783523873.206] [/local_avoidance]: [local_avoidance] avoiding...  min_dist=0.35 m
[WARN] [1783523873.229] [/exploration_node]: wait for trigger.
[INFO] [1783523873.254] [/local_avoidance]: [local_avoidance] DEACTIVATED
[WARN] [1783523873.304] [/local_avoidance]: [local_avoidance] ACTIVATED  (min_dist=0.35 m, idx=7835)
[INFO] [1783523873.355] [/local_avoidance]: [local_avoidance] DEACTIVATED
[WARN] [1783523873.408] [/local_avoidance]: [local_avoidance] ACTIVATED  (min_dist=0.35 m, idx=8832)
[INFO] [1783523873.453] [/local_avoidance]: [local_avoidance] DEACTIVATED
[WARN] [1783523873.503] [/local_avoidance]: [local_avoidance] ACTIVATED  (min_dist=0.35 m, idx=961)
[INFO] [1783523873.559] [/local_avoidance]: [local_avoidance] DEACTIVATED
[WARN] [1783523873.604] [/local_avoidance]: [local_avoidance] ACTIVATED  (min_dist=0.35 m, idx=9281)
[INFO] [1783523873.653] [/local_avoidance]: [local_avoidance] DEACTIVATED
[WARN] [1783523873.705] [/local_avoidance]: [local_avoidance] ACTIVATED  (min_dist=0.35 m, idx=8743)
[INFO] [1783523873.756] [/local_avoidance]: [local_avoidance] DEACTIVATED
[WARN] [1783523873.813] [/local_avoidance]: [local_avoidance] ACTIVATED  (min_dist=0.35 m, idx=2621)
[INFO] [1783523873.854] [/local_avoidance]: [local_avoidance] DEACTIVATED
[WARN] [1783523873.903] [/local_avoidance]: [local_avoidance] ACTIVATED  (min_dist=0.35 m, idx=2144)
[INFO] [1783523873.954] [/local_avoidance]: [local_avoidance] DEACTIVATED
[WARN] [1783523874.007] [/local_avoidance]: [local_avoidance] ACTIVATED  (min_dist=0.35 m, idx=2977)
[INFO] [1783523874.153] [/local_avoidance]: [local_avoidance] DEACTIVATED
[WARN] [1783523874.207] [/local_avoidance]: [local_avoidance] ACTIVATED  (min_dist=0.35 m, idx=4814)
[INFO] [1783523874.253] [/local_avoidance]: [local_avoidance] avoiding...  min_dist=0.35 m
[INFO] [1783523875.203] [/cloud_crop_bridge]: [CloudCrop] 2652 -> 526 pts (20%)
[INFO] [1783523875.279] [/local_avoidance]: [local_avoidance] avoiding...  min_dist=0.35 m
[INFO] [1783523876.304] [/local_avoidance]: [local_avoidance] avoiding...  min_dist=0.35 m
[INFO] [1783523877.308] [/local_avoidance]: [local_avoidance] avoiding...  min_dist=0.35 m
[INFO] [1783523877.407] [/local_avoidance]: [local_avoidance] DEACTIVATED
[WARN] [1783523877.456] [/local_avoidance]: [local_avoidance] ACTIVATED  (min_dist=0.35 m, idx=6381)
[INFO] [1783523877.603] [/local_avoidance]: [local_avoidance] DEACTIVATED
[WARN] [1783523877.679] [/local_avoidance]: [local_avoidance] ACTIVATED  (min_dist=0.35 m, idx=235)
[INFO] [1783523877.805] [/local_avoidance]: [local_avoidance] DEACTIVATED
[WARN] [1783523877.853] [/local_avoidance]: [local_avoidance] ACTIVATED  (min_dist=0.35 m, idx=573)
[INFO] [1783523878.004] [/local_avoidance]: [local_avoidance] DEACTIVATED
[WARN] [1783523878.057] [/local_avoidance]: [local_avoidance] ACTIVATED  (min_dist=0.35 m, idx=1025)
[INFO] [1783523878.130] [/local_avoidance]: [local_avoidance] DEACTIVATED
[WARN] [1783523878.154] [/local_avoidance]: [local_avoidance] ACTIVATED  (min_dist=0.35 m, idx=7979)
[WARN] [1783523878.230] [/exploration_node]: wait for trigger.
[INFO] [1783523878.307] [/local_avoidance]: [local_avoidance] DEACTIVATED
[WARN] [1783523878.354] [/local_avoidance]: [local_avoidance] ACTIVATED  (min_dist=0.35 m, idx=1197)
[INFO] [1783523878.405] [/local_avoidance]: [local_avoidance] DEACTIVATED
[WARN] [1783523878.455] [/local_avoidance]: [local_avoidance] ACTIVATED  (min_dist=0.35 m, idx=2134)
[INFO] [1783523878.504] [/local_avoidance]: [local_avoidance] DEACTIVATED
[WARN] [1783523878.555] [/local_avoidance]: [local_avoidance] ACTIVATED  (min_dist=0.35 m, idx=1640)
[INFO] [1783523878.604] [/local_avoidance]: [local_avoidance] DEACTIVATED
[WARN] [1783523878.660] [/local_avoidance]: [local_avoidance] ACTIVATED  (min_dist=0.35 m, idx=2669)
[INFO] [1783523878.711] [/local_avoidance]: [local_avoidance] DEACTIVATED
[WARN] [1783523878.753] [/local_avoidance]: [local_avoidance] ACTIVATED  (min_dist=0.34 m, idx=9423)
[INFO] [1783523878.803] [/local_avoidance]: [local_avoidance] DEACTIVATED
[WARN] [1783523878.854] [/local_avoidance]: [local_avoidance] ACTIVATED  (min_dist=0.35 m, idx=8963)
[INFO] [1783523878.906] [/local_avoidance]: [local_avoidance] DEACTIVATED
[WARN] [1783523878.979] [/local_avoidance]: [local_avoidance] ACTIVATED  (min_dist=0.35 m, idx=2548)
[INFO] [1783523879.008] [/local_avoidance]: [local_avoidance] DEACTIVATED
[WARN] [1783523879.056] [/local_avoidance]: [local_avoidance] ACTIVATED  (min_dist=0.34 m, idx=2080)
[INFO] [1783523879.104] [/local_avoidance]: [local_avoidance] avoiding...  min_dist=0.60 m
[INFO] [1783523880.154] [/local_avoidance]: [local_avoidance] avoiding...  min_dist=0.35 m
[INFO] [1783523880.209] [/cloud_crop_bridge]: [CloudCrop] 2966 -> 256 pts (9%)
[INFO] [1783523881.156] [/local_avoidance]: [local_avoidance] avoiding...  min_dist=0.35 m
[INFO] [1783523882.157] [/local_avoidance]: [local_avoidance] avoiding...  min_dist=0.35 m
[INFO] [1783523882.658] [/local_avoidance]: [local_avoidance] DEACTIVATED
[WARN] [1783523882.718] [/local_avoidance]: [local_avoidance] ACTIVATED  (min_dist=0.35 m, idx=6943)
[INFO] [1783523883.054] [/local_avoidance]: [local_avoidance] DEACTIVATED
[WARN] [1783523883.105] [/local_avoidance]: [local_avoidance] ACTIVATED  (min_dist=0.35 m, idx=339)
[INFO] [1783523883.180] [/local_avoidance]: [local_avoidance] DEACTIVATED
[WARN] [1783523883.204] [/local_avoidance]: [local_avoidance] ACTIVATED  (min_dist=0.35 m, idx=1528)
[WARN] [1783523883.239] [/exploration_node]: wait for trigger.
[INFO] [1783523883.256] [/local_avoidance]: [local_avoidance] DEACTIVATED
[WARN] [1783523883.304] [/local_avoidance]: [local_avoidance] ACTIVATED  (min_dist=0.35 m, idx=8102)
[INFO] [1783523883.353] [/local_avoidance]: [local_avoidance] DEACTIVATED
[WARN] [1783523883.404] [/local_avoidance]: [local_avoidance] ACTIVATED  (min_dist=0.35 m, idx=1788)
[INFO] [1783523883.454] [/local_avoidance]: [local_avoidance] avoiding...  min_dist=0.60 m
[INFO] [1783523883.553] [/local_avoidance]: [local_avoidance] DEACTIVATED
[WARN] [1783523883.604] [/local_avoidance]: [local_avoidance] ACTIVATED  (min_dist=0.35 m, idx=2263)
[INFO] [1783523883.654] [/local_avoidance]: [local_avoidance] DEACTIVATED
[WARN] [1783523883.703] [/local_avoidance]: [local_avoidance] ACTIVATED  (min_dist=0.34 m, idx=1695)
[INFO] [1783523883.753] [/local_avoidance]: [local_avoidance] DEACTIVATED
[WARN] [1783523883.804] [/local_avoidance]: [local_avoidance] ACTIVATED  (min_dist=0.35 m, idx=2715)
[INFO] [1783523883.857] [/local_avoidance]: [local_avoidance] DEACTIVATED
[WARN] [1783523883.906] [/local_avoidance]: [local_avoidance] ACTIVATED  (min_dist=0.35 m, idx=2225)
[INFO] [1783523883.958] [/local_avoidance]: [local_avoidance] DEACTIVATED
[WARN] [1783523884.006] [/local_avoidance]: [local_avoidance] ACTIVATED  (min_dist=0.35 m, idx=8995)
[INFO] [1783523884.153] [/local_avoidance]: [local_avoidance] DEACTIVATED
[WARN] [1783523884.208] [/local_avoidance]: [local_avoidance] ACTIVATED  (min_dist=0.35 m, idx=3715)
[INFO] [1783523884.504] [/local_avoidance]: [local_avoidance] avoiding...  min_dist=0.35 m
[INFO] [1783523885.213] [/cloud_crop_bridge]: [CloudCrop] 2636 -> 579 pts (22%)
[INFO] [1783523885.554] [/local_avoidance]: [local_avoidance] avoiding...  min_dist=0.35 m
[INFO] [1783523886.554] [/local_avoidance]: [local_avoidance] avoiding...  min_dist=0.35 m
[INFO] [1783523887.628] [/local_avoidance]: [local_avoidance] DEACTIVATED
[WARN] [1783523887.659] [/local_avoidance]: [local_avoidance] ACTIVATED  (min_dist=0.35 m, idx=6247)
[INFO] [1783523887.704] [/local_avoidance]: [local_avoidance] avoiding...  min_dist=0.35 m
[INFO] [1783523887.903] [/local_avoidance]: [local_avoidance] DEACTIVATED
[WARN] [1783523887.954] [/local_avoidance]: [local_avoidance] ACTIVATED  (min_dist=0.35 m, idx=460)
[INFO] [1783523888.203] [/local_avoidance]: [local_avoidance] DEACTIVATED
[WARN] [1783523888.249] [/exploration_node]: wait for trigger.
[WARN] [1783523888.254] [/local_avoidance]: [local_avoidance] ACTIVATED  (min_dist=0.35 m, idx=6299)
[INFO] [1783523888.304] [/local_avoidance]: [local_avoidance] DEACTIVATED
[WARN] [1783523888.354] [/local_avoidance]: [local_avoidance] ACTIVATED  (min_dist=0.35 m, idx=8680)
[INFO] [1783523888.404] [/local_avoidance]: [local_avoidance] DEACTIVATED
[WARN] [1783523888.454] [/local_avoidance]: [local_avoidance] ACTIVATED  (min_dist=0.35 m, idx=8239)
[INFO] [1783523888.504] [/local_avoidance]: [local_avoidance] DEACTIVATED
[WARN] [1783523888.554] [/local_avoidance]: [local_avoidance] ACTIVATED  (min_dist=0.35 m, idx=1916)
[INFO] [1783523888.603] [/local_avoidance]: [local_avoidance] DEACTIVATED
[WARN] [1783523888.654] [/local_avoidance]: [local_avoidance] ACTIVATED  (min_dist=0.35 m, idx=2937)
[INFO] [1783523888.704] [/local_avoidance]: [local_avoidance] DEACTIVATED
[WARN] [1783523888.754] [/local_avoidance]: [local_avoidance] ACTIVATED  (min_dist=0.35 m, idx=9690)
[INFO] [1783523888.804] [/local_avoidance]: [local_avoidance] DEACTIVATED
[WARN] [1783523888.853] [/local_avoidance]: [local_avoidance] ACTIVATED  (min_dist=0.35 m, idx=9230)
[INFO] [1783523888.904] [/local_avoidance]: [local_avoidance] avoiding...  min_dist=0.59 m
[INFO] [1783523889.005] [/local_avoidance]: [local_avoidance] DEACTIVATED
[WARN] [1783523889.059] [/local_avoidance]: [local_avoidance] ACTIVATED  (min_dist=0.34 m, idx=9675)
[INFO] [1783523889.105] [/local_avoidance]: [local_avoidance] DEACTIVATED
[WARN] [1783523889.158] [/local_avoidance]: [local_avoidance] ACTIVATED  (min_dist=0.35 m, idx=9223)
[INFO] [1783523889.907] [/local_avoidance]: [local_avoidance] avoiding...  min_dist=0.35 m
[INFO] [1783523890.279] [/cloud_crop_bridge]: [CloudCrop] 2609 -> 571 pts (22%)
[INFO] [1783523890.928] [/local_avoidance]: [local_avoidance] avoiding...  min_dist=0.35 m
[INFO] [1783523891.953] [/local_avoidance]: [local_avoidance] avoiding...  min_dist=0.35 m
[INFO] [1783523892.753] [/local_avoidance]: [local_avoidance] DEACTIVATED
[WARN] [1783523892.807] [/local_avoidance]: [local_avoidance] ACTIVATED  (min_dist=0.35 m, idx=2189)
[INFO] [1783523892.955] [/local_avoidance]: [local_avoidance] DEACTIVATED
[WARN] [1783523893.007] [/local_avoidance]: [local_avoidance] ACTIVATED  (min_dist=0.34 m, idx=8281)
[INFO] [1783523893.079] [/local_avoidance]: [local_avoidance] DEACTIVATED
[WARN] [1783523893.104] [/local_avoidance]: [local_avoidance] ACTIVATED  (min_dist=0.34 m, idx=1283)
[INFO] [1783523893.153] [/local_avoidance]: [local_avoidance] DEACTIVATED
[WARN] [1783523893.204] [/local_avoidance]: [local_avoidance] ACTIVATED  (min_dist=0.35 m, idx=8912)
[INFO] [1783523893.253] [/local_avoidance]: [local_avoidance] DEACTIVATED
[WARN] [1783523893.258] [/exploration_node]: wait for trigger.
[WARN] [1783523893.303] [/local_avoidance]: [local_avoidance] ACTIVATED  (min_dist=0.34 m, idx=1159)
[INFO] [1783523893.353] [/local_avoidance]: [local_avoidance] DEACTIVATED
[WARN] [1783523893.404] [/local_avoidance]: [local_avoidance] ACTIVATED  (min_dist=0.35 m, idx=2074)
[INFO] [1783523893.453] [/local_avoidance]: [local_avoidance] avoiding...  min_dist=0.59 m
[INFO] [1783523893.554] [/local_avoidance]: [local_avoidance] DEACTIVATED
[WARN] [1783523893.606] [/local_avoidance]: [local_avoidance] ACTIVATED  (min_dist=0.35 m, idx=8363)
[INFO] [1783523893.662] [/local_avoidance]: [local_avoidance] DEACTIVATED
[WARN] [1783523893.704] [/local_avoidance]: [local_avoidance] ACTIVATED  (min_dist=0.34 m, idx=9651)
[INFO] [1783523893.755] [/local_avoidance]: [local_avoidance] DEACTIVATED
[WARN] [1783523893.803] [/local_avoidance]: [local_avoidance] ACTIVATED  (min_dist=0.35 m, idx=3065)
[INFO] [1783523893.853] [/local_avoidance]: [local_avoidance] DEACTIVATED
[WARN] [1783523893.904] [/local_avoidance]: [local_avoidance] ACTIVATED  (min_dist=0.35 m, idx=2492)
[INFO] [1783523893.953] [/local_avoidance]: [local_avoidance] DEACTIVATED
[WARN] [1783523894.030] [/local_avoidance]: [local_avoidance] ACTIVATED  (min_dist=0.35 m, idx=4093)
[INFO] [1783523894.454] [/local_avoidance]: [local_avoidance] avoiding...  min_dist=0.35 m
[INFO] [1783523895.305] [/cloud_crop_bridge]: [CloudCrop] 2684 -> 534 pts (20%)
[INFO] [1783523895.456] [/local_avoidance]: [local_avoidance] avoiding...  min_dist=0.34 m
[INFO] [1783523896.503] [/local_avoidance]: [local_avoidance] avoiding...  min_dist=0.35 m
[INFO] [1783523897.503] [/local_avoidance]: [local_avoidance] avoiding...  min_dist=0.35 m
[INFO] [1783523897.904] [/local_avoidance]: [local_avoidance] DEACTIVATED
[WARN] [1783523897.954] [/local_avoidance]: [local_avoidance] ACTIVATED  (min_dist=0.35 m, idx=6498)
[INFO] [1783523898.104] [/local_avoidance]: [local_avoidance] DEACTIVATED
[WARN] [1783523898.155] [/local_avoidance]: [local_avoidance] ACTIVATED  (min_dist=0.35 m, idx=1207)
[INFO] [1783523898.204] [/local_avoidance]: [local_avoidance] DEACTIVATED
[WARN] [1783523898.254] [/local_avoidance]: [local_avoidance] ACTIVATED  (min_dist=0.34 m, idx=739)
[WARN] [1783523898.262] [/exploration_node]: wait for trigger.
[INFO] [1783523898.303] [/local_avoidance]: [local_avoidance] DEACTIVATED
[WARN] [1783523898.354] [/local_avoidance]: [local_avoidance] ACTIVATED  (min_dist=0.35 m, idx=7495)
[WARN] [1783523898.382] [/exploration_node]: [EV] [1783523898.382][  +1152.5s][WAIT_TRIGGER] Avoidance: Activated  <->  Deactivated | cycling x5320 over 1151.5s
[INFO] [1783523898.410] [/local_avoidance]: [local_avoidance] DEACTIVATED
[WARN] [1783523898.453] [/local_avoidance]: [local_avoidance] ACTIVATED  (min_dist=0.35 m, idx=8594)
[INFO] [1783523898.504] [/local_avoidance]: [local_avoidance] DEACTIVATED
[WARN] [1783523898.554] [/local_avoidance]: [local_avoidance] ACTIVATED  (min_dist=0.35 m, idx=8037)
[INFO] [1783523898.605] [/local_avoidance]: [local_avoidance] DEACTIVATED
[WARN] [1783523898.653] [/local_avoidance]: [local_avoidance] ACTIVATED  (min_dist=0.35 m, idx=1712)
[INFO] [1783523898.704] [/local_avoidance]: [local_avoidance] DEACTIVATED
[WARN] [1783523898.753] [/local_avoidance]: [local_avoidance] ACTIVATED  (min_dist=0.35 m, idx=8490)
[INFO] [1783523898.804] [/local_avoidance]: [local_avoidance] DEACTIVATED
[WARN] [1783523898.857] [/local_avoidance]: [local_avoidance] ACTIVATED  (min_dist=0.35 m, idx=2164)
[INFO] [1783523898.904] [/local_avoidance]: [local_avoidance] DEACTIVATED
[WARN] [1783523898.953] [/local_avoidance]: [local_avoidance] ACTIVATED  (min_dist=0.35 m, idx=3193)
[INFO] [1783523899.003] [/local_avoidance]: [local_avoidance] avoiding...  min_dist=0.34 m
[INFO] [1783523899.103] [/local_avoidance]: [local_avoidance] DEACTIVATED
[WARN] [1783523899.153] [/local_avoidance]: [local_avoidance] ACTIVATED  (min_dist=0.35 m, idx=9491)
[INFO] [1783523900.008] [/local_avoidance]: [local_avoidance] avoiding...  min_dist=0.35 m
[INFO] [1783523900.309] [/cloud_crop_bridge]: [CloudCrop] 2936 -> 333 pts (11%)
[INFO] [1783523901.011] [/local_avoidance]: [local_avoidance] avoiding...  min_dist=0.35 m
[INFO] [1783523902.055] [/local_avoidance]: [local_avoidance] avoiding...  min_dist=0.34 m
[INFO] [1783523902.754] [/local_avoidance]: [local_avoidance] DEACTIVATED
[WARN] [1783523902.803] [/local_avoidance]: [local_avoidance] ACTIVATED  (min_dist=0.34 m, idx=8184)
[INFO] [1783523902.853] [/local_avoidance]: [local_avoidance] DEACTIVATED
[WARN] [1783523902.928] [/local_avoidance]: [local_avoidance] ACTIVATED  (min_dist=0.35 m, idx=253)
[INFO] [1783523903.079] [/local_avoidance]: [local_avoidance] DEACTIVATED
[WARN] [1783523903.105] [/local_avoidance]: [local_avoidance] ACTIVATED  (min_dist=0.35 m, idx=8479)
[INFO] [1783523903.154] [/local_avoidance]: [local_avoidance] DEACTIVATED
[WARN] [1783523903.205] [/local_avoidance]: [local_avoidance] ACTIVATED  (min_dist=0.35 m, idx=7731)
[INFO] [1783523903.253] [/local_avoidance]: [local_avoidance] DEACTIVATED
[WARN] [1783523903.262] [/exploration_node]: wait for trigger.
[WARN] [1783523903.309] [/local_avoidance]: [local_avoidance] ACTIVATED  (min_dist=0.35 m, idx=1317)
[INFO] [1783523903.353] [/local_avoidance]: [local_avoidance] DEACTIVATED
[WARN] [1783523903.405] [/local_avoidance]: [local_avoidance] ACTIVATED  (min_dist=0.35 m, idx=8370)
[INFO] [1783523903.453] [/local_avoidance]: [local_avoidance] DEACTIVATED
[WARN] [1783523903.503] [/local_avoidance]: [local_avoidance] ACTIVATED  (min_dist=0.34 m, idx=9186)
[INFO] [1783523903.554] [/local_avoidance]: [local_avoidance] DEACTIVATED
[WARN] [1783523903.604] [/local_avoidance]: [local_avoidance] ACTIVATED  (min_dist=0.35 m, idx=1419)
[INFO] [1783523903.657] [/local_avoidance]: [local_avoidance] DEACTIVATED
[WARN] [1783523903.705] [/local_avoidance]: [local_avoidance] ACTIVATED  (min_dist=0.35 m, idx=8375)
[INFO] [1783523903.754] [/local_avoidance]: [local_avoidance] DEACTIVATED
[WARN] [1783523903.804] [/local_avoidance]: [local_avoidance] ACTIVATED  (min_dist=0.35 m, idx=1757)
[INFO] [1783523903.853] [/local_avoidance]: [local_avoidance] avoiding...  min_dist=0.57 m
[INFO] [1783523904.055] [/local_avoidance]: [local_avoidance] DEACTIVATED
[WARN] [1783523904.107] [/local_avoidance]: [local_avoidance] ACTIVATED  (min_dist=0.35 m, idx=9073)
[INFO] [1783523904.255] [/local_avoidance]: [local_avoidance] DEACTIVATED
[WARN] [1783523904.307] [/local_avoidance]: [local_avoidance] ACTIVATED  (min_dist=0.35 m, idx=9619)
[INFO] [1783523904.911] [/local_avoidance]: [local_avoidance] avoiding...  min_dist=0.36 m
[INFO] [1783523905.360] [/cloud_crop_bridge]: [CloudCrop] 2866 -> 235 pts (8%)
[INFO] [1783523905.954] [/local_avoidance]: [local_avoidance] avoiding...  min_dist=0.35 m
[INFO] [1783523906.954] [/local_avoidance]: [local_avoidance] avoiding...  min_dist=0.34 m
[INFO] [1783523907.704] [/local_avoidance]: [local_avoidance] DEACTIVATED
[WARN] [1783523907.753] [/local_avoidance]: [local_avoidance] ACTIVATED  (min_dist=0.35 m, idx=583)
[INFO] [1783523908.003] [/local_avoidance]: [local_avoidance] DEACTIVATED
[WARN] [1783523908.054] [/local_avoidance]: [local_avoidance] ACTIVATED  (min_dist=0.35 m, idx=7858)
[INFO] [1783523908.105] [/local_avoidance]: [local_avoidance] DEACTIVATED
[WARN] [1783523908.153] [/local_avoidance]: [local_avoidance] ACTIVATED  (min_dist=0.35 m, idx=1483)
[INFO] [1783523908.204] [/local_avoidance]: [local_avoidance] DEACTIVATED
[WARN] [1783523908.254] [/local_avoidance]: [local_avoidance] ACTIVATED  (min_dist=0.35 m, idx=984)
[WARN] [1783523908.272] [/exploration_node]: wait for trigger.
[INFO] [1783523908.305] [/local_avoidance]: [local_avoidance] DEACTIVATED
[WARN] [1783523908.356] [/local_avoidance]: [local_avoidance] ACTIVATED  (min_dist=0.35 m, idx=1917)
[INFO] [1783523908.406] [/local_avoidance]: [local_avoidance] DEACTIVATED
[WARN] [1783523908.479] [/local_avoidance]: [local_avoidance] ACTIVATED  (min_dist=0.35 m, idx=1549)
[INFO] [1783523908.509] [/local_avoidance]: [local_avoidance] DEACTIVATED
[WARN] [1783523908.554] [/local_avoidance]: [local_avoidance] ACTIVATED  (min_dist=0.35 m, idx=2383)
[INFO] [1783523908.606] [/local_avoidance]: [local_avoidance] DEACTIVATED
[WARN] [1783523908.656] [/local_avoidance]: [local_avoidance] ACTIVATED  (min_dist=0.35 m, idx=1892)
[INFO] [1783523908.706] [/local_avoidance]: [local_avoidance] DEACTIVATED
[WARN] [1783523908.758] [/local_avoidance]: [local_avoidance] ACTIVATED  (min_dist=0.35 m, idx=2917)
[INFO] [1783523908.811] [/local_avoidance]: [local_avoidance] DEACTIVATED
[WARN] [1783523908.878] [/local_avoidance]: [local_avoidance] ACTIVATED  (min_dist=0.35 m, idx=9753)
[INFO] [1783523908.903] [/local_avoidance]: [local_avoidance] DEACTIVATED
[WARN] [1783523908.953] [/local_avoidance]: [local_avoidance] ACTIVATED  (min_dist=0.35 m, idx=9207)
[INFO] [1783523909.004] [/local_avoidance]: [local_avoidance] avoiding...  min_dist=0.59 m
