# console (/rosout_agg) log for epic_2026-07-09-21-19-35.bag
# started at 2026-07-09-21-19-35
[INFO] [1783599575.272] [/record_on_goal]: [record_on_goal] event log -> /home/hmcl/stack1/src/EPIC_poongsan/src/EPIC/src/global_planner/exploration_manager/records/epic_2026-07-09-21-19-35/epic_2026-07-09-21-19-35.events.log
[INFO] [1783599575.276] [/record_on_goal]: [record_on_goal] recording started (pid 3705585) -> /home/hmcl/stack1/src/EPIC_poongsan/src/EPIC/src/global_planner/exploration_manager/records/epic_2026-07-09-21-19-35/epic_2026-07-09-21-19-35.bag
[INFO] [1783599575.312] [/local_avoidance]: [local_avoidance] DEACTIVATED
[WARN] [1783599575.328] [/px4_ctrl_bridge]: [px4_bridge] avoidance released -> published /planning/replan
[WARN] [1783599575.352] [/local_avoidance]: [local_avoidance] ACTIVATED  (min_dist=0.35 m, idx=1163)
[INFO] [1783599575.402] [/local_avoidance]: [local_avoidance] DEACTIVATED
[WARN] [1783599575.428] [/px4_ctrl_bridge]: [px4_bridge] avoidance released -> published /planning/replan
[WARN] [1783599575.480] [/local_avoidance]: [local_avoidance] ACTIVATED  (min_dist=0.35 m, idx=1880)
[INFO] [1783599575.501] [/local_avoidance]: [local_avoidance] DEACTIVATED
[WARN] [1783599575.528] [/px4_ctrl_bridge]: [px4_bridge] avoidance released -> published /planning/replan
[WARN] [1783599575.555] [/local_avoidance]: [local_avoidance] ACTIVATED  (min_dist=0.35 m, idx=1403)
[INFO] [1783599575.602] [/local_avoidance]: [local_avoidance] DEACTIVATED
[WARN] [1783599575.633] [/px4_ctrl_bridge]: [px4_bridge] avoidance released -> published /planning/replan
[WARN] [1783599575.652] [/local_avoidance]: [local_avoidance] ACTIVATED  (min_dist=0.35 m, idx=8170)
[INFO] [1783599575.690] [/epic_rosbag_recorder]: Subscribing to /planning/timing/update_odom_vertex_cost
[INFO] [1783599575.691] [/epic_rosbag_recorder]: Subscribing to /planning/timing/vp_cluster_cost
[INFO] [1783599575.693] [/epic_rosbag_recorder]: Subscribing to /planning/timing/remove_unreachable_cost
[INFO] [1783599575.694] [/epic_rosbag_recorder]: Subscribing to /planning/timing/select_vp_cost
[INFO] [1783599575.695] [/epic_rosbag_recorder]: Subscribing to /planning/timing/insert_viewpoint_cost
[INFO] [1783599575.697] [/epic_rosbag_recorder]: Subscribing to /planning/timing/calculate_tsp_cost
[INFO] [1783599575.698] [/epic_rosbag_recorder]: Subscribing to /planning/timing/lkh_solver_cost
[INFO] [1783599575.702] [/epic_rosbag_recorder]: Subscribing to /planning/timing/call_planner_cost
[INFO] [1783599575.704] [/epic_rosbag_recorder]: Subscribing to /planning/timing/ikd_tree_insert_cost
[INFO] [1783599575.707] [/local_avoidance]: [local_avoidance] DEACTIVATED
[INFO] [1783599575.707] [/epic_rosbag_recorder]: Subscribing to /planning/timing/update_frontier_clusters_cost
[INFO] [1783599575.709] [/epic_rosbag_recorder]: Subscribing to /planning/timing/fast_searcher_search_cost
[INFO] [1783599575.710] [/epic_rosbag_recorder]: Subscribing to /planning/timing/bubble_astar_search_cost
[INFO] [1783599575.711] [/epic_rosbag_recorder]: Subscribing to /exploration_node/sf_cluster_marker
[INFO] [1783599575.713] [/epic_rosbag_recorder]: Subscribing to /exploration_node/bad_obs
[INFO] [1783599575.719] [/epic_rosbag_recorder]: Subscribing to /exploration_node/good_obs
[WARN] [1783599575.733] [/px4_ctrl_bridge]: [px4_bridge] avoidance released -> published /planning/replan
[WARN] [1783599575.751] [/local_avoidance]: [local_avoidance] ACTIVATED  (min_dist=0.35 m, idx=2546)
[INFO] [1783599575.801] [/local_avoidance]: [local_avoidance] DEACTIVATED
[WARN] [1783599575.833] [/px4_ctrl_bridge]: [px4_bridge] avoidance released -> published /planning/replan
[WARN] [1783599575.853] [/local_avoidance]: [local_avoidance] ACTIVATED  (min_dist=0.35 m, idx=2860)
[WARN] [1783599575.893] [/px4_ctrl_bridge]: [px4_bridge] AVOIDANCE ACTIVE -> forwarding /target_avoidance
[INFO] [1783599575.905] [/local_avoidance]: [local_avoidance] DEACTIVATED
[WARN] [1783599575.933] [/px4_ctrl_bridge]: [px4_bridge] avoidance released -> published /planning/replan
[WARN] [1783599575.954] [/local_avoidance]: [local_avoidance] ACTIVATED  (min_dist=0.35 m, idx=2521)
[INFO] [1783599576.005] [/local_avoidance]: [local_avoidance] DEACTIVATED
[WARN] [1783599576.033] [/px4_ctrl_bridge]: [px4_bridge] avoidance released -> published /planning/replan
[WARN] [1783599576.051] [/local_avoidance]: [local_avoidance] ACTIVATED  (min_dist=0.36 m, idx=3640)
[INFO] [1783599576.126] [/local_avoidance]: [local_avoidance] DEACTIVATED
[WARN] [1783599576.153] [/px4_ctrl_bridge]: [px4_bridge] avoidance released -> published /planning/replan
[WARN] [1783599576.177] [/local_avoidance]: [local_avoidance] ACTIVATED  (min_dist=0.35 m, idx=3086)
[INFO] [1783599576.201] [/local_avoidance]: [local_avoidance] DEACTIVATED
[WARN] [1783599576.233] [/px4_ctrl_bridge]: [px4_bridge] avoidance released -> published /planning/replan
[INFO] [1783599576.234] [/exploration_node]: [EV] [1783599576.234][     +2.1s][WAIT_TRIGGER] BATT 23.5V | voltage=23.73V percent=52%
[WARN] [1783599576.276] [/local_avoidance]: [local_avoidance] ACTIVATED  (min_dist=0.36 m, idx=3683)
[INFO] [1783599576.307] [/local_avoidance]: [local_avoidance] DEACTIVATED
[WARN] [1783599576.333] [/px4_ctrl_bridge]: [px4_bridge] avoidance released -> published /planning/replan
[WARN] [1783599576.381] [/local_avoidance]: [local_avoidance] ACTIVATED  (min_dist=0.35 m, idx=3517)
[INFO] [1783599576.401] [/local_avoidance]: [local_avoidance] DEACTIVATED
[WARN] [1783599576.434] [/px4_ctrl_bridge]: [px4_bridge] avoidance released -> published /planning/replan
[WARN] [1783599576.451] [/local_avoidance]: [local_avoidance] ACTIVATED  (min_dist=0.36 m, idx=8890)
[INFO] [1783599576.506] [/local_avoidance]: [local_avoidance] DEACTIVATED
[WARN] [1783599576.533] [/px4_ctrl_bridge]: [px4_bridge] avoidance released -> published /planning/replan
[WARN] [1783599576.580] [/local_avoidance]: [local_avoidance] ACTIVATED  (min_dist=0.35 m, idx=9810)
[INFO] [1783599576.603] [/local_avoidance]: [local_avoidance] DEACTIVATED
[WARN] [1783599576.633] [/px4_ctrl_bridge]: [px4_bridge] avoidance released -> published /planning/replan
[WARN] [1783599576.651] [/local_avoidance]: [local_avoidance] ACTIVATED  (min_dist=0.35 m, idx=9364)
[INFO] [1783599576.710] [/local_avoidance]: [local_avoidance] DEACTIVATED
[WARN] [1783599576.733] [/px4_ctrl_bridge]: [px4_bridge] avoidance released -> published /planning/replan
[WARN] [1783599576.759] [/local_avoidance]: [local_avoidance] ACTIVATED  (min_dist=0.35 m, idx=10040)
[INFO] [1783599576.811] [/local_avoidance]: [local_avoidance] avoiding...  min_dist=0.35 m
[WARN] [1783599576.903] [/px4_ctrl_bridge]: [px4_bridge] AVOIDANCE ACTIVE -> forwarding /target_avoidance
[INFO] [1783599576.904] [/local_avoidance]: [local_avoidance] DEACTIVATED
[WARN] [1783599576.938] [/px4_ctrl_bridge]: [px4_bridge] avoidance released -> published /planning/replan
[WARN] [1783599576.952] [/local_avoidance]: [local_avoidance] ACTIVATED  (min_dist=0.36 m, idx=9375)
[INFO] [1783599577.809] [/cloud_crop_bridge]: [CloudCrop] 2858 -> 213 pts (7%)
[INFO] [1783599577.826] [/local_avoidance]: [local_avoidance] avoiding...  min_dist=0.38 m
[WARN] [1783599577.903] [/px4_ctrl_bridge]: [px4_bridge] AVOIDANCE ACTIVE -> forwarding /target_avoidance
[INFO] [1783599578.853] [/local_avoidance]: [local_avoidance] avoiding...  min_dist=0.35 m
[WARN] [1783599578.903] [/px4_ctrl_bridge]: [px4_bridge] AVOIDANCE ACTIVE -> forwarding /target_avoidance
[INFO] [1783599579.652] [/local_avoidance]: [local_avoidance] DEACTIVATED
[WARN] [1783599579.683] [/px4_ctrl_bridge]: [px4_bridge] avoidance released -> published /planning/replan
[WARN] [1783599579.703] [/local_avoidance]: [local_avoidance] ACTIVATED  (min_dist=0.36 m, idx=880)
[INFO] [1783599579.754] [/local_avoidance]: [local_avoidance] DEACTIVATED
[WARN] [1783599579.783] [/px4_ctrl_bridge]: [px4_bridge] avoidance released -> published /planning/replan
[WARN] [1783599579.826] [/local_avoidance]: [local_avoidance] ACTIVATED  (min_dist=0.35 m, idx=102)
[INFO] [1783599579.854] [/local_avoidance]: [local_avoidance] DEACTIVATED
[WARN] [1783599579.883] [/px4_ctrl_bridge]: [px4_bridge] avoidance released -> published /planning/replan
[WARN] [1783599579.905] [/local_avoidance]: [local_avoidance] ACTIVATED  (min_dist=0.36 m, idx=923)
[WARN] [1783599579.933] [/px4_ctrl_bridge]: [px4_bridge] AVOIDANCE ACTIVE -> forwarding /target_avoidance
[INFO] [1783599579.951] [/local_avoidance]: [local_avoidance] DEACTIVATED
[WARN] [1783599579.984] [/px4_ctrl_bridge]: [px4_bridge] avoidance released -> published /planning/replan
[WARN] [1783599580.006] [/local_avoidance]: [local_avoidance] ACTIVATED  (min_dist=0.35 m, idx=861)
[INFO] [1783599580.053] [/local_avoidance]: [local_avoidance] DEACTIVATED
[WARN] [1783599580.083] [/px4_ctrl_bridge]: [px4_bridge] avoidance released -> published /planning/replan
[WARN] [1783599580.104] [/local_avoidance]: [local_avoidance] ACTIVATED  (min_dist=0.35 m, idx=2145)
[INFO] [1783599580.153] [/local_avoidance]: [local_avoidance] DEACTIVATED
[WARN] [1783599580.183] [/px4_ctrl_bridge]: [px4_bridge] avoidance released -> published /planning/replan
[WARN] [1783599580.187] [/exploration_node]: wait for trigger.
[WARN] [1783599580.201] [/local_avoidance]: [local_avoidance] ACTIVATED  (min_dist=0.35 m, idx=6848)
[INFO] [1783599580.236] [/exploration_node]: [EV] [1783599580.235][     +6.1s][WAIT_TRIGGER] BATT 23.5V | voltage=23.73V percent=51% (repeated x1)
[INFO] [1783599580.252] [/local_avoidance]: [local_avoidance] DEACTIVATED
[WARN] [1783599580.287] [/px4_ctrl_bridge]: [px4_bridge] avoidance released -> published /planning/replan
[WARN] [1783599580.302] [/local_avoidance]: [local_avoidance] ACTIVATED  (min_dist=0.36 m, idx=6786)
[INFO] [1783599580.352] [/local_avoidance]: [local_avoidance] DEACTIVATED
[WARN] [1783599580.383] [/px4_ctrl_bridge]: [px4_bridge] avoidance released -> published /planning/replan
[WARN] [1783599580.401] [/local_avoidance]: [local_avoidance] ACTIVATED  (min_dist=0.35 m, idx=7376)
[INFO] [1783599580.454] [/local_avoidance]: [local_avoidance] DEACTIVATED
[WARN] [1783599580.485] [/px4_ctrl_bridge]: [px4_bridge] avoidance released -> published /planning/replan
[WARN] [1783599580.502] [/local_avoidance]: [local_avoidance] ACTIVATED  (min_dist=0.35 m, idx=7140)
[INFO] [1783599580.553] [/local_avoidance]: [local_avoidance] DEACTIVATED
[WARN] [1783599580.583] [/px4_ctrl_bridge]: [px4_bridge] avoidance released -> published /planning/replan
[WARN] [1783599580.602] [/local_avoidance]: [local_avoidance] ACTIVATED  (min_dist=0.35 m, idx=2220)
[INFO] [1783599580.662] [/local_avoidance]: [local_avoidance] DEACTIVATED
[WARN] [1783599580.683] [/px4_ctrl_bridge]: [px4_bridge] avoidance released -> published /planning/replan
[WARN] [1783599580.705] [/local_avoidance]: [local_avoidance] ACTIVATED  (min_dist=0.35 m, idx=7600)
[INFO] [1783599580.778] [/local_avoidance]: [local_avoidance] DEACTIVATED
[WARN] [1783599580.801] [/local_avoidance]: [local_avoidance] ACTIVATED  (min_dist=0.35 m, idx=8677)
[WARN] [1783599580.803] [/px4_ctrl_bridge]: [px4_bridge] avoidance released -> published /planning/replan
[INFO] [1783599580.851] [/local_avoidance]: [local_avoidance] DEACTIVATED
[WARN] [1783599580.878] [/px4_ctrl_bridge]: [px4_bridge] avoidance released -> published /planning/replan
[WARN] [1783599580.903] [/local_avoidance]: [local_avoidance] ACTIVATED  (min_dist=0.35 m, idx=2195)
[WARN] [1783599580.934] [/px4_ctrl_bridge]: [px4_bridge] AVOIDANCE ACTIVE -> forwarding /target_avoidance
[INFO] [1783599580.951] [/local_avoidance]: [local_avoidance] DEACTIVATED
[WARN] [1783599580.986] [/px4_ctrl_bridge]: [px4_bridge] avoidance released -> published /planning/replan
[WARN] [1783599581.006] [/local_avoidance]: [local_avoidance] ACTIVATED  (min_dist=0.35 m, idx=8762)
[INFO] [1783599581.076] [/local_avoidance]: [local_avoidance] DEACTIVATED
[WARN] [1783599581.101] [/local_avoidance]: [local_avoidance] ACTIVATED  (min_dist=0.35 m, idx=2651)
[WARN] [1783599581.103] [/px4_ctrl_bridge]: [px4_bridge] avoidance released -> published /planning/replan
[INFO] [1783599581.152] [/local_avoidance]: [local_avoidance] DEACTIVATED
[INFO] [1783599581.161] [/mavros]: HP: requesting home position
[WARN] [1783599581.183] [/px4_ctrl_bridge]: [px4_bridge] avoidance released -> published /planning/replan
[WARN] [1783599581.202] [/local_avoidance]: [local_avoidance] ACTIVATED  (min_dist=0.35 m, idx=9198)
[INFO] [1783599581.257] [/local_avoidance]: [local_avoidance] DEACTIVATED
[WARN] [1783599581.277] [/px4_ctrl_bridge]: [px4_bridge] avoidance released -> published /planning/replan
[WARN] [1783599581.301] [/local_avoidance]: [local_avoidance] ACTIVATED  (min_dist=0.35 m, idx=2994)
[INFO] [1783599581.351] [/local_avoidance]: [local_avoidance] DEACTIVATED
[WARN] [1783599581.383] [/px4_ctrl_bridge]: [px4_bridge] avoidance released -> published /planning/replan
[WARN] [1783599581.403] [/local_avoidance]: [local_avoidance] ACTIVATED  (min_dist=0.35 m, idx=9751)
[INFO] [1783599581.452] [/local_avoidance]: [local_avoidance] DEACTIVATED
[WARN] [1783599581.483] [/px4_ctrl_bridge]: [px4_bridge] avoidance released -> published /planning/replan
[WARN] [1783599581.502] [/local_avoidance]: [local_avoidance] ACTIVATED  (min_dist=0.35 m, idx=3450)
[INFO] [1783599581.554] [/local_avoidance]: [local_avoidance] DEACTIVATED
[WARN] [1783599581.583] [/px4_ctrl_bridge]: [px4_bridge] avoidance released -> published /planning/replan
[WARN] [1783599581.602] [/local_avoidance]: [local_avoidance] ACTIVATED  (min_dist=0.36 m, idx=4332)
[INFO] [1783599581.651] [/local_avoidance]: [local_avoidance] DEACTIVATED
[WARN] [1783599581.693] [/px4_ctrl_bridge]: [px4_bridge] avoidance released -> published /planning/replan
[WARN] [1783599581.704] [/local_avoidance]: [local_avoidance] ACTIVATED  (min_dist=0.35 m, idx=3898)
[INFO] [1783599581.758] [/local_avoidance]: [local_avoidance] DEACTIVATED
[WARN] [1783599581.783] [/px4_ctrl_bridge]: [px4_bridge] avoidance released -> published /planning/replan
[WARN] [1783599581.801] [/local_avoidance]: [local_avoidance] ACTIVATED  (min_dist=0.37 m, idx=5122)
[INFO] [1783599581.853] [/local_avoidance]: [local_avoidance] DEACTIVATED
[WARN] [1783599581.885] [/px4_ctrl_bridge]: [px4_bridge] avoidance released -> published /planning/replan
[WARN] [1783599581.926] [/local_avoidance]: [local_avoidance] ACTIVATED  (min_dist=0.35 m, idx=4545)
[WARN] [1783599581.953] [/px4_ctrl_bridge]: [px4_bridge] AVOIDANCE ACTIVE -> forwarding /target_avoidance
[INFO] [1783599581.953] [/local_avoidance]: [local_avoidance] avoiding...  min_dist=0.37 m
[INFO] [1783599582.051] [/local_avoidance]: [local_avoidance] DEACTIVATED
[WARN] [1783599582.083] [/px4_ctrl_bridge]: [px4_bridge] avoidance released -> published /planning/replan
[WARN] [1783599582.103] [/local_avoidance]: [local_avoidance] ACTIVATED  (min_dist=0.36 m, idx=5016)
[INFO] [1783599582.851] [/cloud_crop_bridge]: [CloudCrop] 3017 -> 311 pts (10%)
[WARN] [1783599582.958] [/px4_ctrl_bridge]: [px4_bridge] AVOIDANCE ACTIVE -> forwarding /target_avoidance
[INFO] [1783599583.002] [/local_avoidance]: [local_avoidance] avoiding...  min_dist=0.35 m
[WARN] [1783599583.970] [/px4_ctrl_bridge]: [px4_bridge] AVOIDANCE ACTIVE -> forwarding /target_avoidance
[INFO] [1783599584.002] [/local_avoidance]: [local_avoidance] avoiding...  min_dist=0.35 m
[INFO] [1783599584.230] [/exploration_node]: [EV] [1783599584.230][    +10.1s][WAIT_TRIGGER] BATT 23.5V | voltage=23.73V percent=52% (repeated x1)
[INFO] [1783599584.326] [/local_avoidance]: [local_avoidance] DEACTIVATED
[WARN] [1783599584.354] [/local_avoidance]: [local_avoidance] ACTIVATED  (min_dist=0.35 m, idx=449)
[WARN] [1783599584.357] [/px4_ctrl_bridge]: [px4_bridge] avoidance released -> published /planning/replan
[INFO] [1783599584.602] [/local_avoidance]: [local_avoidance] DEACTIVATED
[WARN] [1783599584.627] [/px4_ctrl_bridge]: [px4_bridge] avoidance released -> published /planning/replan
[WARN] [1783599584.652] [/local_avoidance]: [local_avoidance] ACTIVATED  (min_dist=0.35 m, idx=6081)
[INFO] [1783599584.826] [/local_avoidance]: [local_avoidance] DEACTIVATED
[WARN] [1783599584.852] [/local_avoidance]: [local_avoidance] ACTIVATED  (min_dist=0.35 m, idx=700)
[WARN] [1783599584.858] [/px4_ctrl_bridge]: [px4_bridge] avoidance released -> published /planning/replan
[INFO] [1783599584.901] [/local_avoidance]: [local_avoidance] DEACTIVATED
[WARN] [1783599584.927] [/px4_ctrl_bridge]: [px4_bridge] avoidance released -> published /planning/replan
[WARN] [1783599584.952] [/local_avoidance]: [local_avoidance] ACTIVATED  (min_dist=0.35 m, idx=234)
[WARN] [1783599584.977] [/px4_ctrl_bridge]: [px4_bridge] AVOIDANCE ACTIVE -> forwarding /target_avoidance
[INFO] [1783599585.002] [/local_avoidance]: [local_avoidance] DEACTIVATED
[WARN] [1783599585.027] [/px4_ctrl_bridge]: [px4_bridge] avoidance released -> published /planning/replan
[WARN] [1783599585.077] [/local_avoidance]: [local_avoidance] ACTIVATED  (min_dist=0.35 m, idx=6987)
[INFO] [1783599585.103] [/local_avoidance]: [local_avoidance] DEACTIVATED
[WARN] [1783599585.127] [/px4_ctrl_bridge]: [px4_bridge] avoidance released -> published /planning/replan
[WARN] [1783599585.155] [/local_avoidance]: [local_avoidance] ACTIVATED  (min_dist=0.35 m, idx=6729)
[WARN] [1783599585.197] [/exploration_node]: wait for trigger.
[INFO] [1783599585.209] [/local_avoidance]: [local_avoidance] DEACTIVATED
[WARN] [1783599585.227] [/px4_ctrl_bridge]: [px4_bridge] avoidance released -> published /planning/replan
[WARN] [1783599585.251] [/local_avoidance]: [local_avoidance] ACTIVATED  (min_dist=0.35 m, idx=1696)
[INFO] [1783599585.327] [/local_avoidance]: [local_avoidance] DEACTIVATED
[WARN] [1783599585.352] [/local_avoidance]: [local_avoidance] ACTIVATED  (min_dist=0.35 m, idx=1346)
[WARN] [1783599585.357] [/px4_ctrl_bridge]: [px4_bridge] avoidance released -> published /planning/replan
[INFO] [1783599585.426] [/local_avoidance]: [local_avoidance] DEACTIVATED
[WARN] [1783599585.457] [/local_avoidance]: [local_avoidance] ACTIVATED  (min_dist=0.36 m, idx=2350)
[WARN] [1783599585.458] [/px4_ctrl_bridge]: [px4_bridge] avoidance released -> published /planning/replan
[INFO] [1783599585.501] [/local_avoidance]: [local_avoidance] DEACTIVATED
[WARN] [1783599585.528] [/px4_ctrl_bridge]: [px4_bridge] avoidance released -> published /planning/replan
[WARN] [1783599585.551] [/local_avoidance]: [local_avoidance] ACTIVATED  (min_dist=0.35 m, idx=1601)
[INFO] [1783599585.601] [/local_avoidance]: [local_avoidance] DEACTIVATED
[WARN] [1783599585.627] [/px4_ctrl_bridge]: [px4_bridge] avoidance released -> published /planning/replan
[WARN] [1783599585.677] [/local_avoidance]: [local_avoidance] ACTIVATED  (min_dist=0.35 m, idx=7254)
[INFO] [1783599585.701] [/local_avoidance]: [local_avoidance] DEACTIVATED
[WARN] [1783599585.727] [/px4_ctrl_bridge]: [px4_bridge] avoidance released -> published /planning/replan
[WARN] [1783599585.751] [/local_avoidance]: [local_avoidance] ACTIVATED  (min_dist=0.35 m, idx=2141)
[INFO] [1783599585.801] [/local_avoidance]: [local_avoidance] DEACTIVATED
[WARN] [1783599585.827] [/px4_ctrl_bridge]: [px4_bridge] avoidance released -> published /planning/replan
[WARN] [1783599585.852] [/local_avoidance]: [local_avoidance] ACTIVATED  (min_dist=0.35 m, idx=7728)
[INFO] [1783599585.902] [/local_avoidance]: [local_avoidance] DEACTIVATED
[WARN] [1783599585.927] [/px4_ctrl_bridge]: [px4_bridge] avoidance released -> published /planning/replan
[WARN] [1783599585.951] [/local_avoidance]: [local_avoidance] ACTIVATED  (min_dist=0.35 m, idx=8412)
[WARN] [1783599585.977] [/px4_ctrl_bridge]: [px4_bridge] AVOIDANCE ACTIVE -> forwarding /target_avoidance
[INFO] [1783599586.001] [/local_avoidance]: [local_avoidance] DEACTIVATED
[WARN] [1783599586.027] [/px4_ctrl_bridge]: [px4_bridge] avoidance released -> published /planning/replan
[WARN] [1783599586.051] [/local_avoidance]: [local_avoidance] ACTIVATED  (min_dist=0.35 m, idx=8180)
[INFO] [1783599586.102] [/local_avoidance]: [local_avoidance] DEACTIVATED
[WARN] [1783599586.127] [/px4_ctrl_bridge]: [px4_bridge] avoidance released -> published /planning/replan
[WARN] [1783599586.151] [/local_avoidance]: [local_avoidance] ACTIVATED  (min_dist=0.35 m, idx=3300)
[INFO] [1783599586.164] [/mavros]: WP: mission received
[INFO] [1783599586.164] [/mavros]: GF: mission received
[INFO] [1783599586.166] [/mavros]: RP: mission received
[INFO] [1783599586.205] [/local_avoidance]: [local_avoidance] DEACTIVATED
[WARN] [1783599586.227] [/px4_ctrl_bridge]: [px4_bridge] avoidance released -> published /planning/replan
[INFO] [1783599586.229] [/exploration_node]: [EV] [1783599586.229][    +12.1s][WAIT_TRIGGER] BATT 23.5V | voltage=23.73V percent=51%
[WARN] [1783599586.251] [/local_avoidance]: [local_avoidance] ACTIVATED  (min_dist=0.35 m, idx=2575)
[INFO] [1783599586.301] [/local_avoidance]: [local_avoidance] DEACTIVATED
[WARN] [1783599586.327] [/px4_ctrl_bridge]: [px4_bridge] avoidance released -> published /planning/replan
[WARN] [1783599586.352] [/local_avoidance]: [local_avoidance] ACTIVATED  (min_dist=0.35 m, idx=9321)
[INFO] [1783599586.402] [/local_avoidance]: [local_avoidance] DEACTIVATED
[WARN] [1783599586.430] [/px4_ctrl_bridge]: [px4_bridge] avoidance released -> published /planning/replan
[WARN] [1783599586.477] [/local_avoidance]: [local_avoidance] ACTIVATED  (min_dist=0.35 m, idx=4785)
[INFO] [1783599586.527] [/local_avoidance]: [local_avoidance] DEACTIVATED
[WARN] [1783599586.552] [/local_avoidance]: [local_avoidance] ACTIVATED  (min_dist=0.35 m, idx=11619)
[WARN] [1783599586.558] [/px4_ctrl_bridge]: [px4_bridge] avoidance released -> published /planning/replan
[INFO] [1783599586.602] [/local_avoidance]: [local_avoidance] DEACTIVATED
[WARN] [1783599586.627] [/px4_ctrl_bridge]: [px4_bridge] avoidance released -> published /planning/replan
[WARN] [1783599586.652] [/local_avoidance]: [local_avoidance] ACTIVATED  (min_dist=0.35 m, idx=3467)
[INFO] [1783599586.705] [/local_avoidance]: [local_avoidance] DEACTIVATED
[WARN] [1783599586.727] [/px4_ctrl_bridge]: [px4_bridge] avoidance released -> published /planning/replan
[WARN] [1783599586.776] [/local_avoidance]: [local_avoidance] ACTIVATED  (min_dist=0.35 m, idx=4480)
[INFO] [1783599586.804] [/local_avoidance]: [local_avoidance] avoiding...  min_dist=0.35 m
[INFO] [1783599586.907] [/local_avoidance]: [local_avoidance] DEACTIVATED
[WARN] [1783599586.927] [/px4_ctrl_bridge]: [px4_bridge] avoidance released -> published /planning/replan
[WARN] [1783599586.952] [/local_avoidance]: [local_avoidance] ACTIVATED  (min_dist=0.35 m, idx=4928)
[WARN] [1783599586.977] [/px4_ctrl_bridge]: [px4_bridge] AVOIDANCE ACTIVE -> forwarding /target_avoidance
[INFO] [1783599587.851] [/cloud_crop_bridge]: [CloudCrop] 2815 -> 430 pts (15%)
[INFO] [1783599587.851] [/local_avoidance]: [local_avoidance] avoiding...  min_dist=0.35 m
[WARN] [1783599587.987] [/px4_ctrl_bridge]: [px4_bridge] AVOIDANCE ACTIVE -> forwarding /target_avoidance
[INFO] [1783599588.902] [/local_avoidance]: [local_avoidance] avoiding...  min_dist=0.35 m
[WARN] [1783599588.987] [/px4_ctrl_bridge]: [px4_bridge] AVOIDANCE ACTIVE -> forwarding /target_avoidance
[INFO] [1783599589.461] [/local_avoidance]: [local_avoidance] DEACTIVATED
[WARN] [1783599589.477] [/px4_ctrl_bridge]: [px4_bridge] avoidance released -> published /planning/replan
[WARN] [1783599589.510] [/local_avoidance]: [local_avoidance] ACTIVATED  (min_dist=0.35 m, idx=4780)
[INFO] [1783599589.652] [/local_avoidance]: [local_avoidance] DEACTIVATED
[WARN] [1783599589.677] [/px4_ctrl_bridge]: [px4_bridge] avoidance released -> published /planning/replan
[WARN] [1783599589.703] [/local_avoidance]: [local_avoidance] ACTIVATED  (min_dist=0.36 m, idx=5336)
[INFO] [1783599589.751] [/local_avoidance]: [local_avoidance] DEACTIVATED
[WARN] [1783599589.777] [/px4_ctrl_bridge]: [px4_bridge] avoidance released -> published /planning/replan
[WARN] [1783599589.802] [/local_avoidance]: [local_avoidance] ACTIVATED  (min_dist=0.35 m, idx=6200)
[INFO] [1783599589.851] [/local_avoidance]: [local_avoidance] DEACTIVATED
[WARN] [1783599589.877] [/px4_ctrl_bridge]: [px4_bridge] avoidance released -> published /planning/replan
[WARN] [1783599589.901] [/local_avoidance]: [local_avoidance] ACTIVATED  (min_dist=0.35 m, idx=5952)
[INFO] [1783599589.953] [/local_avoidance]: [local_avoidance] DEACTIVATED
[WARN] [1783599589.977] [/px4_ctrl_bridge]: [px4_bridge] avoidance released -> published /planning/replan
[WARN] [1783599590.008] [/local_avoidance]: [local_avoidance] ACTIVATED  (min_dist=0.35 m, idx=1084)
[WARN] [1783599590.027] [/px4_ctrl_bridge]: [px4_bridge] AVOIDANCE ACTIVE -> forwarding /target_avoidance
[INFO] [1783599590.051] [/local_avoidance]: [local_avoidance] DEACTIVATED
[WARN] [1783599590.077] [/px4_ctrl_bridge]: [px4_bridge] avoidance released -> published /planning/replan
[WARN] [1783599590.105] [/local_avoidance]: [local_avoidance] ACTIVATED  (min_dist=0.35 m, idx=6412)
[INFO] [1783599590.153] [/local_avoidance]: [local_avoidance] DEACTIVATED
[WARN] [1783599590.177] [/px4_ctrl_bridge]: [px4_bridge] avoidance released -> published /planning/replan
[WARN] [1783599590.207] [/local_avoidance]: [local_avoidance] ACTIVATED  (min_dist=0.35 m, idx=2625)
[WARN] [1783599590.207] [/exploration_node]: wait for trigger.
[INFO] [1783599590.229] [/exploration_node]: [EV] [1783599590.229][    +16.1s][WAIT_TRIGGER] BATT 23.5V | voltage=23.73V percent=52% (repeated x1)
[INFO] [1783599590.253] [/local_avoidance]: [local_avoidance] DEACTIVATED
[WARN] [1783599590.277] [/px4_ctrl_bridge]: [px4_bridge] avoidance released -> published /planning/replan
[WARN] [1783599590.303] [/local_avoidance]: [local_avoidance] ACTIVATED  (min_dist=0.35 m, idx=1199)
[INFO] [1783599590.352] [/local_avoidance]: [local_avoidance] DEACTIVATED
[WARN] [1783599590.377] [/px4_ctrl_bridge]: [px4_bridge] avoidance released -> published /planning/replan
[WARN] [1783599590.426] [/local_avoidance]: [local_avoidance] ACTIVATED  (min_dist=0.35 m, idx=1716)
[INFO] [1783599590.454] [/local_avoidance]: [local_avoidance] DEACTIVATED
[WARN] [1783599590.477] [/px4_ctrl_bridge]: [px4_bridge] avoidance released -> published /planning/replan
[WARN] [1783599590.505] [/local_avoidance]: [local_avoidance] ACTIVATED  (min_dist=0.35 m, idx=1267)
[INFO] [1783599590.554] [/local_avoidance]: [local_avoidance] DEACTIVATED
[WARN] [1783599590.577] [/px4_ctrl_bridge]: [px4_bridge] avoidance released -> published /planning/replan
[WARN] [1783599590.607] [/local_avoidance]: [local_avoidance] ACTIVATED  (min_dist=0.35 m, idx=8306)
[INFO] [1783599590.655] [/local_avoidance]: [local_avoidance] DEACTIVATED
[WARN] [1783599590.677] [/px4_ctrl_bridge]: [px4_bridge] avoidance released -> published /planning/replan
[WARN] [1783599590.701] [/local_avoidance]: [local_avoidance] ACTIVATED  (min_dist=0.36 m, idx=7865)
[INFO] [1783599590.753] [/local_avoidance]: [local_avoidance] DEACTIVATED
[WARN] [1783599590.777] [/px4_ctrl_bridge]: [px4_bridge] avoidance released -> published /planning/replan
[WARN] [1783599590.826] [/local_avoidance]: [local_avoidance] ACTIVATED  (min_dist=0.35 m, idx=3403)
[INFO] [1783599590.851] [/local_avoidance]: [local_avoidance] DEACTIVATED
[WARN] [1783599590.877] [/px4_ctrl_bridge]: [px4_bridge] avoidance released -> published /planning/replan
[WARN] [1783599590.902] [/local_avoidance]: [local_avoidance] ACTIVATED  (min_dist=0.35 m, idx=2266)
[INFO] [1783599590.955] [/local_avoidance]: [local_avoidance] DEACTIVATED
[WARN] [1783599590.987] [/px4_ctrl_bridge]: [px4_bridge] avoidance released -> published /planning/replan
[WARN] [1783599591.002] [/local_avoidance]: [local_avoidance] ACTIVATED  (min_dist=0.36 m, idx=7867)
[WARN] [1783599591.037] [/px4_ctrl_bridge]: [px4_bridge] AVOIDANCE ACTIVE -> forwarding /target_avoidance
[INFO] [1783599591.053] [/local_avoidance]: [local_avoidance] DEACTIVATED
[WARN] [1783599591.077] [/px4_ctrl_bridge]: [px4_bridge] avoidance released -> published /planning/replan
[WARN] [1783599591.104] [/local_avoidance]: [local_avoidance] ACTIVATED  (min_dist=0.35 m, idx=2913)
[INFO] [1783599591.152] [/local_avoidance]: [local_avoidance] DEACTIVATED
[INFO] [1783599591.161] [/mavros]: HP: requesting home position
[WARN] [1783599591.177] [/px4_ctrl_bridge]: [px4_bridge] avoidance released -> published /planning/replan
[WARN] [1783599591.202] [/local_avoidance]: [local_avoidance] ACTIVATED  (min_dist=0.36 m, idx=4310)
[INFO] [1783599591.277] [/local_avoidance]: [local_avoidance] DEACTIVATED
[WARN] [1783599591.302] [/local_avoidance]: [local_avoidance] ACTIVATED  (min_dist=0.35 m, idx=3745)
[WARN] [1783599591.307] [/px4_ctrl_bridge]: [px4_bridge] avoidance released -> published /planning/replan
[INFO] [1783599591.352] [/local_avoidance]: [local_avoidance] DEACTIVATED
[WARN] [1783599591.377] [/px4_ctrl_bridge]: [px4_bridge] avoidance released -> published /planning/replan
[WARN] [1783599591.403] [/local_avoidance]: [local_avoidance] ACTIVATED  (min_dist=0.36 m, idx=8834)
[INFO] [1783599591.452] [/local_avoidance]: [local_avoidance] DEACTIVATED
[WARN] [1783599591.478] [/px4_ctrl_bridge]: [px4_bridge] avoidance released -> published /planning/replan
[WARN] [1783599591.501] [/local_avoidance]: [local_avoidance] ACTIVATED  (min_dist=0.35 m, idx=9460)
[INFO] [1783599591.552] [/local_avoidance]: [local_avoidance] DEACTIVATED
[WARN] [1783599591.587] [/px4_ctrl_bridge]: [px4_bridge] avoidance released -> published /planning/replan
[WARN] [1783599591.602] [/local_avoidance]: [local_avoidance] ACTIVATED  (min_dist=0.35 m, idx=9196)
[INFO] [1783599591.652] [/local_avoidance]: [local_avoidance] DEACTIVATED
[WARN] [1783599591.677] [/px4_ctrl_bridge]: [px4_bridge] avoidance released -> published /planning/replan
[WARN] [1783599591.726] [/local_avoidance]: [local_avoidance] ACTIVATED  (min_dist=0.35 m, idx=4280)
[INFO] [1783599591.776] [/local_avoidance]: [local_avoidance] avoiding...  min_dist=0.35 m
[INFO] [1783599591.852] [/local_avoidance]: [local_avoidance] DEACTIVATED
[WARN] [1783599591.877] [/px4_ctrl_bridge]: [px4_bridge] avoidance released -> published /planning/replan
[WARN] [1783599591.901] [/local_avoidance]: [local_avoidance] ACTIVATED  (min_dist=0.35 m, idx=4828)
[WARN] [1783599592.047] [/px4_ctrl_bridge]: [px4_bridge] AVOIDANCE ACTIVE -> forwarding /target_avoidance
[INFO] [1783599592.227] [/exploration_node]: [EV] [1783599592.227][    +18.1s][WAIT_TRIGGER] BATT 23.5V | voltage=23.73V percent=51%
[INFO] [1783599592.801] [/local_avoidance]: [local_avoidance] avoiding...  min_dist=0.35 m
[INFO] [1783599592.901] [/cloud_crop_bridge]: [CloudCrop] 2823 -> 411 pts (15%)
[WARN] [1783599593.047] [/px4_ctrl_bridge]: [px4_bridge] AVOIDANCE ACTIVE -> forwarding /target_avoidance
[INFO] [1783599593.826] [/local_avoidance]: [local_avoidance] avoiding...  min_dist=0.35 m
[WARN] [1783599594.049] [/px4_ctrl_bridge]: [px4_bridge] AVOIDANCE ACTIVE -> forwarding /target_avoidance
[INFO] [1783599594.226] [/exploration_node]: [EV] [1783599594.226][    +20.1s][WAIT_TRIGGER] BATT 23.5V | voltage=23.73V percent=52%
[INFO] [1783599594.405] [/local_avoidance]: [local_avoidance] DEACTIVATED
[WARN] [1783599594.427] [/px4_ctrl_bridge]: [px4_bridge] avoidance released -> published /planning/replan
[WARN] [1783599594.476] [/local_avoidance]: [local_avoidance] ACTIVATED  (min_dist=0.35 m, idx=344)
[INFO] [1783599594.602] [/local_avoidance]: [local_avoidance] DEACTIVATED
[WARN] [1783599594.627] [/px4_ctrl_bridge]: [px4_bridge] avoidance released -> published /planning/replan
[WARN] [1783599594.651] [/local_avoidance]: [local_avoidance] ACTIVATED  (min_dist=0.35 m, idx=6255)
[INFO] [1783599594.704] [/local_avoidance]: [local_avoidance] DEACTIVATED
[WARN] [1783599594.727] [/px4_ctrl_bridge]: [px4_bridge] avoidance released -> published /planning/replan
[WARN] [1783599594.752] [/local_avoidance]: [local_avoidance] ACTIVATED  (min_dist=0.35 m, idx=4963)
[INFO] [1783599594.801] [/local_avoidance]: [local_avoidance] DEACTIVATED
[WARN] [1783599594.827] [/px4_ctrl_bridge]: [px4_bridge] avoidance released -> published /planning/replan
[WARN] [1783599594.851] [/local_avoidance]: [local_avoidance] ACTIVATED  (min_dist=0.36 m, idx=5547)
[INFO] [1783599594.902] [/local_avoidance]: [local_avoidance] DEACTIVATED
[WARN] [1783599594.927] [/px4_ctrl_bridge]: [px4_bridge] avoidance released -> published /planning/replan
[WARN] [1783599594.952] [/local_avoidance]: [local_avoidance] ACTIVATED  (min_dist=0.35 m, idx=709)
[INFO] [1783599595.002] [/local_avoidance]: [local_avoidance] DEACTIVATED
[WARN] [1783599595.027] [/px4_ctrl_bridge]: [px4_bridge] avoidance released -> published /planning/replan
[WARN] [1783599595.051] [/local_avoidance]: [local_avoidance] ACTIVATED  (min_dist=0.36 m, idx=6074)
[WARN] [1783599595.077] [/px4_ctrl_bridge]: [px4_bridge] AVOIDANCE ACTIVE -> forwarding /target_avoidance
[INFO] [1783599595.102] [/local_avoidance]: [local_avoidance] DEACTIVATED
[WARN] [1783599595.127] [/px4_ctrl_bridge]: [px4_bridge] avoidance released -> published /planning/replan
[WARN] [1783599595.151] [/local_avoidance]: [local_avoidance] ACTIVATED  (min_dist=0.35 m, idx=965)
[INFO] [1783599595.205] [/local_avoidance]: [local_avoidance] DEACTIVATED
[WARN] [1783599595.208] [/exploration_node]: wait for trigger.
[WARN] [1783599595.237] [/px4_ctrl_bridge]: [px4_bridge] avoidance released -> published /planning/replan
[WARN] [1783599595.251] [/local_avoidance]: [local_avoidance] ACTIVATED  (min_dist=0.36 m, idx=6560)
[INFO] [1783599595.301] [/local_avoidance]: [local_avoidance] DEACTIVATED
[WARN] [1783599595.327] [/px4_ctrl_bridge]: [px4_bridge] avoidance released -> published /planning/replan
[WARN] [1783599595.351] [/local_avoidance]: [local_avoidance] ACTIVATED  (min_dist=0.35 m, idx=1417)
[INFO] [1783599595.402] [/local_avoidance]: [local_avoidance] DEACTIVATED
[WARN] [1783599595.437] [/px4_ctrl_bridge]: [px4_bridge] avoidance released -> published /planning/replan
[WARN] [1783599595.452] [/local_avoidance]: [local_avoidance] ACTIVATED  (min_dist=0.35 m, idx=7080)
[INFO] [1783599595.502] [/local_avoidance]: [local_avoidance] DEACTIVATED
[WARN] [1783599595.527] [/px4_ctrl_bridge]: [px4_bridge] avoidance released -> published /planning/replan
[WARN] [1783599595.552] [/local_avoidance]: [local_avoidance] ACTIVATED  (min_dist=0.35 m, idx=7796)
[INFO] [1783599595.602] [/local_avoidance]: [local_avoidance] DEACTIVATED
[WARN] [1783599595.627] [/px4_ctrl_bridge]: [px4_bridge] avoidance released -> published /planning/replan
[WARN] [1783599595.652] [/local_avoidance]: [local_avoidance] ACTIVATED  (min_dist=0.35 m, idx=7448)
[INFO] [1783599595.703] [/local_avoidance]: [local_avoidance] DEACTIVATED
[WARN] [1783599595.728] [/px4_ctrl_bridge]: [px4_bridge] avoidance released -> published /planning/replan
[WARN] [1783599595.758] [/local_avoidance]: [local_avoidance] ACTIVATED  (min_dist=0.35 m, idx=8153)
[INFO] [1783599595.803] [/local_avoidance]: [local_avoidance] DEACTIVATED
[WARN] [1783599595.827] [/px4_ctrl_bridge]: [px4_bridge] avoidance released -> published /planning/replan
[WARN] [1783599595.876] [/local_avoidance]: [local_avoidance] ACTIVATED  (min_dist=0.35 m, idx=1847)
[INFO] [1783599595.903] [/local_avoidance]: [local_avoidance] DEACTIVATED
[WARN] [1783599595.927] [/px4_ctrl_bridge]: [px4_bridge] avoidance released -> published /planning/replan
[WARN] [1783599595.956] [/local_avoidance]: [local_avoidance] ACTIVATED  (min_dist=0.35 m, idx=8903)
[INFO] [1783599596.006] [/local_avoidance]: [local_avoidance] DEACTIVATED
[WARN] [1783599596.028] [/px4_ctrl_bridge]: [px4_bridge] avoidance released -> published /planning/replan
[WARN] [1783599596.055] [/local_avoidance]: [local_avoidance] ACTIVATED  (min_dist=0.35 m, idx=2283)
[WARN] [1783599596.077] [/px4_ctrl_bridge]: [px4_bridge] AVOIDANCE ACTIVE -> forwarding /target_avoidance
[INFO] [1783599596.105] [/local_avoidance]: [local_avoidance] DEACTIVATED
[WARN] [1783599596.127] [/px4_ctrl_bridge]: [px4_bridge] avoidance released -> published /planning/replan
[WARN] [1783599596.154] [/local_avoidance]: [local_avoidance] ACTIVATED  (min_dist=0.35 m, idx=9443)
[INFO] [1783599596.201] [/local_avoidance]: [local_avoidance] DEACTIVATED
[INFO] [1783599596.227] [/exploration_node]: [EV] [1783599596.227][    +22.1s][WAIT_TRIGGER] BATT 23.5V | voltage=23.73V percent=51%
[WARN] [1783599596.227] [/px4_ctrl_bridge]: [px4_bridge] avoidance released -> published /planning/replan
[WARN] [1783599596.276] [/local_avoidance]: [local_avoidance] ACTIVATED  (min_dist=0.35 m, idx=3042)
[INFO] [1783599596.303] [/local_avoidance]: [local_avoidance] DEACTIVATED
[WARN] [1783599596.327] [/px4_ctrl_bridge]: [px4_bridge] avoidance released -> published /planning/replan
[WARN] [1783599596.353] [/local_avoidance]: [local_avoidance] ACTIVATED  (min_dist=0.35 m, idx=3748)
[INFO] [1783599596.402] [/local_avoidance]: [local_avoidance] DEACTIVATED
[WARN] [1783599596.428] [/px4_ctrl_bridge]: [px4_bridge] avoidance released -> published /planning/replan
[WARN] [1783599596.451] [/local_avoidance]: [local_avoidance] ACTIVATED  (min_dist=0.35 m, idx=3494)
[INFO] [1783599596.502] [/local_avoidance]: [local_avoidance] DEACTIVATED
[WARN] [1783599596.527] [/px4_ctrl_bridge]: [px4_bridge] avoidance released -> published /planning/replan
[WARN] [1783599596.551] [/local_avoidance]: [local_avoidance] ACTIVATED  (min_dist=0.35 m, idx=10159)
[INFO] [1783599596.601] [/local_avoidance]: [local_avoidance] DEACTIVATED
[WARN] [1783599596.629] [/px4_ctrl_bridge]: [px4_bridge] avoidance released -> published /planning/replan
[WARN] [1783599596.651] [/local_avoidance]: [local_avoidance] ACTIVATED  (min_dist=0.35 m, idx=3742)
[INFO] [1783599596.701] [/local_avoidance]: [local_avoidance] DEACTIVATED
[WARN] [1783599596.727] [/px4_ctrl_bridge]: [px4_bridge] avoidance released -> published /planning/replan
[WARN] [1783599596.752] [/local_avoidance]: [local_avoidance] ACTIVATED  (min_dist=0.35 m, idx=5237)
[INFO] [1783599596.805] [/local_avoidance]: [local_avoidance] DEACTIVATED
[WARN] [1783599596.827] [/px4_ctrl_bridge]: [px4_bridge] avoidance released -> published /planning/replan
[WARN] [1783599596.851] [/local_avoidance]: [local_avoidance] ACTIVATED  (min_dist=0.35 m, idx=4305)
[INFO] [1783599596.902] [/local_avoidance]: [local_avoidance] avoiding...  min_dist=0.37 m
[INFO] [1783599597.002] [/local_avoidance]: [local_avoidance] DEACTIVATED
[WARN] [1783599597.028] [/px4_ctrl_bridge]: [px4_bridge] avoidance released -> published /planning/replan
[WARN] [1783599597.052] [/local_avoidance]: [local_avoidance] ACTIVATED  (min_dist=0.35 m, idx=5001)
[WARN] [1783599597.088] [/px4_ctrl_bridge]: [px4_bridge] AVOIDANCE ACTIVE -> forwarding /target_avoidance
[INFO] [1783599597.904] [/local_avoidance]: [local_avoidance] avoiding...  min_dist=0.35 m
[INFO] [1783599597.951] [/cloud_crop_bridge]: [CloudCrop] 2888 -> 402 pts (14%)
[WARN] [1783599598.099] [/px4_ctrl_bridge]: [px4_bridge] AVOIDANCE ACTIVE -> forwarding /target_avoidance
[INFO] [1783599598.951] [/local_avoidance]: [local_avoidance] avoiding...  min_dist=0.35 m
[WARN] [1783599599.109] [/px4_ctrl_bridge]: [px4_bridge] AVOIDANCE ACTIVE -> forwarding /target_avoidance
[INFO] [1783599599.552] [/local_avoidance]: [local_avoidance] DEACTIVATED
[WARN] [1783599599.587] [/px4_ctrl_bridge]: [px4_bridge] avoidance released -> published /planning/replan
[WARN] [1783599599.602] [/local_avoidance]: [local_avoidance] ACTIVATED  (min_dist=0.35 m, idx=6025)
[INFO] [1783599599.752] [/local_avoidance]: [local_avoidance] DEACTIVATED
[WARN] [1783599599.777] [/px4_ctrl_bridge]: [px4_bridge] avoidance released -> published /planning/replan
[WARN] [1783599599.826] [/local_avoidance]: [local_avoidance] ACTIVATED  (min_dist=0.35 m, idx=6691)
[INFO] [1783599599.852] [/local_avoidance]: [local_avoidance] DEACTIVATED
[WARN] [1783599599.877] [/px4_ctrl_bridge]: [px4_bridge] avoidance released -> published /planning/replan
[WARN] [1783599599.926] [/local_avoidance]: [local_avoidance] ACTIVATED  (min_dist=0.35 m, idx=167)
[INFO] [1783599599.951] [/local_avoidance]: [local_avoidance] DEACTIVATED
[WARN] [1783599599.977] [/px4_ctrl_bridge]: [px4_bridge] avoidance released -> published /planning/replan
[WARN] [1783599600.002] [/local_avoidance]: [local_avoidance] ACTIVATED  (min_dist=0.35 m, idx=1080)
[INFO] [1783599600.051] [/local_avoidance]: [local_avoidance] DEACTIVATED
[WARN] [1783599600.077] [/px4_ctrl_bridge]: [px4_bridge] avoidance released -> published /planning/replan
[WARN] [1783599600.126] [/local_avoidance]: [local_avoidance] ACTIVATED  (min_dist=0.35 m, idx=930)
[INFO] [1783599600.151] [/local_avoidance]: [local_avoidance] DEACTIVATED
[WARN] [1783599600.157] [/px4_ctrl_bridge]: [px4_bridge] AVOIDANCE ACTIVE -> forwarding /target_avoidance
[WARN] [1783599600.188] [/px4_ctrl_bridge]: [px4_bridge] avoidance released -> published /planning/replan
[WARN] [1783599600.202] [/local_avoidance]: [local_avoidance] ACTIVATED  (min_dist=0.35 m, idx=7391)
[WARN] [1783599600.209] [/exploration_node]: wait for trigger.
[INFO] [1783599600.251] [/local_avoidance]: [local_avoidance] DEACTIVATED
[WARN] [1783599600.278] [/px4_ctrl_bridge]: [px4_bridge] avoidance released -> published /planning/replan
[WARN] [1783599600.304] [/local_avoidance]: [local_avoidance] ACTIVATED  (min_dist=0.35 m, idx=7307)
[INFO] [1783599600.351] [/local_avoidance]: [local_avoidance] DEACTIVATED
[WARN] [1783599600.378] [/px4_ctrl_bridge]: [px4_bridge] avoidance released -> published /planning/replan
[WARN] [1783599600.408] [/local_avoidance]: [local_avoidance] ACTIVATED  (min_dist=0.35 m, idx=7939)
[INFO] [1783599600.452] [/local_avoidance]: [local_avoidance] DEACTIVATED
[WARN] [1783599600.477] [/px4_ctrl_bridge]: [px4_bridge] avoidance released -> published /planning/replan
[WARN] [1783599600.502] [/local_avoidance]: [local_avoidance] ACTIVATED  (min_dist=0.35 m, idx=1737)
[INFO] [1783599600.551] [/local_avoidance]: [local_avoidance] DEACTIVATED
[WARN] [1783599600.577] [/px4_ctrl_bridge]: [px4_bridge] avoidance released -> published /planning/replan
[WARN] [1783599600.602] [/local_avoidance]: [local_avoidance] ACTIVATED  (min_dist=0.37 m, idx=7209)
[INFO] [1783599600.651] [/local_avoidance]: [local_avoidance] DEACTIVATED
[WARN] [1783599600.677] [/px4_ctrl_bridge]: [px4_bridge] avoidance released -> published /planning/replan
[WARN] [1783599600.701] [/local_avoidance]: [local_avoidance] ACTIVATED  (min_dist=0.35 m, idx=2377)
[INFO] [1783599600.752] [/local_avoidance]: [local_avoidance] DEACTIVATED
[WARN] [1783599600.787] [/px4_ctrl_bridge]: [px4_bridge] avoidance released -> published /planning/replan
[WARN] [1783599600.802] [/local_avoidance]: [local_avoidance] ACTIVATED  (min_dist=0.36 m, idx=3388)
[INFO] [1783599600.851] [/local_avoidance]: [local_avoidance] DEACTIVATED
[WARN] [1783599600.877] [/px4_ctrl_bridge]: [px4_bridge] avoidance released -> published /planning/replan
[WARN] [1783599600.901] [/local_avoidance]: [local_avoidance] ACTIVATED  (min_dist=0.35 m, idx=8566)
[INFO] [1783599600.952] [/local_avoidance]: [local_avoidance] DEACTIVATED
[WARN] [1783599600.977] [/px4_ctrl_bridge]: [px4_bridge] avoidance released -> published /planning/replan
[WARN] [1783599601.008] [/local_avoidance]: [local_avoidance] ACTIVATED  (min_dist=0.35 m, idx=8124)
[INFO] [1783599601.052] [/local_avoidance]: [local_avoidance] DEACTIVATED
[WARN] [1783599601.077] [/px4_ctrl_bridge]: [px4_bridge] avoidance released -> published /planning/replan
[WARN] [1783599601.101] [/local_avoidance]: [local_avoidance] ACTIVATED  (min_dist=0.35 m, idx=2989)
[INFO] [1783599601.152] [/local_avoidance]: [local_avoidance] DEACTIVATED
[INFO] [1783599601.162] [/mavros]: HP: requesting home position
[WARN] [1783599601.167] [/px4_ctrl_bridge]: [px4_bridge] AVOIDANCE ACTIVE -> forwarding /target_avoidance
[WARN] [1783599601.177] [/px4_ctrl_bridge]: [px4_bridge] avoidance released -> published /planning/replan
[WARN] [1783599601.202] [/local_avoidance]: [local_avoidance] ACTIVATED  (min_dist=0.35 m, idx=8656)
[INFO] [1783599601.252] [/local_avoidance]: [local_avoidance] DEACTIVATED
[WARN] [1783599601.278] [/px4_ctrl_bridge]: [px4_bridge] avoidance released -> published /planning/replan
[WARN] [1783599601.302] [/local_avoidance]: [local_avoidance] ACTIVATED  (min_dist=0.35 m, idx=3521)
[INFO] [1783599601.353] [/local_avoidance]: [local_avoidance] DEACTIVATED
[WARN] [1783599601.387] [/px4_ctrl_bridge]: [px4_bridge] avoidance released -> published /planning/replan
[WARN] [1783599601.401] [/local_avoidance]: [local_avoidance] ACTIVATED  (min_dist=0.35 m, idx=3063)
[INFO] [1783599601.453] [/local_avoidance]: [local_avoidance] DEACTIVATED
[WARN] [1783599601.478] [/px4_ctrl_bridge]: [px4_bridge] avoidance released -> published /planning/replan
[WARN] [1783599601.501] [/local_avoidance]: [local_avoidance] ACTIVATED  (min_dist=0.35 m, idx=9729)
[INFO] [1783599601.552] [/local_avoidance]: [local_avoidance] DEACTIVATED
[WARN] [1783599601.578] [/px4_ctrl_bridge]: [px4_bridge] avoidance released -> published /planning/replan
[WARN] [1783599601.601] [/local_avoidance]: [local_avoidance] ACTIVATED  (min_dist=0.35 m, idx=3527)
[INFO] [1783599601.657] [/local_avoidance]: [local_avoidance] DEACTIVATED
[WARN] [1783599601.678] [/px4_ctrl_bridge]: [px4_bridge] avoidance released -> published /planning/replan
[WARN] [1783599601.708] [/local_avoidance]: [local_avoidance] ACTIVATED  (min_dist=0.35 m, idx=9135)
[INFO] [1783599601.764] [/local_avoidance]: [local_avoidance] avoiding...  min_dist=0.35 m
[WARN] [1783599602.167] [/px4_ctrl_bridge]: [px4_bridge] AVOIDANCE ACTIVE -> forwarding /target_avoidance
[INFO] [1783599602.225] [/exploration_node]: [EV] [1783599602.225][    +28.1s][WAIT_TRIGGER] BATT 23.5V | voltage=23.73V percent=52% (repeated x2)
[INFO] [1783599602.803] [/local_avoidance]: [local_avoidance] avoiding...  min_dist=0.35 m
[INFO] [1783599602.951] [/cloud_crop_bridge]: [CloudCrop] 2975 -> 305 pts (10%)
[WARN] [1783599603.167] [/px4_ctrl_bridge]: [px4_bridge] AVOIDANCE ACTIVE -> forwarding /target_avoidance
[INFO] [1783599603.851] [/local_avoidance]: [local_avoidance] avoiding...  min_dist=0.35 m
[WARN] [1783599604.177] [/px4_ctrl_bridge]: [px4_bridge] AVOIDANCE ACTIVE -> forwarding /target_avoidance
[INFO] [1783599604.225] [/exploration_node]: [EV] [1783599604.225][    +30.1s][WAIT_TRIGGER] BATT 23.5V | voltage=23.73V percent=51%
[INFO] [1783599604.409] [/local_avoidance]: [local_avoidance] DEACTIVATED
[WARN] [1783599604.427] [/px4_ctrl_bridge]: [px4_bridge] avoidance released -> published /planning/replan
[WARN] [1783599604.455] [/local_avoidance]: [local_avoidance] ACTIVATED  (min_dist=0.36 m, idx=235)
[INFO] [1783599604.505] [/local_avoidance]: [local_avoidance] DEACTIVATED
[WARN] [1783599604.528] [/px4_ctrl_bridge]: [px4_bridge] avoidance released -> published /planning/replan
[WARN] [1783599604.555] [/local_avoidance]: [local_avoidance] ACTIVATED  (min_dist=0.35 m, idx=453)
[INFO] [1783599604.627] [/local_avoidance]: [local_avoidance] DEACTIVATED
[WARN] [1783599604.651] [/local_avoidance]: [local_avoidance] ACTIVATED  (min_dist=0.37 m, idx=1485)
[WARN] [1783599604.657] [/px4_ctrl_bridge]: [px4_bridge] avoidance released -> published /planning/replan
[INFO] [1783599604.705] [/local_avoidance]: [local_avoidance] DEACTIVATED
[WARN] [1783599604.727] [/px4_ctrl_bridge]: [px4_bridge] avoidance released -> published /planning/replan
[WARN] [1783599604.751] [/local_avoidance]: [local_avoidance] ACTIVATED  (min_dist=0.35 m, idx=6354)
[INFO] [1783599604.801] [/local_avoidance]: [local_avoidance] DEACTIVATED
[WARN] [1783599604.827] [/px4_ctrl_bridge]: [px4_bridge] avoidance released -> published /planning/replan
[WARN] [1783599604.851] [/local_avoidance]: [local_avoidance] ACTIVATED  (min_dist=0.35 m, idx=5996)
[INFO] [1783599604.901] [/local_avoidance]: [local_avoidance] DEACTIVATED
[WARN] [1783599604.927] [/px4_ctrl_bridge]: [px4_bridge] avoidance released -> published /planning/replan
[WARN] [1783599604.951] [/local_avoidance]: [local_avoidance] ACTIVATED  (min_dist=0.35 m, idx=6600)
[INFO] [1783599605.002] [/local_avoidance]: [local_avoidance] DEACTIVATED
[WARN] [1783599605.027] [/px4_ctrl_bridge]: [px4_bridge] avoidance released -> published /planning/replan
[WARN] [1783599605.051] [/local_avoidance]: [local_avoidance] ACTIVATED  (min_dist=0.35 m, idx=6356)
[INFO] [1783599605.101] [/local_avoidance]: [local_avoidance] DEACTIVATED
[WARN] [1783599605.137] [/px4_ctrl_bridge]: [px4_bridge] avoidance released -> published /planning/replan
[WARN] [1783599605.152] [/local_avoidance]: [local_avoidance] ACTIVATED  (min_dist=0.35 m, idx=7165)
[WARN] [1783599605.177] [/px4_ctrl_bridge]: [px4_bridge] AVOIDANCE ACTIVE -> forwarding /target_avoidance
[INFO] [1783599605.201] [/local_avoidance]: [local_avoidance] DEACTIVATED
[WARN] [1783599605.217] [/exploration_node]: wait for trigger.
[INFO] [1783599605.228] [/exploration_node]: [EV] [1783599605.227][    +31.1s][WAIT_TRIGGER] Avoidance: Deactivated  <->  Activated | cycling x283 over 30.0s
[WARN] [1783599605.227] [/px4_ctrl_bridge]: [px4_bridge] avoidance released -> published /planning/replan
[WARN] [1783599605.251] [/local_avoidance]: [local_avoidance] ACTIVATED  (min_dist=0.35 m, idx=851)
[INFO] [1783599605.303] [/local_avoidance]: [local_avoidance] DEACTIVATED
[WARN] [1783599605.327] [/px4_ctrl_bridge]: [px4_bridge] avoidance released -> published /planning/replan
[WARN] [1783599605.353] [/local_avoidance]: [local_avoidance] ACTIVATED  (min_dist=0.35 m, idx=7819)
[INFO] [1783599605.407] [/local_avoidance]: [local_avoidance] DEACTIVATED
[WARN] [1783599605.427] [/px4_ctrl_bridge]: [px4_bridge] avoidance released -> published /planning/replan
[WARN] [1783599605.453] [/local_avoidance]: [local_avoidance] ACTIVATED  (min_dist=0.35 m, idx=1515)
[INFO] [1783599605.502] [/local_avoidance]: [local_avoidance] DEACTIVATED
[WARN] [1783599605.527] [/px4_ctrl_bridge]: [px4_bridge] avoidance released -> published /planning/replan
[WARN] [1783599605.551] [/local_avoidance]: [local_avoidance] ACTIVATED  (min_dist=0.35 m, idx=2304)
[INFO] [1783599605.601] [/local_avoidance]: [local_avoidance] DEACTIVATED
[WARN] [1783599605.627] [/px4_ctrl_bridge]: [px4_bridge] avoidance released -> published /planning/replan
[WARN] [1783599605.652] [/local_avoidance]: [local_avoidance] ACTIVATED  (min_dist=0.35 m, idx=1962)
[INFO] [1783599605.701] [/local_avoidance]: [local_avoidance] DEACTIVATED
[WARN] [1783599605.727] [/px4_ctrl_bridge]: [px4_bridge] avoidance released -> published /planning/replan
[WARN] [1783599605.751] [/local_avoidance]: [local_avoidance] ACTIVATED  (min_dist=0.35 m, idx=8607)
[INFO] [1783599605.802] [/local_avoidance]: [local_avoidance] DEACTIVATED
[WARN] [1783599605.828] [/px4_ctrl_bridge]: [px4_bridge] avoidance released -> published /planning/replan
[WARN] [1783599605.852] [/local_avoidance]: [local_avoidance] ACTIVATED  (min_dist=0.35 m, idx=2398)
[INFO] [1783599605.909] [/local_avoidance]: [local_avoidance] DEACTIVATED
[WARN] [1783599605.927] [/px4_ctrl_bridge]: [px4_bridge] avoidance released -> published /planning/replan
[WARN] [1783599605.952] [/local_avoidance]: [local_avoidance] ACTIVATED  (min_dist=0.36 m, idx=3038)
[INFO] [1783599606.003] [/local_avoidance]: [local_avoidance] DEACTIVATED
[WARN] [1783599606.027] [/px4_ctrl_bridge]: [px4_bridge] avoidance released -> published /planning/replan
[WARN] [1783599606.054] [/local_avoidance]: [local_avoidance] ACTIVATED  (min_dist=0.35 m, idx=2654)
[INFO] [1783599606.103] [/local_avoidance]: [local_avoidance] DEACTIVATED
[WARN] [1783599606.127] [/px4_ctrl_bridge]: [px4_bridge] avoidance released -> published /planning/replan
[WARN] [1783599606.152] [/local_avoidance]: [local_avoidance] ACTIVATED  (min_dist=0.35 m, idx=3479)
[WARN] [1783599606.188] [/px4_ctrl_bridge]: [px4_bridge] AVOIDANCE ACTIVE -> forwarding /target_avoidance
[INFO] [1783599606.205] [/local_avoidance]: [local_avoidance] DEACTIVATED
[INFO] [1783599606.224] [/exploration_node]: [EV] [1783599606.224][    +32.1s][WAIT_TRIGGER] BATT 23.5V | voltage=23.73V percent=52%
[WARN] [1783599606.227] [/px4_ctrl_bridge]: [px4_bridge] avoidance released -> published /planning/replan
[WARN] [1783599606.253] [/local_avoidance]: [local_avoidance] ACTIVATED  (min_dist=0.35 m, idx=3221)
[INFO] [1783599606.302] [/local_avoidance]: [local_avoidance] DEACTIVATED
[WARN] [1783599606.327] [/px4_ctrl_bridge]: [px4_bridge] avoidance released -> published /planning/replan
[WARN] [1783599606.351] [/local_avoidance]: [local_avoidance] ACTIVATED  (min_dist=0.37 m, idx=8488)
[INFO] [1783599606.401] [/local_avoidance]: [local_avoidance] DEACTIVATED
[WARN] [1783599606.427] [/px4_ctrl_bridge]: [px4_bridge] avoidance released -> published /planning/replan
[WARN] [1783599606.452] [/local_avoidance]: [local_avoidance] ACTIVATED  (min_dist=0.35 m, idx=3868)
[INFO] [1783599606.502] [/local_avoidance]: [local_avoidance] DEACTIVATED
[WARN] [1783599606.527] [/px4_ctrl_bridge]: [px4_bridge] avoidance released -> published /planning/replan
[WARN] [1783599606.551] [/local_avoidance]: [local_avoidance] ACTIVATED  (min_dist=0.35 m, idx=4861)
[INFO] [1783599606.603] [/local_avoidance]: [local_avoidance] DEACTIVATED
[WARN] [1783599606.628] [/px4_ctrl_bridge]: [px4_bridge] avoidance released -> published /planning/replan
[WARN] [1783599606.680] [/local_avoidance]: [local_avoidance] ACTIVATED  (min_dist=0.35 m, idx=9940)
[INFO] [1783599606.704] [/local_avoidance]: [local_avoidance] DEACTIVATED
[WARN] [1783599606.728] [/px4_ctrl_bridge]: [px4_bridge] avoidance released -> published /planning/replan
[WARN] [1783599606.752] [/local_avoidance]: [local_avoidance] ACTIVATED  (min_dist=0.35 m, idx=9600)
[INFO] [1783599606.802] [/local_avoidance]: [local_avoidance] DEACTIVATED
[WARN] [1783599606.827] [/px4_ctrl_bridge]: [px4_bridge] avoidance released -> published /planning/replan
[WARN] [1783599606.851] [/local_avoidance]: [local_avoidance] ACTIVATED  (min_dist=0.35 m, idx=4772)
[INFO] [1783599606.902] [/local_avoidance]: [local_avoidance] avoiding...  min_dist=0.35 m
[WARN] [1783599607.197] [/px4_ctrl_bridge]: [px4_bridge] AVOIDANCE ACTIVE -> forwarding /target_avoidance
[INFO] [1783599607.907] [/local_avoidance]: [local_avoidance] avoiding...  min_dist=0.36 m
[INFO] [1783599607.980] [/cloud_crop_bridge]: [CloudCrop] 2786 -> 338 pts (12%)
[WARN] [1783599608.210] [/px4_ctrl_bridge]: [px4_bridge] AVOIDANCE ACTIVE -> forwarding /target_avoidance
[INFO] [1783599608.907] [/local_avoidance]: [local_avoidance] avoiding...  min_dist=0.35 m
[WARN] [1783599609.219] [/px4_ctrl_bridge]: [px4_bridge] AVOIDANCE ACTIVE -> forwarding /target_avoidance
[INFO] [1783599609.557] [/local_avoidance]: [local_avoidance] DEACTIVATED
[WARN] [1783599609.578] [/px4_ctrl_bridge]: [px4_bridge] avoidance released -> published /planning/replan
[WARN] [1783599609.603] [/local_avoidance]: [local_avoidance] ACTIVATED  (min_dist=0.35 m, idx=6407)
[INFO] [1783599609.677] [/local_avoidance]: [local_avoidance] DEACTIVATED
[WARN] [1783599609.704] [/local_avoidance]: [local_avoidance] ACTIVATED  (min_dist=0.35 m, idx=294)
[WARN] [1783599609.707] [/px4_ctrl_bridge]: [px4_bridge] avoidance released -> published /planning/replan
[INFO] [1783599609.754] [/local_avoidance]: [local_avoidance] DEACTIVATED
[WARN] [1783599609.777] [/px4_ctrl_bridge]: [px4_bridge] avoidance released -> published /planning/replan
[WARN] [1783599609.804] [/local_avoidance]: [local_avoidance] ACTIVATED  (min_dist=0.35 m, idx=1512)
[INFO] [1783599609.877] [/local_avoidance]: [local_avoidance] DEACTIVATED
[WARN] [1783599609.907] [/px4_ctrl_bridge]: [px4_bridge] avoidance released -> published /planning/replan
[WARN] [1783599609.926] [/local_avoidance]: [local_avoidance] ACTIVATED  (min_dist=0.35 m, idx=1082)
[INFO] [1783599609.960] [/local_avoidance]: [local_avoidance] DEACTIVATED
[WARN] [1783599609.977] [/px4_ctrl_bridge]: [px4_bridge] avoidance released -> published /planning/replan
[WARN] [1783599610.026] [/local_avoidance]: [local_avoidance] ACTIVATED  (min_dist=0.35 m, idx=5745)
[INFO] [1783599610.076] [/local_avoidance]: [local_avoidance] DEACTIVATED
[WARN] [1783599610.106] [/local_avoidance]: [local_avoidance] ACTIVATED  (min_dist=0.35 m, idx=1888)
[WARN] [1783599610.107] [/px4_ctrl_bridge]: [px4_bridge] avoidance released -> published /planning/replan
[INFO] [1783599610.153] [/local_avoidance]: [local_avoidance] DEACTIVATED
[WARN] [1783599610.177] [/px4_ctrl_bridge]: [px4_bridge] avoidance released -> published /planning/replan
[WARN] [1783599610.210] [/local_avoidance]: [local_avoidance] ACTIVATED  (min_dist=0.35 m, idx=2876)
[WARN] [1783599610.220] [/exploration_node]: wait for trigger.
[WARN] [1783599610.227] [/px4_ctrl_bridge]: [px4_bridge] AVOIDANCE ACTIVE -> forwarding /target_avoidance
[INFO] [1783599610.256] [/local_avoidance]: [local_avoidance] DEACTIVATED
[WARN] [1783599610.277] [/px4_ctrl_bridge]: [px4_bridge] avoidance released -> published /planning/replan
[WARN] [1783599610.304] [/local_avoidance]: [local_avoidance] ACTIVATED  (min_dist=0.35 m, idx=8332)
[INFO] [1783599610.355] [/local_avoidance]: [local_avoidance] DEACTIVATED
[WARN] [1783599610.377] [/px4_ctrl_bridge]: [px4_bridge] avoidance released -> published /planning/replan
[WARN] [1783599610.426] [/local_avoidance]: [local_avoidance] ACTIVATED  (min_dist=0.35 m, idx=7085)
[INFO] [1783599610.478] [/local_avoidance]: [local_avoidance] DEACTIVATED
[WARN] [1783599610.505] [/local_avoidance]: [local_avoidance] ACTIVATED  (min_dist=0.35 m, idx=1997)
[WARN] [1783599610.507] [/px4_ctrl_bridge]: [px4_bridge] avoidance released -> published /planning/replan
[INFO] [1783599610.553] [/local_avoidance]: [local_avoidance] DEACTIVATED
[WARN] [1783599610.577] [/px4_ctrl_bridge]: [px4_bridge] avoidance released -> published /planning/replan
[WARN] [1783599610.602] [/local_avoidance]: [local_avoidance] ACTIVATED  (min_dist=0.35 m, idx=1443)
[INFO] [1783599610.654] [/local_avoidance]: [local_avoidance] DEACTIVATED
[WARN] [1783599610.677] [/px4_ctrl_bridge]: [px4_bridge] avoidance released -> published /planning/replan
[WARN] [1783599610.708] [/local_avoidance]: [local_avoidance] ACTIVATED  (min_dist=0.35 m, idx=2652)
[INFO] [1783599610.752] [/local_avoidance]: [local_avoidance] DEACTIVATED
[WARN] [1783599610.777] [/px4_ctrl_bridge]: [px4_bridge] avoidance released -> published /planning/replan
[WARN] [1783599610.810] [/local_avoidance]: [local_avoidance] ACTIVATED  (min_dist=0.35 m, idx=2087)
[INFO] [1783599610.856] [/local_avoidance]: [local_avoidance] DEACTIVATED
[WARN] [1783599610.877] [/px4_ctrl_bridge]: [px4_bridge] avoidance released -> published /planning/replan
[WARN] [1783599610.911] [/local_avoidance]: [local_avoidance] ACTIVATED  (min_dist=0.35 m, idx=2900)
[INFO] [1783599610.959] [/local_avoidance]: [local_avoidance] DEACTIVATED
[WARN] [1783599610.977] [/px4_ctrl_bridge]: [px4_bridge] avoidance released -> published /planning/replan
[WARN] [1783599611.027] [/local_avoidance]: [local_avoidance] ACTIVATED  (min_dist=0.35 m, idx=2423)
[INFO] [1783599611.052] [/local_avoidance]: [local_avoidance] DEACTIVATED
[WARN] [1783599611.087] [/px4_ctrl_bridge]: [px4_bridge] avoidance released -> published /planning/replan
[WARN] [1783599611.101] [/local_avoidance]: [local_avoidance] ACTIVATED  (min_dist=0.35 m, idx=9178)
[INFO] [1783599611.154] [/local_avoidance]: [local_avoidance] DEACTIVATED
[INFO] [1783599611.161] [/mavros]: HP: requesting home position
[WARN] [1783599611.177] [/px4_ctrl_bridge]: [px4_bridge] avoidance released -> published /planning/replan
[WARN] [1783599611.202] [/local_avoidance]: [local_avoidance] ACTIVATED  (min_dist=0.35 m, idx=3190)
[WARN] [1783599611.237] [/px4_ctrl_bridge]: [px4_bridge] AVOIDANCE ACTIVE -> forwarding /target_avoidance
[INFO] [1783599611.251] [/local_avoidance]: [local_avoidance] DEACTIVATED
[WARN] [1783599611.277] [/px4_ctrl_bridge]: [px4_bridge] avoidance released -> published /planning/replan
[WARN] [1783599611.302] [/local_avoidance]: [local_avoidance] ACTIVATED  (min_dist=0.35 m, idx=9646)
[INFO] [1783599611.352] [/local_avoidance]: [local_avoidance] DEACTIVATED
[WARN] [1783599611.377] [/px4_ctrl_bridge]: [px4_bridge] avoidance released -> published /planning/replan
[WARN] [1783599611.402] [/local_avoidance]: [local_avoidance] ACTIVATED  (min_dist=0.35 m, idx=9377)
[INFO] [1783599611.452] [/local_avoidance]: [local_avoidance] DEACTIVATED
[WARN] [1783599611.479] [/px4_ctrl_bridge]: [px4_bridge] avoidance released -> published /planning/replan
[WARN] [1783599611.502] [/local_avoidance]: [local_avoidance] ACTIVATED  (min_dist=0.35 m, idx=4332)
[INFO] [1783599611.553] [/local_avoidance]: [local_avoidance] DEACTIVATED
[WARN] [1783599611.579] [/px4_ctrl_bridge]: [px4_bridge] avoidance released -> published /planning/replan
[WARN] [1783599611.626] [/local_avoidance]: [local_avoidance] ACTIVATED  (min_dist=0.35 m, idx=4366)
[INFO] [1783599611.655] [/local_avoidance]: [local_avoidance] DEACTIVATED
[WARN] [1783599611.677] [/px4_ctrl_bridge]: [px4_bridge] avoidance released -> published /planning/replan
[WARN] [1783599611.703] [/local_avoidance]: [local_avoidance] ACTIVATED  (min_dist=0.36 m, idx=4714)
[INFO] [1783599611.751] [/local_avoidance]: [local_avoidance] DEACTIVATED
[WARN] [1783599611.777] [/px4_ctrl_bridge]: [px4_bridge] avoidance released -> published /planning/replan
[WARN] [1783599611.806] [/local_avoidance]: [local_avoidance] ACTIVATED  (min_dist=0.35 m, idx=9028)
[INFO] [1783599611.852] [/local_avoidance]: [local_avoidance] avoiding...  min_dist=0.38 m
[INFO] [1783599611.951] [/local_avoidance]: [local_avoidance] DEACTIVATED
[WARN] [1783599611.977] [/px4_ctrl_bridge]: [px4_bridge] avoidance released -> published /planning/replan
[WARN] [1783599612.001] [/local_avoidance]: [local_avoidance] ACTIVATED  (min_dist=0.35 m, idx=4985)
[WARN] [1783599612.238] [/px4_ctrl_bridge]: [px4_bridge] AVOIDANCE ACTIVE -> forwarding /target_avoidance
[INFO] [1783599612.903] [/local_avoidance]: [local_avoidance] avoiding...  min_dist=0.35 m
[INFO] [1783599613.004] [/cloud_crop_bridge]: [CloudCrop] 2896 -> 388 pts (13%)
[WARN] [1783599613.247] [/px4_ctrl_bridge]: [px4_bridge] AVOIDANCE ACTIVE -> forwarding /target_avoidance
[INFO] [1783599613.951] [/local_avoidance]: [local_avoidance] avoiding...  min_dist=0.35 m
[INFO] [1783599614.201] [/local_avoidance]: [local_avoidance] DEACTIVATED
[INFO] [1783599614.220] [/exploration_node]: [EV] [1783599614.220][    +40.1s][WAIT_TRIGGER] BATT 23.5V | voltage=23.73V percent=51% (repeated x3)
[WARN] [1783599614.227] [/px4_ctrl_bridge]: [px4_bridge] avoidance released -> published /planning/replan
[WARN] [1783599614.252] [/local_avoidance]: [local_avoidance] ACTIVATED  (min_dist=0.35 m, idx=4812)
[WARN] [1783599614.277] [/px4_ctrl_bridge]: [px4_bridge] AVOIDANCE ACTIVE -> forwarding /target_avoidance
[INFO] [1783599614.401] [/local_avoidance]: [local_avoidance] DEACTIVATED
[WARN] [1783599614.427] [/px4_ctrl_bridge]: [px4_bridge] avoidance released -> published /planning/replan
[WARN] [1783599614.451] [/local_avoidance]: [local_avoidance] ACTIVATED  (min_dist=0.35 m, idx=5176)
[INFO] [1783599614.502] [/local_avoidance]: [local_avoidance] DEACTIVATED
[WARN] [1783599614.527] [/px4_ctrl_bridge]: [px4_bridge] avoidance released -> published /planning/replan
[WARN] [1783599614.551] [/local_avoidance]: [local_avoidance] ACTIVATED  (min_dist=0.35 m, idx=6074)
[INFO] [1783599614.701] [/local_avoidance]: [local_avoidance] DEACTIVATED
[WARN] [1783599614.727] [/px4_ctrl_bridge]: [px4_bridge] avoidance released -> published /planning/replan
[WARN] [1783599614.751] [/local_avoidance]: [local_avoidance] ACTIVATED  (min_dist=0.35 m, idx=6731)
[INFO] [1783599614.801] [/local_avoidance]: [local_avoidance] DEACTIVATED
[WARN] [1783599614.827] [/px4_ctrl_bridge]: [px4_bridge] avoidance released -> published /planning/replan
[WARN] [1783599614.851] [/local_avoidance]: [local_avoidance] ACTIVATED  (min_dist=0.35 m, idx=527)
[INFO] [1783599614.902] [/local_avoidance]: [local_avoidance] DEACTIVATED
[WARN] [1783599614.927] [/px4_ctrl_bridge]: [px4_bridge] avoidance released -> published /planning/replan
[WARN] [1783599614.951] [/local_avoidance]: [local_avoidance] ACTIVATED  (min_dist=0.35 m, idx=1136)
[INFO] [1783599615.009] [/local_avoidance]: [local_avoidance] DEACTIVATED
[WARN] [1783599615.027] [/px4_ctrl_bridge]: [px4_bridge] avoidance released -> published /planning/replan
[WARN] [1783599615.051] [/local_avoidance]: [local_avoidance] ACTIVATED  (min_dist=0.35 m, idx=1146)
[INFO] [1783599615.104] [/local_avoidance]: [local_avoidance] DEACTIVATED
[WARN] [1783599615.127] [/px4_ctrl_bridge]: [px4_bridge] avoidance released -> published /planning/replan
[WARN] [1783599615.152] [/local_avoidance]: [local_avoidance] ACTIVATED  (min_dist=0.35 m, idx=7423)
[INFO] [1783599615.201] [/local_avoidance]: [local_avoidance] DEACTIVATED
[WARN] [1783599615.227] [/exploration_node]: wait for trigger.
[WARN] [1783599615.227] [/px4_ctrl_bridge]: [px4_bridge] avoidance released -> published /planning/replan
[WARN] [1783599615.252] [/local_avoidance]: [local_avoidance] ACTIVATED  (min_dist=0.35 m, idx=1314)
[WARN] [1783599615.278] [/px4_ctrl_bridge]: [px4_bridge] AVOIDANCE ACTIVE -> forwarding /target_avoidance
[INFO] [1783599615.303] [/local_avoidance]: [local_avoidance] DEACTIVATED
[WARN] [1783599615.327] [/px4_ctrl_bridge]: [px4_bridge] avoidance released -> published /planning/replan
[WARN] [1783599615.352] [/local_avoidance]: [local_avoidance] ACTIVATED  (min_dist=0.35 m, idx=7979)
[INFO] [1783599615.401] [/local_avoidance]: [local_avoidance] DEACTIVATED
[WARN] [1783599615.427] [/px4_ctrl_bridge]: [px4_bridge] avoidance released -> published /planning/replan
[WARN] [1783599615.452] [/local_avoidance]: [local_avoidance] ACTIVATED  (min_dist=0.35 m, idx=1762)
[INFO] [1783599615.501] [/local_avoidance]: [local_avoidance] DEACTIVATED
[WARN] [1783599615.527] [/px4_ctrl_bridge]: [px4_bridge] avoidance released -> published /planning/replan
[WARN] [1783599615.552] [/local_avoidance]: [local_avoidance] ACTIVATED  (min_dist=0.35 m, idx=7434)
[INFO] [1783599615.601] [/local_avoidance]: [local_avoidance] DEACTIVATED
[WARN] [1783599615.627] [/px4_ctrl_bridge]: [px4_bridge] avoidance released -> published /planning/replan
[WARN] [1783599615.651] [/local_avoidance]: [local_avoidance] ACTIVATED  (min_dist=0.35 m, idx=8210)
[INFO] [1783599615.701] [/local_avoidance]: [local_avoidance] DEACTIVATED
[WARN] [1783599615.729] [/px4_ctrl_bridge]: [px4_bridge] avoidance released -> published /planning/replan
[WARN] [1783599615.751] [/local_avoidance]: [local_avoidance] ACTIVATED  (min_dist=0.35 m, idx=3543)
[INFO] [1783599615.801] [/local_avoidance]: [local_avoidance] DEACTIVATED
[WARN] [1783599615.827] [/px4_ctrl_bridge]: [px4_bridge] avoidance released -> published /planning/replan
[WARN] [1783599615.851] [/local_avoidance]: [local_avoidance] ACTIVATED  (min_dist=0.35 m, idx=8610)
[INFO] [1783599615.905] [/local_avoidance]: [local_avoidance] DEACTIVATED
[WARN] [1783599615.927] [/px4_ctrl_bridge]: [px4_bridge] avoidance released -> published /planning/replan
[WARN] [1783599615.957] [/local_avoidance]: [local_avoidance] ACTIVATED  (min_dist=0.36 m, idx=8168)
[INFO] [1783599616.005] [/local_avoidance]: [local_avoidance] DEACTIVATED
[WARN] [1783599616.030] [/px4_ctrl_bridge]: [px4_bridge] avoidance released -> published /planning/replan
[WARN] [1783599616.052] [/local_avoidance]: [local_avoidance] ACTIVATED  (min_dist=0.35 m, idx=4370)
[INFO] [1783599616.103] [/local_avoidance]: [local_avoidance] DEACTIVATED
[WARN] [1783599616.127] [/px4_ctrl_bridge]: [px4_bridge] avoidance released -> published /planning/replan
[WARN] [1783599616.151] [/local_avoidance]: [local_avoidance] ACTIVATED  (min_dist=0.35 m, idx=8608)
[INFO] [1783599616.201] [/local_avoidance]: [local_avoidance] DEACTIVATED
[WARN] [1783599616.228] [/px4_ctrl_bridge]: [px4_bridge] avoidance released -> published /planning/replan
[WARN] [1783599616.251] [/local_avoidance]: [local_avoidance] ACTIVATED  (min_dist=0.35 m, idx=9296)
[WARN] [1783599616.287] [/px4_ctrl_bridge]: [px4_bridge] AVOIDANCE ACTIVE -> forwarding /target_avoidance
[INFO] [1783599616.302] [/local_avoidance]: [local_avoidance] DEACTIVATED
[WARN] [1783599616.327] [/px4_ctrl_bridge]: [px4_bridge] avoidance released -> published /planning/replan
[WARN] [1783599616.352] [/local_avoidance]: [local_avoidance] ACTIVATED  (min_dist=0.35 m, idx=9152)
[INFO] [1783599616.402] [/local_avoidance]: [local_avoidance] DEACTIVATED
[WARN] [1783599616.427] [/px4_ctrl_bridge]: [px4_bridge] avoidance released -> published /planning/replan
[WARN] [1783599616.451] [/local_avoidance]: [local_avoidance] ACTIVATED  (min_dist=0.35 m, idx=4109)
[INFO] [1783599616.506] [/local_avoidance]: [local_avoidance] DEACTIVATED
[WARN] [1783599616.527] [/px4_ctrl_bridge]: [px4_bridge] avoidance released -> published /planning/replan
[WARN] [1783599616.551] [/local_avoidance]: [local_avoidance] ACTIVATED  (min_dist=0.35 m, idx=3659)
[INFO] [1783599616.601] [/local_avoidance]: [local_avoidance] DEACTIVATED
[WARN] [1783599616.627] [/px4_ctrl_bridge]: [px4_bridge] avoidance released -> published /planning/replan
[WARN] [1783599616.651] [/local_avoidance]: [local_avoidance] ACTIVATED  (min_dist=0.35 m, idx=4476)
[INFO] [1783599616.702] [/local_avoidance]: [local_avoidance] avoiding...  min_dist=0.35 m
[INFO] [1783599616.802] [/local_avoidance]: [local_avoidance] DEACTIVATED
[WARN] [1783599616.828] [/px4_ctrl_bridge]: [px4_bridge] avoidance released -> published /planning/replan
[WARN] [1783599616.852] [/local_avoidance]: [local_avoidance] ACTIVATED  (min_dist=0.35 m, idx=4912)
[WARN] [1783599617.287] [/px4_ctrl_bridge]: [px4_bridge] AVOIDANCE ACTIVE -> forwarding /target_avoidance
[INFO] [1783599617.706] [/local_avoidance]: [local_avoidance] avoiding...  min_dist=0.36 m
[INFO] [1783599618.004] [/cloud_crop_bridge]: [CloudCrop] 2895 -> 321 pts (11%)
[INFO] [1783599618.221] [/exploration_node]: [EV] [1783599618.221][    +44.1s][WAIT_TRIGGER] BATT 23.5V | voltage=23.73V percent=52% (repeated x1)
[WARN] [1783599618.288] [/px4_ctrl_bridge]: [px4_bridge] AVOIDANCE ACTIVE -> forwarding /target_avoidance
[INFO] [1783599618.751] [/local_avoidance]: [local_avoidance] avoiding...  min_dist=0.36 m
[WARN] [1783599619.297] [/px4_ctrl_bridge]: [px4_bridge] AVOIDANCE ACTIVE -> forwarding /target_avoidance
[INFO] [1783599619.353] [/local_avoidance]: [local_avoidance] DEACTIVATED
[WARN] [1783599619.377] [/px4_ctrl_bridge]: [px4_bridge] avoidance released -> published /planning/replan
[WARN] [1783599619.401] [/local_avoidance]: [local_avoidance] ACTIVATED  (min_dist=0.37 m, idx=4547)
[INFO] [1783599619.555] [/local_avoidance]: [local_avoidance] DEACTIVATED
[WARN] [1783599619.577] [/px4_ctrl_bridge]: [px4_bridge] avoidance released -> published /planning/replan
[WARN] [1783599619.627] [/local_avoidance]: [local_avoidance] ACTIVATED  (min_dist=0.36 m, idx=5420)
[INFO] [1783599619.654] [/local_avoidance]: [local_avoidance] DEACTIVATED
[WARN] [1783599619.677] [/px4_ctrl_bridge]: [px4_bridge] avoidance released -> published /planning/replan
[WARN] [1783599619.704] [/local_avoidance]: [local_avoidance] ACTIVATED  (min_dist=0.35 m, idx=469)
[INFO] [1783599619.752] [/local_avoidance]: [local_avoidance] DEACTIVATED
[WARN] [1783599619.777] [/px4_ctrl_bridge]: [px4_bridge] avoidance released -> published /planning/replan
[WARN] [1783599619.801] [/local_avoidance]: [local_avoidance] ACTIVATED  (min_dist=0.36 m, idx=1692)
[INFO] [1783599619.852] [/local_avoidance]: [local_avoidance] DEACTIVATED
[WARN] [1783599619.877] [/px4_ctrl_bridge]: [px4_bridge] avoidance released -> published /planning/replan
[WARN] [1783599619.904] [/local_avoidance]: [local_avoidance] ACTIVATED  (min_dist=0.35 m, idx=6832)
[INFO] [1783599619.955] [/local_avoidance]: [local_avoidance] DEACTIVATED
[WARN] [1783599619.977] [/px4_ctrl_bridge]: [px4_bridge] avoidance released -> published /planning/replan
[WARN] [1783599620.002] [/local_avoidance]: [local_avoidance] ACTIVATED  (min_dist=0.35 m, idx=6500)
[INFO] [1783599620.051] [/local_avoidance]: [local_avoidance] DEACTIVATED
[WARN] [1783599620.077] [/px4_ctrl_bridge]: [px4_bridge] avoidance released -> published /planning/replan
[WARN] [1783599620.101] [/local_avoidance]: [local_avoidance] ACTIVATED  (min_dist=0.35 m, idx=7193)
[INFO] [1783599620.151] [/local_avoidance]: [local_avoidance] DEACTIVATED
[WARN] [1783599620.178] [/px4_ctrl_bridge]: [px4_bridge] avoidance released -> published /planning/replan
[WARN] [1783599620.202] [/local_avoidance]: [local_avoidance] ACTIVATED  (min_dist=0.35 m, idx=899)
[WARN] [1783599620.227] [/exploration_node]: wait for trigger.
[INFO] [1783599620.255] [/local_avoidance]: [local_avoidance] DEACTIVATED
[WARN] [1783599620.277] [/px4_ctrl_bridge]: [px4_bridge] avoidance released -> published /planning/replan
[WARN] [1783599620.308] [/local_avoidance]: [local_avoidance] ACTIVATED  (min_dist=0.35 m, idx=1900)
[WARN] [1783599620.327] [/px4_ctrl_bridge]: [px4_bridge] AVOIDANCE ACTIVE -> forwarding /target_avoidance
[INFO] [1783599620.358] [/local_avoidance]: [local_avoidance] DEACTIVATED
[WARN] [1783599620.377] [/px4_ctrl_bridge]: [px4_bridge] avoidance released -> published /planning/replan
[WARN] [1783599620.404] [/local_avoidance]: [local_avoidance] ACTIVATED  (min_dist=0.35 m, idx=3148)
[INFO] [1783599620.452] [/local_avoidance]: [local_avoidance] DEACTIVATED
[WARN] [1783599620.477] [/px4_ctrl_bridge]: [px4_bridge] avoidance released -> published /planning/replan
[WARN] [1783599620.512] [/local_avoidance]: [local_avoidance] ACTIVATED  (min_dist=0.35 m, idx=8110)
[INFO] [1783599620.551] [/local_avoidance]: [local_avoidance] DEACTIVATED
[WARN] [1783599620.577] [/px4_ctrl_bridge]: [px4_bridge] avoidance released -> published /planning/replan
[WARN] [1783599620.602] [/local_avoidance]: [local_avoidance] ACTIVATED  (min_dist=0.35 m, idx=2002)
[INFO] [1783599620.651] [/local_avoidance]: [local_avoidance] DEACTIVATED
[WARN] [1783599620.679] [/px4_ctrl_bridge]: [px4_bridge] avoidance released -> published /planning/replan
[WARN] [1783599620.702] [/local_avoidance]: [local_avoidance] ACTIVATED  (min_dist=0.35 m, idx=8562)
[INFO] [1783599620.751] [/local_avoidance]: [local_avoidance] DEACTIVATED
[WARN] [1783599620.777] [/px4_ctrl_bridge]: [px4_bridge] avoidance released -> published /planning/replan
[WARN] [1783599620.828] [/local_avoidance]: [local_avoidance] ACTIVATED  (min_dist=0.35 m, idx=8383)
[INFO] [1783599620.877] [/local_avoidance]: [local_avoidance] DEACTIVATED
[WARN] [1783599620.907] [/px4_ctrl_bridge]: [px4_bridge] avoidance released -> published /planning/replan
[WARN] [1783599620.926] [/local_avoidance]: [local_avoidance] ACTIVATED  (min_dist=0.35 m, idx=3728)
[INFO] [1783599620.951] [/local_avoidance]: [local_avoidance] DEACTIVATED
[WARN] [1783599620.977] [/px4_ctrl_bridge]: [px4_bridge] avoidance released -> published /planning/replan
[WARN] [1783599621.004] [/local_avoidance]: [local_avoidance] ACTIVATED  (min_dist=0.35 m, idx=2698)
[INFO] [1783599621.051] [/local_avoidance]: [local_avoidance] DEACTIVATED
[WARN] [1783599621.077] [/px4_ctrl_bridge]: [px4_bridge] avoidance released -> published /planning/replan
[WARN] [1783599621.102] [/local_avoidance]: [local_avoidance] ACTIVATED  (min_dist=0.36 m, idx=3726)
[INFO] [1783599621.151] [/local_avoidance]: [local_avoidance] DEACTIVATED
[INFO] [1783599621.162] [/mavros]: HP: requesting home position
[WARN] [1783599621.178] [/px4_ctrl_bridge]: [px4_bridge] avoidance released -> published /planning/replan
[WARN] [1783599621.202] [/local_avoidance]: [local_avoidance] ACTIVATED  (min_dist=0.35 m, idx=3245)
[INFO] [1783599621.251] [/local_avoidance]: [local_avoidance] DEACTIVATED
[WARN] [1783599621.277] [/px4_ctrl_bridge]: [px4_bridge] avoidance released -> published /planning/replan
[WARN] [1783599621.302] [/local_avoidance]: [local_avoidance] ACTIVATED  (min_dist=0.36 m, idx=4163)
[WARN] [1783599621.337] [/px4_ctrl_bridge]: [px4_bridge] AVOIDANCE ACTIVE -> forwarding /target_avoidance
[INFO] [1783599621.351] [/local_avoidance]: [local_avoidance] DEACTIVATED
[WARN] [1783599621.377] [/px4_ctrl_bridge]: [px4_bridge] avoidance released -> published /planning/replan
[WARN] [1783599621.405] [/local_avoidance]: [local_avoidance] ACTIVATED  (min_dist=0.35 m, idx=9620)
[INFO] [1783599621.452] [/local_avoidance]: [local_avoidance] DEACTIVATED
[WARN] [1783599621.480] [/px4_ctrl_bridge]: [px4_bridge] avoidance released -> published /planning/replan
[WARN] [1783599621.501] [/local_avoidance]: [local_avoidance] ACTIVATED  (min_dist=0.35 m, idx=9383)
[INFO] [1783599621.551] [/local_avoidance]: [local_avoidance] DEACTIVATED
[WARN] [1783599621.579] [/px4_ctrl_bridge]: [px4_bridge] avoidance released -> published /planning/replan
[WARN] [1783599621.601] [/local_avoidance]: [local_avoidance] ACTIVATED  (min_dist=0.35 m, idx=5589)
[INFO] [1783599621.651] [/local_avoidance]: [local_avoidance] avoiding...  min_dist=0.35 m
[INFO] [1783599621.751] [/local_avoidance]: [local_avoidance] DEACTIVATED
[WARN] [1783599621.777] [/px4_ctrl_bridge]: [px4_bridge] avoidance released -> published /planning/replan
[WARN] [1783599621.801] [/local_avoidance]: [local_avoidance] ACTIVATED  (min_dist=0.35 m, idx=4912)
[INFO] [1783599622.219] [/exploration_node]: [EV] [1783599622.219][    +48.1s][WAIT_TRIGGER] BATT 23.5V | voltage=23.73V percent=51% (repeated x1)
[WARN] [1783599622.337] [/px4_ctrl_bridge]: [px4_bridge] AVOIDANCE ACTIVE -> forwarding /target_avoidance
[INFO] [1783599622.657] [/local_avoidance]: [local_avoidance] avoiding...  min_dist=0.35 m
[INFO] [1783599623.018] [/cloud_crop_bridge]: [CloudCrop] 2633 -> 219 pts (8%)
[WARN] [1783599623.347] [/px4_ctrl_bridge]: [px4_bridge] AVOIDANCE ACTIVE -> forwarding /target_avoidance
[INFO] [1783599623.703] [/local_avoidance]: [local_avoidance] avoiding...  min_dist=0.35 m
[INFO] [1783599624.301] [/local_avoidance]: [local_avoidance] DEACTIVATED
[WARN] [1783599624.328] [/px4_ctrl_bridge]: [px4_bridge] avoidance released -> published /planning/replan
[WARN] [1783599624.352] [/local_avoidance]: [local_avoidance] ACTIVATED  (min_dist=0.35 m, idx=428)
[WARN] [1783599624.377] [/px4_ctrl_bridge]: [px4_bridge] AVOIDANCE ACTIVE -> forwarding /target_avoidance
[INFO] [1783599624.501] [/local_avoidance]: [local_avoidance] DEACTIVATED
[WARN] [1783599624.527] [/px4_ctrl_bridge]: [px4_bridge] avoidance released -> published /planning/replan
[WARN] [1783599624.551] [/local_avoidance]: [local_avoidance] ACTIVATED  (min_dist=0.35 m, idx=6726)
[INFO] [1783599624.601] [/local_avoidance]: [local_avoidance] DEACTIVATED
[WARN] [1783599624.627] [/px4_ctrl_bridge]: [px4_bridge] avoidance released -> published /planning/replan
[WARN] [1783599624.651] [/local_avoidance]: [local_avoidance] ACTIVATED  (min_dist=0.35 m, idx=330)
[INFO] [1783599624.701] [/local_avoidance]: [local_avoidance] DEACTIVATED
[WARN] [1783599624.727] [/px4_ctrl_bridge]: [px4_bridge] avoidance released -> published /planning/replan
[WARN] [1783599624.752] [/local_avoidance]: [local_avoidance] ACTIVATED  (min_dist=0.35 m, idx=1814)
[INFO] [1783599624.801] [/local_avoidance]: [local_avoidance] DEACTIVATED
[WARN] [1783599624.827] [/px4_ctrl_bridge]: [px4_bridge] avoidance released -> published /planning/replan
[WARN] [1783599624.852] [/local_avoidance]: [local_avoidance] ACTIVATED  (min_dist=0.35 m, idx=582)
[INFO] [1783599624.901] [/local_avoidance]: [local_avoidance] DEACTIVATED
[WARN] [1783599624.927] [/px4_ctrl_bridge]: [px4_bridge] avoidance released -> published /planning/replan
[WARN] [1783599624.951] [/local_avoidance]: [local_avoidance] ACTIVATED  (min_dist=0.36 m, idx=1499)
[INFO] [1783599625.002] [/local_avoidance]: [local_avoidance] DEACTIVATED
[WARN] [1783599625.027] [/px4_ctrl_bridge]: [px4_bridge] avoidance released -> published /planning/replan
[WARN] [1783599625.051] [/local_avoidance]: [local_avoidance] ACTIVATED  (min_dist=0.35 m, idx=7126)
[INFO] [1783599625.101] [/local_avoidance]: [local_avoidance] DEACTIVATED
[WARN] [1783599625.127] [/px4_ctrl_bridge]: [px4_bridge] avoidance released -> published /planning/replan
[WARN] [1783599625.151] [/local_avoidance]: [local_avoidance] ACTIVATED  (min_dist=0.37 m, idx=1943)
[INFO] [1783599625.201] [/local_avoidance]: [local_avoidance] DEACTIVATED
[WARN] [1783599625.227] [/px4_ctrl_bridge]: [px4_bridge] avoidance released -> published /planning/replan
[WARN] [1783599625.237] [/exploration_node]: wait for trigger.
[WARN] [1783599625.252] [/local_avoidance]: [local_avoidance] ACTIVATED  (min_dist=0.35 m, idx=1501)
[INFO] [1783599625.302] [/local_avoidance]: [local_avoidance] DEACTIVATED
[WARN] [1783599625.327] [/px4_ctrl_bridge]: [px4_bridge] avoidance released -> published /planning/replan
[WARN] [1783599625.352] [/local_avoidance]: [local_avoidance] ACTIVATED  (min_dist=0.36 m, idx=7092)
[WARN] [1783599625.387] [/px4_ctrl_bridge]: [px4_bridge] AVOIDANCE ACTIVE -> forwarding /target_avoidance
[INFO] [1783599625.402] [/local_avoidance]: [local_avoidance] DEACTIVATED
[WARN] [1783599625.428] [/px4_ctrl_bridge]: [px4_bridge] avoidance released -> published /planning/replan
[WARN] [1783599625.455] [/local_avoidance]: [local_avoidance] ACTIVATED  (min_dist=0.35 m, idx=7768)
[INFO] [1783599625.501] [/local_avoidance]: [local_avoidance] DEACTIVATED
[WARN] [1783599625.527] [/px4_ctrl_bridge]: [px4_bridge] avoidance released -> published /planning/replan
[WARN] [1783599625.552] [/local_avoidance]: [local_avoidance] ACTIVATED  (min_dist=0.35 m, idx=3272)
[INFO] [1783599625.601] [/local_avoidance]: [local_avoidance] DEACTIVATED
[WARN] [1783599625.628] [/px4_ctrl_bridge]: [px4_bridge] avoidance released -> published /planning/replan
[WARN] [1783599625.651] [/local_avoidance]: [local_avoidance] ACTIVATED  (min_dist=0.35 m, idx=8329)
[INFO] [1783599625.702] [/local_avoidance]: [local_avoidance] DEACTIVATED
[WARN] [1783599625.727] [/px4_ctrl_bridge]: [px4_bridge] avoidance released -> published /planning/replan
[WARN] [1783599625.752] [/local_avoidance]: [local_avoidance] ACTIVATED  (min_dist=0.36 m, idx=8076)
[INFO] [1783599625.802] [/local_avoidance]: [local_avoidance] DEACTIVATED
[WARN] [1783599625.827] [/px4_ctrl_bridge]: [px4_bridge] avoidance released -> published /planning/replan
[WARN] [1783599625.852] [/local_avoidance]: [local_avoidance] ACTIVATED  (min_dist=0.35 m, idx=8765)
[INFO] [1783599625.903] [/local_avoidance]: [local_avoidance] DEACTIVATED
[WARN] [1783599625.927] [/px4_ctrl_bridge]: [px4_bridge] avoidance released -> published /planning/replan
[WARN] [1783599625.951] [/local_avoidance]: [local_avoidance] ACTIVATED  (min_dist=0.35 m, idx=2683)
[INFO] [1783599626.003] [/local_avoidance]: [local_avoidance] DEACTIVATED
[WARN] [1783599626.027] [/px4_ctrl_bridge]: [px4_bridge] avoidance released -> published /planning/replan
[WARN] [1783599626.052] [/local_avoidance]: [local_avoidance] ACTIVATED  (min_dist=0.35 m, idx=3384)
[INFO] [1783599626.102] [/local_avoidance]: [local_avoidance] DEACTIVATED
[WARN] [1783599626.127] [/px4_ctrl_bridge]: [px4_bridge] avoidance released -> published /planning/replan
[WARN] [1783599626.155] [/local_avoidance]: [local_avoidance] ACTIVATED  (min_dist=0.35 m, idx=3131)
[INFO] [1783599626.201] [/local_avoidance]: [local_avoidance] DEACTIVATED
[WARN] [1783599626.227] [/px4_ctrl_bridge]: [px4_bridge] avoidance released -> published /planning/replan
[WARN] [1783599626.251] [/local_avoidance]: [local_avoidance] ACTIVATED  (min_dist=0.35 m, idx=9775)
[INFO] [1783599626.301] [/local_avoidance]: [local_avoidance] DEACTIVATED
[WARN] [1783599626.327] [/px4_ctrl_bridge]: [px4_bridge] avoidance released -> published /planning/replan
[WARN] [1783599626.351] [/local_avoidance]: [local_avoidance] ACTIVATED  (min_dist=0.35 m, idx=9421)
[WARN] [1783599626.397] [/px4_ctrl_bridge]: [px4_bridge] AVOIDANCE ACTIVE -> forwarding /target_avoidance
[INFO] [1783599626.402] [/local_avoidance]: [local_avoidance] DEACTIVATED
[WARN] [1783599626.427] [/px4_ctrl_bridge]: [px4_bridge] avoidance released -> published /planning/replan
[WARN] [1783599626.452] [/local_avoidance]: [local_avoidance] ACTIVATED  (min_dist=0.35 m, idx=10231)
[INFO] [1783599626.501] [/local_avoidance]: [local_avoidance] DEACTIVATED
[WARN] [1783599626.527] [/px4_ctrl_bridge]: [px4_bridge] avoidance released -> published /planning/replan
[WARN] [1783599626.551] [/local_avoidance]: [local_avoidance] ACTIVATED  (min_dist=0.35 m, idx=3830)
[INFO] [1783599626.601] [/local_avoidance]: [local_avoidance] avoiding...  min_dist=0.38 m
[INFO] [1783599626.901] [/local_avoidance]: [local_avoidance] DEACTIVATED
[WARN] [1783599626.927] [/px4_ctrl_bridge]: [px4_bridge] avoidance released -> published /planning/replan
[WARN] [1783599626.952] [/local_avoidance]: [local_avoidance] ACTIVATED  (min_dist=0.35 m, idx=4841)
[WARN] [1783599627.397] [/px4_ctrl_bridge]: [px4_bridge] AVOIDANCE ACTIVE -> forwarding /target_avoidance
[INFO] [1783599627.602] [/local_avoidance]: [local_avoidance] avoiding...  min_dist=0.35 m
[INFO] [1783599628.054] [/cloud_crop_bridge]: [CloudCrop] 2993 -> 414 pts (14%)
[WARN] [1783599628.397] [/px4_ctrl_bridge]: [px4_bridge] AVOIDANCE ACTIVE -> forwarding /target_avoidance
[INFO] [1783599628.627] [/local_avoidance]: [local_avoidance] avoiding...  min_dist=0.37 m
[INFO] [1783599629.352] [/local_avoidance]: [local_avoidance] DEACTIVATED
[WARN] [1783599629.377] [/px4_ctrl_bridge]: [px4_bridge] avoidance released -> published /planning/replan
[WARN] [1783599629.401] [/local_avoidance]: [local_avoidance] ACTIVATED  (min_dist=0.35 m, idx=5128)
[WARN] [1783599629.427] [/px4_ctrl_bridge]: [px4_bridge] AVOIDANCE ACTIVE -> forwarding /target_avoidance
[INFO] [1783599629.451] [/local_avoidance]: [local_avoidance] DEACTIVATED
[WARN] [1783599629.477] [/px4_ctrl_bridge]: [px4_bridge] avoidance released -> published /planning/replan
[WARN] [1783599629.501] [/local_avoidance]: [local_avoidance] ACTIVATED  (min_dist=0.35 m, idx=6017)
[INFO] [1783599629.651] [/local_avoidance]: [local_avoidance] DEACTIVATED
[WARN] [1783599629.677] [/px4_ctrl_bridge]: [px4_bridge] avoidance released -> published /planning/replan
[WARN] [1783599629.701] [/local_avoidance]: [local_avoidance] ACTIVATED  (min_dist=0.35 m, idx=6679)
[INFO] [1783599629.752] [/local_avoidance]: [local_avoidance] DEACTIVATED
[WARN] [1783599629.777] [/px4_ctrl_bridge]: [px4_bridge] avoidance released -> published /planning/replan
[WARN] [1783599629.802] [/local_avoidance]: [local_avoidance] ACTIVATED  (min_dist=0.35 m, idx=367)
[INFO] [1783599629.851] [/local_avoidance]: [local_avoidance] DEACTIVATED
[WARN] [1783599629.878] [/px4_ctrl_bridge]: [px4_bridge] avoidance released -> published /planning/replan
[WARN] [1783599629.902] [/local_avoidance]: [local_avoidance] ACTIVATED  (min_dist=0.35 m, idx=1383)
[INFO] [1783599629.951] [/local_avoidance]: [local_avoidance] DEACTIVATED
[WARN] [1783599629.978] [/px4_ctrl_bridge]: [px4_bridge] avoidance released -> published /planning/replan
[WARN] [1783599630.001] [/local_avoidance]: [local_avoidance] ACTIVATED  (min_dist=0.35 m, idx=922)
[INFO] [1783599630.053] [/local_avoidance]: [local_avoidance] DEACTIVATED
[WARN] [1783599630.077] [/px4_ctrl_bridge]: [px4_bridge] avoidance released -> published /planning/replan
[WARN] [1783599630.101] [/local_avoidance]: [local_avoidance] ACTIVATED  (min_dist=0.35 m, idx=7471)
[INFO] [1783599630.151] [/local_avoidance]: [local_avoidance] DEACTIVATED
[WARN] [1783599630.177] [/px4_ctrl_bridge]: [px4_bridge] avoidance released -> published /planning/replan
[WARN] [1783599630.202] [/local_avoidance]: [local_avoidance] ACTIVATED  (min_dist=0.35 m, idx=1166)
[WARN] [1783599630.237] [/exploration_node]: wait for trigger.
[INFO] [1783599630.251] [/local_avoidance]: [local_avoidance] DEACTIVATED
[WARN] [1783599630.277] [/px4_ctrl_bridge]: [px4_bridge] avoidance released -> published /planning/replan
[WARN] [1783599630.301] [/local_avoidance]: [local_avoidance] ACTIVATED  (min_dist=0.35 m, idx=2448)
[INFO] [1783599630.352] [/local_avoidance]: [local_avoidance] DEACTIVATED
[WARN] [1783599630.377] [/px4_ctrl_bridge]: [px4_bridge] avoidance released -> published /planning/replan
[WARN] [1783599630.401] [/local_avoidance]: [local_avoidance] ACTIVATED  (min_dist=0.35 m, idx=1626)
[WARN] [1783599630.437] [/px4_ctrl_bridge]: [px4_bridge] AVOIDANCE ACTIVE -> forwarding /target_avoidance
[INFO] [1783599630.452] [/local_avoidance]: [local_avoidance] DEACTIVATED
[WARN] [1783599630.477] [/px4_ctrl_bridge]: [px4_bridge] avoidance released -> published /planning/replan
[WARN] [1783599630.502] [/local_avoidance]: [local_avoidance] ACTIVATED  (min_dist=0.36 m, idx=7319)
[INFO] [1783599630.551] [/local_avoidance]: [local_avoidance] DEACTIVATED
[WARN] [1783599630.577] [/px4_ctrl_bridge]: [px4_bridge] avoidance released -> published /planning/replan
[WARN] [1783599630.601] [/local_avoidance]: [local_avoidance] ACTIVATED  (min_dist=0.35 m, idx=2065)
[INFO] [1783599630.652] [/local_avoidance]: [local_avoidance] DEACTIVATED
[WARN] [1783599630.677] [/px4_ctrl_bridge]: [px4_bridge] avoidance released -> published /planning/replan
[WARN] [1783599630.701] [/local_avoidance]: [local_avoidance] ACTIVATED  (min_dist=0.37 m, idx=2990)
[INFO] [1783599630.751] [/local_avoidance]: [local_avoidance] DEACTIVATED
[WARN] [1783599630.778] [/px4_ctrl_bridge]: [px4_bridge] avoidance released -> published /planning/replan
[WARN] [1783599630.801] [/local_avoidance]: [local_avoidance] ACTIVATED  (min_dist=0.35 m, idx=2613)
[INFO] [1783599630.854] [/local_avoidance]: [local_avoidance] DEACTIVATED
[WARN] [1783599630.885] [/px4_ctrl_bridge]: [px4_bridge] avoidance released -> published /planning/replan
[WARN] [1783599630.901] [/local_avoidance]: [local_avoidance] ACTIVATED  (min_dist=0.36 m, idx=8124)
[INFO] [1783599630.976] [/local_avoidance]: [local_avoidance] DEACTIVATED
[WARN] [1783599631.002] [/local_avoidance]: [local_avoidance] ACTIVATED  (min_dist=0.35 m, idx=9490)
[WARN] [1783599631.007] [/px4_ctrl_bridge]: [px4_bridge] avoidance released -> published /planning/replan
[INFO] [1783599631.076] [/local_avoidance]: [local_avoidance] DEACTIVATED
[WARN] [1783599631.101] [/local_avoidance]: [local_avoidance] ACTIVATED  (min_dist=0.35 m, idx=8748)
[WARN] [1783599631.108] [/px4_ctrl_bridge]: [px4_bridge] avoidance released -> published /planning/replan
[INFO] [1783599631.151] [/local_avoidance]: [local_avoidance] DEACTIVATED
[INFO] [1783599631.162] [/mavros]: HP: requesting home position
[WARN] [1783599631.177] [/px4_ctrl_bridge]: [px4_bridge] avoidance released -> published /planning/replan
[WARN] [1783599631.205] [/local_avoidance]: [local_avoidance] ACTIVATED  (min_dist=0.35 m, idx=3728)
[INFO] [1783599631.254] [/local_avoidance]: [local_avoidance] DEACTIVATED
[WARN] [1783599631.277] [/px4_ctrl_bridge]: [px4_bridge] avoidance released -> published /planning/replan
[WARN] [1783599631.303] [/local_avoidance]: [local_avoidance] ACTIVATED  (min_dist=0.36 m, idx=9112)
[INFO] [1783599631.371] [/local_avoidance]: [local_avoidance] DEACTIVATED
[WARN] [1783599631.378] [/px4_ctrl_bridge]: [px4_bridge] avoidance released -> published /planning/replan
[WARN] [1783599631.404] [/local_avoidance]: [local_avoidance] ACTIVATED  (min_dist=0.35 m, idx=9809)
[WARN] [1783599631.437] [/px4_ctrl_bridge]: [px4_bridge] AVOIDANCE ACTIVE -> forwarding /target_avoidance
[INFO] [1783599631.451] [/local_avoidance]: [local_avoidance] DEACTIVATED
[WARN] [1783599631.477] [/px4_ctrl_bridge]: [px4_bridge] avoidance released -> published /planning/replan
[WARN] [1783599631.501] [/local_avoidance]: [local_avoidance] ACTIVATED  (min_dist=0.35 m, idx=3515)
[INFO] [1783599631.554] [/local_avoidance]: [local_avoidance] DEACTIVATED
[WARN] [1783599631.577] [/px4_ctrl_bridge]: [px4_bridge] avoidance released -> published /planning/replan
[WARN] [1783599631.627] [/local_avoidance]: [local_avoidance] ACTIVATED  (min_dist=0.35 m, idx=4412)
[INFO] [1783599631.652] [/local_avoidance]: [local_avoidance] avoiding...  min_dist=0.35 m
[INFO] [1783599631.751] [/local_avoidance]: [local_avoidance] DEACTIVATED
[WARN] [1783599631.777] [/px4_ctrl_bridge]: [px4_bridge] avoidance released -> published /planning/replan
[WARN] [1783599631.802] [/local_avoidance]: [local_avoidance] ACTIVATED  (min_dist=0.35 m, idx=4968)
[WARN] [1783599632.448] [/px4_ctrl_bridge]: [px4_bridge] AVOIDANCE ACTIVE -> forwarding /target_avoidance
[INFO] [1783599632.702] [/local_avoidance]: [local_avoidance] avoiding...  min_dist=0.35 m
[INFO] [1783599633.122] [/cloud_crop_bridge]: [CloudCrop] 2947 -> 329 pts (11%)
[WARN] [1783599633.451] [/px4_ctrl_bridge]: [px4_bridge] AVOIDANCE ACTIVE -> forwarding /target_avoidance
[INFO] [1783599633.706] [/local_avoidance]: [local_avoidance] avoiding...  min_dist=0.35 m
[INFO] [1783599634.302] [/local_avoidance]: [local_avoidance] DEACTIVATED
[WARN] [1783599634.327] [/px4_ctrl_bridge]: [px4_bridge] avoidance released -> published /planning/replan
[WARN] [1783599634.352] [/local_avoidance]: [local_avoidance] ACTIVATED  (min_dist=0.37 m, idx=223)
[INFO] [1783599634.403] [/local_avoidance]: [local_avoidance] DEACTIVATED
[WARN] [1783599634.427] [/px4_ctrl_bridge]: [px4_bridge] avoidance released -> published /planning/replan
[WARN] [1783599634.451] [/local_avoidance]: [local_avoidance] ACTIVATED  (min_dist=0.35 m, idx=333)
[WARN] [1783599634.477] [/px4_ctrl_bridge]: [px4_bridge] AVOIDANCE ACTIVE -> forwarding /target_avoidance
[INFO] [1783599634.502] [/local_avoidance]: [local_avoidance] DEACTIVATED
[WARN] [1783599634.529] [/px4_ctrl_bridge]: [px4_bridge] avoidance released -> published /planning/replan
[WARN] [1783599634.553] [/local_avoidance]: [local_avoidance] ACTIVATED  (min_dist=0.36 m, idx=5430)
[INFO] [1783599634.601] [/local_avoidance]: [local_avoidance] DEACTIVATED
[WARN] [1783599634.627] [/px4_ctrl_bridge]: [px4_bridge] avoidance released -> published /planning/replan
[WARN] [1783599634.652] [/local_avoidance]: [local_avoidance] ACTIVATED  (min_dist=0.35 m, idx=524)
[INFO] [1783599634.705] [/local_avoidance]: [local_avoidance] DEACTIVATED
[WARN] [1783599634.727] [/px4_ctrl_bridge]: [px4_bridge] avoidance released -> published /planning/replan
[WARN] [1783599634.753] [/local_avoidance]: [local_avoidance] ACTIVATED  (min_dist=0.35 m, idx=6179)
[INFO] [1783599634.809] [/local_avoidance]: [local_avoidance] DEACTIVATED
[WARN] [1783599634.827] [/px4_ctrl_bridge]: [px4_bridge] avoidance released -> published /planning/replan
[WARN] [1783599634.851] [/local_avoidance]: [local_avoidance] ACTIVATED  (min_dist=0.35 m, idx=6584)
[INFO] [1783599634.901] [/local_avoidance]: [local_avoidance] DEACTIVATED
[WARN] [1783599634.930] [/px4_ctrl_bridge]: [px4_bridge] avoidance released -> published /planning/replan
[WARN] [1783599634.952] [/local_avoidance]: [local_avoidance] ACTIVATED  (min_dist=0.35 m, idx=6436)
[INFO] [1783599635.001] [/local_avoidance]: [local_avoidance] DEACTIVATED
[WARN] [1783599635.027] [/px4_ctrl_bridge]: [px4_bridge] avoidance released -> published /planning/replan
[WARN] [1783599635.054] [/local_avoidance]: [local_avoidance] ACTIVATED  (min_dist=0.35 m, idx=7533)
[INFO] [1783599635.101] [/local_avoidance]: [local_avoidance] DEACTIVATED
[WARN] [1783599635.127] [/px4_ctrl_bridge]: [px4_bridge] avoidance released -> published /planning/replan
[WARN] [1783599635.151] [/local_avoidance]: [local_avoidance] ACTIVATED  (min_dist=0.35 m, idx=6996)
[INFO] [1783599635.205] [/local_avoidance]: [local_avoidance] DEACTIVATED
[INFO] [1783599635.227] [/exploration_node]: [EV] [1783599635.227][    +61.1s][WAIT_TRIGGER] Avoidance: Deactivated  <->  Activated | cycling x569 over 60.0s
[WARN] [1783599635.227] [/px4_ctrl_bridge]: [px4_bridge] avoidance released -> published /planning/replan
[WARN] [1783599635.249] [/exploration_node]: wait for trigger.
[WARN] [1783599635.261] [/local_avoidance]: [local_avoidance] ACTIVATED  (min_dist=0.35 m, idx=7807)
[INFO] [1783599635.301] [/local_avoidance]: [local_avoidance] DEACTIVATED
[WARN] [1783599635.330] [/px4_ctrl_bridge]: [px4_bridge] avoidance released -> published /planning/replan
[WARN] [1783599635.352] [/local_avoidance]: [local_avoidance] ACTIVATED  (min_dist=0.35 m, idx=1291)
[INFO] [1783599635.402] [/local_avoidance]: [local_avoidance] DEACTIVATED
[WARN] [1783599635.427] [/px4_ctrl_bridge]: [px4_bridge] avoidance released -> published /planning/replan
[WARN] [1783599635.454] [/local_avoidance]: [local_avoidance] ACTIVATED  (min_dist=0.36 m, idx=8038)
[WARN] [1783599635.478] [/px4_ctrl_bridge]: [px4_bridge] AVOIDANCE ACTIVE -> forwarding /target_avoidance
[INFO] [1783599635.502] [/local_avoidance]: [local_avoidance] DEACTIVATED
[WARN] [1783599635.527] [/px4_ctrl_bridge]: [px4_bridge] avoidance released -> published /planning/replan
[WARN] [1783599635.556] [/local_avoidance]: [local_avoidance] ACTIVATED  (min_dist=0.35 m, idx=1738)
[INFO] [1783599635.610] [/local_avoidance]: [local_avoidance] DEACTIVATED
[WARN] [1783599635.627] [/px4_ctrl_bridge]: [px4_bridge] avoidance released -> published /planning/replan
[WARN] [1783599635.679] [/local_avoidance]: [local_avoidance] ACTIVATED  (min_dist=0.35 m, idx=8506)
[INFO] [1783599635.701] [/local_avoidance]: [local_avoidance] DEACTIVATED
[WARN] [1783599635.728] [/px4_ctrl_bridge]: [px4_bridge] avoidance released -> published /planning/replan
[WARN] [1783599635.754] [/local_avoidance]: [local_avoidance] ACTIVATED  (min_dist=0.35 m, idx=2190)
[INFO] [1783599635.803] [/local_avoidance]: [local_avoidance] DEACTIVATED
[WARN] [1783599635.827] [/px4_ctrl_bridge]: [px4_bridge] avoidance released -> published /planning/replan
[WARN] [1783599635.853] [/local_avoidance]: [local_avoidance] ACTIVATED  (min_dist=0.35 m, idx=3200)
[INFO] [1783599635.902] [/local_avoidance]: [local_avoidance] DEACTIVATED
[WARN] [1783599635.927] [/px4_ctrl_bridge]: [px4_bridge] avoidance released -> published /planning/replan
[WARN] [1783599635.951] [/local_avoidance]: [local_avoidance] ACTIVATED  (min_dist=0.35 m, idx=2746)
[INFO] [1783599636.001] [/local_avoidance]: [local_avoidance] DEACTIVATED
[WARN] [1783599636.028] [/px4_ctrl_bridge]: [px4_bridge] avoidance released -> published /planning/replan
[WARN] [1783599636.058] [/local_avoidance]: [local_avoidance] ACTIVATED  (min_dist=0.35 m, idx=9511)
[INFO] [1783599636.105] [/local_avoidance]: [local_avoidance] DEACTIVATED
[WARN] [1783599636.127] [/px4_ctrl_bridge]: [px4_bridge] avoidance released -> published /planning/replan
[WARN] [1783599636.177] [/local_avoidance]: [local_avoidance] ACTIVATED  (min_dist=0.35 m, idx=3193)
[INFO] [1783599636.201] [/local_avoidance]: [local_avoidance] DEACTIVATED
[WARN] [1783599636.227] [/px4_ctrl_bridge]: [px4_bridge] avoidance released -> published /planning/replan
[WARN] [1783599636.252] [/local_avoidance]: [local_avoidance] ACTIVATED  (min_dist=0.37 m, idx=4423)
[INFO] [1783599636.301] [/local_avoidance]: [local_avoidance] DEACTIVATED
[WARN] [1783599636.327] [/px4_ctrl_bridge]: [px4_bridge] avoidance released -> published /planning/replan
[WARN] [1783599636.351] [/local_avoidance]: [local_avoidance] ACTIVATED  (min_dist=0.35 m, idx=3661)
[INFO] [1783599636.428] [/local_avoidance]: [local_avoidance] DEACTIVATED
[WARN] [1783599636.454] [/local_avoidance]: [local_avoidance] ACTIVATED  (min_dist=0.35 m, idx=9343)
[WARN] [1783599636.457] [/px4_ctrl_bridge]: [px4_bridge] avoidance released -> published /planning/replan
[WARN] [1783599636.487] [/px4_ctrl_bridge]: [px4_bridge] AVOIDANCE ACTIVE -> forwarding /target_avoidance
[INFO] [1783599636.510] [/local_avoidance]: [local_avoidance] DEACTIVATED
[WARN] [1783599636.527] [/px4_ctrl_bridge]: [px4_bridge] avoidance released -> published /planning/replan
[WARN] [1783599636.555] [/local_avoidance]: [local_avoidance] ACTIVATED  (min_dist=0.35 m, idx=4316)
[INFO] [1783599636.601] [/local_avoidance]: [local_avoidance] avoiding...  min_dist=0.35 m
[INFO] [1783599636.701] [/local_avoidance]: [local_avoidance] DEACTIVATED
[WARN] [1783599636.727] [/px4_ctrl_bridge]: [px4_bridge] avoidance released -> published /planning/replan
[WARN] [1783599636.751] [/local_avoidance]: [local_avoidance] ACTIVATED  (min_dist=0.35 m, idx=4645)
[WARN] [1783599637.487] [/px4_ctrl_bridge]: [px4_bridge] AVOIDANCE ACTIVE -> forwarding /target_avoidance
[INFO] [1783599637.601] [/local_avoidance]: [local_avoidance] avoiding...  min_dist=0.35 m
[INFO] [1783599638.157] [/cloud_crop_bridge]: [CloudCrop] 2986 -> 323 pts (11%)
[WARN] [1783599638.487] [/px4_ctrl_bridge]: [px4_bridge] AVOIDANCE ACTIVE -> forwarding /target_avoidance
[INFO] [1783599638.651] [/local_avoidance]: [local_avoidance] avoiding...  min_dist=0.35 m
[INFO] [1783599639.454] [/local_avoidance]: [local_avoidance] DEACTIVATED
[WARN] [1783599639.477] [/px4_ctrl_bridge]: [px4_bridge] avoidance released -> published /planning/replan
[WARN] [1783599639.502] [/local_avoidance]: [local_avoidance] ACTIVATED  (min_dist=0.35 m, idx=6194)
[WARN] [1783599639.527] [/px4_ctrl_bridge]: [px4_bridge] AVOIDANCE ACTIVE -> forwarding /target_avoidance
[INFO] [1783599639.651] [/local_avoidance]: [local_avoidance] DEACTIVATED
[WARN] [1783599639.677] [/px4_ctrl_bridge]: [px4_bridge] avoidance released -> published /planning/replan
[WARN] [1783599639.726] [/local_avoidance]: [local_avoidance] ACTIVATED  (min_dist=0.35 m, idx=884)
[INFO] [1783599639.778] [/local_avoidance]: [local_avoidance] DEACTIVATED
[WARN] [1783599639.802] [/local_avoidance]: [local_avoidance] ACTIVATED  (min_dist=0.35 m, idx=5347)
[WARN] [1783599639.809] [/px4_ctrl_bridge]: [px4_bridge] avoidance released -> published /planning/replan
[INFO] [1783599639.851] [/local_avoidance]: [local_avoidance] DEACTIVATED
[WARN] [1783599639.878] [/px4_ctrl_bridge]: [px4_bridge] avoidance released -> published /planning/replan
[WARN] [1783599639.901] [/local_avoidance]: [local_avoidance] ACTIVATED  (min_dist=0.36 m, idx=1737)
[INFO] [1783599639.951] [/local_avoidance]: [local_avoidance] DEACTIVATED
[WARN] [1783599639.977] [/px4_ctrl_bridge]: [px4_bridge] avoidance released -> published /planning/replan
[WARN] [1783599640.003] [/local_avoidance]: [local_avoidance] ACTIVATED  (min_dist=0.35 m, idx=1185)
[INFO] [1783599640.051] [/local_avoidance]: [local_avoidance] DEACTIVATED
[WARN] [1783599640.077] [/px4_ctrl_bridge]: [px4_bridge] avoidance released -> published /planning/replan
[WARN] [1783599640.102] [/local_avoidance]: [local_avoidance] ACTIVATED  (min_dist=0.36 m, idx=6524)
[INFO] [1783599640.152] [/local_avoidance]: [local_avoidance] DEACTIVATED
[WARN] [1783599640.178] [/px4_ctrl_bridge]: [px4_bridge] avoidance released -> published /planning/replan
[WARN] [1783599640.202] [/local_avoidance]: [local_avoidance] ACTIVATED  (min_dist=0.35 m, idx=7180)
[INFO] [1783599640.252] [/local_avoidance]: [local_avoidance] DEACTIVATED
[WARN] [1783599640.257] [/exploration_node]: wait for trigger.
[WARN] [1783599640.288] [/px4_ctrl_bridge]: [px4_bridge] avoidance released -> published /planning/replan
[WARN] [1783599640.302] [/local_avoidance]: [local_avoidance] ACTIVATED  (min_dist=0.35 m, idx=6932)
[INFO] [1783599640.353] [/local_avoidance]: [local_avoidance] DEACTIVATED
[WARN] [1783599640.377] [/px4_ctrl_bridge]: [px4_bridge] avoidance released -> published /planning/replan
[WARN] [1783599640.404] [/local_avoidance]: [local_avoidance] ACTIVATED  (min_dist=0.35 m, idx=2096)
[INFO] [1783599640.451] [/local_avoidance]: [local_avoidance] DEACTIVATED
[WARN] [1783599640.477] [/px4_ctrl_bridge]: [px4_bridge] avoidance released -> published /planning/replan
[WARN] [1783599640.502] [/local_avoidance]: [local_avoidance] ACTIVATED  (min_dist=0.35 m, idx=7468)
[WARN] [1783599640.527] [/px4_ctrl_bridge]: [px4_bridge] AVOIDANCE ACTIVE -> forwarding /target_avoidance
[INFO] [1783599640.553] [/local_avoidance]: [local_avoidance] DEACTIVATED
[WARN] [1783599640.577] [/px4_ctrl_bridge]: [px4_bridge] avoidance released -> published /planning/replan
[WARN] [1783599640.602] [/local_avoidance]: [local_avoidance] ACTIVATED  (min_dist=0.35 m, idx=2448)
[INFO] [1783599640.654] [/local_avoidance]: [local_avoidance] DEACTIVATED
[WARN] [1783599640.678] [/px4_ctrl_bridge]: [px4_bridge] avoidance released -> published /planning/replan
[WARN] [1783599640.702] [/local_avoidance]: [local_avoidance] ACTIVATED  (min_dist=0.35 m, idx=7924)
[INFO] [1783599640.752] [/local_avoidance]: [local_avoidance] DEACTIVATED
[WARN] [1783599640.777] [/px4_ctrl_bridge]: [px4_bridge] avoidance released -> published /planning/replan
[WARN] [1783599640.801] [/local_avoidance]: [local_avoidance] ACTIVATED  (min_dist=0.35 m, idx=2873)
[INFO] [1783599640.851] [/local_avoidance]: [local_avoidance] DEACTIVATED
[WARN] [1783599640.877] [/px4_ctrl_bridge]: [px4_bridge] avoidance released -> published /planning/replan
[WARN] [1783599640.905] [/local_avoidance]: [local_avoidance] ACTIVATED  (min_dist=0.35 m, idx=2723)
[INFO] [1783599640.951] [/local_avoidance]: [local_avoidance] DEACTIVATED
[WARN] [1783599640.978] [/px4_ctrl_bridge]: [px4_bridge] avoidance released -> published /planning/replan
[WARN] [1783599641.001] [/local_avoidance]: [local_avoidance] ACTIVATED  (min_dist=0.35 m, idx=3344)
[INFO] [1783599641.051] [/local_avoidance]: [local_avoidance] DEACTIVATED
[WARN] [1783599641.077] [/px4_ctrl_bridge]: [px4_bridge] avoidance released -> published /planning/replan
[WARN] [1783599641.101] [/local_avoidance]: [local_avoidance] ACTIVATED  (min_dist=0.35 m, idx=3071)
[INFO] [1783599641.152] [/local_avoidance]: [local_avoidance] DEACTIVATED
[INFO] [1783599641.162] [/mavros]: HP: requesting home position
[WARN] [1783599641.189] [/px4_ctrl_bridge]: [px4_bridge] avoidance released -> published /planning/replan
[WARN] [1783599641.201] [/local_avoidance]: [local_avoidance] ACTIVATED  (min_dist=0.35 m, idx=9731)
[INFO] [1783599641.251] [/local_avoidance]: [local_avoidance] DEACTIVATED
[WARN] [1783599641.278] [/px4_ctrl_bridge]: [px4_bridge] avoidance released -> published /planning/replan
[WARN] [1783599641.301] [/local_avoidance]: [local_avoidance] ACTIVATED  (min_dist=0.36 m, idx=3295)
[INFO] [1783599641.351] [/local_avoidance]: [local_avoidance] DEACTIVATED
[WARN] [1783599641.377] [/px4_ctrl_bridge]: [px4_bridge] avoidance released -> published /planning/replan
[WARN] [1783599641.401] [/local_avoidance]: [local_avoidance] ACTIVATED  (min_dist=0.35 m, idx=10078)
[INFO] [1783599641.451] [/local_avoidance]: [local_avoidance] DEACTIVATED
[WARN] [1783599641.477] [/px4_ctrl_bridge]: [px4_bridge] avoidance released -> published /planning/replan
[WARN] [1783599641.501] [/local_avoidance]: [local_avoidance] ACTIVATED  (min_dist=0.35 m, idx=9817)
[WARN] [1783599641.537] [/px4_ctrl_bridge]: [px4_bridge] AVOIDANCE ACTIVE -> forwarding /target_avoidance
[INFO] [1783599641.551] [/local_avoidance]: [local_avoidance] DEACTIVATED
[WARN] [1783599641.578] [/px4_ctrl_bridge]: [px4_bridge] avoidance released -> published /planning/replan
[WARN] [1783599641.601] [/local_avoidance]: [local_avoidance] ACTIVATED  (min_dist=0.35 m, idx=5070)
[INFO] [1783599641.651] [/local_avoidance]: [local_avoidance] avoiding...  min_dist=0.35 m
[INFO] [1783599641.851] [/local_avoidance]: [local_avoidance] DEACTIVATED
[WARN] [1783599641.878] [/px4_ctrl_bridge]: [px4_bridge] avoidance released -> published /planning/replan
[WARN] [1783599641.906] [/local_avoidance]: [local_avoidance] ACTIVATED  (min_dist=0.35 m, idx=4789)
[WARN] [1783599642.537] [/px4_ctrl_bridge]: [px4_bridge] AVOIDANCE ACTIVE -> forwarding /target_avoidance
[INFO] [1783599642.652] [/local_avoidance]: [local_avoidance] avoiding...  min_dist=0.35 m
[INFO] [1783599643.205] [/cloud_crop_bridge]: [CloudCrop] 2955 -> 343 pts (12%)
[WARN] [1783599643.537] [/px4_ctrl_bridge]: [px4_bridge] AVOIDANCE ACTIVE -> forwarding /target_avoidance
[INFO] [1783599643.701] [/local_avoidance]: [local_avoidance] avoiding...  min_dist=0.36 m
[INFO] [1783599644.103] [/local_avoidance]: [local_avoidance] DEACTIVATED
[WARN] [1783599644.128] [/px4_ctrl_bridge]: [px4_bridge] avoidance released -> published /planning/replan
[WARN] [1783599644.153] [/local_avoidance]: [local_avoidance] ACTIVATED  (min_dist=0.35 m, idx=418)
[INFO] [1783599644.301] [/local_avoidance]: [local_avoidance] DEACTIVATED
[WARN] [1783599644.327] [/px4_ctrl_bridge]: [px4_bridge] avoidance released -> published /planning/replan
[WARN] [1783599644.352] [/local_avoidance]: [local_avoidance] ACTIVATED  (min_dist=0.35 m, idx=5264)
[INFO] [1783599644.403] [/local_avoidance]: [local_avoidance] DEACTIVATED
[WARN] [1783599644.428] [/px4_ctrl_bridge]: [px4_bridge] avoidance released -> published /planning/replan
[WARN] [1783599644.451] [/local_avoidance]: [local_avoidance] ACTIVATED  (min_dist=0.35 m, idx=5973)
[WARN] [1783599644.547] [/px4_ctrl_bridge]: [px4_bridge] AVOIDANCE ACTIVE -> forwarding /target_avoidance
[INFO] [1783599644.601] [/local_avoidance]: [local_avoidance] DEACTIVATED
[WARN] [1783599644.627] [/px4_ctrl_bridge]: [px4_bridge] avoidance released -> published /planning/replan
[WARN] [1783599644.652] [/local_avoidance]: [local_avoidance] ACTIVATED  (min_dist=0.35 m, idx=6409)
[INFO] [1783599644.701] [/local_avoidance]: [local_avoidance] DEACTIVATED
[WARN] [1783599644.730] [/px4_ctrl_bridge]: [px4_bridge] avoidance released -> published /planning/replan
[WARN] [1783599644.752] [/local_avoidance]: [local_avoidance] ACTIVATED  (min_dist=0.35 m, idx=415)
[INFO] [1783599644.802] [/local_avoidance]: [local_avoidance] DEACTIVATED
[WARN] [1783599644.827] [/px4_ctrl_bridge]: [px4_bridge] avoidance released -> published /planning/replan
[WARN] [1783599644.851] [/local_avoidance]: [local_avoidance] ACTIVATED  (min_dist=0.35 m, idx=1028)
[INFO] [1783599644.926] [/local_avoidance]: [local_avoidance] DEACTIVATED
[WARN] [1783599644.957] [/local_avoidance]: [local_avoidance] ACTIVATED  (min_dist=0.35 m, idx=966)
[WARN] [1783599644.963] [/px4_ctrl_bridge]: [px4_bridge] avoidance released -> published /planning/replan
[INFO] [1783599645.002] [/local_avoidance]: [local_avoidance] DEACTIVATED
[WARN] [1783599645.027] [/px4_ctrl_bridge]: [px4_bridge] avoidance released -> published /planning/replan
[WARN] [1783599645.052] [/local_avoidance]: [local_avoidance] ACTIVATED  (min_dist=0.35 m, idx=1480)
[INFO] [1783599645.101] [/local_avoidance]: [local_avoidance] DEACTIVATED
[WARN] [1783599645.127] [/px4_ctrl_bridge]: [px4_bridge] avoidance released -> published /planning/replan
[WARN] [1783599645.152] [/local_avoidance]: [local_avoidance] ACTIVATED  (min_dist=0.35 m, idx=1310)
[INFO] [1783599645.204] [/local_avoidance]: [local_avoidance] DEACTIVATED
[WARN] [1783599645.230] [/px4_ctrl_bridge]: [px4_bridge] avoidance released -> published /planning/replan
[WARN] [1783599645.256] [/local_avoidance]: [local_avoidance] ACTIVATED  (min_dist=0.35 m, idx=7863)
[WARN] [1783599645.267] [/exploration_node]: wait for trigger.
[INFO] [1783599645.303] [/local_avoidance]: [local_avoidance] DEACTIVATED
[WARN] [1783599645.328] [/px4_ctrl_bridge]: [px4_bridge] avoidance released -> published /planning/replan
[WARN] [1783599645.351] [/local_avoidance]: [local_avoidance] ACTIVATED  (min_dist=0.35 m, idx=2050)
[INFO] [1783599645.401] [/local_avoidance]: [local_avoidance] DEACTIVATED
[WARN] [1783599645.427] [/px4_ctrl_bridge]: [px4_bridge] avoidance released -> published /planning/replan
[WARN] [1783599645.451] [/local_avoidance]: [local_avoidance] ACTIVATED  (min_dist=0.36 m, idx=7167)
[INFO] [1783599645.501] [/local_avoidance]: [local_avoidance] DEACTIVATED
[WARN] [1783599645.528] [/px4_ctrl_bridge]: [px4_bridge] avoidance released -> published /planning/replan
[WARN] [1783599645.551] [/local_avoidance]: [local_avoidance] ACTIVATED  (min_dist=0.35 m, idx=2033)
[WARN] [1783599645.577] [/px4_ctrl_bridge]: [px4_bridge] AVOIDANCE ACTIVE -> forwarding /target_avoidance
[INFO] [1783599645.601] [/local_avoidance]: [local_avoidance] DEACTIVATED
[WARN] [1783599645.627] [/px4_ctrl_bridge]: [px4_bridge] avoidance released -> published /planning/replan
[WARN] [1783599645.652] [/local_avoidance]: [local_avoidance] ACTIVATED  (min_dist=0.35 m, idx=7283)
[INFO] [1783599645.702] [/local_avoidance]: [local_avoidance] DEACTIVATED
[WARN] [1783599645.727] [/px4_ctrl_bridge]: [px4_bridge] avoidance released -> published /planning/replan
[WARN] [1783599645.777] [/local_avoidance]: [local_avoidance] ACTIVATED  (min_dist=0.35 m, idx=2665)
[INFO] [1783599645.802] [/local_avoidance]: [local_avoidance] DEACTIVATED
[WARN] [1783599645.827] [/px4_ctrl_bridge]: [px4_bridge] avoidance released -> published /planning/replan
[WARN] [1783599645.852] [/local_avoidance]: [local_avoidance] ACTIVATED  (min_dist=0.36 m, idx=8147)
[INFO] [1783599645.903] [/local_avoidance]: [local_avoidance] DEACTIVATED
[WARN] [1783599645.927] [/px4_ctrl_bridge]: [px4_bridge] avoidance released -> published /planning/replan
[WARN] [1783599645.977] [/local_avoidance]: [local_avoidance] ACTIVATED  (min_dist=0.35 m, idx=9020)
[INFO] [1783599646.003] [/local_avoidance]: [local_avoidance] DEACTIVATED
[WARN] [1783599646.027] [/px4_ctrl_bridge]: [px4_bridge] avoidance released -> published /planning/replan
[WARN] [1783599646.053] [/local_avoidance]: [local_avoidance] ACTIVATED  (min_dist=0.35 m, idx=8688)
[INFO] [1783599646.102] [/local_avoidance]: [local_avoidance] DEACTIVATED
[WARN] [1783599646.129] [/px4_ctrl_bridge]: [px4_bridge] avoidance released -> published /planning/replan
[WARN] [1783599646.152] [/local_avoidance]: [local_avoidance] ACTIVATED  (min_dist=0.35 m, idx=9213)
[INFO] [1783599646.201] [/local_avoidance]: [local_avoidance] DEACTIVATED
[INFO] [1783599646.210] [/exploration_node]: [EV] [1783599646.210][    +72.1s][WAIT_TRIGGER] BATT 23.5V | voltage=23.73V percent=52% (repeated x11)
[WARN] [1783599646.227] [/px4_ctrl_bridge]: [px4_bridge] avoidance released -> published /planning/replan
[WARN] [1783599646.251] [/local_avoidance]: [local_avoidance] ACTIVATED  (min_dist=0.35 m, idx=9040)
[INFO] [1783599646.301] [/local_avoidance]: [local_avoidance] DEACTIVATED
[WARN] [1783599646.327] [/px4_ctrl_bridge]: [px4_bridge] avoidance released -> published /planning/replan
[WARN] [1783599646.352] [/local_avoidance]: [local_avoidance] ACTIVATED  (min_dist=0.35 m, idx=9761)
[INFO] [1783599646.402] [/local_avoidance]: [local_avoidance] DEACTIVATED
[WARN] [1783599646.427] [/px4_ctrl_bridge]: [px4_bridge] avoidance released -> published /planning/replan
[WARN] [1783599646.452] [/local_avoidance]: [local_avoidance] ACTIVATED  (min_dist=0.35 m, idx=3547)
[INFO] [1783599646.502] [/local_avoidance]: [local_avoidance] DEACTIVATED
[WARN] [1783599646.527] [/px4_ctrl_bridge]: [px4_bridge] avoidance released -> published /planning/replan
[WARN] [1783599646.551] [/local_avoidance]: [local_avoidance] ACTIVATED  (min_dist=0.35 m, idx=4352)
[WARN] [1783599646.580] [/px4_ctrl_bridge]: [px4_bridge] AVOIDANCE ACTIVE -> forwarding /target_avoidance
[INFO] [1783599646.603] [/local_avoidance]: [local_avoidance] avoiding...  min_dist=0.35 m
[INFO] [1783599646.704] [/local_avoidance]: [local_avoidance] DEACTIVATED
[WARN] [1783599646.727] [/px4_ctrl_bridge]: [px4_bridge] avoidance released -> published /planning/replan
[WARN] [1783599646.752] [/local_avoidance]: [local_avoidance] ACTIVATED  (min_dist=0.35 m, idx=4812)
[WARN] [1783599647.587] [/px4_ctrl_bridge]: [px4_bridge] AVOIDANCE ACTIVE -> forwarding /target_avoidance
[INFO] [1783599647.651] [/local_avoidance]: [local_avoidance] avoiding...  min_dist=0.35 m
[INFO] [1783599648.209] [/cloud_crop_bridge]: [CloudCrop] 2811 -> 324 pts (12%)
[INFO] [1783599648.209] [/exploration_node]: [EV] [1783599648.209][    +74.1s][WAIT_TRIGGER] BATT 23.5V | voltage=23.73V percent=51%
[WARN] [1783599648.590] [/px4_ctrl_bridge]: [px4_bridge] AVOIDANCE ACTIVE -> forwarding /target_avoidance
[INFO] [1783599648.655] [/local_avoidance]: [local_avoidance] avoiding...  min_dist=0.35 m
[INFO] [1783599649.251] [/local_avoidance]: [local_avoidance] DEACTIVATED
[WARN] [1783599649.280] [/px4_ctrl_bridge]: [px4_bridge] avoidance released -> published /planning/replan
[WARN] [1783599649.301] [/local_avoidance]: [local_avoidance] ACTIVATED  (min_dist=0.36 m, idx=4929)
[INFO] [1783599649.451] [/local_avoidance]: [local_avoidance] DEACTIVATED
[WARN] [1783599649.487] [/px4_ctrl_bridge]: [px4_bridge] avoidance released -> published /planning/replan
[WARN] [1783599649.526] [/local_avoidance]: [local_avoidance] ACTIVATED  (min_dist=0.36 m, idx=5691)
[INFO] [1783599649.558] [/local_avoidance]: [local_avoidance] DEACTIVATED
[WARN] [1783599649.580] [/px4_ctrl_bridge]: [px4_bridge] avoidance released -> published /planning/replan
[WARN] [1783599649.604] [/local_avoidance]: [local_avoidance] ACTIVATED  (min_dist=0.35 m, idx=253)
[WARN] [1783599649.637] [/px4_ctrl_bridge]: [px4_bridge] AVOIDANCE ACTIVE -> forwarding /target_avoidance
[INFO] [1783599649.651] [/local_avoidance]: [local_avoidance] DEACTIVATED
[WARN] [1783599649.677] [/px4_ctrl_bridge]: [px4_bridge] avoidance released -> published /planning/replan
[WARN] [1783599649.701] [/local_avoidance]: [local_avoidance] ACTIVATED  (min_dist=0.35 m, idx=6036)
[INFO] [1783599649.756] [/local_avoidance]: [local_avoidance] DEACTIVATED
[WARN] [1783599649.779] [/px4_ctrl_bridge]: [px4_bridge] avoidance released -> published /planning/replan
[WARN] [1783599649.804] [/local_avoidance]: [local_avoidance] ACTIVATED  (min_dist=0.35 m, idx=6620)
[INFO] [1783599649.852] [/local_avoidance]: [local_avoidance] DEACTIVATED
[WARN] [1783599649.878] [/px4_ctrl_bridge]: [px4_bridge] avoidance released -> published /planning/replan
[WARN] [1783599649.901] [/local_avoidance]: [local_avoidance] ACTIVATED  (min_dist=0.35 m, idx=6392)
[INFO] [1783599649.951] [/local_avoidance]: [local_avoidance] DEACTIVATED
[WARN] [1783599649.978] [/px4_ctrl_bridge]: [px4_bridge] avoidance released -> published /planning/replan
[WARN] [1783599650.001] [/local_avoidance]: [local_avoidance] ACTIVATED  (min_dist=0.35 m, idx=7168)
[INFO] [1783599650.053] [/local_avoidance]: [local_avoidance] DEACTIVATED
[WARN] [1783599650.077] [/px4_ctrl_bridge]: [px4_bridge] avoidance released -> published /planning/replan
[WARN] [1783599650.101] [/local_avoidance]: [local_avoidance] ACTIVATED  (min_dist=0.35 m, idx=6832)
[INFO] [1783599650.152] [/local_avoidance]: [local_avoidance] DEACTIVATED
[WARN] [1783599650.177] [/px4_ctrl_bridge]: [px4_bridge] avoidance released -> published /planning/replan
[WARN] [1783599650.203] [/local_avoidance]: [local_avoidance] ACTIVATED  (min_dist=0.35 m, idx=7546)
[INFO] [1783599650.254] [/local_avoidance]: [local_avoidance] DEACTIVATED
[WARN] [1783599650.267] [/exploration_node]: wait for trigger.
[WARN] [1783599650.277] [/px4_ctrl_bridge]: [px4_bridge] avoidance released -> published /planning/replan
[WARN] [1783599650.326] [/local_avoidance]: [local_avoidance] ACTIVATED  (min_dist=0.35 m, idx=1443)
[INFO] [1783599650.354] [/local_avoidance]: [local_avoidance] DEACTIVATED
[WARN] [1783599650.377] [/px4_ctrl_bridge]: [px4_bridge] avoidance released -> published /planning/replan
[WARN] [1783599650.408] [/local_avoidance]: [local_avoidance] ACTIVATED  (min_dist=0.35 m, idx=8491)
[INFO] [1783599650.451] [/local_avoidance]: [local_avoidance] DEACTIVATED
[WARN] [1783599650.477] [/px4_ctrl_bridge]: [px4_bridge] avoidance released -> published /planning/replan
[WARN] [1783599650.504] [/local_avoidance]: [local_avoidance] ACTIVATED  (min_dist=0.35 m, idx=1987)
[INFO] [1783599650.554] [/local_avoidance]: [local_avoidance] DEACTIVATED
[WARN] [1783599650.577] [/px4_ctrl_bridge]: [px4_bridge] avoidance released -> published /planning/replan
[WARN] [1783599650.605] [/local_avoidance]: [local_avoidance] ACTIVATED  (min_dist=0.35 m, idx=2600)
[WARN] [1783599650.638] [/px4_ctrl_bridge]: [px4_bridge] AVOIDANCE ACTIVE -> forwarding /target_avoidance
[INFO] [1783599650.652] [/local_avoidance]: [local_avoidance] DEACTIVATED
[WARN] [1783599650.677] [/px4_ctrl_bridge]: [px4_bridge] avoidance released -> published /planning/replan
[WARN] [1783599650.705] [/local_avoidance]: [local_avoidance] ACTIVATED  (min_dist=0.35 m, idx=2238)
[INFO] [1783599650.751] [/local_avoidance]: [local_avoidance] DEACTIVATED
[WARN] [1783599650.777] [/px4_ctrl_bridge]: [px4_bridge] avoidance released -> published /planning/replan
[WARN] [1783599650.802] [/local_avoidance]: [local_avoidance] ACTIVATED  (min_dist=0.35 m, idx=3040)
[INFO] [1783599650.852] [/local_avoidance]: [local_avoidance] DEACTIVATED
[WARN] [1783599650.877] [/px4_ctrl_bridge]: [px4_bridge] avoidance released -> published /planning/replan
[WARN] [1783599650.906] [/local_avoidance]: [local_avoidance] ACTIVATED  (min_dist=0.35 m, idx=2890)
[INFO] [1783599650.953] [/local_avoidance]: [local_avoidance] DEACTIVATED
[WARN] [1783599650.977] [/px4_ctrl_bridge]: [px4_bridge] avoidance released -> published /planning/replan
[WARN] [1783599651.009] [/local_avoidance]: [local_avoidance] ACTIVATED  (min_dist=0.36 m, idx=3916)
[INFO] [1783599651.055] [/local_avoidance]: [local_avoidance] DEACTIVATED
[WARN] [1783599651.077] [/px4_ctrl_bridge]: [px4_bridge] avoidance released -> published /planning/replan
[WARN] [1783599651.104] [/local_avoidance]: [local_avoidance] ACTIVATED  (min_dist=0.35 m, idx=3142)
[INFO] [1783599651.154] [/local_avoidance]: [local_avoidance] DEACTIVATED
[INFO] [1783599651.161] [/mavros]: HP: requesting home position
[WARN] [1783599651.177] [/px4_ctrl_bridge]: [px4_bridge] avoidance released -> published /planning/replan
[WARN] [1783599651.210] [/local_avoidance]: [local_avoidance] ACTIVATED  (min_dist=0.35 m, idx=4441)
[INFO] [1783599651.254] [/local_avoidance]: [local_avoidance] DEACTIVATED
[WARN] [1783599651.277] [/px4_ctrl_bridge]: [px4_bridge] avoidance released -> published /planning/replan
[WARN] [1783599651.301] [/local_avoidance]: [local_avoidance] ACTIVATED  (min_dist=0.35 m, idx=4004)
[INFO] [1783599651.352] [/local_avoidance]: [local_avoidance] DEACTIVATED
[WARN] [1783599651.378] [/px4_ctrl_bridge]: [px4_bridge] avoidance released -> published /planning/replan
[WARN] [1783599651.401] [/local_avoidance]: [local_avoidance] ACTIVATED  (min_dist=0.35 m, idx=9100)
[INFO] [1783599651.476] [/local_avoidance]: [local_avoidance] DEACTIVATED
[WARN] [1783599651.501] [/local_avoidance]: [local_avoidance] ACTIVATED  (min_dist=0.35 m, idx=10160)
[WARN] [1783599651.507] [/px4_ctrl_bridge]: [px4_bridge] avoidance released -> published /planning/replan
[INFO] [1783599651.551] [/local_avoidance]: [local_avoidance] DEACTIVATED
[WARN] [1783599651.578] [/px4_ctrl_bridge]: [px4_bridge] avoidance released -> published /planning/replan
[WARN] [1783599651.604] [/local_avoidance]: [local_avoidance] ACTIVATED  (min_dist=0.35 m, idx=9732)
[WARN] [1783599651.647] [/px4_ctrl_bridge]: [px4_bridge] AVOIDANCE ACTIVE -> forwarding /target_avoidance
[INFO] [1783599651.654] [/local_avoidance]: [local_avoidance] DEACTIVATED
[WARN] [1783599651.677] [/px4_ctrl_bridge]: [px4_bridge] avoidance released -> published /planning/replan
[WARN] [1783599651.702] [/local_avoidance]: [local_avoidance] ACTIVATED  (min_dist=0.35 m, idx=4704)
[INFO] [1783599651.751] [/local_avoidance]: [local_avoidance] avoiding...  min_dist=0.35 m
[INFO] [1783599651.851] [/local_avoidance]: [local_avoidance] DEACTIVATED
[WARN] [1783599651.877] [/px4_ctrl_bridge]: [px4_bridge] avoidance released -> published /planning/replan
[WARN] [1783599651.901] [/local_avoidance]: [local_avoidance] ACTIVATED  (min_dist=0.35 m, idx=5252)
[WARN] [1783599652.658] [/px4_ctrl_bridge]: [px4_bridge] AVOIDANCE ACTIVE -> forwarding /target_avoidance
[INFO] [1783599652.751] [/local_avoidance]: [local_avoidance] avoiding...  min_dist=0.35 m
[INFO] [1783599653.280] [/cloud_crop_bridge]: [CloudCrop] 2825 -> 442 pts (16%)
[WARN] [1783599653.658] [/px4_ctrl_bridge]: [px4_bridge] AVOIDANCE ACTIVE -> forwarding /target_avoidance
[INFO] [1783599653.754] [/local_avoidance]: [local_avoidance] avoiding...  min_dist=0.35 m
[INFO] [1783599654.126] [/local_avoidance]: [local_avoidance] DEACTIVATED
[WARN] [1783599654.157] [/px4_ctrl_bridge]: [px4_bridge] avoidance released -> published /planning/replan
[WARN] [1783599654.176] [/local_avoidance]: [local_avoidance] ACTIVATED  (min_dist=0.35 m, idx=667)
[INFO] [1783599654.405] [/local_avoidance]: [local_avoidance] DEACTIVATED
[WARN] [1783599654.428] [/px4_ctrl_bridge]: [px4_bridge] avoidance released -> published /planning/replan
[WARN] [1783599654.477] [/local_avoidance]: [local_avoidance] ACTIVATED  (min_dist=0.35 m, idx=480)
[INFO] [1783599654.601] [/local_avoidance]: [local_avoidance] DEACTIVATED
[WARN] [1783599654.627] [/px4_ctrl_bridge]: [px4_bridge] avoidance released -> published /planning/replan
[WARN] [1783599654.652] [/local_avoidance]: [local_avoidance] ACTIVATED  (min_dist=0.35 m, idx=928)
[WARN] [1783599654.677] [/px4_ctrl_bridge]: [px4_bridge] AVOIDANCE ACTIVE -> forwarding /target_avoidance
[INFO] [1783599654.701] [/local_avoidance]: [local_avoidance] DEACTIVATED
[WARN] [1783599654.728] [/px4_ctrl_bridge]: [px4_bridge] avoidance released -> published /planning/replan
[WARN] [1783599654.751] [/local_avoidance]: [local_avoidance] ACTIVATED  (min_dist=0.35 m, idx=781)
[INFO] [1783599654.802] [/local_avoidance]: [local_avoidance] DEACTIVATED
[WARN] [1783599654.827] [/px4_ctrl_bridge]: [px4_bridge] avoidance released -> published /planning/replan
[WARN] [1783599654.851] [/local_avoidance]: [local_avoidance] ACTIVATED  (min_dist=0.35 m, idx=1777)
[INFO] [1783599654.901] [/local_avoidance]: [local_avoidance] DEACTIVATED
[WARN] [1783599654.927] [/px4_ctrl_bridge]: [px4_bridge] avoidance released -> published /planning/replan
[WARN] [1783599654.951] [/local_avoidance]: [local_avoidance] ACTIVATED  (min_dist=0.35 m, idx=941)
[INFO] [1783599655.007] [/local_avoidance]: [local_avoidance] DEACTIVATED
[WARN] [1783599655.027] [/px4_ctrl_bridge]: [px4_bridge] avoidance released -> published /planning/replan
[WARN] [1783599655.051] [/local_avoidance]: [local_avoidance] ACTIVATED  (min_dist=0.37 m, idx=6199)
[INFO] [1783599655.101] [/local_avoidance]: [local_avoidance] DEACTIVATED
[WARN] [1783599655.127] [/px4_ctrl_bridge]: [px4_bridge] avoidance released -> published /planning/replan
[WARN] [1783599655.151] [/local_avoidance]: [local_avoidance] ACTIVATED  (min_dist=0.35 m, idx=1773)
[INFO] [1783599655.204] [/local_avoidance]: [local_avoidance] DEACTIVATED
[WARN] [1783599655.227] [/px4_ctrl_bridge]: [px4_bridge] avoidance released -> published /planning/replan
[WARN] [1783599655.251] [/local_avoidance]: [local_avoidance] ACTIVATED  (min_dist=0.36 m, idx=7066)
[WARN] [1783599655.277] [/exploration_node]: wait for trigger.
[INFO] [1783599655.301] [/local_avoidance]: [local_avoidance] DEACTIVATED
[WARN] [1783599655.328] [/px4_ctrl_bridge]: [px4_bridge] avoidance released -> published /planning/replan
[WARN] [1783599655.351] [/local_avoidance]: [local_avoidance] ACTIVATED  (min_dist=0.35 m, idx=2048)
[INFO] [1783599655.401] [/local_avoidance]: [local_avoidance] DEACTIVATED
[WARN] [1783599655.427] [/px4_ctrl_bridge]: [px4_bridge] avoidance released -> published /planning/replan
[WARN] [1783599655.451] [/local_avoidance]: [local_avoidance] ACTIVATED  (min_dist=0.35 m, idx=7416)
[INFO] [1783599655.502] [/local_avoidance]: [local_avoidance] DEACTIVATED
[WARN] [1783599655.527] [/px4_ctrl_bridge]: [px4_bridge] avoidance released -> published /planning/replan
[WARN] [1783599655.552] [/local_avoidance]: [local_avoidance] ACTIVATED  (min_dist=0.35 m, idx=2592)
[INFO] [1783599655.601] [/local_avoidance]: [local_avoidance] DEACTIVATED
[WARN] [1783599655.627] [/px4_ctrl_bridge]: [px4_bridge] avoidance released -> published /planning/replan
[WARN] [1783599655.651] [/local_avoidance]: [local_avoidance] ACTIVATED  (min_dist=0.35 m, idx=7972)
[WARN] [1783599655.687] [/px4_ctrl_bridge]: [px4_bridge] AVOIDANCE ACTIVE -> forwarding /target_avoidance
[INFO] [1783599655.702] [/local_avoidance]: [local_avoidance] DEACTIVATED
[WARN] [1783599655.727] [/px4_ctrl_bridge]: [px4_bridge] avoidance released -> published /planning/replan
[WARN] [1783599655.751] [/local_avoidance]: [local_avoidance] ACTIVATED  (min_dist=0.35 m, idx=8669)
[INFO] [1783599655.802] [/local_avoidance]: [local_avoidance] DEACTIVATED
[WARN] [1783599655.827] [/px4_ctrl_bridge]: [px4_bridge] avoidance released -> published /planning/replan
[WARN] [1783599655.851] [/local_avoidance]: [local_avoidance] ACTIVATED  (min_dist=0.35 m, idx=8420)
[INFO] [1783599655.901] [/local_avoidance]: [local_avoidance] DEACTIVATED
[WARN] [1783599655.927] [/px4_ctrl_bridge]: [px4_bridge] avoidance released -> published /planning/replan
[WARN] [1783599655.951] [/local_avoidance]: [local_avoidance] ACTIVATED  (min_dist=0.35 m, idx=9125)
[INFO] [1783599656.006] [/local_avoidance]: [local_avoidance] DEACTIVATED
[WARN] [1783599656.027] [/px4_ctrl_bridge]: [px4_bridge] avoidance released -> published /planning/replan
[WARN] [1783599656.051] [/local_avoidance]: [local_avoidance] ACTIVATED  (min_dist=0.35 m, idx=3019)
[INFO] [1783599656.126] [/local_avoidance]: [local_avoidance] DEACTIVATED
[WARN] [1783599656.154] [/local_avoidance]: [local_avoidance] ACTIVATED  (min_dist=0.35 m, idx=9962)
[WARN] [1783599656.157] [/px4_ctrl_bridge]: [px4_bridge] avoidance released -> published /planning/replan
[INFO] [1783599656.201] [/local_avoidance]: [local_avoidance] DEACTIVATED
[WARN] [1783599656.227] [/px4_ctrl_bridge]: [px4_bridge] avoidance released -> published /planning/replan
[WARN] [1783599656.252] [/local_avoidance]: [local_avoidance] ACTIVATED  (min_dist=0.35 m, idx=3566)
[INFO] [1783599656.301] [/local_avoidance]: [local_avoidance] DEACTIVATED
[WARN] [1783599656.327] [/px4_ctrl_bridge]: [px4_bridge] avoidance released -> published /planning/replan
[WARN] [1783599656.351] [/local_avoidance]: [local_avoidance] ACTIVATED  (min_dist=0.35 m, idx=10114)
[INFO] [1783599656.402] [/local_avoidance]: [local_avoidance] DEACTIVATED
[WARN] [1783599656.427] [/px4_ctrl_bridge]: [px4_bridge] avoidance released -> published /planning/replan
[WARN] [1783599656.451] [/local_avoidance]: [local_avoidance] ACTIVATED  (min_dist=0.35 m, idx=3922)
[INFO] [1783599656.501] [/local_avoidance]: [local_avoidance] DEACTIVATED
[WARN] [1783599656.527] [/px4_ctrl_bridge]: [px4_bridge] avoidance released -> published /planning/replan
[WARN] [1783599656.552] [/local_avoidance]: [local_avoidance] ACTIVATED  (min_dist=0.37 m, idx=4884)
[INFO] [1783599656.601] [/local_avoidance]: [local_avoidance] DEACTIVATED
[WARN] [1783599656.627] [/px4_ctrl_bridge]: [px4_bridge] avoidance released -> published /planning/replan
[WARN] [1783599656.651] [/local_avoidance]: [local_avoidance] ACTIVATED  (min_dist=0.35 m, idx=4665)
[WARN] [1783599656.687] [/px4_ctrl_bridge]: [px4_bridge] AVOIDANCE ACTIVE -> forwarding /target_avoidance
[INFO] [1783599656.703] [/local_avoidance]: [local_avoidance] avoiding...  min_dist=0.35 m
[INFO] [1783599656.828] [/local_avoidance]: [local_avoidance] DEACTIVATED
[WARN] [1783599656.854] [/local_avoidance]: [local_avoidance] ACTIVATED  (min_dist=0.35 m, idx=9885)
[WARN] [1783599656.858] [/px4_ctrl_bridge]: [px4_bridge] avoidance released -> published /planning/replan
[WARN] [1783599657.697] [/px4_ctrl_bridge]: [px4_bridge] AVOIDANCE ACTIVE -> forwarding /target_avoidance
[INFO] [1783599657.751] [/local_avoidance]: [local_avoidance] avoiding...  min_dist=0.35 m
[INFO] [1783599658.315] [/cloud_crop_bridge]: [CloudCrop] 2727 -> 345 pts (13%)
[WARN] [1783599658.697] [/px4_ctrl_bridge]: [px4_bridge] AVOIDANCE ACTIVE -> forwarding /target_avoidance
[INFO] [1783599658.751] [/local_avoidance]: [local_avoidance] avoiding...  min_dist=0.35 m
[INFO] [1783599659.252] [/local_avoidance]: [local_avoidance] DEACTIVATED
[WARN] [1783599659.277] [/px4_ctrl_bridge]: [px4_bridge] avoidance released -> published /planning/replan
[WARN] [1783599659.306] [/local_avoidance]: [local_avoidance] ACTIVATED  (min_dist=0.35 m, idx=5208)
[INFO] [1783599659.354] [/local_avoidance]: [local_avoidance] DEACTIVATED
[WARN] [1783599659.377] [/px4_ctrl_bridge]: [px4_bridge] avoidance released -> published /planning/replan
[WARN] [1783599659.427] [/local_avoidance]: [local_avoidance] ACTIVATED  (min_dist=0.35 m, idx=6013)
[INFO] [1783599659.555] [/local_avoidance]: [local_avoidance] DEACTIVATED
[WARN] [1783599659.577] [/px4_ctrl_bridge]: [px4_bridge] avoidance released -> published /planning/replan
[WARN] [1783599659.602] [/local_avoidance]: [local_avoidance] ACTIVATED  (min_dist=0.35 m, idx=620)
[INFO] [1783599659.653] [/local_avoidance]: [local_avoidance] DEACTIVATED
[WARN] [1783599659.678] [/px4_ctrl_bridge]: [px4_bridge] avoidance released -> published /planning/replan
[WARN] [1783599659.702] [/local_avoidance]: [local_avoidance] ACTIVATED  (min_dist=0.35 m, idx=355)
[WARN] [1783599659.727] [/px4_ctrl_bridge]: [px4_bridge] AVOIDANCE ACTIVE -> forwarding /target_avoidance
[INFO] [1783599659.778] [/local_avoidance]: [local_avoidance] DEACTIVATED
[WARN] [1783599659.805] [/local_avoidance]: [local_avoidance] ACTIVATED  (min_dist=0.35 m, idx=1160)
[WARN] [1783599659.807] [/px4_ctrl_bridge]: [px4_bridge] avoidance released -> published /planning/replan
[INFO] [1783599659.876] [/local_avoidance]: [local_avoidance] DEACTIVATED
[WARN] [1783599659.905] [/local_avoidance]: [local_avoidance] ACTIVATED  (min_dist=0.35 m, idx=1963)
[WARN] [1783599659.907] [/px4_ctrl_bridge]: [px4_bridge] avoidance released -> published /planning/replan
[INFO] [1783599659.976] [/local_avoidance]: [local_avoidance] DEACTIVATED
[WARN] [1783599660.005] [/local_avoidance]: [local_avoidance] ACTIVATED  (min_dist=0.35 m, idx=6252)
[WARN] [1783599660.008] [/px4_ctrl_bridge]: [px4_bridge] avoidance released -> published /planning/replan
[INFO] [1783599660.051] [/local_avoidance]: [local_avoidance] DEACTIVATED
[WARN] [1783599660.077] [/px4_ctrl_bridge]: [px4_bridge] avoidance released -> published /planning/replan
[WARN] [1783599660.101] [/local_avoidance]: [local_avoidance] ACTIVATED  (min_dist=0.35 m, idx=7383)
[INFO] [1783599660.151] [/local_avoidance]: [local_avoidance] DEACTIVATED
[WARN] [1783599660.177] [/px4_ctrl_bridge]: [px4_bridge] avoidance released -> published /planning/replan
[WARN] [1783599660.203] [/local_avoidance]: [local_avoidance] ACTIVATED  (min_dist=0.35 m, idx=2052)
[INFO] [1783599660.263] [/local_avoidance]: [local_avoidance] DEACTIVATED
[WARN] [1783599660.277] [/px4_ctrl_bridge]: [px4_bridge] avoidance released -> published /planning/replan
[WARN] [1783599660.277] [/exploration_node]: wait for trigger.
[WARN] [1783599660.301] [/local_avoidance]: [local_avoidance] ACTIVATED  (min_dist=0.35 m, idx=1798)
[INFO] [1783599660.351] [/local_avoidance]: [local_avoidance] DEACTIVATED
[WARN] [1783599660.377] [/px4_ctrl_bridge]: [px4_bridge] avoidance released -> published /planning/replan
[WARN] [1783599660.405] [/local_avoidance]: [local_avoidance] ACTIVATED  (min_dist=0.35 m, idx=8467)
[INFO] [1783599660.454] [/local_avoidance]: [local_avoidance] DEACTIVATED
[WARN] [1783599660.477] [/px4_ctrl_bridge]: [px4_bridge] avoidance released -> published /planning/replan
[WARN] [1783599660.501] [/local_avoidance]: [local_avoidance] ACTIVATED  (min_dist=0.35 m, idx=6728)
[INFO] [1783599660.551] [/local_avoidance]: [local_avoidance] DEACTIVATED
[WARN] [1783599660.577] [/px4_ctrl_bridge]: [px4_bridge] avoidance released -> published /planning/replan
[WARN] [1783599660.601] [/local_avoidance]: [local_avoidance] ACTIVATED  (min_dist=0.36 m, idx=3475)
[INFO] [1783599660.651] [/local_avoidance]: [local_avoidance] DEACTIVATED
[WARN] [1783599660.687] [/px4_ctrl_bridge]: [px4_bridge] avoidance released -> published /planning/replan
[WARN] [1783599660.702] [/local_avoidance]: [local_avoidance] ACTIVATED  (min_dist=0.35 m, idx=2505)
[WARN] [1783599660.727] [/px4_ctrl_bridge]: [px4_bridge] AVOIDANCE ACTIVE -> forwarding /target_avoidance
[INFO] [1783599660.751] [/local_avoidance]: [local_avoidance] DEACTIVATED
[WARN] [1783599660.777] [/px4_ctrl_bridge]: [px4_bridge] avoidance released -> published /planning/replan
[WARN] [1783599660.801] [/local_avoidance]: [local_avoidance] ACTIVATED  (min_dist=0.36 m, idx=8194)
[INFO] [1783599660.851] [/local_avoidance]: [local_avoidance] DEACTIVATED
[WARN] [1783599660.877] [/px4_ctrl_bridge]: [px4_bridge] avoidance released -> published /planning/replan
[WARN] [1783599660.901] [/local_avoidance]: [local_avoidance] ACTIVATED  (min_dist=0.35 m, idx=9094)
[INFO] [1783599660.952] [/local_avoidance]: [local_avoidance] DEACTIVATED
[WARN] [1783599660.977] [/px4_ctrl_bridge]: [px4_bridge] avoidance released -> published /planning/replan
[WARN] [1783599661.001] [/local_avoidance]: [local_avoidance] ACTIVATED  (min_dist=0.35 m, idx=8548)
[INFO] [1783599661.053] [/local_avoidance]: [local_avoidance] DEACTIVATED
[WARN] [1783599661.077] [/px4_ctrl_bridge]: [px4_bridge] avoidance released -> published /planning/replan
[WARN] [1783599661.102] [/local_avoidance]: [local_avoidance] ACTIVATED  (min_dist=0.35 m, idx=9328)
[INFO] [1783599661.152] [/local_avoidance]: [local_avoidance] DEACTIVATED
[INFO] [1783599661.162] [/mavros]: HP: requesting home position
[WARN] [1783599661.177] [/px4_ctrl_bridge]: [px4_bridge] avoidance released -> published /planning/replan
[WARN] [1783599661.201] [/local_avoidance]: [local_avoidance] ACTIVATED  (min_dist=0.35 m, idx=9088)
[INFO] [1783599661.252] [/local_avoidance]: [local_avoidance] DEACTIVATED
[WARN] [1783599661.277] [/px4_ctrl_bridge]: [px4_bridge] avoidance released -> published /planning/replan
[WARN] [1783599661.301] [/local_avoidance]: [local_avoidance] ACTIVATED  (min_dist=0.35 m, idx=4168)
[INFO] [1783599661.351] [/local_avoidance]: [local_avoidance] DEACTIVATED
[WARN] [1783599661.377] [/px4_ctrl_bridge]: [px4_bridge] avoidance released -> published /planning/replan
[WARN] [1783599661.402] [/local_avoidance]: [local_avoidance] ACTIVATED  (min_dist=0.35 m, idx=9544)
[INFO] [1783599661.451] [/local_avoidance]: [local_avoidance] DEACTIVATED
[WARN] [1783599661.477] [/px4_ctrl_bridge]: [px4_bridge] avoidance released -> published /planning/replan
[WARN] [1783599661.501] [/local_avoidance]: [local_avoidance] ACTIVATED  (min_dist=0.35 m, idx=4500)
[INFO] [1783599661.551] [/local_avoidance]: [local_avoidance] avoiding...  min_dist=0.35 m
[INFO] [1783599661.651] [/local_avoidance]: [local_avoidance] DEACTIVATED
[WARN] [1783599661.677] [/px4_ctrl_bridge]: [px4_bridge] avoidance released -> published /planning/replan
[WARN] [1783599661.701] [/local_avoidance]: [local_avoidance] ACTIVATED  (min_dist=0.35 m, idx=4940)
[WARN] [1783599661.737] [/px4_ctrl_bridge]: [px4_bridge] AVOIDANCE ACTIVE -> forwarding /target_avoidance
[INFO] [1783599662.603] [/local_avoidance]: [local_avoidance] avoiding...  min_dist=0.35 m
[WARN] [1783599662.738] [/px4_ctrl_bridge]: [px4_bridge] AVOIDANCE ACTIVE -> forwarding /target_avoidance
[INFO] [1783599663.349] [/cloud_crop_bridge]: [CloudCrop] 2812 -> 426 pts (15%)
[INFO] [1783599663.607] [/local_avoidance]: [local_avoidance] avoiding...  min_dist=0.35 m
[WARN] [1783599663.748] [/px4_ctrl_bridge]: [px4_bridge] AVOIDANCE ACTIVE -> forwarding /target_avoidance
[INFO] [1783599664.228] [/local_avoidance]: [local_avoidance] DEACTIVATED
[WARN] [1783599664.253] [/local_avoidance]: [local_avoidance] ACTIVATED  (min_dist=0.36 m, idx=597)
[WARN] [1783599664.258] [/px4_ctrl_bridge]: [px4_bridge] avoidance released -> published /planning/replan
[INFO] [1783599664.411] [/local_avoidance]: [local_avoidance] DEACTIVATED
[WARN] [1783599664.428] [/px4_ctrl_bridge]: [px4_bridge] avoidance released -> published /planning/replan
[WARN] [1783599664.451] [/local_avoidance]: [local_avoidance] ACTIVATED  (min_dist=0.37 m, idx=5868)
[INFO] [1783599664.514] [/local_avoidance]: [local_avoidance] DEACTIVATED
[WARN] [1783599664.528] [/px4_ctrl_bridge]: [px4_bridge] avoidance released -> published /planning/replan
[WARN] [1783599664.556] [/local_avoidance]: [local_avoidance] ACTIVATED  (min_dist=0.35 m, idx=6522)
[INFO] [1783599664.604] [/local_avoidance]: [local_avoidance] DEACTIVATED
[WARN] [1783599664.628] [/px4_ctrl_bridge]: [px4_bridge] avoidance released -> published /planning/replan
[WARN] [1783599664.654] [/local_avoidance]: [local_avoidance] ACTIVATED  (min_dist=0.36 m, idx=6188)
[INFO] [1783599664.704] [/local_avoidance]: [local_avoidance] DEACTIVATED
[WARN] [1783599664.728] [/px4_ctrl_bridge]: [px4_bridge] avoidance released -> published /planning/replan
[WARN] [1783599664.760] [/local_avoidance]: [local_avoidance] ACTIVATED  (min_dist=0.35 m, idx=6672)
[WARN] [1783599664.778] [/px4_ctrl_bridge]: [px4_bridge] AVOIDANCE ACTIVE -> forwarding /target_avoidance
[INFO] [1783599664.802] [/local_avoidance]: [local_avoidance] DEACTIVATED
[WARN] [1783599664.828] [/px4_ctrl_bridge]: [px4_bridge] avoidance released -> published /planning/replan
[WARN] [1783599664.854] [/local_avoidance]: [local_avoidance] ACTIVATED  (min_dist=0.35 m, idx=2060)
[INFO] [1783599664.926] [/local_avoidance]: [local_avoidance] DEACTIVATED
[WARN] [1783599664.951] [/local_avoidance]: [local_avoidance] ACTIVATED  (min_dist=0.35 m, idx=7500)
[WARN] [1783599664.958] [/px4_ctrl_bridge]: [px4_bridge] avoidance released -> published /planning/replan
[INFO] [1783599665.002] [/local_avoidance]: [local_avoidance] DEACTIVATED
[WARN] [1783599665.028] [/px4_ctrl_bridge]: [px4_bridge] avoidance released -> published /planning/replan
[WARN] [1783599665.051] [/local_avoidance]: [local_avoidance] ACTIVATED  (min_dist=0.35 m, idx=6872)
[INFO] [1783599665.102] [/local_avoidance]: [local_avoidance] DEACTIVATED
[WARN] [1783599665.128] [/px4_ctrl_bridge]: [px4_bridge] avoidance released -> published /planning/replan
[WARN] [1783599665.154] [/local_avoidance]: [local_avoidance] ACTIVATED  (min_dist=0.35 m, idx=7585)
[INFO] [1783599665.201] [/local_avoidance]: [local_avoidance] DEACTIVATED
[WARN] [1783599665.228] [/px4_ctrl_bridge]: [px4_bridge] avoidance released -> published /planning/replan
[WARN] [1783599665.255] [/local_avoidance]: [local_avoidance] ACTIVATED  (min_dist=0.35 m, idx=7328)
[WARN] [1783599665.277] [/exploration_node]: [EV] [1783599665.277][    +91.1s][WAIT_TRIGGER] Avoidance: Activated  <->  Deactivated | cycling x854 over 90.1s
[WARN] [1783599665.287] [/exploration_node]: wait for trigger.
[INFO] [1783599665.305] [/local_avoidance]: [local_avoidance] DEACTIVATED
[WARN] [1783599665.328] [/px4_ctrl_bridge]: [px4_bridge] avoidance released -> published /planning/replan
[WARN] [1783599665.351] [/local_avoidance]: [local_avoidance] ACTIVATED  (min_dist=0.35 m, idx=2591)
[INFO] [1783599665.401] [/local_avoidance]: [local_avoidance] DEACTIVATED
[WARN] [1783599665.428] [/px4_ctrl_bridge]: [px4_bridge] avoidance released -> published /planning/replan
[WARN] [1783599665.451] [/local_avoidance]: [local_avoidance] ACTIVATED  (min_dist=0.35 m, idx=1935)
[INFO] [1783599665.503] [/local_avoidance]: [local_avoidance] DEACTIVATED
[WARN] [1783599665.528] [/px4_ctrl_bridge]: [px4_bridge] avoidance released -> published /planning/replan
[WARN] [1783599665.552] [/local_avoidance]: [local_avoidance] ACTIVATED  (min_dist=0.35 m, idx=8791)
[INFO] [1783599665.601] [/local_avoidance]: [local_avoidance] DEACTIVATED
[WARN] [1783599665.638] [/px4_ctrl_bridge]: [px4_bridge] avoidance released -> published /planning/replan
[WARN] [1783599665.652] [/local_avoidance]: [local_avoidance] ACTIVATED  (min_dist=0.35 m, idx=2374)
[INFO] [1783599665.702] [/local_avoidance]: [local_avoidance] DEACTIVATED
[WARN] [1783599665.728] [/px4_ctrl_bridge]: [px4_bridge] avoidance released -> published /planning/replan
[WARN] [1783599665.752] [/local_avoidance]: [local_avoidance] ACTIVATED  (min_dist=0.35 m, idx=3107)
[WARN] [1783599665.788] [/px4_ctrl_bridge]: [px4_bridge] AVOIDANCE ACTIVE -> forwarding /target_avoidance
[INFO] [1783599665.802] [/local_avoidance]: [local_avoidance] DEACTIVATED
[WARN] [1783599665.828] [/px4_ctrl_bridge]: [px4_bridge] avoidance released -> published /planning/replan
[WARN] [1783599665.858] [/local_avoidance]: [local_avoidance] ACTIVATED  (min_dist=0.35 m, idx=7547)
[INFO] [1783599665.909] [/local_avoidance]: [local_avoidance] DEACTIVATED
[WARN] [1783599665.928] [/px4_ctrl_bridge]: [px4_bridge] avoidance released -> published /planning/replan
[WARN] [1783599665.951] [/local_avoidance]: [local_avoidance] ACTIVATED  (min_dist=0.35 m, idx=3728)
[INFO] [1783599666.001] [/local_avoidance]: [local_avoidance] DEACTIVATED
[WARN] [1783599666.028] [/px4_ctrl_bridge]: [px4_bridge] avoidance released -> published /planning/replan
[WARN] [1783599666.052] [/local_avoidance]: [local_avoidance] ACTIVATED  (min_dist=0.35 m, idx=3282)
[INFO] [1783599666.102] [/local_avoidance]: [local_avoidance] DEACTIVATED
[WARN] [1783599666.128] [/px4_ctrl_bridge]: [px4_bridge] avoidance released -> published /planning/replan
[WARN] [1783599666.151] [/local_avoidance]: [local_avoidance] ACTIVATED  (min_dist=0.37 m, idx=4506)
[INFO] [1783599666.205] [/local_avoidance]: [local_avoidance] DEACTIVATED
[WARN] [1783599666.228] [/px4_ctrl_bridge]: [px4_bridge] avoidance released -> published /planning/replan
[WARN] [1783599666.256] [/local_avoidance]: [local_avoidance] ACTIVATED  (min_dist=0.35 m, idx=3633)
[INFO] [1783599666.302] [/local_avoidance]: [local_avoidance] DEACTIVATED
[WARN] [1783599666.330] [/px4_ctrl_bridge]: [px4_bridge] avoidance released -> published /planning/replan
[WARN] [1783599666.353] [/local_avoidance]: [local_avoidance] ACTIVATED  (min_dist=0.36 m, idx=9302)
[INFO] [1783599666.404] [/local_avoidance]: [local_avoidance] DEACTIVATED
[WARN] [1783599666.428] [/px4_ctrl_bridge]: [px4_bridge] avoidance released -> published /planning/replan
[WARN] [1783599666.476] [/local_avoidance]: [local_avoidance] ACTIVATED  (min_dist=0.35 m, idx=4193)
[INFO] [1783599666.504] [/local_avoidance]: [local_avoidance] avoiding...  min_dist=0.37 m
[INFO] [1783599666.606] [/local_avoidance]: [local_avoidance] DEACTIVATED
[WARN] [1783599666.628] [/px4_ctrl_bridge]: [px4_bridge] avoidance released -> published /planning/replan
[WARN] [1783599666.655] [/local_avoidance]: [local_avoidance] ACTIVATED  (min_dist=0.35 m, idx=4844)
[WARN] [1783599666.788] [/px4_ctrl_bridge]: [px4_bridge] AVOIDANCE ACTIVE -> forwarding /target_avoidance
[INFO] [1783599667.508] [/local_avoidance]: [local_avoidance] avoiding...  min_dist=0.35 m
[WARN] [1783599667.798] [/px4_ctrl_bridge]: [px4_bridge] AVOIDANCE ACTIVE -> forwarding /target_avoidance
[INFO] [1783599668.354] [/cloud_crop_bridge]: [CloudCrop] 3054 -> 330 pts (11%)
[INFO] [1783599668.516] [/local_avoidance]: [local_avoidance] avoiding...  min_dist=0.37 m
[WARN] [1783599668.808] [/px4_ctrl_bridge]: [px4_bridge] AVOIDANCE ACTIVE -> forwarding /target_avoidance
[INFO] [1783599669.353] [/local_avoidance]: [local_avoidance] DEACTIVATED
[WARN] [1783599669.378] [/px4_ctrl_bridge]: [px4_bridge] avoidance released -> published /planning/replan
[WARN] [1783599669.402] [/local_avoidance]: [local_avoidance] ACTIVATED  (min_dist=0.35 m, idx=6370)
[INFO] [1783599669.454] [/local_avoidance]: [local_avoidance] DEACTIVATED
[WARN] [1783599669.478] [/px4_ctrl_bridge]: [px4_bridge] avoidance released -> published /planning/replan
[WARN] [1783599669.502] [/local_avoidance]: [local_avoidance] ACTIVATED  (min_dist=0.35 m, idx=62)
[INFO] [1783599669.551] [/local_avoidance]: [local_avoidance] DEACTIVATED
[WARN] [1783599669.578] [/px4_ctrl_bridge]: [px4_bridge] avoidance released -> published /planning/replan
[WARN] [1783599669.602] [/local_avoidance]: [local_avoidance] ACTIVATED  (min_dist=0.35 m, idx=6819)
[INFO] [1783599669.651] [/local_avoidance]: [local_avoidance] DEACTIVATED
[WARN] [1783599669.678] [/px4_ctrl_bridge]: [px4_bridge] avoidance released -> published /planning/replan
[WARN] [1783599669.702] [/local_avoidance]: [local_avoidance] ACTIVATED  (min_dist=0.35 m, idx=810)
[INFO] [1783599669.751] [/local_avoidance]: [local_avoidance] DEACTIVATED
[WARN] [1783599669.778] [/px4_ctrl_bridge]: [px4_bridge] avoidance released -> published /planning/replan
[WARN] [1783599669.802] [/local_avoidance]: [local_avoidance] ACTIVATED  (min_dist=0.36 m, idx=1446)
[WARN] [1783599669.828] [/px4_ctrl_bridge]: [px4_bridge] AVOIDANCE ACTIVE -> forwarding /target_avoidance
[INFO] [1783599669.851] [/local_avoidance]: [local_avoidance] DEACTIVATED
[WARN] [1783599669.878] [/px4_ctrl_bridge]: [px4_bridge] avoidance released -> published /planning/replan
[WARN] [1783599669.901] [/local_avoidance]: [local_avoidance] ACTIVATED  (min_dist=0.35 m, idx=7109)
[INFO] [1783599669.951] [/local_avoidance]: [local_avoidance] DEACTIVATED
[WARN] [1783599669.978] [/px4_ctrl_bridge]: [px4_bridge] avoidance released -> published /planning/replan
[WARN] [1783599670.001] [/local_avoidance]: [local_avoidance] ACTIVATED  (min_dist=0.36 m, idx=7235)
[INFO] [1783599670.051] [/local_avoidance]: [local_avoidance] DEACTIVATED
[WARN] [1783599670.078] [/px4_ctrl_bridge]: [px4_bridge] avoidance released -> published /planning/replan
[WARN] [1783599670.104] [/local_avoidance]: [local_avoidance] ACTIVATED  (min_dist=0.35 m, idx=7340)
[INFO] [1783599670.152] [/local_avoidance]: [local_avoidance] DEACTIVATED
[WARN] [1783599670.178] [/px4_ctrl_bridge]: [px4_bridge] avoidance released -> published /planning/replan
[WARN] [1783599670.208] [/local_avoidance]: [local_avoidance] ACTIVATED  (min_dist=0.35 m, idx=2728)
[INFO] [1783599670.254] [/local_avoidance]: [local_avoidance] DEACTIVATED
[WARN] [1783599670.278] [/px4_ctrl_bridge]: [px4_bridge] avoidance released -> published /planning/replan
[WARN] [1783599670.287] [/exploration_node]: wait for trigger.
[WARN] [1783599670.317] [/local_avoidance]: [local_avoidance] ACTIVATED  (min_dist=0.35 m, idx=7796)
[INFO] [1783599670.351] [/local_avoidance]: [local_avoidance] DEACTIVATED
[WARN] [1783599670.378] [/px4_ctrl_bridge]: [px4_bridge] avoidance released -> published /planning/replan
[WARN] [1783599670.401] [/local_avoidance]: [local_avoidance] ACTIVATED  (min_dist=0.35 m, idx=3300)
[INFO] [1783599670.451] [/local_avoidance]: [local_avoidance] DEACTIVATED
[WARN] [1783599670.478] [/px4_ctrl_bridge]: [px4_bridge] avoidance released -> published /planning/replan
[WARN] [1783599670.502] [/local_avoidance]: [local_avoidance] ACTIVATED  (min_dist=0.35 m, idx=8240)
[INFO] [1783599670.551] [/local_avoidance]: [local_avoidance] DEACTIVATED
[WARN] [1783599670.580] [/px4_ctrl_bridge]: [px4_bridge] avoidance released -> published /planning/replan
[WARN] [1783599670.601] [/local_avoidance]: [local_avoidance] ACTIVATED  (min_dist=0.35 m, idx=3736)
[INFO] [1783599670.651] [/local_avoidance]: [local_avoidance] DEACTIVATED
[WARN] [1783599670.678] [/px4_ctrl_bridge]: [px4_bridge] avoidance released -> published /planning/replan
[WARN] [1783599670.701] [/local_avoidance]: [local_avoidance] ACTIVATED  (min_dist=0.35 m, idx=8713)
[INFO] [1783599670.752] [/local_avoidance]: [local_avoidance] DEACTIVATED
[WARN] [1783599670.778] [/px4_ctrl_bridge]: [px4_bridge] avoidance released -> published /planning/replan
[WARN] [1783599670.802] [/local_avoidance]: [local_avoidance] ACTIVATED  (min_dist=0.35 m, idx=2615)
[WARN] [1783599670.838] [/px4_ctrl_bridge]: [px4_bridge] AVOIDANCE ACTIVE -> forwarding /target_avoidance
[INFO] [1783599670.856] [/local_avoidance]: [local_avoidance] DEACTIVATED
[WARN] [1783599670.878] [/px4_ctrl_bridge]: [px4_bridge] avoidance released -> published /planning/replan
[WARN] [1783599670.903] [/local_avoidance]: [local_avoidance] ACTIVATED  (min_dist=0.35 m, idx=9467)
[INFO] [1783599670.954] [/local_avoidance]: [local_avoidance] DEACTIVATED
[WARN] [1783599670.979] [/px4_ctrl_bridge]: [px4_bridge] avoidance released -> published /planning/replan
[WARN] [1783599671.003] [/local_avoidance]: [local_avoidance] ACTIVATED  (min_dist=0.35 m, idx=3163)
[INFO] [1783599671.052] [/local_avoidance]: [local_avoidance] DEACTIVATED
[WARN] [1783599671.078] [/px4_ctrl_bridge]: [px4_bridge] avoidance released -> published /planning/replan
[WARN] [1783599671.101] [/local_avoidance]: [local_avoidance] ACTIVATED  (min_dist=0.35 m, idx=9710)
[INFO] [1783599671.152] [/local_avoidance]: [local_avoidance] DEACTIVATED
[INFO] [1783599671.161] [/mavros]: HP: requesting home position
[WARN] [1783599671.179] [/px4_ctrl_bridge]: [px4_bridge] avoidance released -> published /planning/replan
[WARN] [1783599671.202] [/local_avoidance]: [local_avoidance] ACTIVATED  (min_dist=0.35 m, idx=3610)
[INFO] [1783599671.251] [/local_avoidance]: [local_avoidance] DEACTIVATED
[WARN] [1783599671.279] [/px4_ctrl_bridge]: [px4_bridge] avoidance released -> published /planning/replan
[WARN] [1783599671.302] [/local_avoidance]: [local_avoidance] ACTIVATED  (min_dist=0.35 m, idx=4320)
[INFO] [1783599671.352] [/local_avoidance]: [local_avoidance] DEACTIVATED
[WARN] [1783599671.379] [/px4_ctrl_bridge]: [px4_bridge] avoidance released -> published /planning/replan
[WARN] [1783599671.404] [/local_avoidance]: [local_avoidance] ACTIVATED  (min_dist=0.35 m, idx=10285)
[INFO] [1783599671.452] [/local_avoidance]: [local_avoidance] DEACTIVATED
[WARN] [1783599671.478] [/px4_ctrl_bridge]: [px4_bridge] avoidance released -> published /planning/replan
[WARN] [1783599671.526] [/local_avoidance]: [local_avoidance] ACTIVATED  (min_dist=0.35 m, idx=5048)
[INFO] [1783599671.553] [/local_avoidance]: [local_avoidance] DEACTIVATED
[WARN] [1783599671.578] [/px4_ctrl_bridge]: [px4_bridge] avoidance released -> published /planning/replan
[WARN] [1783599671.628] [/local_avoidance]: [local_avoidance] ACTIVATED  (min_dist=0.35 m, idx=5562)
[INFO] [1783599671.652] [/local_avoidance]: [local_avoidance] avoiding...  min_dist=0.35 m
[INFO] [1783599671.757] [/local_avoidance]: [local_avoidance] DEACTIVATED
[WARN] [1783599671.778] [/px4_ctrl_bridge]: [px4_bridge] avoidance released -> published /planning/replan
[WARN] [1783599671.804] [/local_avoidance]: [local_avoidance] ACTIVATED  (min_dist=0.35 m, idx=4757)
[WARN] [1783599671.838] [/px4_ctrl_bridge]: [px4_bridge] AVOIDANCE ACTIVE -> forwarding /target_avoidance
[INFO] [1783599672.205] [/exploration_node]: [EV] [1783599672.205][    +98.0s][WAIT_TRIGGER] BATT 23.5V | voltage=23.72V percent=51% (repeated x11)
[INFO] [1783599672.661] [/local_avoidance]: [local_avoidance] avoiding...  min_dist=0.35 m
[WARN] [1783599672.841] [/px4_ctrl_bridge]: [px4_bridge] AVOIDANCE ACTIVE -> forwarding /target_avoidance
[INFO] [1783599673.366] [/cloud_crop_bridge]: [CloudCrop] 2763 -> 433 pts (16%)
[INFO] [1783599673.713] [/local_avoidance]: [local_avoidance] avoiding...  min_dist=0.35 m
[INFO] [1783599673.805] [/local_avoidance]: [local_avoidance] DEACTIVATED
[WARN] [1783599673.828] [/px4_ctrl_bridge]: [px4_bridge] avoidance released -> published /planning/replan
[WARN] [1783599673.858] [/local_avoidance]: [local_avoidance] ACTIVATED  (min_dist=0.37 m, idx=5009)
[WARN] [1783599673.878] [/px4_ctrl_bridge]: [px4_bridge] AVOIDANCE ACTIVE -> forwarding /target_avoidance
[INFO] [1783599674.027] [/local_avoidance]: [local_avoidance] DEACTIVATED
[WARN] [1783599674.062] [/px4_ctrl_bridge]: [px4_bridge] avoidance released -> published /planning/replan
[WARN] [1783599674.077] [/local_avoidance]: [local_avoidance] ACTIVATED  (min_dist=0.35 m, idx=5364)
[INFO] [1783599674.199] [/exploration_node]: [EV] [1783599674.199][   +100.0s][WAIT_TRIGGER] BATT 23.5V | voltage=23.73V percent=51%
[INFO] [1783599674.228] [/local_avoidance]: [local_avoidance] DEACTIVATED
[WARN] [1783599674.256] [/local_avoidance]: [local_avoidance] ACTIVATED  (min_dist=0.35 m, idx=5444)
[WARN] [1783599674.258] [/px4_ctrl_bridge]: [px4_bridge] avoidance released -> published /planning/replan
[INFO] [1783599674.303] [/local_avoidance]: [local_avoidance] DEACTIVATED
[WARN] [1783599674.328] [/px4_ctrl_bridge]: [px4_bridge] avoidance released -> published /planning/replan
[WARN] [1783599674.376] [/local_avoidance]: [local_avoidance] ACTIVATED  (min_dist=0.35 m, idx=6412)
[INFO] [1783599674.501] [/local_avoidance]: [local_avoidance] DEACTIVATED
[WARN] [1783599674.528] [/px4_ctrl_bridge]: [px4_bridge] avoidance released -> published /planning/replan
[WARN] [1783599674.559] [/local_avoidance]: [local_avoidance] ACTIVATED  (min_dist=0.35 m, idx=6501)
[INFO] [1783599674.601] [/local_avoidance]: [local_avoidance] DEACTIVATED
[WARN] [1783599674.628] [/px4_ctrl_bridge]: [px4_bridge] avoidance released -> published /planning/replan
[WARN] [1783599674.652] [/local_avoidance]: [local_avoidance] ACTIVATED  (min_dist=0.35 m, idx=403)
[INFO] [1783599674.701] [/local_avoidance]: [local_avoidance] DEACTIVATED
[WARN] [1783599674.728] [/px4_ctrl_bridge]: [px4_bridge] avoidance released -> published /planning/replan
[WARN] [1783599674.751] [/local_avoidance]: [local_avoidance] ACTIVATED  (min_dist=0.35 m, idx=1096)
[INFO] [1783599674.801] [/local_avoidance]: [local_avoidance] DEACTIVATED
[WARN] [1783599674.828] [/px4_ctrl_bridge]: [px4_bridge] avoidance released -> published /planning/replan
[WARN] [1783599674.851] [/local_avoidance]: [local_avoidance] ACTIVATED  (min_dist=0.35 m, idx=635)
[WARN] [1783599674.888] [/px4_ctrl_bridge]: [px4_bridge] AVOIDANCE ACTIVE -> forwarding /target_avoidance
[INFO] [1783599674.901] [/local_avoidance]: [local_avoidance] DEACTIVATED
[WARN] [1783599674.928] [/px4_ctrl_bridge]: [px4_bridge] avoidance released -> published /planning/replan
[WARN] [1783599674.951] [/local_avoidance]: [local_avoidance] ACTIVATED  (min_dist=0.35 m, idx=7399)
[INFO] [1783599675.001] [/local_avoidance]: [local_avoidance] DEACTIVATED
[WARN] [1783599675.028] [/px4_ctrl_bridge]: [px4_bridge] avoidance released -> published /planning/replan
[WARN] [1783599675.051] [/local_avoidance]: [local_avoidance] ACTIVATED  (min_dist=0.35 m, idx=1098)
[INFO] [1783599675.101] [/local_avoidance]: [local_avoidance] DEACTIVATED
[WARN] [1783599675.128] [/px4_ctrl_bridge]: [px4_bridge] avoidance released -> published /planning/replan
[WARN] [1783599675.151] [/local_avoidance]: [local_avoidance] ACTIVATED  (min_dist=0.35 m, idx=2100)
[INFO] [1783599675.204] [/local_avoidance]: [local_avoidance] DEACTIVATED
[WARN] [1783599675.228] [/px4_ctrl_bridge]: [px4_bridge] avoidance released -> published /planning/replan
[WARN] [1783599675.252] [/local_avoidance]: [local_avoidance] ACTIVATED  (min_dist=0.35 m, idx=2226)
[WARN] [1783599675.297] [/exploration_node]: wait for trigger.
[INFO] [1783599675.301] [/local_avoidance]: [local_avoidance] DEACTIVATED
[WARN] [1783599675.328] [/px4_ctrl_bridge]: [px4_bridge] avoidance released -> published /planning/replan
[WARN] [1783599675.351] [/local_avoidance]: [local_avoidance] ACTIVATED  (min_dist=0.36 m, idx=2872)
[INFO] [1783599675.401] [/local_avoidance]: [local_avoidance] DEACTIVATED
[WARN] [1783599675.428] [/px4_ctrl_bridge]: [px4_bridge] avoidance released -> published /planning/replan
[WARN] [1783599675.451] [/local_avoidance]: [local_avoidance] ACTIVATED  (min_dist=0.35 m, idx=2301)
[INFO] [1783599675.502] [/local_avoidance]: [local_avoidance] DEACTIVATED
[WARN] [1783599675.528] [/px4_ctrl_bridge]: [px4_bridge] avoidance released -> published /planning/replan
[WARN] [1783599675.551] [/local_avoidance]: [local_avoidance] ACTIVATED  (min_dist=0.36 m, idx=2915)
[INFO] [1783599675.602] [/local_avoidance]: [local_avoidance] DEACTIVATED
[WARN] [1783599675.629] [/px4_ctrl_bridge]: [px4_bridge] avoidance released -> published /planning/replan
[WARN] [1783599675.652] [/local_avoidance]: [local_avoidance] ACTIVATED  (min_dist=0.35 m, idx=2549)
[INFO] [1783599675.702] [/local_avoidance]: [local_avoidance] DEACTIVATED
[WARN] [1783599675.728] [/px4_ctrl_bridge]: [px4_bridge] avoidance released -> published /planning/replan
[WARN] [1783599675.751] [/local_avoidance]: [local_avoidance] ACTIVATED  (min_dist=0.36 m, idx=8218)
[INFO] [1783599675.802] [/local_avoidance]: [local_avoidance] DEACTIVATED
[WARN] [1783599675.828] [/px4_ctrl_bridge]: [px4_bridge] avoidance released -> published /planning/replan
[WARN] [1783599675.852] [/local_avoidance]: [local_avoidance] ACTIVATED  (min_dist=0.35 m, idx=8828)
[WARN] [1783599675.898] [/px4_ctrl_bridge]: [px4_bridge] AVOIDANCE ACTIVE -> forwarding /target_avoidance
[INFO] [1783599675.902] [/local_avoidance]: [local_avoidance] DEACTIVATED
[WARN] [1783599675.931] [/px4_ctrl_bridge]: [px4_bridge] avoidance released -> published /planning/replan
[WARN] [1783599675.953] [/local_avoidance]: [local_avoidance] ACTIVATED  (min_dist=0.35 m, idx=8641)
[INFO] [1783599676.002] [/local_avoidance]: [local_avoidance] DEACTIVATED
[WARN] [1783599676.029] [/px4_ctrl_bridge]: [px4_bridge] avoidance released -> published /planning/replan
[WARN] [1783599676.051] [/local_avoidance]: [local_avoidance] ACTIVATED  (min_dist=0.35 m, idx=3664)
[INFO] [1783599676.102] [/local_avoidance]: [local_avoidance] DEACTIVATED
[WARN] [1783599676.128] [/px4_ctrl_bridge]: [px4_bridge] avoidance released -> published /planning/replan
[WARN] [1783599676.151] [/local_avoidance]: [local_avoidance] ACTIVATED  (min_dist=0.35 m, idx=9036)
[INFO] [1783599676.201] [/local_avoidance]: [local_avoidance] DEACTIVATED
[WARN] [1783599676.228] [/px4_ctrl_bridge]: [px4_bridge] avoidance released -> published /planning/replan
[WARN] [1783599676.253] [/local_avoidance]: [local_avoidance] ACTIVATED  (min_dist=0.35 m, idx=4116)
[INFO] [1783599676.307] [/local_avoidance]: [local_avoidance] DEACTIVATED
[WARN] [1783599676.330] [/px4_ctrl_bridge]: [px4_bridge] avoidance released -> published /planning/replan
[WARN] [1783599676.351] [/local_avoidance]: [local_avoidance] ACTIVATED  (min_dist=0.35 m, idx=9659)
[INFO] [1783599676.402] [/local_avoidance]: [local_avoidance] DEACTIVATED
[WARN] [1783599676.428] [/px4_ctrl_bridge]: [px4_bridge] avoidance released -> published /planning/replan
[WARN] [1783599676.459] [/local_avoidance]: [local_avoidance] ACTIVATED  (min_dist=0.36 m, idx=9124)
[INFO] [1783599676.502] [/local_avoidance]: [local_avoidance] avoiding...  min_dist=0.35 m
[INFO] [1783599676.602] [/local_avoidance]: [local_avoidance] DEACTIVATED
[WARN] [1783599676.628] [/px4_ctrl_bridge]: [px4_bridge] avoidance released -> published /planning/replan
[WARN] [1783599676.651] [/local_avoidance]: [local_avoidance] ACTIVATED  (min_dist=0.35 m, idx=4892)
[WARN] [1783599676.908] [/px4_ctrl_bridge]: [px4_bridge] AVOIDANCE ACTIVE -> forwarding /target_avoidance
[INFO] [1783599677.504] [/local_avoidance]: [local_avoidance] avoiding...  min_dist=0.38 m
[WARN] [1783599677.908] [/px4_ctrl_bridge]: [px4_bridge] AVOIDANCE ACTIVE -> forwarding /target_avoidance
[INFO] [1783599678.402] [/cloud_crop_bridge]: [CloudCrop] 2714 -> 394 pts (15%)
[INFO] [1783599678.551] [/local_avoidance]: [local_avoidance] avoiding...  min_dist=0.35 m
[WARN] [1783599678.908] [/px4_ctrl_bridge]: [px4_bridge] AVOIDANCE ACTIVE -> forwarding /target_avoidance
[INFO] [1783599679.151] [/local_avoidance]: [local_avoidance] DEACTIVATED
[WARN] [1783599679.178] [/px4_ctrl_bridge]: [px4_bridge] avoidance released -> published /planning/replan
[WARN] [1783599679.227] [/local_avoidance]: [local_avoidance] ACTIVATED  (min_dist=0.36 m, idx=4943)
[INFO] [1783599679.352] [/local_avoidance]: [local_avoidance] DEACTIVATED
[WARN] [1783599679.380] [/px4_ctrl_bridge]: [px4_bridge] avoidance released -> published /planning/replan
[WARN] [1783599679.401] [/local_avoidance]: [local_avoidance] ACTIVATED  (min_dist=0.37 m, idx=5059)
[INFO] [1783599679.452] [/local_avoidance]: [local_avoidance] DEACTIVATED
[WARN] [1783599679.478] [/px4_ctrl_bridge]: [px4_bridge] avoidance released -> published /planning/replan
[WARN] [1783599679.502] [/local_avoidance]: [local_avoidance] ACTIVATED  (min_dist=0.35 m, idx=6176)
[INFO] [1783599679.551] [/local_avoidance]: [local_avoidance] DEACTIVATED
[WARN] [1783599679.578] [/px4_ctrl_bridge]: [px4_bridge] avoidance released -> published /planning/replan
[WARN] [1783599679.602] [/local_avoidance]: [local_avoidance] ACTIVATED  (min_dist=0.35 m, idx=5926)
[INFO] [1783599679.652] [/local_avoidance]: [local_avoidance] DEACTIVATED
[WARN] [1783599679.688] [/px4_ctrl_bridge]: [px4_bridge] avoidance released -> published /planning/replan
[WARN] [1783599679.701] [/local_avoidance]: [local_avoidance] ACTIVATED  (min_dist=0.35 m, idx=1004)
[INFO] [1783599679.752] [/local_avoidance]: [local_avoidance] DEACTIVATED
[WARN] [1783599679.778] [/px4_ctrl_bridge]: [px4_bridge] avoidance released -> published /planning/replan
[WARN] [1783599679.802] [/local_avoidance]: [local_avoidance] ACTIVATED  (min_dist=0.35 m, idx=6364)
[INFO] [1783599679.877] [/local_avoidance]: [local_avoidance] DEACTIVATED
[WARN] [1783599679.901] [/local_avoidance]: [local_avoidance] ACTIVATED  (min_dist=0.35 m, idx=1913)
[WARN] [1783599679.908] [/px4_ctrl_bridge]: [px4_bridge] avoidance released -> published /planning/replan
[WARN] [1783599679.935] [/px4_ctrl_bridge]: [px4_bridge] AVOIDANCE ACTIVE -> forwarding /target_avoidance
[INFO] [1783599679.951] [/local_avoidance]: [local_avoidance] DEACTIVATED
[WARN] [1783599679.978] [/px4_ctrl_bridge]: [px4_bridge] avoidance released -> published /planning/replan
[WARN] [1783599680.001] [/local_avoidance]: [local_avoidance] ACTIVATED  (min_dist=0.35 m, idx=6820)
[INFO] [1783599680.052] [/local_avoidance]: [local_avoidance] DEACTIVATED
[WARN] [1783599680.078] [/px4_ctrl_bridge]: [px4_bridge] avoidance released -> published /planning/replan
[WARN] [1783599680.106] [/local_avoidance]: [local_avoidance] ACTIVATED  (min_dist=0.36 m, idx=7537)
[INFO] [1783599680.155] [/local_avoidance]: [local_avoidance] DEACTIVATED
[WARN] [1783599680.178] [/px4_ctrl_bridge]: [px4_bridge] avoidance released -> published /planning/replan
[WARN] [1783599680.203] [/local_avoidance]: [local_avoidance] ACTIVATED  (min_dist=0.35 m, idx=1235)
[INFO] [1783599680.254] [/local_avoidance]: [local_avoidance] DEACTIVATED
[WARN] [1783599680.278] [/px4_ctrl_bridge]: [px4_bridge] avoidance released -> published /planning/replan
[WARN] [1783599680.302] [/local_avoidance]: [local_avoidance] ACTIVATED  (min_dist=0.35 m, idx=8073)
[WARN] [1783599680.307] [/exploration_node]: wait for trigger.
[INFO] [1783599680.351] [/local_avoidance]: [local_avoidance] DEACTIVATED
[WARN] [1783599680.378] [/px4_ctrl_bridge]: [px4_bridge] avoidance released -> published /planning/replan
[WARN] [1783599680.402] [/local_avoidance]: [local_avoidance] ACTIVATED  (min_dist=0.35 m, idx=1975)
[INFO] [1783599680.451] [/local_avoidance]: [local_avoidance] DEACTIVATED
[WARN] [1783599680.478] [/px4_ctrl_bridge]: [px4_bridge] avoidance released -> published /planning/replan
[WARN] [1783599680.502] [/local_avoidance]: [local_avoidance] ACTIVATED  (min_dist=0.35 m, idx=8522)
[INFO] [1783599680.551] [/local_avoidance]: [local_avoidance] DEACTIVATED
[WARN] [1783599680.578] [/px4_ctrl_bridge]: [px4_bridge] avoidance released -> published /planning/replan
[WARN] [1783599680.627] [/local_avoidance]: [local_avoidance] ACTIVATED  (min_dist=0.35 m, idx=3206)
[INFO] [1783599680.657] [/local_avoidance]: [local_avoidance] DEACTIVATED
[WARN] [1783599680.678] [/px4_ctrl_bridge]: [px4_bridge] avoidance released -> published /planning/replan
[WARN] [1783599680.701] [/local_avoidance]: [local_avoidance] ACTIVATED  (min_dist=0.35 m, idx=3140)
[INFO] [1783599680.752] [/local_avoidance]: [local_avoidance] DEACTIVATED
[WARN] [1783599680.778] [/px4_ctrl_bridge]: [px4_bridge] avoidance released -> published /planning/replan
[WARN] [1783599680.802] [/local_avoidance]: [local_avoidance] ACTIVATED  (min_dist=0.35 m, idx=2670)
[INFO] [1783599680.852] [/local_avoidance]: [local_avoidance] DEACTIVATED
[WARN] [1783599680.878] [/px4_ctrl_bridge]: [px4_bridge] avoidance released -> published /planning/replan
[WARN] [1783599680.910] [/local_avoidance]: [local_avoidance] ACTIVATED  (min_dist=0.36 m, idx=3899)
[WARN] [1783599680.938] [/px4_ctrl_bridge]: [px4_bridge] AVOIDANCE ACTIVE -> forwarding /target_avoidance
[INFO] [1783599680.953] [/local_avoidance]: [local_avoidance] DEACTIVATED
[WARN] [1783599680.978] [/px4_ctrl_bridge]: [px4_bridge] avoidance released -> published /planning/replan
[WARN] [1783599681.004] [/local_avoidance]: [local_avoidance] ACTIVATED  (min_dist=0.35 m, idx=4090)
[INFO] [1783599681.052] [/local_avoidance]: [local_avoidance] DEACTIVATED
[WARN] [1783599681.078] [/px4_ctrl_bridge]: [px4_bridge] avoidance released -> published /planning/replan
[WARN] [1783599681.103] [/local_avoidance]: [local_avoidance] ACTIVATED  (min_dist=0.36 m, idx=4429)
[INFO] [1783599681.151] [/local_avoidance]: [local_avoidance] DEACTIVATED
[INFO] [1783599681.162] [/mavros]: HP: requesting home position
[WARN] [1783599681.178] [/px4_ctrl_bridge]: [px4_bridge] avoidance released -> published /planning/replan
[WARN] [1783599681.202] [/local_avoidance]: [local_avoidance] ACTIVATED  (min_dist=0.35 m, idx=3689)
[INFO] [1783599681.252] [/local_avoidance]: [local_avoidance] DEACTIVATED
[WARN] [1783599681.278] [/px4_ctrl_bridge]: [px4_bridge] avoidance released -> published /planning/replan
[WARN] [1783599681.302] [/local_avoidance]: [local_avoidance] ACTIVATED  (min_dist=0.37 m, idx=9257)
[INFO] [1783599681.351] [/local_avoidance]: [local_avoidance] DEACTIVATED
[WARN] [1783599681.388] [/px4_ctrl_bridge]: [px4_bridge] avoidance released -> published /planning/replan
[WARN] [1783599681.405] [/local_avoidance]: [local_avoidance] ACTIVATED  (min_dist=0.35 m, idx=4248)
[INFO] [1783599681.451] [/local_avoidance]: [local_avoidance] DEACTIVATED
[WARN] [1783599681.478] [/px4_ctrl_bridge]: [px4_bridge] avoidance released -> published /planning/replan
[WARN] [1783599681.508] [/local_avoidance]: [local_avoidance] ACTIVATED  (min_dist=0.35 m, idx=4927)
[INFO] [1783599681.557] [/local_avoidance]: [local_avoidance] DEACTIVATED
[WARN] [1783599681.578] [/px4_ctrl_bridge]: [px4_bridge] avoidance released -> published /planning/replan
[WARN] [1783599681.601] [/local_avoidance]: [local_avoidance] ACTIVATED  (min_dist=0.36 m, idx=4863)
[INFO] [1783599681.652] [/local_avoidance]: [local_avoidance] avoiding...  min_dist=0.35 m
[INFO] [1783599681.751] [/local_avoidance]: [local_avoidance] DEACTIVATED
[WARN] [1783599681.778] [/px4_ctrl_bridge]: [px4_bridge] avoidance released -> published /planning/replan
[WARN] [1783599681.801] [/local_avoidance]: [local_avoidance] ACTIVATED  (min_dist=0.35 m, idx=5240)
[WARN] [1783599681.938] [/px4_ctrl_bridge]: [px4_bridge] AVOIDANCE ACTIVE -> forwarding /target_avoidance
[INFO] [1783599682.657] [/local_avoidance]: [local_avoidance] avoiding...  min_dist=0.35 m
[WARN] [1783599682.948] [/px4_ctrl_bridge]: [px4_bridge] AVOIDANCE ACTIVE -> forwarding /target_avoidance
[INFO] [1783599683.407] [/cloud_crop_bridge]: [CloudCrop] 3019 -> 214 pts (7%)
[INFO] [1783599683.726] [/local_avoidance]: [local_avoidance] avoiding...  min_dist=0.35 m
[WARN] [1783599683.958] [/px4_ctrl_bridge]: [px4_bridge] AVOIDANCE ACTIVE -> forwarding /target_avoidance
[INFO] [1783599684.201] [/local_avoidance]: [local_avoidance] DEACTIVATED
[WARN] [1783599684.228] [/px4_ctrl_bridge]: [px4_bridge] avoidance released -> published /planning/replan
[WARN] [1783599684.253] [/local_avoidance]: [local_avoidance] ACTIVATED  (min_dist=0.35 m, idx=223)
[INFO] [1783599684.301] [/local_avoidance]: [local_avoidance] DEACTIVATED
[WARN] [1783599684.328] [/px4_ctrl_bridge]: [px4_bridge] avoidance released -> published /planning/replan
[WARN] [1783599684.352] [/local_avoidance]: [local_avoidance] ACTIVATED  (min_dist=0.35 m, idx=6519)
[INFO] [1783599684.402] [/local_avoidance]: [local_avoidance] DEACTIVATED
[WARN] [1783599684.428] [/px4_ctrl_bridge]: [px4_bridge] avoidance released -> published /planning/replan
[WARN] [1783599684.452] [/local_avoidance]: [local_avoidance] ACTIVATED  (min_dist=0.35 m, idx=6345)
[INFO] [1783599684.502] [/local_avoidance]: [local_avoidance] DEACTIVATED
[WARN] [1783599684.528] [/px4_ctrl_bridge]: [px4_bridge] avoidance released -> published /planning/replan
[WARN] [1783599684.552] [/local_avoidance]: [local_avoidance] ACTIVATED  (min_dist=0.35 m, idx=6675)
[INFO] [1783599684.602] [/local_avoidance]: [local_avoidance] DEACTIVATED
[WARN] [1783599684.628] [/px4_ctrl_bridge]: [px4_bridge] avoidance released -> published /planning/replan
[WARN] [1783599684.651] [/local_avoidance]: [local_avoidance] ACTIVATED  (min_dist=0.35 m, idx=6513)
[INFO] [1783599684.702] [/local_avoidance]: [local_avoidance] DEACTIVATED
[WARN] [1783599684.728] [/px4_ctrl_bridge]: [px4_bridge] avoidance released -> published /planning/replan
[WARN] [1783599684.751] [/local_avoidance]: [local_avoidance] ACTIVATED  (min_dist=0.35 m, idx=7227)
[INFO] [1783599684.801] [/local_avoidance]: [local_avoidance] DEACTIVATED
[WARN] [1783599684.828] [/px4_ctrl_bridge]: [px4_bridge] avoidance released -> published /planning/replan
[WARN] [1783599684.851] [/local_avoidance]: [local_avoidance] ACTIVATED  (min_dist=0.35 m, idx=1118)
[INFO] [1783599684.901] [/local_avoidance]: [local_avoidance] DEACTIVATED
[WARN] [1783599684.928] [/px4_ctrl_bridge]: [px4_bridge] avoidance released -> published /planning/replan
[WARN] [1783599684.956] [/local_avoidance]: [local_avoidance] ACTIVATED  (min_dist=0.36 m, idx=2217)
[WARN] [1783599684.978] [/px4_ctrl_bridge]: [px4_bridge] AVOIDANCE ACTIVE -> forwarding /target_avoidance
[INFO] [1783599685.002] [/local_avoidance]: [local_avoidance] DEACTIVATED
[WARN] [1783599685.028] [/px4_ctrl_bridge]: [px4_bridge] avoidance released -> published /planning/replan
[WARN] [1783599685.056] [/local_avoidance]: [local_avoidance] ACTIVATED  (min_dist=0.35 m, idx=7208)
[INFO] [1783599685.103] [/local_avoidance]: [local_avoidance] DEACTIVATED
[WARN] [1783599685.128] [/px4_ctrl_bridge]: [px4_bridge] avoidance released -> published /planning/replan
[WARN] [1783599685.176] [/local_avoidance]: [local_avoidance] ACTIVATED  (min_dist=0.37 m, idx=2275)
[INFO] [1783599685.211] [/local_avoidance]: [local_avoidance] DEACTIVATED
[WARN] [1783599685.228] [/px4_ctrl_bridge]: [px4_bridge] avoidance released -> published /planning/replan
[WARN] [1783599685.259] [/local_avoidance]: [local_avoidance] ACTIVATED  (min_dist=0.35 m, idx=1817)
[INFO] [1783599685.304] [/local_avoidance]: [local_avoidance] DEACTIVATED
[WARN] [1783599685.308] [/exploration_node]: wait for trigger.
[WARN] [1783599685.328] [/px4_ctrl_bridge]: [px4_bridge] avoidance released -> published /planning/replan
[WARN] [1783599685.363] [/local_avoidance]: [local_avoidance] ACTIVATED  (min_dist=0.36 m, idx=7416)
[INFO] [1783599685.401] [/local_avoidance]: [local_avoidance] DEACTIVATED
[WARN] [1783599685.428] [/px4_ctrl_bridge]: [px4_bridge] avoidance released -> published /planning/replan
[WARN] [1783599685.454] [/local_avoidance]: [local_avoidance] ACTIVATED  (min_dist=0.35 m, idx=8318)
[INFO] [1783599685.504] [/local_avoidance]: [local_avoidance] DEACTIVATED
[WARN] [1783599685.528] [/px4_ctrl_bridge]: [px4_bridge] avoidance released -> published /planning/replan
[WARN] [1783599685.557] [/local_avoidance]: [local_avoidance] ACTIVATED  (min_dist=0.35 m, idx=7956)
[INFO] [1783599685.602] [/local_avoidance]: [local_avoidance] DEACTIVATED
[WARN] [1783599685.628] [/px4_ctrl_bridge]: [px4_bridge] avoidance released -> published /planning/replan
[WARN] [1783599685.654] [/local_avoidance]: [local_avoidance] ACTIVATED  (min_dist=0.35 m, idx=8569)
[INFO] [1783599685.704] [/local_avoidance]: [local_avoidance] DEACTIVATED
[WARN] [1783599685.728] [/px4_ctrl_bridge]: [px4_bridge] avoidance released -> published /planning/replan
[WARN] [1783599685.777] [/local_avoidance]: [local_avoidance] ACTIVATED  (min_dist=0.35 m, idx=8392)
[INFO] [1783599685.801] [/local_avoidance]: [local_avoidance] DEACTIVATED
[WARN] [1783599685.829] [/px4_ctrl_bridge]: [px4_bridge] avoidance released -> published /planning/replan
[WARN] [1783599685.851] [/local_avoidance]: [local_avoidance] ACTIVATED  (min_dist=0.35 m, idx=9109)
[INFO] [1783599685.901] [/local_avoidance]: [local_avoidance] DEACTIVATED
[WARN] [1783599685.928] [/px4_ctrl_bridge]: [px4_bridge] avoidance released -> published /planning/replan
[WARN] [1783599685.952] [/local_avoidance]: [local_avoidance] ACTIVATED  (min_dist=0.35 m, idx=8931)
[WARN] [1783599685.978] [/px4_ctrl_bridge]: [px4_bridge] AVOIDANCE ACTIVE -> forwarding /target_avoidance
[INFO] [1783599686.002] [/local_avoidance]: [local_avoidance] DEACTIVATED
[WARN] [1783599686.028] [/px4_ctrl_bridge]: [px4_bridge] avoidance released -> published /planning/replan
[WARN] [1783599686.052] [/local_avoidance]: [local_avoidance] ACTIVATED  (min_dist=0.35 m, idx=3704)
[INFO] [1783599686.101] [/local_avoidance]: [local_avoidance] DEACTIVATED
[WARN] [1783599686.128] [/px4_ctrl_bridge]: [px4_bridge] avoidance released -> published /planning/replan
[WARN] [1783599686.152] [/local_avoidance]: [local_avoidance] ACTIVATED  (min_dist=0.35 m, idx=4226)
[INFO] [1783599686.202] [/local_avoidance]: [local_avoidance] DEACTIVATED
[WARN] [1783599686.229] [/px4_ctrl_bridge]: [px4_bridge] avoidance released -> published /planning/replan
[WARN] [1783599686.253] [/local_avoidance]: [local_avoidance] ACTIVATED  (min_dist=0.35 m, idx=10010)
[INFO] [1783599686.303] [/local_avoidance]: [local_avoidance] avoiding...  min_dist=0.35 m
[INFO] [1783599686.402] [/local_avoidance]: [local_avoidance] DEACTIVATED
[WARN] [1783599686.428] [/px4_ctrl_bridge]: [px4_bridge] avoidance released -> published /planning/replan
[WARN] [1783599686.456] [/local_avoidance]: [local_avoidance] ACTIVATED  (min_dist=0.35 m, idx=4608)
[INFO] [1783599686.707] [/local_avoidance]: [local_avoidance] DEACTIVATED
[WARN] [1783599686.728] [/px4_ctrl_bridge]: [px4_bridge] avoidance released -> published /planning/replan
[WARN] [1783599686.777] [/local_avoidance]: [local_avoidance] ACTIVATED  (min_dist=0.36 m, idx=4698)
[WARN] [1783599686.988] [/px4_ctrl_bridge]: [px4_bridge] AVOIDANCE ACTIVE -> forwarding /target_avoidance
[INFO] [1783599687.352] [/local_avoidance]: [local_avoidance] avoiding...  min_dist=0.35 m
[WARN] [1783599687.988] [/px4_ctrl_bridge]: [px4_bridge] AVOIDANCE ACTIVE -> forwarding /target_avoidance
[INFO] [1783599688.401] [/local_avoidance]: [local_avoidance] avoiding...  min_dist=0.36 m
[INFO] [1783599688.450] [/cloud_crop_bridge]: [CloudCrop] 3028 -> 309 pts (10%)
[WARN] [1783599688.998] [/px4_ctrl_bridge]: [px4_bridge] AVOIDANCE ACTIVE -> forwarding /target_avoidance
[INFO] [1783599689.153] [/local_avoidance]: [local_avoidance] DEACTIVATED
[WARN] [1783599689.178] [/px4_ctrl_bridge]: [px4_bridge] avoidance released -> published /planning/replan
[WARN] [1783599689.203] [/local_avoidance]: [local_avoidance] ACTIVATED  (min_dist=0.35 m, idx=5096)
[INFO] [1783599689.252] [/local_avoidance]: [local_avoidance] DEACTIVATED
[WARN] [1783599689.278] [/px4_ctrl_bridge]: [px4_bridge] avoidance released -> published /planning/replan
[WARN] [1783599689.303] [/local_avoidance]: [local_avoidance] ACTIVATED  (min_dist=0.35 m, idx=5905)
[INFO] [1783599689.352] [/local_avoidance]: [local_avoidance] DEACTIVATED
[WARN] [1783599689.378] [/px4_ctrl_bridge]: [px4_bridge] avoidance released -> published /planning/replan
[WARN] [1783599689.404] [/local_avoidance]: [local_avoidance] ACTIVATED  (min_dist=0.35 m, idx=5648)
[INFO] [1783599689.455] [/local_avoidance]: [local_avoidance] DEACTIVATED
[WARN] [1783599689.478] [/px4_ctrl_bridge]: [px4_bridge] avoidance released -> published /planning/replan
[WARN] [1783599689.506] [/local_avoidance]: [local_avoidance] ACTIVATED  (min_dist=0.35 m, idx=6357)
[INFO] [1783599689.552] [/local_avoidance]: [local_avoidance] DEACTIVATED
[WARN] [1783599689.578] [/px4_ctrl_bridge]: [px4_bridge] avoidance released -> published /planning/replan
[WARN] [1783599689.603] [/local_avoidance]: [local_avoidance] ACTIVATED  (min_dist=0.35 m, idx=539)
[INFO] [1783599689.651] [/local_avoidance]: [local_avoidance] DEACTIVATED
[WARN] [1783599689.678] [/px4_ctrl_bridge]: [px4_bridge] avoidance released -> published /planning/replan
[WARN] [1783599689.703] [/local_avoidance]: [local_avoidance] ACTIVATED  (min_dist=0.35 m, idx=1056)
[INFO] [1783599689.751] [/local_avoidance]: [local_avoidance] DEACTIVATED
[WARN] [1783599689.778] [/px4_ctrl_bridge]: [px4_bridge] avoidance released -> published /planning/replan
[WARN] [1783599689.801] [/local_avoidance]: [local_avoidance] ACTIVATED  (min_dist=0.35 m, idx=799)
[INFO] [1783599689.852] [/local_avoidance]: [local_avoidance] DEACTIVATED
[WARN] [1783599689.888] [/px4_ctrl_bridge]: [px4_bridge] avoidance released -> published /planning/replan
[WARN] [1783599689.901] [/local_avoidance]: [local_avoidance] ACTIVATED  (min_dist=0.35 m, idx=7251)
[INFO] [1783599689.951] [/local_avoidance]: [local_avoidance] DEACTIVATED
[WARN] [1783599689.982] [/px4_ctrl_bridge]: [px4_bridge] avoidance released -> published /planning/replan
[WARN] [1783599690.002] [/local_avoidance]: [local_avoidance] ACTIVATED  (min_dist=0.35 m, idx=1251)
[WARN] [1783599690.028] [/px4_ctrl_bridge]: [px4_bridge] AVOIDANCE ACTIVE -> forwarding /target_avoidance
[INFO] [1783599690.076] [/local_avoidance]: [local_avoidance] DEACTIVATED
[WARN] [1783599690.104] [/local_avoidance]: [local_avoidance] ACTIVATED  (min_dist=0.35 m, idx=7806)
[WARN] [1783599690.108] [/px4_ctrl_bridge]: [px4_bridge] avoidance released -> published /planning/replan
[INFO] [1783599690.154] [/local_avoidance]: [local_avoidance] DEACTIVATED
[WARN] [1783599690.178] [/px4_ctrl_bridge]: [px4_bridge] avoidance released -> published /planning/replan
[WARN] [1783599690.201] [/local_avoidance]: [local_avoidance] ACTIVATED  (min_dist=0.35 m, idx=1698)
[INFO] [1783599690.252] [/local_avoidance]: [local_avoidance] DEACTIVATED
[WARN] [1783599690.278] [/px4_ctrl_bridge]: [px4_bridge] avoidance released -> published /planning/replan
[WARN] [1783599690.306] [/local_avoidance]: [local_avoidance] ACTIVATED  (min_dist=0.35 m, idx=8343)
[WARN] [1783599690.309] [/exploration_node]: wait for trigger.
[INFO] [1783599690.351] [/local_avoidance]: [local_avoidance] DEACTIVATED
[WARN] [1783599690.389] [/px4_ctrl_bridge]: [px4_bridge] avoidance released -> published /planning/replan
[WARN] [1783599690.401] [/local_avoidance]: [local_avoidance] ACTIVATED  (min_dist=0.35 m, idx=1954)
[INFO] [1783599690.457] [/local_avoidance]: [local_avoidance] DEACTIVATED
[WARN] [1783599690.478] [/px4_ctrl_bridge]: [px4_bridge] avoidance released -> published /planning/replan
[WARN] [1783599690.509] [/local_avoidance]: [local_avoidance] ACTIVATED  (min_dist=0.36 m, idx=3153)
[INFO] [1783599690.556] [/local_avoidance]: [local_avoidance] DEACTIVATED
[WARN] [1783599690.578] [/px4_ctrl_bridge]: [px4_bridge] avoidance released -> published /planning/replan
[WARN] [1783599690.604] [/local_avoidance]: [local_avoidance] ACTIVATED  (min_dist=0.35 m, idx=2693)
[INFO] [1783599690.657] [/local_avoidance]: [local_avoidance] DEACTIVATED
[WARN] [1783599690.678] [/px4_ctrl_bridge]: [px4_bridge] avoidance released -> published /planning/replan
[WARN] [1783599690.701] [/local_avoidance]: [local_avoidance] ACTIVATED  (min_dist=0.36 m, idx=8162)
[INFO] [1783599690.751] [/local_avoidance]: [local_avoidance] DEACTIVATED
[WARN] [1783599690.778] [/px4_ctrl_bridge]: [px4_bridge] avoidance released -> published /planning/replan
[WARN] [1783599690.802] [/local_avoidance]: [local_avoidance] ACTIVATED  (min_dist=0.35 m, idx=8676)
[INFO] [1783599690.852] [/local_avoidance]: [local_avoidance] DEACTIVATED
[WARN] [1783599690.878] [/px4_ctrl_bridge]: [px4_bridge] avoidance released -> published /planning/replan
[WARN] [1783599690.903] [/local_avoidance]: [local_avoidance] ACTIVATED  (min_dist=0.35 m, idx=8444)
[INFO] [1783599690.951] [/local_avoidance]: [local_avoidance] DEACTIVATED
[WARN] [1783599690.979] [/px4_ctrl_bridge]: [px4_bridge] avoidance released -> published /planning/replan
[WARN] [1783599691.002] [/local_avoidance]: [local_avoidance] ACTIVATED  (min_dist=0.35 m, idx=3704)
[WARN] [1783599691.030] [/px4_ctrl_bridge]: [px4_bridge] AVOIDANCE ACTIVE -> forwarding /target_avoidance
[INFO] [1783599691.077] [/local_avoidance]: [local_avoidance] DEACTIVATED
[WARN] [1783599691.103] [/local_avoidance]: [local_avoidance] ACTIVATED  (min_dist=0.36 m, idx=9276)
[WARN] [1783599691.108] [/px4_ctrl_bridge]: [px4_bridge] avoidance released -> published /planning/replan
[INFO] [1783599691.151] [/local_avoidance]: [local_avoidance] DEACTIVATED
[INFO] [1783599691.161] [/mavros]: HP: requesting home position
[WARN] [1783599691.178] [/px4_ctrl_bridge]: [px4_bridge] avoidance released -> published /planning/replan
[WARN] [1783599691.201] [/local_avoidance]: [local_avoidance] ACTIVATED  (min_dist=0.35 m, idx=9868)
[INFO] [1783599691.257] [/local_avoidance]: [local_avoidance] DEACTIVATED
[WARN] [1783599691.278] [/px4_ctrl_bridge]: [px4_bridge] avoidance released -> published /planning/replan
[WARN] [1783599691.326] [/local_avoidance]: [local_avoidance] ACTIVATED  (min_dist=0.35 m, idx=9436)
[INFO] [1783599691.353] [/local_avoidance]: [local_avoidance] DEACTIVATED
[WARN] [1783599691.378] [/px4_ctrl_bridge]: [px4_bridge] avoidance released -> published /planning/replan
[WARN] [1783599691.427] [/local_avoidance]: [local_avoidance] ACTIVATED  (min_dist=0.35 m, idx=4516)
[INFO] [1783599691.476] [/local_avoidance]: [local_avoidance] avoiding...  min_dist=0.36 m
[INFO] [1783599691.576] [/local_avoidance]: [local_avoidance] DEACTIVATED
[WARN] [1783599691.602] [/local_avoidance]: [local_avoidance] ACTIVATED  (min_dist=0.35 m, idx=5040)
[WARN] [1783599691.608] [/px4_ctrl_bridge]: [px4_bridge] avoidance released -> published /planning/replan
[WARN] [1783599692.038] [/px4_ctrl_bridge]: [px4_bridge] AVOIDANCE ACTIVE -> forwarding /target_avoidance
[INFO] [1783599692.526] [/local_avoidance]: [local_avoidance] avoiding...  min_dist=0.35 m
[WARN] [1783599693.038] [/px4_ctrl_bridge]: [px4_bridge] AVOIDANCE ACTIVE -> forwarding /target_avoidance
[INFO] [1783599693.452] [/cloud_crop_bridge]: [CloudCrop] 2794 -> 442 pts (16%)
[INFO] [1783599693.552] [/local_avoidance]: [local_avoidance] avoiding...  min_dist=0.35 m
[WARN] [1783599694.048] [/px4_ctrl_bridge]: [px4_bridge] AVOIDANCE ACTIVE -> forwarding /target_avoidance
[INFO] [1783599694.103] [/local_avoidance]: [local_avoidance] DEACTIVATED
[WARN] [1783599694.128] [/px4_ctrl_bridge]: [px4_bridge] avoidance released -> published /planning/replan
[WARN] [1783599694.154] [/local_avoidance]: [local_avoidance] ACTIVATED  (min_dist=0.36 m, idx=107)
[INFO] [1783599694.193] [/exploration_node]: [EV] [1783599694.193][   +120.0s][WAIT_TRIGGER] BATT 23.5V | voltage=23.72V percent=51% (repeated x9)
[INFO] [1783599694.304] [/local_avoidance]: [local_avoidance] DEACTIVATED
[WARN] [1783599694.328] [/px4_ctrl_bridge]: [px4_bridge] avoidance released -> published /planning/replan
[WARN] [1783599694.352] [/local_avoidance]: [local_avoidance] ACTIVATED  (min_dist=0.36 m, idx=5306)
[INFO] [1783599694.402] [/local_avoidance]: [local_avoidance] DEACTIVATED
[WARN] [1783599694.428] [/px4_ctrl_bridge]: [px4_bridge] avoidance released -> published /planning/replan
[WARN] [1783599694.452] [/local_avoidance]: [local_avoidance] ACTIVATED  (min_dist=0.35 m, idx=185)
[INFO] [1783599694.504] [/local_avoidance]: [local_avoidance] DEACTIVATED
[WARN] [1783599694.528] [/px4_ctrl_bridge]: [px4_bridge] avoidance released -> published /planning/replan
[WARN] [1783599694.553] [/local_avoidance]: [local_avoidance] ACTIVATED  (min_dist=0.35 m, idx=5787)
[INFO] [1783599694.603] [/local_avoidance]: [local_avoidance] DEACTIVATED
[WARN] [1783599694.628] [/px4_ctrl_bridge]: [px4_bridge] avoidance released -> published /planning/replan
[WARN] [1783599694.654] [/local_avoidance]: [local_avoidance] ACTIVATED  (min_dist=0.35 m, idx=1986)
[INFO] [1783599694.701] [/local_avoidance]: [local_avoidance] DEACTIVATED
[WARN] [1783599694.728] [/px4_ctrl_bridge]: [px4_bridge] avoidance released -> published /planning/replan
[WARN] [1783599694.752] [/local_avoidance]: [local_avoidance] ACTIVATED  (min_dist=0.35 m, idx=6232)
[INFO] [1783599694.801] [/local_avoidance]: [local_avoidance] DEACTIVATED
[WARN] [1783599694.828] [/px4_ctrl_bridge]: [px4_bridge] avoidance released -> published /planning/replan
[WARN] [1783599694.852] [/local_avoidance]: [local_avoidance] ACTIVATED  (min_dist=0.35 m, idx=1392)
[INFO] [1783599694.903] [/local_avoidance]: [local_avoidance] DEACTIVATED
[WARN] [1783599694.928] [/px4_ctrl_bridge]: [px4_bridge] avoidance released -> published /planning/replan
[WARN] [1783599694.951] [/local_avoidance]: [local_avoidance] ACTIVATED  (min_dist=0.35 m, idx=6380)
[INFO] [1783599695.007] [/local_avoidance]: [local_avoidance] DEACTIVATED
[WARN] [1783599695.028] [/px4_ctrl_bridge]: [px4_bridge] avoidance released -> published /planning/replan
[WARN] [1783599695.052] [/local_avoidance]: [local_avoidance] ACTIVATED  (min_dist=0.35 m, idx=6343)
[WARN] [1783599695.078] [/px4_ctrl_bridge]: [px4_bridge] AVOIDANCE ACTIVE -> forwarding /target_avoidance
[INFO] [1783599695.126] [/local_avoidance]: [local_avoidance] DEACTIVATED
[WARN] [1783599695.151] [/local_avoidance]: [local_avoidance] ACTIVATED  (min_dist=0.35 m, idx=1175)
[WARN] [1783599695.158] [/px4_ctrl_bridge]: [px4_bridge] avoidance released -> published /planning/replan
[INFO] [1783599695.208] [/local_avoidance]: [local_avoidance] DEACTIVATED
[WARN] [1783599695.228] [/px4_ctrl_bridge]: [px4_bridge] avoidance released -> published /planning/replan
[WARN] [1783599695.277] [/local_avoidance]: [local_avoidance] ACTIVATED  (min_dist=0.35 m, idx=2080)
[INFO] [1783599695.302] [/local_avoidance]: [local_avoidance] DEACTIVATED
[WARN] [1783599695.308] [/exploration_node]: [EV] [1783599695.308][   +121.2s][WAIT_TRIGGER] Avoidance: Activated  <->  Deactivated | cycling x1144 over 120.1s
[WARN] [1783599695.317] [/exploration_node]: wait for trigger.
[WARN] [1783599695.328] [/px4_ctrl_bridge]: [px4_bridge] avoidance released -> published /planning/replan
[WARN] [1783599695.351] [/local_avoidance]: [local_avoidance] ACTIVATED  (min_dist=0.35 m, idx=1611)
[INFO] [1783599695.402] [/local_avoidance]: [local_avoidance] DEACTIVATED
[WARN] [1783599695.438] [/px4_ctrl_bridge]: [px4_bridge] avoidance released -> published /planning/replan
[WARN] [1783599695.451] [/local_avoidance]: [local_avoidance] ACTIVATED  (min_dist=0.35 m, idx=2532)
[INFO] [1783599695.501] [/local_avoidance]: [local_avoidance] DEACTIVATED
[WARN] [1783599695.528] [/px4_ctrl_bridge]: [px4_bridge] avoidance released -> published /planning/replan
[WARN] [1783599695.551] [/local_avoidance]: [local_avoidance] ACTIVATED  (min_dist=0.35 m, idx=3431)
[INFO] [1783599695.602] [/local_avoidance]: [local_avoidance] DEACTIVATED
[WARN] [1783599695.628] [/px4_ctrl_bridge]: [px4_bridge] avoidance released -> published /planning/replan
[WARN] [1783599695.651] [/local_avoidance]: [local_avoidance] ACTIVATED  (min_dist=0.35 m, idx=8926)
[INFO] [1783599695.702] [/local_avoidance]: [local_avoidance] DEACTIVATED
[WARN] [1783599695.729] [/px4_ctrl_bridge]: [px4_bridge] avoidance released -> published /planning/replan
[WARN] [1783599695.752] [/local_avoidance]: [local_avoidance] ACTIVATED  (min_dist=0.35 m, idx=8569)
[INFO] [1783599695.802] [/local_avoidance]: [local_avoidance] DEACTIVATED
[WARN] [1783599695.828] [/px4_ctrl_bridge]: [px4_bridge] avoidance released -> published /planning/replan
[WARN] [1783599695.851] [/local_avoidance]: [local_avoidance] ACTIVATED  (min_dist=0.35 m, idx=9383)
[INFO] [1783599695.902] [/local_avoidance]: [local_avoidance] DEACTIVATED
[WARN] [1783599695.928] [/px4_ctrl_bridge]: [px4_bridge] avoidance released -> published /planning/replan
[WARN] [1783599695.952] [/local_avoidance]: [local_avoidance] ACTIVATED  (min_dist=0.35 m, idx=3270)
[INFO] [1783599696.005] [/local_avoidance]: [local_avoidance] DEACTIVATED
[WARN] [1783599696.028] [/px4_ctrl_bridge]: [px4_bridge] avoidance released -> published /planning/replan
[WARN] [1783599696.078] [/local_avoidance]: [local_avoidance] ACTIVATED  (min_dist=0.36 m, idx=4300)
[INFO] [1783599696.102] [/local_avoidance]: [local_avoidance] avoiding...  min_dist=0.35 m
[WARN] [1783599696.108] [/px4_ctrl_bridge]: [px4_bridge] AVOIDANCE ACTIVE -> forwarding /target_avoidance
[INFO] [1783599696.193] [/exploration_node]: [EV] [1783599696.193][   +122.0s][WAIT_TRIGGER] BATT 23.5V | voltage=23.73V percent=51%
[INFO] [1783599696.201] [/local_avoidance]: [local_avoidance] DEACTIVATED
[WARN] [1783599696.228] [/px4_ctrl_bridge]: [px4_bridge] avoidance released -> published /planning/replan
[WARN] [1783599696.253] [/local_avoidance]: [local_avoidance] ACTIVATED  (min_dist=0.36 m, idx=9194)
[INFO] [1783599696.301] [/local_avoidance]: [local_avoidance] DEACTIVATED
[WARN] [1783599696.328] [/px4_ctrl_bridge]: [px4_bridge] avoidance released -> published /planning/replan
[WARN] [1783599696.353] [/local_avoidance]: [local_avoidance] ACTIVATED  (min_dist=0.35 m, idx=10296)
[INFO] [1783599696.402] [/local_avoidance]: [local_avoidance] DEACTIVATED
[WARN] [1783599696.429] [/px4_ctrl_bridge]: [px4_bridge] avoidance released -> published /planning/replan
[WARN] [1783599696.452] [/local_avoidance]: [local_avoidance] ACTIVATED  (min_dist=0.36 m, idx=9662)
[INFO] [1783599696.503] [/local_avoidance]: [local_avoidance] DEACTIVATED
[WARN] [1783599696.528] [/px4_ctrl_bridge]: [px4_bridge] avoidance released -> published /planning/replan
[WARN] [1783599696.551] [/local_avoidance]: [local_avoidance] ACTIVATED  (min_dist=0.35 m, idx=4736)
[INFO] [1783599696.703] [/local_avoidance]: [local_avoidance] DEACTIVATED
[WARN] [1783599696.728] [/px4_ctrl_bridge]: [px4_bridge] avoidance released -> published /planning/replan
[WARN] [1783599696.752] [/local_avoidance]: [local_avoidance] ACTIVATED  (min_dist=0.35 m, idx=4977)
[WARN] [1783599697.118] [/px4_ctrl_bridge]: [px4_bridge] AVOIDANCE ACTIVE -> forwarding /target_avoidance
[INFO] [1783599697.151] [/local_avoidance]: [local_avoidance] avoiding...  min_dist=0.35 m
[WARN] [1783599698.128] [/px4_ctrl_bridge]: [px4_bridge] AVOIDANCE ACTIVE -> forwarding /target_avoidance
[INFO] [1783599698.152] [/local_avoidance]: [local_avoidance] avoiding...  min_dist=0.36 m
[INFO] [1783599698.463] [/cloud_crop_bridge]: [CloudCrop] 2910 -> 229 pts (8%)
[WARN] [1783599699.130] [/px4_ctrl_bridge]: [px4_bridge] AVOIDANCE ACTIVE -> forwarding /target_avoidance
[INFO] [1783599699.153] [/local_avoidance]: [local_avoidance] avoiding...  min_dist=0.35 m
[INFO] [1783599699.253] [/local_avoidance]: [local_avoidance] DEACTIVATED
[WARN] [1783599699.278] [/px4_ctrl_bridge]: [px4_bridge] avoidance released -> published /planning/replan
[WARN] [1783599699.326] [/local_avoidance]: [local_avoidance] ACTIVATED  (min_dist=0.35 m, idx=6367)
[INFO] [1783599699.453] [/local_avoidance]: [local_avoidance] DEACTIVATED
[WARN] [1783599699.478] [/px4_ctrl_bridge]: [px4_bridge] avoidance released -> published /planning/replan
[WARN] [1783599699.502] [/local_avoidance]: [local_avoidance] ACTIVATED  (min_dist=0.35 m, idx=1532)
[INFO] [1783599699.554] [/local_avoidance]: [local_avoidance] DEACTIVATED
[WARN] [1783599699.578] [/px4_ctrl_bridge]: [px4_bridge] avoidance released -> published /planning/replan
[WARN] [1783599699.605] [/local_avoidance]: [local_avoidance] ACTIVATED  (min_dist=0.35 m, idx=1082)
[INFO] [1783599699.653] [/local_avoidance]: [local_avoidance] DEACTIVATED
[WARN] [1783599699.678] [/px4_ctrl_bridge]: [px4_bridge] avoidance released -> published /planning/replan
[WARN] [1783599699.701] [/local_avoidance]: [local_avoidance] ACTIVATED  (min_dist=0.35 m, idx=1312)
[INFO] [1783599699.751] [/local_avoidance]: [local_avoidance] DEACTIVATED
[WARN] [1783599699.778] [/px4_ctrl_bridge]: [px4_bridge] avoidance released -> published /planning/replan
[WARN] [1783599699.802] [/local_avoidance]: [local_avoidance] ACTIVATED  (min_dist=0.35 m, idx=1069)
[INFO] [1783599699.852] [/local_avoidance]: [local_avoidance] DEACTIVATED
[WARN] [1783599699.878] [/px4_ctrl_bridge]: [px4_bridge] avoidance released -> published /planning/replan
[WARN] [1783599699.902] [/local_avoidance]: [local_avoidance] ACTIVATED  (min_dist=0.37 m, idx=1786)
[INFO] [1783599699.951] [/local_avoidance]: [local_avoidance] DEACTIVATED
[WARN] [1783599699.978] [/px4_ctrl_bridge]: [px4_bridge] avoidance released -> published /planning/replan
[WARN] [1783599700.002] [/local_avoidance]: [local_avoidance] ACTIVATED  (min_dist=0.35 m, idx=1306)
[INFO] [1783599700.051] [/local_avoidance]: [local_avoidance] DEACTIVATED
[WARN] [1783599700.078] [/px4_ctrl_bridge]: [px4_bridge] avoidance released -> published /planning/replan
[WARN] [1783599700.126] [/local_avoidance]: [local_avoidance] ACTIVATED  (min_dist=0.36 m, idx=6982)
[INFO] [1783599700.151] [/local_avoidance]: [local_avoidance] DEACTIVATED
[WARN] [1783599700.158] [/px4_ctrl_bridge]: [px4_bridge] AVOIDANCE ACTIVE -> forwarding /target_avoidance
[WARN] [1783599700.188] [/px4_ctrl_bridge]: [px4_bridge] avoidance released -> published /planning/replan
[WARN] [1783599700.226] [/local_avoidance]: [local_avoidance] ACTIVATED  (min_dist=0.35 m, idx=7592)
[INFO] [1783599700.251] [/local_avoidance]: [local_avoidance] DEACTIVATED
[WARN] [1783599700.278] [/px4_ctrl_bridge]: [px4_bridge] avoidance released -> published /planning/replan
[WARN] [1783599700.301] [/local_avoidance]: [local_avoidance] ACTIVATED  (min_dist=0.36 m, idx=7360)
[WARN] [1783599700.320] [/exploration_node]: wait for trigger.
[INFO] [1783599700.351] [/local_avoidance]: [local_avoidance] DEACTIVATED
[WARN] [1783599700.388] [/px4_ctrl_bridge]: [px4_bridge] avoidance released -> published /planning/replan
[WARN] [1783599700.401] [/local_avoidance]: [local_avoidance] ACTIVATED  (min_dist=0.35 m, idx=8040)
[INFO] [1783599700.452] [/local_avoidance]: [local_avoidance] DEACTIVATED
[WARN] [1783599700.478] [/px4_ctrl_bridge]: [px4_bridge] avoidance released -> published /planning/replan
[WARN] [1783599700.503] [/local_avoidance]: [local_avoidance] ACTIVATED  (min_dist=0.35 m, idx=7792)
[INFO] [1783599700.551] [/local_avoidance]: [local_avoidance] DEACTIVATED
[WARN] [1783599700.578] [/px4_ctrl_bridge]: [px4_bridge] avoidance released -> published /planning/replan
[WARN] [1783599700.601] [/local_avoidance]: [local_avoidance] ACTIVATED  (min_dist=0.35 m, idx=2657)
[INFO] [1783599700.651] [/local_avoidance]: [local_avoidance] DEACTIVATED
[WARN] [1783599700.678] [/px4_ctrl_bridge]: [px4_bridge] avoidance released -> published /planning/replan
[WARN] [1783599700.701] [/local_avoidance]: [local_avoidance] ACTIVATED  (min_dist=0.35 m, idx=2295)
[INFO] [1783599700.752] [/local_avoidance]: [local_avoidance] DEACTIVATED
[WARN] [1783599700.778] [/px4_ctrl_bridge]: [px4_bridge] avoidance released -> published /planning/replan
[WARN] [1783599700.802] [/local_avoidance]: [local_avoidance] ACTIVATED  (min_dist=0.35 m, idx=9046)
[INFO] [1783599700.851] [/local_avoidance]: [local_avoidance] DEACTIVATED
[WARN] [1783599700.878] [/px4_ctrl_bridge]: [px4_bridge] avoidance released -> published /planning/replan
[WARN] [1783599700.901] [/local_avoidance]: [local_avoidance] ACTIVATED  (min_dist=0.35 m, idx=8804)
[INFO] [1783599700.951] [/local_avoidance]: [local_avoidance] DEACTIVATED
[WARN] [1783599700.980] [/px4_ctrl_bridge]: [px4_bridge] avoidance released -> published /planning/replan
[WARN] [1783599701.001] [/local_avoidance]: [local_avoidance] ACTIVATED  (min_dist=0.35 m, idx=9706)
[INFO] [1783599701.051] [/local_avoidance]: [local_avoidance] DEACTIVATED
[WARN] [1783599701.078] [/px4_ctrl_bridge]: [px4_bridge] avoidance released -> published /planning/replan
[WARN] [1783599701.101] [/local_avoidance]: [local_avoidance] ACTIVATED  (min_dist=0.35 m, idx=3407)
[INFO] [1783599701.151] [/local_avoidance]: [local_avoidance] DEACTIVATED
[INFO] [1783599701.161] [/mavros]: HP: requesting home position
[WARN] [1783599701.168] [/px4_ctrl_bridge]: [px4_bridge] AVOIDANCE ACTIVE -> forwarding /target_avoidance
[WARN] [1783599701.179] [/px4_ctrl_bridge]: [px4_bridge] avoidance released -> published /planning/replan
[WARN] [1783599701.201] [/local_avoidance]: [local_avoidance] ACTIVATED  (min_dist=0.35 m, idx=4112)
[INFO] [1783599701.251] [/local_avoidance]: [local_avoidance] DEACTIVATED
[WARN] [1783599701.278] [/px4_ctrl_bridge]: [px4_bridge] avoidance released -> published /planning/replan
[WARN] [1783599701.304] [/local_avoidance]: [local_avoidance] ACTIVATED  (min_dist=0.35 m, idx=3742)
[INFO] [1783599701.354] [/local_avoidance]: [local_avoidance] DEACTIVATED
[WARN] [1783599701.378] [/px4_ctrl_bridge]: [px4_bridge] avoidance released -> published /planning/replan
[WARN] [1783599701.407] [/local_avoidance]: [local_avoidance] ACTIVATED  (min_dist=0.36 m, idx=4767)
[INFO] [1783599701.455] [/local_avoidance]: [local_avoidance] avoiding...  min_dist=0.36 m
[INFO] [1783599701.652] [/local_avoidance]: [local_avoidance] DEACTIVATED
[WARN] [1783599701.678] [/px4_ctrl_bridge]: [px4_bridge] avoidance released -> published /planning/replan
[WARN] [1783599701.702] [/local_avoidance]: [local_avoidance] ACTIVATED  (min_dist=0.35 m, idx=4646)
[WARN] [1783599702.168] [/px4_ctrl_bridge]: [px4_bridge] AVOIDANCE ACTIVE -> forwarding /target_avoidance
[INFO] [1783599702.502] [/local_avoidance]: [local_avoidance] avoiding...  min_dist=0.35 m
[WARN] [1783599703.178] [/px4_ctrl_bridge]: [px4_bridge] AVOIDANCE ACTIVE -> forwarding /target_avoidance
[INFO] [1783599703.502] [/cloud_crop_bridge]: [CloudCrop] 3059 -> 216 pts (7%)
[INFO] [1783599703.504] [/local_avoidance]: [local_avoidance] avoiding...  min_dist=0.35 m
[INFO] [1783599704.103] [/local_avoidance]: [local_avoidance] DEACTIVATED
[WARN] [1783599704.128] [/px4_ctrl_bridge]: [px4_bridge] avoidance released -> published /planning/replan
[WARN] [1783599704.152] [/local_avoidance]: [local_avoidance] ACTIVATED  (min_dist=0.36 m, idx=5052)
[WARN] [1783599704.178] [/px4_ctrl_bridge]: [px4_bridge] AVOIDANCE ACTIVE -> forwarding /target_avoidance
[INFO] [1783599704.201] [/local_avoidance]: [local_avoidance] DEACTIVATED
[WARN] [1783599704.228] [/px4_ctrl_bridge]: [px4_bridge] avoidance released -> published /planning/replan
[WARN] [1783599704.251] [/local_avoidance]: [local_avoidance] ACTIVATED  (min_dist=0.35 m, idx=1446)
[INFO] [1783599704.302] [/local_avoidance]: [local_avoidance] DEACTIVATED
[WARN] [1783599704.329] [/px4_ctrl_bridge]: [px4_bridge] avoidance released -> published /planning/replan
[WARN] [1783599704.351] [/local_avoidance]: [local_avoidance] ACTIVATED  (min_dist=0.35 m, idx=5584)
[INFO] [1783599704.426] [/local_avoidance]: [local_avoidance] DEACTIVATED
[WARN] [1783599704.451] [/local_avoidance]: [local_avoidance] ACTIVATED  (min_dist=0.35 m, idx=6393)
[WARN] [1783599704.458] [/px4_ctrl_bridge]: [px4_bridge] avoidance released -> published /planning/replan
[INFO] [1783599704.503] [/local_avoidance]: [local_avoidance] DEACTIVATED
[WARN] [1783599704.528] [/px4_ctrl_bridge]: [px4_bridge] avoidance released -> published /planning/replan
[WARN] [1783599704.551] [/local_avoidance]: [local_avoidance] ACTIVATED  (min_dist=0.35 m, idx=291)
[INFO] [1783599704.604] [/local_avoidance]: [local_avoidance] DEACTIVATED
[WARN] [1783599704.628] [/px4_ctrl_bridge]: [px4_bridge] avoidance released -> published /planning/replan
[WARN] [1783599704.652] [/local_avoidance]: [local_avoidance] ACTIVATED  (min_dist=0.35 m, idx=996)
[INFO] [1783599704.702] [/local_avoidance]: [local_avoidance] DEACTIVATED
[WARN] [1783599704.728] [/px4_ctrl_bridge]: [px4_bridge] avoidance released -> published /planning/replan
[WARN] [1783599704.751] [/local_avoidance]: [local_avoidance] ACTIVATED  (min_dist=0.35 m, idx=539)
[INFO] [1783599704.802] [/local_avoidance]: [local_avoidance] DEACTIVATED
[WARN] [1783599704.828] [/px4_ctrl_bridge]: [px4_bridge] avoidance released -> published /planning/replan
[WARN] [1783599704.852] [/local_avoidance]: [local_avoidance] ACTIVATED  (min_dist=0.35 m, idx=7298)
[INFO] [1783599704.902] [/local_avoidance]: [local_avoidance] DEACTIVATED
[WARN] [1783599704.928] [/px4_ctrl_bridge]: [px4_bridge] avoidance released -> published /planning/replan
[WARN] [1783599704.951] [/local_avoidance]: [local_avoidance] ACTIVATED  (min_dist=0.35 m, idx=1291)
[INFO] [1783599705.007] [/local_avoidance]: [local_avoidance] DEACTIVATED
[WARN] [1783599705.028] [/px4_ctrl_bridge]: [px4_bridge] avoidance released -> published /planning/replan
[WARN] [1783599705.059] [/local_avoidance]: [local_avoidance] ACTIVATED  (min_dist=0.35 m, idx=7850)
[INFO] [1783599705.102] [/local_avoidance]: [local_avoidance] DEACTIVATED
[WARN] [1783599705.128] [/px4_ctrl_bridge]: [px4_bridge] avoidance released -> published /planning/replan
[WARN] [1783599705.151] [/local_avoidance]: [local_avoidance] ACTIVATED  (min_dist=0.35 m, idx=7485)
[WARN] [1783599705.188] [/px4_ctrl_bridge]: [px4_bridge] AVOIDANCE ACTIVE -> forwarding /target_avoidance
[INFO] [1783599705.201] [/local_avoidance]: [local_avoidance] DEACTIVATED
[WARN] [1783599705.228] [/px4_ctrl_bridge]: [px4_bridge] avoidance released -> published /planning/replan
[WARN] [1783599705.252] [/local_avoidance]: [local_avoidance] ACTIVATED  (min_dist=0.35 m, idx=8295)
[INFO] [1783599705.303] [/local_avoidance]: [local_avoidance] DEACTIVATED
[WARN] [1783599705.317] [/exploration_node]: wait for trigger.
[WARN] [1783599705.328] [/px4_ctrl_bridge]: [px4_bridge] avoidance released -> published /planning/replan
[WARN] [1783599705.351] [/local_avoidance]: [local_avoidance] ACTIVATED  (min_dist=0.35 m, idx=1986)
[INFO] [1783599705.430] [/local_avoidance]: [local_avoidance] DEACTIVATED
[WARN] [1783599705.456] [/local_avoidance]: [local_avoidance] ACTIVATED  (min_dist=0.35 m, idx=7267)
[WARN] [1783599705.462] [/px4_ctrl_bridge]: [px4_bridge] avoidance released -> published /planning/replan
[INFO] [1783599705.502] [/local_avoidance]: [local_avoidance] DEACTIVATED
[WARN] [1783599705.527] [/px4_ctrl_bridge]: [px4_bridge] avoidance released -> published /planning/replan
[WARN] [1783599705.551] [/local_avoidance]: [local_avoidance] ACTIVATED  (min_dist=0.35 m, idx=2445)
[INFO] [1783599705.606] [/local_avoidance]: [local_avoidance] DEACTIVATED
[WARN] [1783599705.628] [/px4_ctrl_bridge]: [px4_bridge] avoidance released -> published /planning/replan
[WARN] [1783599705.652] [/local_avoidance]: [local_avoidance] ACTIVATED  (min_dist=0.37 m, idx=3746)
[INFO] [1783599705.702] [/local_avoidance]: [local_avoidance] DEACTIVATED
[WARN] [1783599705.728] [/px4_ctrl_bridge]: [px4_bridge] avoidance released -> published /planning/replan
[WARN] [1783599705.751] [/local_avoidance]: [local_avoidance] ACTIVATED  (min_dist=0.35 m, idx=3145)
[INFO] [1783599705.802] [/local_avoidance]: [local_avoidance] DEACTIVATED
[WARN] [1783599705.828] [/px4_ctrl_bridge]: [px4_bridge] avoidance released -> published /planning/replan
[WARN] [1783599705.852] [/local_avoidance]: [local_avoidance] ACTIVATED  (min_dist=0.36 m, idx=8770)
[INFO] [1783599705.901] [/local_avoidance]: [local_avoidance] DEACTIVATED
[WARN] [1783599705.928] [/px4_ctrl_bridge]: [px4_bridge] avoidance released -> published /planning/replan
[WARN] [1783599705.952] [/local_avoidance]: [local_avoidance] ACTIVATED  (min_dist=0.35 m, idx=9172)
[INFO] [1783599706.001] [/local_avoidance]: [local_avoidance] DEACTIVATED
[WARN] [1783599706.028] [/px4_ctrl_bridge]: [px4_bridge] avoidance released -> published /planning/replan
[WARN] [1783599706.052] [/local_avoidance]: [local_avoidance] ACTIVATED  (min_dist=0.35 m, idx=4656)
[INFO] [1783599706.102] [/local_avoidance]: [local_avoidance] DEACTIVATED
[WARN] [1783599706.128] [/px4_ctrl_bridge]: [px4_bridge] avoidance released -> published /planning/replan
[WARN] [1783599706.152] [/local_avoidance]: [local_avoidance] ACTIVATED  (min_dist=0.35 m, idx=3881)
[WARN] [1783599706.188] [/px4_ctrl_bridge]: [px4_bridge] AVOIDANCE ACTIVE -> forwarding /target_avoidance
[INFO] [1783599706.190] [/exploration_node]: [EV] [1783599706.190][   +132.0s][WAIT_TRIGGER] BATT 23.5V | voltage=23.72V percent=51% (repeated x4)
[INFO] [1783599706.205] [/local_avoidance]: [local_avoidance] DEACTIVATED
[WARN] [1783599706.228] [/px4_ctrl_bridge]: [px4_bridge] avoidance released -> published /planning/replan
[WARN] [1783599706.252] [/local_avoidance]: [local_avoidance] ACTIVATED  (min_dist=0.35 m, idx=9376)
[INFO] [1783599706.303] [/local_avoidance]: [local_avoidance] DEACTIVATED
[WARN] [1783599706.328] [/px4_ctrl_bridge]: [px4_bridge] avoidance released -> published /planning/replan
[WARN] [1783599706.351] [/local_avoidance]: [local_avoidance] ACTIVATED  (min_dist=0.35 m, idx=4333)
[INFO] [1783599706.401] [/local_avoidance]: [local_avoidance] avoiding...  min_dist=0.35 m
[INFO] [1783599706.502] [/local_avoidance]: [local_avoidance] DEACTIVATED
[WARN] [1783599706.528] [/px4_ctrl_bridge]: [px4_bridge] avoidance released -> published /planning/replan
[WARN] [1783599706.552] [/local_avoidance]: [local_avoidance] ACTIVATED  (min_dist=0.35 m, idx=4784)
[WARN] [1783599707.198] [/px4_ctrl_bridge]: [px4_bridge] AVOIDANCE ACTIVE -> forwarding /target_avoidance
[INFO] [1783599707.454] [/local_avoidance]: [local_avoidance] avoiding...  min_dist=0.35 m
[WARN] [1783599708.198] [/px4_ctrl_bridge]: [px4_bridge] AVOIDANCE ACTIVE -> forwarding /target_avoidance
[INFO] [1783599708.476] [/local_avoidance]: [local_avoidance] avoiding...  min_dist=0.35 m
[INFO] [1783599708.512] [/cloud_crop_bridge]: [CloudCrop] 2701 -> 488 pts (18%)
[INFO] [1783599709.051] [/local_avoidance]: [local_avoidance] DEACTIVATED
[WARN] [1783599709.078] [/px4_ctrl_bridge]: [px4_bridge] avoidance released -> published /planning/replan
[WARN] [1783599709.101] [/local_avoidance]: [local_avoidance] ACTIVATED  (min_dist=0.35 m, idx=5991)
[WARN] [1783599709.213] [/px4_ctrl_bridge]: [px4_bridge] AVOIDANCE ACTIVE -> forwarding /target_avoidance
[INFO] [1783599709.251] [/local_avoidance]: [local_avoidance] DEACTIVATED
[WARN] [1783599709.278] [/px4_ctrl_bridge]: [px4_bridge] avoidance released -> published /planning/replan
[WARN] [1783599709.301] [/local_avoidance]: [local_avoidance] ACTIVATED  (min_dist=0.36 m, idx=691)
[INFO] [1783599709.352] [/local_avoidance]: [local_avoidance] DEACTIVATED
[WARN] [1783599709.378] [/px4_ctrl_bridge]: [px4_bridge] avoidance released -> published /planning/replan
[WARN] [1783599709.401] [/local_avoidance]: [local_avoidance] ACTIVATED  (min_dist=0.35 m, idx=429)
[INFO] [1783599709.452] [/local_avoidance]: [local_avoidance] DEACTIVATED
[WARN] [1783599709.478] [/px4_ctrl_bridge]: [px4_bridge] avoidance released -> published /planning/replan
[WARN] [1783599709.502] [/local_avoidance]: [local_avoidance] ACTIVATED  (min_dist=0.37 m, idx=1150)
[INFO] [1783599709.552] [/local_avoidance]: [local_avoidance] DEACTIVATED
[WARN] [1783599709.588] [/px4_ctrl_bridge]: [px4_bridge] avoidance released -> published /planning/replan
[WARN] [1783599709.602] [/local_avoidance]: [local_avoidance] ACTIVATED  (min_dist=0.35 m, idx=6508)
[INFO] [1783599709.651] [/local_avoidance]: [local_avoidance] DEACTIVATED
[WARN] [1783599709.678] [/px4_ctrl_bridge]: [px4_bridge] avoidance released -> published /planning/replan
[WARN] [1783599709.702] [/local_avoidance]: [local_avoidance] ACTIVATED  (min_dist=0.35 m, idx=6276)
[INFO] [1783599709.752] [/local_avoidance]: [local_avoidance] DEACTIVATED
[WARN] [1783599709.778] [/px4_ctrl_bridge]: [px4_bridge] avoidance released -> published /planning/replan
[WARN] [1783599709.802] [/local_avoidance]: [local_avoidance] ACTIVATED  (min_dist=0.35 m, idx=7248)
[INFO] [1783599709.851] [/local_avoidance]: [local_avoidance] DEACTIVATED
[WARN] [1783599709.878] [/px4_ctrl_bridge]: [px4_bridge] avoidance released -> published /planning/replan
[WARN] [1783599709.903] [/local_avoidance]: [local_avoidance] ACTIVATED  (min_dist=0.35 m, idx=6712)
[INFO] [1783599709.954] [/local_avoidance]: [local_avoidance] DEACTIVATED
[WARN] [1783599709.978] [/px4_ctrl_bridge]: [px4_bridge] avoidance released -> published /planning/replan
[WARN] [1783599710.027] [/local_avoidance]: [local_avoidance] ACTIVATED  (min_dist=0.35 m, idx=1573)
[INFO] [1783599710.076] [/local_avoidance]: [local_avoidance] DEACTIVATED
[WARN] [1783599710.109] [/px4_ctrl_bridge]: [px4_bridge] avoidance released -> published /planning/replan
[WARN] [1783599710.108] [/local_avoidance]: [local_avoidance] ACTIVATED  (min_dist=0.35 m, idx=7552)
[INFO] [1783599710.156] [/local_avoidance]: [local_avoidance] DEACTIVATED
[WARN] [1783599710.178] [/px4_ctrl_bridge]: [px4_bridge] avoidance released -> published /planning/replan
[INFO] [1783599710.187] [/exploration_node]: [EV] [1783599710.187][   +136.0s][WAIT_TRIGGER] BATT 23.5V | voltage=23.73V percent=51% (repeated x1)
[WARN] [1783599710.204] [/local_avoidance]: [local_avoidance] ACTIVATED  (min_dist=0.35 m, idx=8265)
[WARN] [1783599710.228] [/px4_ctrl_bridge]: [px4_bridge] AVOIDANCE ACTIVE -> forwarding /target_avoidance
[INFO] [1783599710.253] [/local_avoidance]: [local_avoidance] DEACTIVATED
[WARN] [1783599710.278] [/px4_ctrl_bridge]: [px4_bridge] avoidance released -> published /planning/replan
[WARN] [1783599710.303] [/local_avoidance]: [local_avoidance] ACTIVATED  (min_dist=0.35 m, idx=1867)
[WARN] [1783599710.317] [/exploration_node]: wait for trigger.
[INFO] [1783599710.353] [/local_avoidance]: [local_avoidance] DEACTIVATED
[WARN] [1783599710.378] [/px4_ctrl_bridge]: [px4_bridge] avoidance released -> published /planning/replan
[WARN] [1783599710.406] [/local_avoidance]: [local_avoidance] ACTIVATED  (min_dist=0.35 m, idx=2576)
[INFO] [1783599710.451] [/local_avoidance]: [local_avoidance] DEACTIVATED
[WARN] [1783599710.478] [/px4_ctrl_bridge]: [px4_bridge] avoidance released -> published /planning/replan
[WARN] [1783599710.502] [/local_avoidance]: [local_avoidance] ACTIVATED  (min_dist=0.35 m, idx=2415)
[INFO] [1783599710.551] [/local_avoidance]: [local_avoidance] DEACTIVATED
[WARN] [1783599710.578] [/px4_ctrl_bridge]: [px4_bridge] avoidance released -> published /planning/replan
[WARN] [1783599710.603] [/local_avoidance]: [local_avoidance] ACTIVATED  (min_dist=0.35 m, idx=3128)
[INFO] [1783599710.676] [/local_avoidance]: [local_avoidance] DEACTIVATED
[WARN] [1783599710.708] [/px4_ctrl_bridge]: [px4_bridge] avoidance released -> published /planning/replan
[WARN] [1783599710.726] [/local_avoidance]: [local_avoidance] ACTIVATED  (min_dist=0.35 m, idx=4218)
[INFO] [1783599710.761] [/local_avoidance]: [local_avoidance] DEACTIVATED
[WARN] [1783599710.778] [/px4_ctrl_bridge]: [px4_bridge] avoidance released -> published /planning/replan
[WARN] [1783599710.805] [/local_avoidance]: [local_avoidance] ACTIVATED  (min_dist=0.35 m, idx=9607)
[INFO] [1783599710.851] [/local_avoidance]: [local_avoidance] DEACTIVATED
[WARN] [1783599710.878] [/px4_ctrl_bridge]: [px4_bridge] avoidance released -> published /planning/replan
[WARN] [1783599710.902] [/local_avoidance]: [local_avoidance] ACTIVATED  (min_dist=0.35 m, idx=3318)
[INFO] [1783599710.955] [/local_avoidance]: [local_avoidance] DEACTIVATED
[WARN] [1783599710.978] [/px4_ctrl_bridge]: [px4_bridge] avoidance released -> published /planning/replan
[WARN] [1783599711.001] [/local_avoidance]: [local_avoidance] ACTIVATED  (min_dist=0.35 m, idx=8714)
[INFO] [1783599711.077] [/local_avoidance]: [local_avoidance] DEACTIVATED
[WARN] [1783599711.107] [/local_avoidance]: [local_avoidance] ACTIVATED  (min_dist=0.35 m, idx=3562)
[WARN] [1783599711.108] [/px4_ctrl_bridge]: [px4_bridge] avoidance released -> published /planning/replan
[INFO] [1783599711.154] [/local_avoidance]: [local_avoidance] DEACTIVATED
[INFO] [1783599711.161] [/mavros]: HP: requesting home position
[WARN] [1783599711.178] [/px4_ctrl_bridge]: [px4_bridge] avoidance released -> published /planning/replan
[WARN] [1783599711.201] [/local_avoidance]: [local_avoidance] ACTIVATED  (min_dist=0.36 m, idx=9159)
[WARN] [1783599711.228] [/px4_ctrl_bridge]: [px4_bridge] AVOIDANCE ACTIVE -> forwarding /target_avoidance
[INFO] [1783599711.276] [/local_avoidance]: [local_avoidance] DEACTIVATED
[WARN] [1783599711.301] [/local_avoidance]: [local_avoidance] ACTIVATED  (min_dist=0.35 m, idx=4209)
[WARN] [1783599711.308] [/px4_ctrl_bridge]: [px4_bridge] avoidance released -> published /planning/replan
[INFO] [1783599711.351] [/local_avoidance]: [local_avoidance] DEACTIVATED
[WARN] [1783599711.378] [/px4_ctrl_bridge]: [px4_bridge] avoidance released -> published /planning/replan
[WARN] [1783599711.401] [/local_avoidance]: [local_avoidance] ACTIVATED  (min_dist=0.36 m, idx=5345)
[INFO] [1783599711.452] [/local_avoidance]: [local_avoidance] DEACTIVATED
[WARN] [1783599711.478] [/px4_ctrl_bridge]: [px4_bridge] avoidance released -> published /planning/replan
[WARN] [1783599711.504] [/local_avoidance]: [local_avoidance] ACTIVATED  (min_dist=0.35 m, idx=4481)
[INFO] [1783599711.576] [/local_avoidance]: [local_avoidance] avoiding...  min_dist=0.35 m
[INFO] [1783599711.652] [/local_avoidance]: [local_avoidance] DEACTIVATED
[WARN] [1783599711.678] [/px4_ctrl_bridge]: [px4_bridge] avoidance released -> published /planning/replan
[WARN] [1783599711.702] [/local_avoidance]: [local_avoidance] ACTIVATED  (min_dist=0.35 m, idx=4925)
[WARN] [1783599712.230] [/px4_ctrl_bridge]: [px4_bridge] AVOIDANCE ACTIVE -> forwarding /target_avoidance
[INFO] [1783599712.605] [/local_avoidance]: [local_avoidance] avoiding...  min_dist=0.35 m
[WARN] [1783599713.238] [/px4_ctrl_bridge]: [px4_bridge] AVOIDANCE ACTIVE -> forwarding /target_avoidance
[INFO] [1783599713.553] [/cloud_crop_bridge]: [CloudCrop] 2757 -> 423 pts (15%)
[INFO] [1783599713.651] [/local_avoidance]: [local_avoidance] avoiding...  min_dist=0.35 m
[INFO] [1783599714.202] [/local_avoidance]: [local_avoidance] DEACTIVATED
[WARN] [1783599714.238] [/px4_ctrl_bridge]: [px4_bridge] avoidance released -> published /planning/replan
[WARN] [1783599714.252] [/local_avoidance]: [local_avoidance] ACTIVATED  (min_dist=0.35 m, idx=368)
[WARN] [1783599714.278] [/px4_ctrl_bridge]: [px4_bridge] AVOIDANCE ACTIVE -> forwarding /target_avoidance
[INFO] [1783599714.403] [/local_avoidance]: [local_avoidance] DEACTIVATED
[WARN] [1783599714.428] [/px4_ctrl_bridge]: [px4_bridge] avoidance released -> published /planning/replan
[WARN] [1783599714.452] [/local_avoidance]: [local_avoidance] ACTIVATED  (min_dist=0.35 m, idx=6670)
[INFO] [1783599714.502] [/local_avoidance]: [local_avoidance] DEACTIVATED
[WARN] [1783599714.528] [/px4_ctrl_bridge]: [px4_bridge] avoidance released -> published /planning/replan
[WARN] [1783599714.553] [/local_avoidance]: [local_avoidance] ACTIVATED  (min_dist=0.35 m, idx=6497)
[INFO] [1783599714.628] [/local_avoidance]: [local_avoidance] DEACTIVATED
[WARN] [1783599714.652] [/local_avoidance]: [local_avoidance] ACTIVATED  (min_dist=0.35 m, idx=7107)
[WARN] [1783599714.658] [/px4_ctrl_bridge]: [px4_bridge] avoidance released -> published /planning/replan
[INFO] [1783599714.701] [/local_avoidance]: [local_avoidance] DEACTIVATED
[WARN] [1783599714.728] [/px4_ctrl_bridge]: [px4_bridge] avoidance released -> published /planning/replan
[WARN] [1783599714.752] [/local_avoidance]: [local_avoidance] ACTIVATED  (min_dist=0.35 m, idx=6849)
[INFO] [1783599714.802] [/local_avoidance]: [local_avoidance] DEACTIVATED
[WARN] [1783599714.838] [/px4_ctrl_bridge]: [px4_bridge] avoidance released -> published /planning/replan
[WARN] [1783599714.851] [/local_avoidance]: [local_avoidance] ACTIVATED  (min_dist=0.35 m, idx=2198)
[INFO] [1783599714.901] [/local_avoidance]: [local_avoidance] DEACTIVATED
[WARN] [1783599714.929] [/px4_ctrl_bridge]: [px4_bridge] avoidance released -> published /planning/replan
[WARN] [1783599714.951] [/local_avoidance]: [local_avoidance] ACTIVATED  (min_dist=0.35 m, idx=1457)
[INFO] [1783599715.004] [/local_avoidance]: [local_avoidance] DEACTIVATED
[WARN] [1783599715.028] [/px4_ctrl_bridge]: [px4_bridge] avoidance released -> published /planning/replan
[WARN] [1783599715.052] [/local_avoidance]: [local_avoidance] ACTIVATED  (min_dist=0.36 m, idx=2171)
[INFO] [1783599715.105] [/local_avoidance]: [local_avoidance] DEACTIVATED
[WARN] [1783599715.128] [/px4_ctrl_bridge]: [px4_bridge] avoidance released -> published /planning/replan
[WARN] [1783599715.157] [/local_avoidance]: [local_avoidance] ACTIVATED  (min_dist=0.35 m, idx=1709)
[INFO] [1783599715.201] [/local_avoidance]: [local_avoidance] DEACTIVATED
[WARN] [1783599715.228] [/px4_ctrl_bridge]: [px4_bridge] avoidance released -> published /planning/replan
[WARN] [1783599715.251] [/local_avoidance]: [local_avoidance] ACTIVATED  (min_dist=0.36 m, idx=2703)
[WARN] [1783599715.278] [/px4_ctrl_bridge]: [px4_bridge] AVOIDANCE ACTIVE -> forwarding /target_avoidance
[INFO] [1783599715.301] [/local_avoidance]: [local_avoidance] DEACTIVATED
[WARN] [1783599715.327] [/exploration_node]: wait for trigger.
[WARN] [1783599715.328] [/px4_ctrl_bridge]: [px4_bridge] avoidance released -> published /planning/replan
[WARN] [1783599715.351] [/local_avoidance]: [local_avoidance] ACTIVATED  (min_dist=0.35 m, idx=8490)
[INFO] [1783599715.405] [/local_avoidance]: [local_avoidance] DEACTIVATED
[WARN] [1783599715.428] [/px4_ctrl_bridge]: [px4_bridge] avoidance released -> published /planning/replan
[WARN] [1783599715.452] [/local_avoidance]: [local_avoidance] ACTIVATED  (min_dist=0.35 m, idx=7836)
[INFO] [1783599715.503] [/local_avoidance]: [local_avoidance] DEACTIVATED
[WARN] [1783599715.531] [/px4_ctrl_bridge]: [px4_bridge] avoidance released -> published /planning/replan
[WARN] [1783599715.576] [/local_avoidance]: [local_avoidance] ACTIVATED  (min_dist=0.35 m, idx=8528)
[INFO] [1783599715.603] [/local_avoidance]: [local_avoidance] DEACTIVATED
[WARN] [1783599715.628] [/px4_ctrl_bridge]: [px4_bridge] avoidance released -> published /planning/replan
[WARN] [1783599715.658] [/local_avoidance]: [local_avoidance] ACTIVATED  (min_dist=0.35 m, idx=3111)
[INFO] [1783599715.708] [/local_avoidance]: [local_avoidance] DEACTIVATED
[WARN] [1783599715.728] [/px4_ctrl_bridge]: [px4_bridge] avoidance released -> published /planning/replan
[WARN] [1783599715.751] [/local_avoidance]: [local_avoidance] ACTIVATED  (min_dist=0.35 m, idx=9673)
[INFO] [1783599715.805] [/local_avoidance]: [local_avoidance] DEACTIVATED
[WARN] [1783599715.828] [/px4_ctrl_bridge]: [px4_bridge] avoidance released -> published /planning/replan
[WARN] [1783599715.852] [/local_avoidance]: [local_avoidance] ACTIVATED  (min_dist=0.35 m, idx=3575)
[INFO] [1783599715.901] [/local_avoidance]: [local_avoidance] DEACTIVATED
[WARN] [1783599715.928] [/px4_ctrl_bridge]: [px4_bridge] avoidance released -> published /planning/replan
[WARN] [1783599715.952] [/local_avoidance]: [local_avoidance] ACTIVATED  (min_dist=0.35 m, idx=9549)
[INFO] [1783599716.002] [/local_avoidance]: [local_avoidance] DEACTIVATED
[WARN] [1783599716.028] [/px4_ctrl_bridge]: [px4_bridge] avoidance released -> published /planning/replan
[WARN] [1783599716.051] [/local_avoidance]: [local_avoidance] ACTIVATED  (min_dist=0.35 m, idx=3135)
[INFO] [1783599716.101] [/local_avoidance]: [local_avoidance] DEACTIVATED
[WARN] [1783599716.138] [/px4_ctrl_bridge]: [px4_bridge] avoidance released -> published /planning/replan
[WARN] [1783599716.152] [/local_avoidance]: [local_avoidance] ACTIVATED  (min_dist=0.35 m, idx=4160)
[INFO] [1783599716.202] [/local_avoidance]: [local_avoidance] avoiding...  min_dist=0.35 m
[WARN] [1783599716.280] [/px4_ctrl_bridge]: [px4_bridge] AVOIDANCE ACTIVE -> forwarding /target_avoidance
[INFO] [1783599716.327] [/local_avoidance]: [local_avoidance] DEACTIVATED
[WARN] [1783599716.351] [/local_avoidance]: [local_avoidance] ACTIVATED  (min_dist=0.35 m, idx=4980)
[WARN] [1783599716.358] [/px4_ctrl_bridge]: [px4_bridge] avoidance released -> published /planning/replan
[INFO] [1783599717.204] [/local_avoidance]: [local_avoidance] avoiding...  min_dist=0.35 m
[WARN] [1783599717.288] [/px4_ctrl_bridge]: [px4_bridge] AVOIDANCE ACTIVE -> forwarding /target_avoidance
[INFO] [1783599718.206] [/local_avoidance]: [local_avoidance] avoiding...  min_dist=0.35 m
[WARN] [1783599718.298] [/px4_ctrl_bridge]: [px4_bridge] AVOIDANCE ACTIVE -> forwarding /target_avoidance
[INFO] [1783599718.602] [/cloud_crop_bridge]: [CloudCrop] 2708 -> 518 pts (19%)
[INFO] [1783599718.852] [/local_avoidance]: [local_avoidance] DEACTIVATED
[WARN] [1783599718.888] [/px4_ctrl_bridge]: [px4_bridge] avoidance released -> published /planning/replan
[WARN] [1783599718.904] [/local_avoidance]: [local_avoidance] ACTIVATED  (min_dist=0.36 m, idx=4748)
[INFO] [1783599719.055] [/local_avoidance]: [local_avoidance] DEACTIVATED
[WARN] [1783599719.078] [/px4_ctrl_bridge]: [px4_bridge] avoidance released -> published /planning/replan
[WARN] [1783599719.103] [/local_avoidance]: [local_avoidance] ACTIVATED  (min_dist=0.36 m, idx=395)
[INFO] [1783599719.155] [/local_avoidance]: [local_avoidance] DEACTIVATED
[WARN] [1783599719.178] [/px4_ctrl_bridge]: [px4_bridge] avoidance released -> published /planning/replan
[WARN] [1783599719.226] [/local_avoidance]: [local_avoidance] ACTIVATED  (min_dist=0.35 m, idx=544)
[INFO] [1783599719.252] [/local_avoidance]: [local_avoidance] DEACTIVATED
[WARN] [1783599719.278] [/px4_ctrl_bridge]: [px4_bridge] avoidance released -> published /planning/replan
[WARN] [1783599719.301] [/local_avoidance]: [local_avoidance] ACTIVATED  (min_dist=0.35 m, idx=5620)
[WARN] [1783599719.328] [/px4_ctrl_bridge]: [px4_bridge] AVOIDANCE ACTIVE -> forwarding /target_avoidance
[INFO] [1783599719.351] [/local_avoidance]: [local_avoidance] DEACTIVATED
[WARN] [1783599719.378] [/px4_ctrl_bridge]: [px4_bridge] avoidance released -> published /planning/replan
[WARN] [1783599719.403] [/local_avoidance]: [local_avoidance] ACTIVATED  (min_dist=0.35 m, idx=6521)
[INFO] [1783599719.455] [/local_avoidance]: [local_avoidance] DEACTIVATED
[WARN] [1783599719.478] [/px4_ctrl_bridge]: [px4_bridge] avoidance released -> published /planning/replan
[WARN] [1783599719.526] [/local_avoidance]: [local_avoidance] ACTIVATED  (min_dist=0.35 m, idx=139)
[INFO] [1783599719.554] [/local_avoidance]: [local_avoidance] DEACTIVATED
[WARN] [1783599719.578] [/px4_ctrl_bridge]: [px4_bridge] avoidance released -> published /planning/replan
[WARN] [1783599719.628] [/local_avoidance]: [local_avoidance] ACTIVATED  (min_dist=0.35 m, idx=1240)
[INFO] [1783599719.652] [/local_avoidance]: [local_avoidance] DEACTIVATED
[WARN] [1783599719.678] [/px4_ctrl_bridge]: [px4_bridge] avoidance released -> published /planning/replan
[WARN] [1783599719.702] [/local_avoidance]: [local_avoidance] ACTIVATED  (min_dist=0.35 m, idx=6728)
[INFO] [1783599719.751] [/local_avoidance]: [local_avoidance] DEACTIVATED
[WARN] [1783599719.778] [/px4_ctrl_bridge]: [px4_bridge] avoidance released -> published /planning/replan
[WARN] [1783599719.801] [/local_avoidance]: [local_avoidance] ACTIVATED  (min_dist=0.35 m, idx=7631)
[INFO] [1783599719.855] [/local_avoidance]: [local_avoidance] DEACTIVATED
[WARN] [1783599719.878] [/px4_ctrl_bridge]: [px4_bridge] avoidance released -> published /planning/replan
[WARN] [1783599719.901] [/local_avoidance]: [local_avoidance] ACTIVATED  (min_dist=0.35 m, idx=1034)
[INFO] [1783599719.958] [/local_avoidance]: [local_avoidance] DEACTIVATED
[WARN] [1783599719.978] [/px4_ctrl_bridge]: [px4_bridge] avoidance released -> published /planning/replan
[WARN] [1783599720.003] [/local_avoidance]: [local_avoidance] ACTIVATED  (min_dist=0.35 m, idx=7787)
[INFO] [1783599720.055] [/local_avoidance]: [local_avoidance] DEACTIVATED
[WARN] [1783599720.078] [/px4_ctrl_bridge]: [px4_bridge] avoidance released -> published /planning/replan
[WARN] [1783599720.106] [/local_avoidance]: [local_avoidance] ACTIVATED  (min_dist=0.35 m, idx=1678)
[INFO] [1783599720.153] [/local_avoidance]: [local_avoidance] DEACTIVATED
[WARN] [1783599720.178] [/px4_ctrl_bridge]: [px4_bridge] avoidance released -> published /planning/replan
[WARN] [1783599720.204] [/local_avoidance]: [local_avoidance] ACTIVATED  (min_dist=0.35 m, idx=2864)
[INFO] [1783599720.254] [/local_avoidance]: [local_avoidance] DEACTIVATED
[WARN] [1783599720.278] [/px4_ctrl_bridge]: [px4_bridge] avoidance released -> published /planning/replan
[WARN] [1783599720.304] [/local_avoidance]: [local_avoidance] ACTIVATED  (min_dist=0.35 m, idx=2038)
[WARN] [1783599720.337] [/exploration_node]: wait for trigger.
[WARN] [1783599720.339] [/px4_ctrl_bridge]: [px4_bridge] AVOIDANCE ACTIVE -> forwarding /target_avoidance
[INFO] [1783599720.353] [/local_avoidance]: [local_avoidance] DEACTIVATED
[WARN] [1783599720.378] [/px4_ctrl_bridge]: [px4_bridge] avoidance released -> published /planning/replan
[WARN] [1783599720.403] [/local_avoidance]: [local_avoidance] ACTIVATED  (min_dist=0.36 m, idx=3256)
[INFO] [1783599720.455] [/local_avoidance]: [local_avoidance] DEACTIVATED
[WARN] [1783599720.478] [/px4_ctrl_bridge]: [px4_bridge] avoidance released -> published /planning/replan
[WARN] [1783599720.503] [/local_avoidance]: [local_avoidance] ACTIVATED  (min_dist=0.35 m, idx=7199)
[INFO] [1783599720.576] [/local_avoidance]: [local_avoidance] DEACTIVATED
[WARN] [1783599720.604] [/local_avoidance]: [local_avoidance] ACTIVATED  (min_dist=0.37 m, idx=4286)
[WARN] [1783599720.609] [/px4_ctrl_bridge]: [px4_bridge] avoidance released -> published /planning/replan
[INFO] [1783599720.661] [/local_avoidance]: [local_avoidance] DEACTIVATED
[WARN] [1783599720.678] [/px4_ctrl_bridge]: [px4_bridge] avoidance released -> published /planning/replan
[WARN] [1783599720.709] [/local_avoidance]: [local_avoidance] ACTIVATED  (min_dist=0.35 m, idx=3317)
[INFO] [1783599720.753] [/local_avoidance]: [local_avoidance] DEACTIVATED
[WARN] [1783599720.778] [/px4_ctrl_bridge]: [px4_bridge] avoidance released -> published /planning/replan
[WARN] [1783599720.801] [/local_avoidance]: [local_avoidance] ACTIVATED  (min_dist=0.36 m, idx=8720)
[INFO] [1783599720.864] [/local_avoidance]: [local_avoidance] DEACTIVATED
[WARN] [1783599720.878] [/px4_ctrl_bridge]: [px4_bridge] avoidance released -> published /planning/replan
[WARN] [1783599720.926] [/local_avoidance]: [local_avoidance] ACTIVATED  (min_dist=0.35 m, idx=9208)
[INFO] [1783599720.973] [/local_avoidance]: [local_avoidance] DEACTIVATED
[WARN] [1783599720.978] [/px4_ctrl_bridge]: [px4_bridge] avoidance released -> published /planning/replan
[WARN] [1783599721.003] [/local_avoidance]: [local_avoidance] ACTIVATED  (min_dist=0.35 m, idx=8976)
[INFO] [1783599721.052] [/local_avoidance]: [local_avoidance] DEACTIVATED
[WARN] [1783599721.078] [/px4_ctrl_bridge]: [px4_bridge] avoidance released -> published /planning/replan
[WARN] [1783599721.101] [/local_avoidance]: [local_avoidance] ACTIVATED  (min_dist=0.35 m, idx=9752)
[INFO] [1783599721.151] [/local_avoidance]: [local_avoidance] DEACTIVATED
[INFO] [1783599721.164] [/mavros]: HP: requesting home position
[WARN] [1783599721.188] [/px4_ctrl_bridge]: [px4_bridge] avoidance released -> published /planning/replan
[WARN] [1783599721.202] [/local_avoidance]: [local_avoidance] ACTIVATED  (min_dist=0.35 m, idx=9428)
[INFO] [1783599721.252] [/local_avoidance]: [local_avoidance] DEACTIVATED
[WARN] [1783599721.278] [/px4_ctrl_bridge]: [px4_bridge] avoidance released -> published /planning/replan
[WARN] [1783599721.301] [/local_avoidance]: [local_avoidance] ACTIVATED  (min_dist=0.35 m, idx=4784)
[WARN] [1783599721.348] [/px4_ctrl_bridge]: [px4_bridge] AVOIDANCE ACTIVE -> forwarding /target_avoidance
[INFO] [1783599721.351] [/local_avoidance]: [local_avoidance] avoiding...  min_dist=0.36 m
[INFO] [1783599721.452] [/local_avoidance]: [local_avoidance] DEACTIVATED
[WARN] [1783599721.478] [/px4_ctrl_bridge]: [px4_bridge] avoidance released -> published /planning/replan
[WARN] [1783599721.501] [/local_avoidance]: [local_avoidance] ACTIVATED  (min_dist=0.36 m, idx=4820)
[WARN] [1783599722.348] [/px4_ctrl_bridge]: [px4_bridge] AVOIDANCE ACTIVE -> forwarding /target_avoidance
[INFO] [1783599722.352] [/local_avoidance]: [local_avoidance] avoiding...  min_dist=0.37 m
[INFO] [1783599723.354] [/local_avoidance]: [local_avoidance] avoiding...  min_dist=0.35 m
[WARN] [1783599723.358] [/px4_ctrl_bridge]: [px4_bridge] AVOIDANCE ACTIVE -> forwarding /target_avoidance
[INFO] [1783599723.607] [/cloud_crop_bridge]: [CloudCrop] 3094 -> 224 pts (7%)
[INFO] [1783599724.003] [/local_avoidance]: [local_avoidance] DEACTIVATED
[WARN] [1783599724.028] [/px4_ctrl_bridge]: [px4_bridge] avoidance released -> published /planning/replan
[WARN] [1783599724.077] [/local_avoidance]: [local_avoidance] ACTIVATED  (min_dist=0.35 m, idx=950)
[INFO] [1783599724.226] [/local_avoidance]: [local_avoidance] DEACTIVATED
[WARN] [1783599724.253] [/local_avoidance]: [local_avoidance] ACTIVATED  (min_dist=0.36 m, idx=746)
[WARN] [1783599724.258] [/px4_ctrl_bridge]: [px4_bridge] avoidance released -> published /planning/replan
[INFO] [1783599724.303] [/local_avoidance]: [local_avoidance] DEACTIVATED
[WARN] [1783599724.328] [/px4_ctrl_bridge]: [px4_bridge] avoidance released -> published /planning/replan
[WARN] [1783599724.359] [/local_avoidance]: [local_avoidance] ACTIVATED  (min_dist=0.35 m, idx=469)
[WARN] [1783599724.378] [/px4_ctrl_bridge]: [px4_bridge] AVOIDANCE ACTIVE -> forwarding /target_avoidance
[INFO] [1783599724.401] [/local_avoidance]: [local_avoidance] DEACTIVATED
[WARN] [1783599724.438] [/px4_ctrl_bridge]: [px4_bridge] avoidance released -> published /planning/replan
[WARN] [1783599724.451] [/local_avoidance]: [local_avoidance] ACTIVATED  (min_dist=0.37 m, idx=5849)
[INFO] [1783599724.501] [/local_avoidance]: [local_avoidance] DEACTIVATED
[WARN] [1783599724.528] [/px4_ctrl_bridge]: [px4_bridge] avoidance released -> published /planning/replan
[WARN] [1783599724.552] [/local_avoidance]: [local_avoidance] ACTIVATED  (min_dist=0.35 m, idx=6560)
[INFO] [1783599724.602] [/local_avoidance]: [local_avoidance] DEACTIVATED
[WARN] [1783599724.628] [/px4_ctrl_bridge]: [px4_bridge] avoidance released -> published /planning/replan
[WARN] [1783599724.652] [/local_avoidance]: [local_avoidance] ACTIVATED  (min_dist=0.35 m, idx=6316)
[INFO] [1783599724.705] [/local_avoidance]: [local_avoidance] DEACTIVATED
[WARN] [1783599724.728] [/px4_ctrl_bridge]: [px4_bridge] avoidance released -> published /planning/replan
[WARN] [1783599724.752] [/local_avoidance]: [local_avoidance] ACTIVATED  (min_dist=0.35 m, idx=1185)
[INFO] [1783599724.802] [/local_avoidance]: [local_avoidance] DEACTIVATED
[WARN] [1783599724.828] [/px4_ctrl_bridge]: [px4_bridge] avoidance released -> published /planning/replan
[WARN] [1783599724.852] [/local_avoidance]: [local_avoidance] ACTIVATED  (min_dist=0.35 m, idx=6752)
[INFO] [1783599724.901] [/local_avoidance]: [local_avoidance] DEACTIVATED
[WARN] [1783599724.928] [/px4_ctrl_bridge]: [px4_bridge] avoidance released -> published /planning/replan
[WARN] [1783599724.953] [/local_avoidance]: [local_avoidance] ACTIVATED  (min_dist=0.35 m, idx=7565)
[INFO] [1783599725.001] [/local_avoidance]: [local_avoidance] DEACTIVATED
[WARN] [1783599725.028] [/px4_ctrl_bridge]: [px4_bridge] avoidance released -> published /planning/replan
[WARN] [1783599725.051] [/local_avoidance]: [local_avoidance] ACTIVATED  (min_dist=0.35 m, idx=1251)
[INFO] [1783599725.102] [/local_avoidance]: [local_avoidance] DEACTIVATED
[WARN] [1783599725.128] [/px4_ctrl_bridge]: [px4_bridge] avoidance released -> published /planning/replan
[WARN] [1783599725.151] [/local_avoidance]: [local_avoidance] ACTIVATED  (min_dist=0.35 m, idx=8005)
[INFO] [1783599725.226] [/local_avoidance]: [local_avoidance] DEACTIVATED
[WARN] [1783599725.255] [/local_avoidance]: [local_avoidance] ACTIVATED  (min_dist=0.35 m, idx=1703)
[WARN] [1783599725.262] [/px4_ctrl_bridge]: [px4_bridge] avoidance released -> published /planning/replan
[INFO] [1783599725.301] [/local_avoidance]: [local_avoidance] DEACTIVATED
[INFO] [1783599725.327] [/exploration_node]: [EV] [1783599725.327][   +151.2s][WAIT_TRIGGER] Avoidance: Deactivated  <->  Activated | cycling x1427 over 150.1s
[WARN] [1783599725.328] [/px4_ctrl_bridge]: [px4_bridge] avoidance released -> published /planning/replan
[WARN] [1783599725.349] [/exploration_node]: wait for trigger.
[WARN] [1783599725.353] [/local_avoidance]: [local_avoidance] ACTIVATED  (min_dist=0.35 m, idx=2616)
[WARN] [1783599725.388] [/px4_ctrl_bridge]: [px4_bridge] AVOIDANCE ACTIVE -> forwarding /target_avoidance
[INFO] [1783599725.404] [/local_avoidance]: [local_avoidance] DEACTIVATED
[WARN] [1783599725.428] [/px4_ctrl_bridge]: [px4_bridge] avoidance released -> published /planning/replan
[WARN] [1783599725.476] [/local_avoidance]: [local_avoidance] ACTIVATED  (min_dist=0.35 m, idx=2359)
[INFO] [1783599725.505] [/local_avoidance]: [local_avoidance] DEACTIVATED
[WARN] [1783599725.528] [/px4_ctrl_bridge]: [px4_bridge] avoidance released -> published /planning/replan
[WARN] [1783599725.551] [/local_avoidance]: [local_avoidance] ACTIVATED  (min_dist=0.35 m, idx=9786)
[INFO] [1783599725.601] [/local_avoidance]: [local_avoidance] DEACTIVATED
[WARN] [1783599725.628] [/px4_ctrl_bridge]: [px4_bridge] avoidance released -> published /planning/replan
[WARN] [1783599725.651] [/local_avoidance]: [local_avoidance] ACTIVATED  (min_dist=0.35 m, idx=2610)
[INFO] [1783599725.702] [/local_avoidance]: [local_avoidance] DEACTIVATED
[WARN] [1783599725.728] [/px4_ctrl_bridge]: [px4_bridge] avoidance released -> published /planning/replan
[WARN] [1783599725.753] [/local_avoidance]: [local_avoidance] ACTIVATED  (min_dist=0.35 m, idx=3612)
[INFO] [1783599725.802] [/local_avoidance]: [local_avoidance] DEACTIVATED
[WARN] [1783599725.829] [/px4_ctrl_bridge]: [px4_bridge] avoidance released -> published /planning/replan
[WARN] [1783599725.851] [/local_avoidance]: [local_avoidance] ACTIVATED  (min_dist=0.35 m, idx=3158)
[INFO] [1783599725.902] [/local_avoidance]: [local_avoidance] DEACTIVATED
[WARN] [1783599725.928] [/px4_ctrl_bridge]: [px4_bridge] avoidance released -> published /planning/replan
[WARN] [1783599725.952] [/local_avoidance]: [local_avoidance] ACTIVATED  (min_dist=0.36 m, idx=4060)
[INFO] [1783599726.001] [/local_avoidance]: [local_avoidance] DEACTIVATED
[WARN] [1783599726.028] [/px4_ctrl_bridge]: [px4_bridge] avoidance released -> published /planning/replan
[WARN] [1783599726.052] [/local_avoidance]: [local_avoidance] ACTIVATED  (min_dist=0.35 m, idx=3813)
[INFO] [1783599726.101] [/local_avoidance]: [local_avoidance] DEACTIVATED
[WARN] [1783599726.128] [/px4_ctrl_bridge]: [px4_bridge] avoidance released -> published /planning/replan
[WARN] [1783599726.152] [/local_avoidance]: [local_avoidance] ACTIVATED  (min_dist=0.37 m, idx=9311)
[INFO] [1783599726.182] [/exploration_node]: [EV] [1783599726.182][   +152.0s][WAIT_TRIGGER] BATT 23.5V | voltage=23.72V percent=51% (repeated x7)
[INFO] [1783599726.201] [/local_avoidance]: [local_avoidance] DEACTIVATED
[WARN] [1783599726.228] [/px4_ctrl_bridge]: [px4_bridge] avoidance released -> published /planning/replan
[WARN] [1783599726.257] [/local_avoidance]: [local_avoidance] ACTIVATED  (min_dist=0.35 m, idx=4081)
[INFO] [1783599726.301] [/local_avoidance]: [local_avoidance] DEACTIVATED
[WARN] [1783599726.328] [/px4_ctrl_bridge]: [px4_bridge] avoidance released -> published /planning/replan
[WARN] [1783599726.351] [/local_avoidance]: [local_avoidance] ACTIVATED  (min_dist=0.37 m, idx=9730)
[WARN] [1783599726.398] [/px4_ctrl_bridge]: [px4_bridge] AVOIDANCE ACTIVE -> forwarding /target_avoidance
[INFO] [1783599726.401] [/local_avoidance]: [local_avoidance] DEACTIVATED
[WARN] [1783599726.428] [/px4_ctrl_bridge]: [px4_bridge] avoidance released -> published /planning/replan
[WARN] [1783599726.451] [/local_avoidance]: [local_avoidance] ACTIVATED  (min_dist=0.35 m, idx=4720)
[INFO] [1783599726.501] [/local_avoidance]: [local_avoidance] avoiding...  min_dist=0.35 m
[WARN] [1783599727.399] [/px4_ctrl_bridge]: [px4_bridge] AVOIDANCE ACTIVE -> forwarding /target_avoidance
[INFO] [1783599727.504] [/local_avoidance]: [local_avoidance] avoiding...  min_dist=0.35 m
[INFO] [1783599728.182] [/exploration_node]: [EV] [1783599728.182][   +154.0s][WAIT_TRIGGER] BATT 23.5V | voltage=23.73V percent=51%
[WARN] [1783599728.408] [/px4_ctrl_bridge]: [px4_bridge] AVOIDANCE ACTIVE -> forwarding /target_avoidance
[INFO] [1783599728.504] [/local_avoidance]: [local_avoidance] avoiding...  min_dist=0.35 m
[INFO] [1783599728.609] [/cloud_crop_bridge]: [CloudCrop] 2622 -> 534 pts (20%)
[INFO] [1783599729.177] [/local_avoidance]: [local_avoidance] DEACTIVATED
[WARN] [1783599729.201] [/local_avoidance]: [local_avoidance] ACTIVATED  (min_dist=0.35 m, idx=596)
[WARN] [1783599729.208] [/px4_ctrl_bridge]: [px4_bridge] avoidance released -> published /planning/replan
[INFO] [1783599729.252] [/local_avoidance]: [local_avoidance] DEACTIVATED
[WARN] [1783599729.279] [/px4_ctrl_bridge]: [px4_bridge] avoidance released -> published /planning/replan
[WARN] [1783599729.303] [/local_avoidance]: [local_avoidance] ACTIVATED  (min_dist=0.35 m, idx=438)
[INFO] [1783599729.357] [/local_avoidance]: [local_avoidance] DEACTIVATED
[WARN] [1783599729.379] [/px4_ctrl_bridge]: [px4_bridge] avoidance released -> published /planning/replan
[WARN] [1783599729.404] [/local_avoidance]: [local_avoidance] ACTIVATED  (min_dist=0.35 m, idx=6903)
[WARN] [1783599729.428] [/px4_ctrl_bridge]: [px4_bridge] AVOIDANCE ACTIVE -> forwarding /target_avoidance
[INFO] [1783599729.451] [/local_avoidance]: [local_avoidance] DEACTIVATED
[WARN] [1783599729.478] [/px4_ctrl_bridge]: [px4_bridge] avoidance released -> published /planning/replan
[WARN] [1783599729.502] [/local_avoidance]: [local_avoidance] ACTIVATED  (min_dist=0.35 m, idx=6441)
[INFO] [1783599729.552] [/local_avoidance]: [local_avoidance] DEACTIVATED
[WARN] [1783599729.578] [/px4_ctrl_bridge]: [px4_bridge] avoidance released -> published /planning/replan
[WARN] [1783599729.603] [/local_avoidance]: [local_avoidance] ACTIVATED  (min_dist=0.35 m, idx=7163)
[INFO] [1783599729.657] [/local_avoidance]: [local_avoidance] DEACTIVATED
[WARN] [1783599729.678] [/px4_ctrl_bridge]: [px4_bridge] avoidance released -> published /planning/replan
[WARN] [1783599729.726] [/local_avoidance]: [local_avoidance] ACTIVATED  (min_dist=0.35 m, idx=6889)
[INFO] [1783599729.754] [/local_avoidance]: [local_avoidance] DEACTIVATED
[WARN] [1783599729.779] [/px4_ctrl_bridge]: [px4_bridge] avoidance released -> published /planning/replan
[WARN] [1783599729.801] [/local_avoidance]: [local_avoidance] ACTIVATED  (min_dist=0.36 m, idx=2172)
[INFO] [1783599729.851] [/local_avoidance]: [local_avoidance] DEACTIVATED
[WARN] [1783599729.881] [/px4_ctrl_bridge]: [px4_bridge] avoidance released -> published /planning/replan
[WARN] [1783599729.901] [/local_avoidance]: [local_avoidance] ACTIVATED  (min_dist=0.35 m, idx=1298)
[INFO] [1783599729.951] [/local_avoidance]: [local_avoidance] DEACTIVATED
[WARN] [1783599729.978] [/px4_ctrl_bridge]: [px4_bridge] avoidance released -> published /planning/replan
[WARN] [1783599730.002] [/local_avoidance]: [local_avoidance] ACTIVATED  (min_dist=0.36 m, idx=2601)
[INFO] [1783599730.052] [/local_avoidance]: [local_avoidance] DEACTIVATED
[WARN] [1783599730.089] [/px4_ctrl_bridge]: [px4_bridge] avoidance released -> published /planning/replan
[WARN] [1783599730.103] [/local_avoidance]: [local_avoidance] ACTIVATED  (min_dist=0.35 m, idx=7688)
[INFO] [1783599730.152] [/local_avoidance]: [local_avoidance] DEACTIVATED
[WARN] [1783599730.178] [/px4_ctrl_bridge]: [px4_bridge] avoidance released -> published /planning/replan
[INFO] [1783599730.180] [/exploration_node]: [EV] [1783599730.180][   +156.0s][WAIT_TRIGGER] BATT 23.5V | voltage=23.72V percent=51%
[WARN] [1783599730.202] [/local_avoidance]: [local_avoidance] ACTIVATED  (min_dist=0.35 m, idx=3152)
[INFO] [1783599730.255] [/local_avoidance]: [local_avoidance] DEACTIVATED
[WARN] [1783599730.278] [/px4_ctrl_bridge]: [px4_bridge] avoidance released -> published /planning/replan
[WARN] [1783599730.305] [/local_avoidance]: [local_avoidance] ACTIVATED  (min_dist=0.35 m, idx=2297)
[WARN] [1783599730.350] [/exploration_node]: wait for trigger.
[INFO] [1783599730.355] [/local_avoidance]: [local_avoidance] DEACTIVATED
[WARN] [1783599730.378] [/px4_ctrl_bridge]: [px4_bridge] avoidance released -> published /planning/replan
[WARN] [1783599730.401] [/local_avoidance]: [local_avoidance] ACTIVATED  (min_dist=0.35 m, idx=7892)
[WARN] [1783599730.438] [/px4_ctrl_bridge]: [px4_bridge] AVOIDANCE ACTIVE -> forwarding /target_avoidance
[INFO] [1783599730.451] [/local_avoidance]: [local_avoidance] DEACTIVATED
[WARN] [1783599730.478] [/px4_ctrl_bridge]: [px4_bridge] avoidance released -> published /planning/replan
[WARN] [1783599730.502] [/local_avoidance]: [local_avoidance] ACTIVATED  (min_dist=0.35 m, idx=2956)
[INFO] [1783599730.552] [/local_avoidance]: [local_avoidance] DEACTIVATED
[WARN] [1783599730.578] [/px4_ctrl_bridge]: [px4_bridge] avoidance released -> published /planning/replan
[WARN] [1783599730.601] [/local_avoidance]: [local_avoidance] ACTIVATED  (min_dist=0.35 m, idx=8332)
[INFO] [1783599730.654] [/local_avoidance]: [local_avoidance] DEACTIVATED
[WARN] [1783599730.678] [/px4_ctrl_bridge]: [px4_bridge] avoidance released -> published /planning/replan
[WARN] [1783599730.706] [/local_avoidance]: [local_avoidance] ACTIVATED  (min_dist=0.35 m, idx=3420)
[INFO] [1783599730.754] [/local_avoidance]: [local_avoidance] DEACTIVATED
[WARN] [1783599730.788] [/px4_ctrl_bridge]: [px4_bridge] avoidance released -> published /planning/replan
[WARN] [1783599730.804] [/local_avoidance]: [local_avoidance] ACTIVATED  (min_dist=0.35 m, idx=2739)
[INFO] [1783599730.851] [/local_avoidance]: [local_avoidance] DEACTIVATED
[WARN] [1783599730.879] [/px4_ctrl_bridge]: [px4_bridge] avoidance released -> published /planning/replan
[WARN] [1783599730.901] [/local_avoidance]: [local_avoidance] ACTIVATED  (min_dist=0.35 m, idx=9585)
[INFO] [1783599730.980] [/local_avoidance]: [local_avoidance] DEACTIVATED
[WARN] [1783599731.008] [/px4_ctrl_bridge]: [px4_bridge] avoidance released -> published /planning/replan
[WARN] [1783599731.026] [/local_avoidance]: [local_avoidance] ACTIVATED  (min_dist=0.35 m, idx=4643)
[INFO] [1783599731.051] [/local_avoidance]: [local_avoidance] DEACTIVATED
[WARN] [1783599731.079] [/px4_ctrl_bridge]: [px4_bridge] avoidance released -> published /planning/replan
[WARN] [1783599731.101] [/local_avoidance]: [local_avoidance] ACTIVATED  (min_dist=0.35 m, idx=8894)
[INFO] [1783599731.151] [/local_avoidance]: [local_avoidance] avoiding...  min_dist=0.35 m
[INFO] [1783599731.161] [/mavros]: HP: requesting home position
[INFO] [1783599731.252] [/local_avoidance]: [local_avoidance] DEACTIVATED
[WARN] [1783599731.278] [/px4_ctrl_bridge]: [px4_bridge] avoidance released -> published /planning/replan
[WARN] [1783599731.304] [/local_avoidance]: [local_avoidance] ACTIVATED  (min_dist=0.35 m, idx=4640)
[WARN] [1783599731.448] [/px4_ctrl_bridge]: [px4_bridge] AVOIDANCE ACTIVE -> forwarding /target_avoidance
[INFO] [1783599732.180] [/exploration_node]: [EV] [1783599732.180][   +158.0s][WAIT_TRIGGER] BATT 23.5V | voltage=23.73V percent=51%
[INFO] [1783599732.202] [/local_avoidance]: [local_avoidance] avoiding...  min_dist=0.35 m
[WARN] [1783599732.448] [/px4_ctrl_bridge]: [px4_bridge] AVOIDANCE ACTIVE -> forwarding /target_avoidance
[INFO] [1783599733.229] [/local_avoidance]: [local_avoidance] avoiding...  min_dist=0.36 m
[WARN] [1783599733.458] [/px4_ctrl_bridge]: [px4_bridge] AVOIDANCE ACTIVE -> forwarding /target_avoidance
[INFO] [1783599733.653] [/cloud_crop_bridge]: [CloudCrop] 2650 -> 411 pts (16%)
[INFO] [1783599734.001] [/local_avoidance]: [local_avoidance] DEACTIVATED
[WARN] [1783599734.028] [/px4_ctrl_bridge]: [px4_bridge] avoidance released -> published /planning/replan
[WARN] [1783599734.051] [/local_avoidance]: [local_avoidance] ACTIVATED  (min_dist=0.36 m, idx=5126)
[INFO] [1783599734.102] [/local_avoidance]: [local_avoidance] DEACTIVATED
[WARN] [1783599734.128] [/px4_ctrl_bridge]: [px4_bridge] avoidance released -> published /planning/replan
[WARN] [1783599734.152] [/local_avoidance]: [local_avoidance] ACTIVATED  (min_dist=0.35 m, idx=5912)
[INFO] [1783599734.226] [/local_avoidance]: [local_avoidance] DEACTIVATED
[WARN] [1783599734.258] [/px4_ctrl_bridge]: [px4_bridge] avoidance released -> published /planning/replan
[WARN] [1783599734.276] [/local_avoidance]: [local_avoidance] ACTIVATED  (min_dist=0.35 m, idx=5572)
[INFO] [1783599734.305] [/local_avoidance]: [local_avoidance] DEACTIVATED
[WARN] [1783599734.328] [/px4_ctrl_bridge]: [px4_bridge] avoidance released -> published /planning/replan
[WARN] [1783599734.378] [/local_avoidance]: [local_avoidance] ACTIVATED  (min_dist=0.35 m, idx=752)
[INFO] [1783599734.401] [/local_avoidance]: [local_avoidance] DEACTIVATED
[WARN] [1783599734.428] [/px4_ctrl_bridge]: [px4_bridge] avoidance released -> published /planning/replan
[WARN] [1783599734.452] [/local_avoidance]: [local_avoidance] ACTIVATED  (min_dist=0.36 m, idx=6132)
[WARN] [1783599734.478] [/px4_ctrl_bridge]: [px4_bridge] AVOIDANCE ACTIVE -> forwarding /target_avoidance
[INFO] [1783599734.504] [/local_avoidance]: [local_avoidance] DEACTIVATED
[WARN] [1783599734.528] [/px4_ctrl_bridge]: [px4_bridge] avoidance released -> published /planning/replan
[WARN] [1783599734.552] [/local_avoidance]: [local_avoidance] ACTIVATED  (min_dist=0.35 m, idx=1000)
[INFO] [1783599734.609] [/local_avoidance]: [local_avoidance] DEACTIVATED
[WARN] [1783599734.628] [/px4_ctrl_bridge]: [px4_bridge] avoidance released -> published /planning/replan
[WARN] [1783599734.653] [/local_avoidance]: [local_avoidance] ACTIVATED  (min_dist=0.35 m, idx=6651)
[INFO] [1783599734.701] [/local_avoidance]: [local_avoidance] DEACTIVATED
[WARN] [1783599734.728] [/px4_ctrl_bridge]: [px4_bridge] avoidance released -> published /planning/replan
[WARN] [1783599734.752] [/local_avoidance]: [local_avoidance] ACTIVATED  (min_dist=0.35 m, idx=1436)
[INFO] [1783599734.801] [/local_avoidance]: [local_avoidance] DEACTIVATED
[WARN] [1783599734.828] [/px4_ctrl_bridge]: [px4_bridge] avoidance released -> published /planning/replan
[WARN] [1783599734.852] [/local_avoidance]: [local_avoidance] ACTIVATED  (min_dist=0.35 m, idx=1183)
[INFO] [1783599734.902] [/local_avoidance]: [local_avoidance] DEACTIVATED
[WARN] [1783599734.928] [/px4_ctrl_bridge]: [px4_bridge] avoidance released -> published /planning/replan
[WARN] [1783599734.976] [/local_avoidance]: [local_avoidance] ACTIVATED  (min_dist=0.35 m, idx=1980)
[INFO] [1783599735.007] [/local_avoidance]: [local_avoidance] DEACTIVATED
[WARN] [1783599735.028] [/px4_ctrl_bridge]: [px4_bridge] avoidance released -> published /planning/replan
[WARN] [1783599735.055] [/local_avoidance]: [local_avoidance] ACTIVATED  (min_dist=0.35 m, idx=1534)
[INFO] [1783599735.103] [/local_avoidance]: [local_avoidance] DEACTIVATED
[WARN] [1783599735.128] [/px4_ctrl_bridge]: [px4_bridge] avoidance released -> published /planning/replan
[WARN] [1783599735.178] [/local_avoidance]: [local_avoidance] ACTIVATED  (min_dist=0.35 m, idx=2440)
[INFO] [1783599735.226] [/local_avoidance]: [local_avoidance] DEACTIVATED
[WARN] [1783599735.252] [/local_avoidance]: [local_avoidance] ACTIVATED  (min_dist=0.35 m, idx=8017)
[WARN] [1783599735.258] [/px4_ctrl_bridge]: [px4_bridge] avoidance released -> published /planning/replan
[INFO] [1783599735.302] [/local_avoidance]: [local_avoidance] DEACTIVATED
[WARN] [1783599735.328] [/px4_ctrl_bridge]: [px4_bridge] avoidance released -> published /planning/replan
[WARN] [1783599735.353] [/local_avoidance]: [local_avoidance] ACTIVATED  (min_dist=0.36 m, idx=7679)
[WARN] [1783599735.357] [/exploration_node]: wait for trigger.
[INFO] [1783599735.401] [/local_avoidance]: [local_avoidance] DEACTIVATED
[WARN] [1783599735.428] [/px4_ctrl_bridge]: [px4_bridge] avoidance released -> published /planning/replan
[WARN] [1783599735.452] [/local_avoidance]: [local_avoidance] ACTIVATED  (min_dist=0.35 m, idx=2434)
[WARN] [1783599735.488] [/px4_ctrl_bridge]: [px4_bridge] AVOIDANCE ACTIVE -> forwarding /target_avoidance
[INFO] [1783599735.502] [/local_avoidance]: [local_avoidance] DEACTIVATED
[WARN] [1783599735.528] [/px4_ctrl_bridge]: [px4_bridge] avoidance released -> published /planning/replan
[WARN] [1783599735.551] [/local_avoidance]: [local_avoidance] ACTIVATED  (min_dist=0.35 m, idx=7611)
[INFO] [1783599735.607] [/local_avoidance]: [local_avoidance] DEACTIVATED
[WARN] [1783599735.631] [/px4_ctrl_bridge]: [px4_bridge] avoidance released -> published /planning/replan
[WARN] [1783599735.652] [/local_avoidance]: [local_avoidance] ACTIVATED  (min_dist=0.35 m, idx=2893)
[INFO] [1783599735.726] [/local_avoidance]: [local_avoidance] DEACTIVATED
[WARN] [1783599735.754] [/local_avoidance]: [local_avoidance] ACTIVATED  (min_dist=0.36 m, idx=8546)
[WARN] [1783599735.759] [/px4_ctrl_bridge]: [px4_bridge] avoidance released -> published /planning/replan
[INFO] [1783599735.805] [/local_avoidance]: [local_avoidance] DEACTIVATED
[WARN] [1783599735.828] [/px4_ctrl_bridge]: [px4_bridge] avoidance released -> published /planning/replan
[WARN] [1783599735.854] [/local_avoidance]: [local_avoidance] ACTIVATED  (min_dist=0.35 m, idx=9172)
[INFO] [1783599735.904] [/local_avoidance]: [local_avoidance] DEACTIVATED
[WARN] [1783599735.928] [/px4_ctrl_bridge]: [px4_bridge] avoidance released -> published /planning/replan
[WARN] [1783599735.976] [/local_avoidance]: [local_avoidance] ACTIVATED  (min_dist=0.36 m, idx=8924)
[INFO] [1783599736.003] [/local_avoidance]: [local_avoidance] DEACTIVATED
[WARN] [1783599736.038] [/px4_ctrl_bridge]: [px4_bridge] avoidance released -> published /planning/replan
[WARN] [1783599736.051] [/local_avoidance]: [local_avoidance] ACTIVATED  (min_dist=0.35 m, idx=3996)
[INFO] [1783599736.104] [/local_avoidance]: [local_avoidance] DEACTIVATED
[WARN] [1783599736.128] [/px4_ctrl_bridge]: [px4_bridge] avoidance released -> published /planning/replan
[WARN] [1783599736.152] [/local_avoidance]: [local_avoidance] ACTIVATED  (min_dist=0.35 m, idx=9364)
[INFO] [1783599736.180] [/exploration_node]: [EV] [1783599736.180][   +162.0s][WAIT_TRIGGER] BATT 23.5V | voltage=23.72V percent=51% (repeated x1)
[INFO] [1783599736.201] [/local_avoidance]: [local_avoidance] DEACTIVATED
[WARN] [1783599736.228] [/px4_ctrl_bridge]: [px4_bridge] avoidance released -> published /planning/replan
[WARN] [1783599736.252] [/local_avoidance]: [local_avoidance] ACTIVATED  (min_dist=0.35 m, idx=10173)
[INFO] [1783599736.302] [/local_avoidance]: [local_avoidance] DEACTIVATED
[WARN] [1783599736.328] [/px4_ctrl_bridge]: [px4_bridge] avoidance released -> published /planning/replan
[WARN] [1783599736.351] [/local_avoidance]: [local_avoidance] ACTIVATED  (min_dist=0.35 m, idx=9912)
[INFO] [1783599736.402] [/local_avoidance]: [local_avoidance] DEACTIVATED
[WARN] [1783599736.428] [/px4_ctrl_bridge]: [px4_bridge] avoidance released -> published /planning/replan
[WARN] [1783599736.451] [/local_avoidance]: [local_avoidance] ACTIVATED  (min_dist=0.36 m, idx=9483)
[WARN] [1783599736.498] [/px4_ctrl_bridge]: [px4_bridge] AVOIDANCE ACTIVE -> forwarding /target_avoidance
[INFO] [1783599736.503] [/local_avoidance]: [local_avoidance] avoiding...  min_dist=0.35 m
[WARN] [1783599737.508] [/px4_ctrl_bridge]: [px4_bridge] AVOIDANCE ACTIVE -> forwarding /target_avoidance
[INFO] [1783599737.555] [/local_avoidance]: [local_avoidance] avoiding...  min_dist=0.35 m
[WARN] [1783599738.512] [/px4_ctrl_bridge]: [px4_bridge] AVOIDANCE ACTIVE -> forwarding /target_avoidance
[INFO] [1783599738.601] [/local_avoidance]: [local_avoidance] avoiding...  min_dist=0.35 m
[INFO] [1783599738.707] [/cloud_crop_bridge]: [CloudCrop] 2637 -> 507 pts (19%)
[INFO] [1783599738.954] [/local_avoidance]: [local_avoidance] DEACTIVATED
[WARN] [1783599738.978] [/px4_ctrl_bridge]: [px4_bridge] avoidance released -> published /planning/replan
[WARN] [1783599739.001] [/local_avoidance]: [local_avoidance] ACTIVATED  (min_dist=0.35 m, idx=5975)
[INFO] [1783599739.152] [/local_avoidance]: [local_avoidance] DEACTIVATED
[WARN] [1783599739.178] [/px4_ctrl_bridge]: [px4_bridge] avoidance released -> published /planning/replan
[WARN] [1783599739.202] [/local_avoidance]: [local_avoidance] ACTIVATED  (min_dist=0.36 m, idx=969)
[INFO] [1783599739.252] [/local_avoidance]: [local_avoidance] DEACTIVATED
[WARN] [1783599739.278] [/px4_ctrl_bridge]: [px4_bridge] avoidance released -> published /planning/replan
[WARN] [1783599739.302] [/local_avoidance]: [local_avoidance] ACTIVATED  (min_dist=0.35 m, idx=4835)
[INFO] [1783599739.351] [/local_avoidance]: [local_avoidance] DEACTIVATED
[WARN] [1783599739.379] [/px4_ctrl_bridge]: [px4_bridge] avoidance released -> published /planning/replan
[WARN] [1783599739.402] [/local_avoidance]: [local_avoidance] ACTIVATED  (min_dist=0.36 m, idx=1539)
[INFO] [1783599739.452] [/local_avoidance]: [local_avoidance] DEACTIVATED
[WARN] [1783599739.478] [/px4_ctrl_bridge]: [px4_bridge] avoidance released -> published /planning/replan
[WARN] [1783599739.508] [/local_avoidance]: [local_avoidance] ACTIVATED  (min_dist=0.35 m, idx=673)
[WARN] [1783599739.528] [/px4_ctrl_bridge]: [px4_bridge] AVOIDANCE ACTIVE -> forwarding /target_avoidance
[INFO] [1783599739.551] [/local_avoidance]: [local_avoidance] DEACTIVATED
[WARN] [1783599739.578] [/px4_ctrl_bridge]: [px4_bridge] avoidance released -> published /planning/replan
[WARN] [1783599739.601] [/local_avoidance]: [local_avoidance] ACTIVATED  (min_dist=0.35 m, idx=6168)
[INFO] [1783599739.659] [/local_avoidance]: [local_avoidance] DEACTIVATED
[WARN] [1783599739.678] [/px4_ctrl_bridge]: [px4_bridge] avoidance released -> published /planning/replan
[WARN] [1783599739.706] [/local_avoidance]: [local_avoidance] ACTIVATED  (min_dist=0.35 m, idx=6945)
[INFO] [1783599739.777] [/local_avoidance]: [local_avoidance] DEACTIVATED
[WARN] [1783599739.802] [/local_avoidance]: [local_avoidance] ACTIVATED  (min_dist=0.35 m, idx=6708)
[WARN] [1783599739.808] [/px4_ctrl_bridge]: [px4_bridge] avoidance released -> published /planning/replan
[INFO] [1783599739.851] [/local_avoidance]: [local_avoidance] DEACTIVATED
[WARN] [1783599739.879] [/px4_ctrl_bridge]: [px4_bridge] avoidance released -> published /planning/replan
