# console (/rosout_agg) log for epic_2026-07-09-22-27-38.bag
# started at 2026-07-09-22-27-38
[INFO] [1783603658.376] [/record_on_goal]: [record_on_goal] event log -> /home/hmcl/stack1/src/EPIC_poongsan/src/EPIC/src/global_planner/exploration_manager/records/epic_2026-07-09-22-27-38/epic_2026-07-09-22-27-38.events.log
[INFO] [1783603658.380] [/record_on_goal]: [record_on_goal] recording started (pid 3749110) -> /home/hmcl/stack1/src/EPIC_poongsan/src/EPIC/src/global_planner/exploration_manager/records/epic_2026-07-09-22-27-38/epic_2026-07-09-22-27-38.bag
[WARN] [1783603658.388] [/px4_ctrl_bridge]: [px4_bridge] avoidance released -> published /planning/replan
[WARN] [1783603658.407] [/local_avoidance]: [local_avoidance] ACTIVATED  (min_dist=0.36 m, idx=6750)
[INFO] [1783603658.482] [/local_avoidance]: [local_avoidance] DEACTIVATED
[WARN] [1783603658.508] [/px4_ctrl_bridge]: [px4_bridge] avoidance released -> published /planning/replan
[WARN] [1783603658.508] [/local_avoidance]: [local_avoidance] ACTIVATED  (min_dist=0.35 m, idx=8226)
[INFO] [1783603658.556] [/local_avoidance]: [local_avoidance] DEACTIVATED
[WARN] [1783603658.588] [/px4_ctrl_bridge]: [px4_bridge] avoidance released -> published /planning/replan
[WARN] [1783603658.605] [/local_avoidance]: [local_avoidance] ACTIVATED  (min_dist=0.35 m, idx=7061)
[INFO] [1783603658.656] [/local_avoidance]: [local_avoidance] DEACTIVATED
[WARN] [1783603658.688] [/px4_ctrl_bridge]: [px4_bridge] avoidance released -> published /planning/replan
[WARN] [1783603658.705] [/local_avoidance]: [local_avoidance] ACTIVATED  (min_dist=0.35 m, idx=2080)
[INFO] [1783603658.756] [/local_avoidance]: [local_avoidance] DEACTIVATED
[WARN] [1783603658.788] [/px4_ctrl_bridge]: [px4_bridge] avoidance released -> published /planning/replan
[WARN] [1783603658.805] [/local_avoidance]: [local_avoidance] ACTIVATED  (min_dist=0.35 m, idx=7460)
[INFO] [1783603658.831] [/exploration_node]: [EV] [1783603658.831][     +1.6s][WAIT_TRIGGER] BATT 23.5V | voltage=23.64V percent=48%
[INFO] [1783603658.855] [/local_avoidance]: [local_avoidance] DEACTIVATED
[WARN] [1783603658.888] [/px4_ctrl_bridge]: [px4_bridge] avoidance released -> published /planning/replan
[WARN] [1783603658.905] [/local_avoidance]: [local_avoidance] ACTIVATED  (min_dist=0.35 m, idx=2409)
[WARN] [1783603658.948] [/px4_ctrl_bridge]: [px4_bridge] AVOIDANCE ACTIVE -> forwarding /target_avoidance
[INFO] [1783603658.956] [/local_avoidance]: [local_avoidance] DEACTIVATED
[WARN] [1783603658.988] [/px4_ctrl_bridge]: [px4_bridge] avoidance released -> published /planning/replan
[WARN] [1783603659.017] [/local_avoidance]: [local_avoidance] ACTIVATED  (min_dist=0.35 m, idx=8000)
[INFO] [1783603659.055] [/local_avoidance]: [local_avoidance] DEACTIVATED
[WARN] [1783603659.088] [/px4_ctrl_bridge]: [px4_bridge] avoidance released -> published /planning/replan
[WARN] [1783603659.106] [/local_avoidance]: [local_avoidance] ACTIVATED  (min_dist=0.35 m, idx=2960)
[INFO] [1783603659.159] [/local_avoidance]: [local_avoidance] DEACTIVATED
[WARN] [1783603659.191] [/px4_ctrl_bridge]: [px4_bridge] avoidance released -> published /planning/replan
[WARN] [1783603659.215] [/local_avoidance]: [local_avoidance] ACTIVATED  (min_dist=0.35 m, idx=2511)
[INFO] [1783603659.259] [/local_avoidance]: [local_avoidance] DEACTIVATED
[WARN] [1783603659.288] [/px4_ctrl_bridge]: [px4_bridge] avoidance released -> published /planning/replan
[WARN] [1783603659.331] [/local_avoidance]: [local_avoidance] ACTIVATED  (min_dist=0.35 m, idx=9546)
[INFO] [1783603659.355] [/local_avoidance]: [local_avoidance] DEACTIVATED
[WARN] [1783603659.388] [/px4_ctrl_bridge]: [px4_bridge] avoidance released -> published /planning/replan
[WARN] [1783603659.406] [/local_avoidance]: [local_avoidance] ACTIVATED  (min_dist=0.35 m, idx=3063)
[INFO] [1783603659.459] [/local_avoidance]: [local_avoidance] DEACTIVATED
[WARN] [1783603659.488] [/px4_ctrl_bridge]: [px4_bridge] avoidance released -> published /planning/replan
[WARN] [1783603659.507] [/local_avoidance]: [local_avoidance] ACTIVATED  (min_dist=0.35 m, idx=3860)
[INFO] [1783603659.555] [/local_avoidance]: [local_avoidance] DEACTIVATED
[WARN] [1783603659.588] [/px4_ctrl_bridge]: [px4_bridge] avoidance released -> published /planning/replan
[WARN] [1783603659.609] [/local_avoidance]: [local_avoidance] ACTIVATED  (min_dist=0.35 m, idx=9445)
[INFO] [1783603659.656] [/local_avoidance]: [local_avoidance] DEACTIVATED
[WARN] [1783603659.688] [/px4_ctrl_bridge]: [px4_bridge] avoidance released -> published /planning/replan
[WARN] [1783603659.706] [/local_avoidance]: [local_avoidance] ACTIVATED  (min_dist=0.35 m, idx=10155)
[INFO] [1783603659.756] [/local_avoidance]: [local_avoidance] DEACTIVATED
[WARN] [1783603659.789] [/px4_ctrl_bridge]: [px4_bridge] avoidance released -> published /planning/replan
[WARN] [1783603659.806] [/local_avoidance]: [local_avoidance] ACTIVATED  (min_dist=0.35 m, idx=3958)
[INFO] [1783603659.856] [/local_avoidance]: [local_avoidance] DEACTIVATED
[WARN] [1783603659.890] [/px4_ctrl_bridge]: [px4_bridge] avoidance released -> published /planning/replan
[WARN] [1783603659.908] [/local_avoidance]: [local_avoidance] ACTIVATED  (min_dist=0.35 m, idx=4679)
[WARN] [1783603659.948] [/px4_ctrl_bridge]: [px4_bridge] AVOIDANCE ACTIVE -> forwarding /target_avoidance
[INFO] [1783603659.956] [/local_avoidance]: [local_avoidance] DEACTIVATED
[WARN] [1783603659.988] [/px4_ctrl_bridge]: [px4_bridge] avoidance released -> published /planning/replan
[WARN] [1783603660.007] [/local_avoidance]: [local_avoidance] ACTIVATED  (min_dist=0.36 m, idx=4513)
[INFO] [1783603660.059] [/local_avoidance]: [local_avoidance] avoiding...  min_dist=0.37 m
[INFO] [1783603660.830] [/exploration_node]: [EV] [1783603660.830][     +3.5s][WAIT_TRIGGER] BATT 23.5V | voltage=23.63V percent=48%
[INFO] [1783603660.878] [/cloud_crop_bridge]: [CloudCrop] 2865 -> 530 pts (18%)
[WARN] [1783603660.952] [/px4_ctrl_bridge]: [px4_bridge] AVOIDANCE ACTIVE -> forwarding /target_avoidance
[INFO] [1783603661.114] [/local_avoidance]: [local_avoidance] avoiding...  min_dist=0.35 m
[INFO] [1783603661.162] [/mavros]: HP: requesting home position
[WARN] [1783603661.962] [/px4_ctrl_bridge]: [px4_bridge] AVOIDANCE ACTIVE -> forwarding /target_avoidance
[INFO] [1783603662.160] [/local_avoidance]: [local_avoidance] avoiding...  min_dist=0.35 m
[INFO] [1783603662.409] [/local_avoidance]: [local_avoidance] DEACTIVATED
[WARN] [1783603662.438] [/px4_ctrl_bridge]: [px4_bridge] avoidance released -> published /planning/replan
[WARN] [1783603662.456] [/local_avoidance]: [local_avoidance] ACTIVATED  (min_dist=0.35 m, idx=583)
[INFO] [1783603662.607] [/local_avoidance]: [local_avoidance] DEACTIVATED
[WARN] [1783603662.638] [/px4_ctrl_bridge]: [px4_bridge] avoidance released -> published /planning/replan
[WARN] [1783603662.657] [/local_avoidance]: [local_avoidance] ACTIVATED  (min_dist=0.35 m, idx=5244)
[INFO] [1783603662.706] [/local_avoidance]: [local_avoidance] DEACTIVATED
[WARN] [1783603662.738] [/px4_ctrl_bridge]: [px4_bridge] avoidance released -> published /planning/replan
[WARN] [1783603662.755] [/local_avoidance]: [local_avoidance] ACTIVATED  (min_dist=0.35 m, idx=5945)
[INFO] [1783603662.833] [/exploration_node]: [EV] [1783603662.833][     +5.6s][WAIT_TRIGGER] BATT 23.5V | voltage=23.64V percent=48%
[INFO] [1783603662.911] [/local_avoidance]: [local_avoidance] DEACTIVATED
[WARN] [1783603662.938] [/px4_ctrl_bridge]: [px4_bridge] avoidance released -> published /planning/replan
[WARN] [1783603662.959] [/local_avoidance]: [local_avoidance] ACTIVATED  (min_dist=0.35 m, idx=6782)
[WARN] [1783603662.988] [/px4_ctrl_bridge]: [px4_bridge] AVOIDANCE ACTIVE -> forwarding /target_avoidance
[INFO] [1783603663.010] [/local_avoidance]: [local_avoidance] DEACTIVATED
[WARN] [1783603663.038] [/px4_ctrl_bridge]: [px4_bridge] avoidance released -> published /planning/replan
[WARN] [1783603663.057] [/local_avoidance]: [local_avoidance] ACTIVATED  (min_dist=0.35 m, idx=495)
[INFO] [1783603663.110] [/local_avoidance]: [local_avoidance] DEACTIVATED
[WARN] [1783603663.138] [/px4_ctrl_bridge]: [px4_bridge] avoidance released -> published /planning/replan
[WARN] [1783603663.155] [/local_avoidance]: [local_avoidance] ACTIVATED  (min_dist=0.35 m, idx=7347)
[INFO] [1783603663.205] [/local_avoidance]: [local_avoidance] DEACTIVATED
[WARN] [1783603663.238] [/px4_ctrl_bridge]: [px4_bridge] avoidance released -> published /planning/replan
[WARN] [1783603663.259] [/local_avoidance]: [local_avoidance] ACTIVATED  (min_dist=0.35 m, idx=950)
[INFO] [1783603663.308] [/local_avoidance]: [local_avoidance] DEACTIVATED
[WARN] [1783603663.316] [/exploration_node]: wait for trigger.
[WARN] [1783603663.339] [/px4_ctrl_bridge]: [px4_bridge] avoidance released -> published /planning/replan
[WARN] [1783603663.356] [/local_avoidance]: [local_avoidance] ACTIVATED  (min_dist=0.35 m, idx=1644)
[INFO] [1783603663.406] [/local_avoidance]: [local_avoidance] DEACTIVATED
[WARN] [1783603663.438] [/px4_ctrl_bridge]: [px4_bridge] avoidance released -> published /planning/replan
[WARN] [1783603663.455] [/local_avoidance]: [local_avoidance] ACTIVATED  (min_dist=0.35 m, idx=1098)
[INFO] [1783603663.505] [/local_avoidance]: [local_avoidance] DEACTIVATED
[WARN] [1783603663.539] [/px4_ctrl_bridge]: [px4_bridge] avoidance released -> published /planning/replan
[WARN] [1783603663.556] [/local_avoidance]: [local_avoidance] ACTIVATED  (min_dist=0.35 m, idx=7951)
[INFO] [1783603663.606] [/local_avoidance]: [local_avoidance] DEACTIVATED
[WARN] [1783603663.638] [/px4_ctrl_bridge]: [px4_bridge] avoidance released -> published /planning/replan
[WARN] [1783603663.656] [/local_avoidance]: [local_avoidance] ACTIVATED  (min_dist=0.35 m, idx=1558)
[INFO] [1783603663.706] [/local_avoidance]: [local_avoidance] DEACTIVATED
[WARN] [1783603663.738] [/px4_ctrl_bridge]: [px4_bridge] avoidance released -> published /planning/replan
[WARN] [1783603663.759] [/local_avoidance]: [local_avoidance] ACTIVATED  (min_dist=0.36 m, idx=2474)
[INFO] [1783603663.808] [/local_avoidance]: [local_avoidance] DEACTIVATED
[WARN] [1783603663.829] [/px4_ctrl_bridge]: [px4_bridge] avoidance released -> published /planning/replan
[WARN] [1783603663.856] [/local_avoidance]: [local_avoidance] ACTIVATED  (min_dist=0.35 m, idx=6811)
[INFO] [1783603663.923] [/local_avoidance]: [local_avoidance] DEACTIVATED
[WARN] [1783603663.938] [/px4_ctrl_bridge]: [px4_bridge] avoidance released -> published /planning/replan
[WARN] [1783603663.974] [/local_avoidance]: [local_avoidance] ACTIVATED  (min_dist=0.36 m, idx=7954)
[WARN] [1783603663.988] [/px4_ctrl_bridge]: [px4_bridge] AVOIDANCE ACTIVE -> forwarding /target_avoidance
[INFO] [1783603664.006] [/local_avoidance]: [local_avoidance] DEACTIVATED
[WARN] [1783603664.038] [/px4_ctrl_bridge]: [px4_bridge] avoidance released -> published /planning/replan
[WARN] [1783603664.056] [/local_avoidance]: [local_avoidance] ACTIVATED  (min_dist=0.35 m, idx=8456)
[INFO] [1783603664.105] [/local_avoidance]: [local_avoidance] DEACTIVATED
[WARN] [1783603664.138] [/px4_ctrl_bridge]: [px4_bridge] avoidance released -> published /planning/replan
[WARN] [1783603664.155] [/local_avoidance]: [local_avoidance] ACTIVATED  (min_dist=0.35 m, idx=3756)
[INFO] [1783603664.209] [/local_avoidance]: [local_avoidance] DEACTIVATED
[WARN] [1783603664.238] [/px4_ctrl_bridge]: [px4_bridge] avoidance released -> published /planning/replan
[WARN] [1783603664.256] [/local_avoidance]: [local_avoidance] ACTIVATED  (min_dist=0.35 m, idx=9034)
[INFO] [1783603664.306] [/local_avoidance]: [local_avoidance] DEACTIVATED
[WARN] [1783603664.338] [/px4_ctrl_bridge]: [px4_bridge] avoidance released -> published /planning/replan
[WARN] [1783603664.357] [/local_avoidance]: [local_avoidance] ACTIVATED  (min_dist=0.35 m, idx=8680)
[INFO] [1783603664.410] [/local_avoidance]: [local_avoidance] DEACTIVATED
[WARN] [1783603664.440] [/px4_ctrl_bridge]: [px4_bridge] avoidance released -> published /planning/replan
[WARN] [1783603664.455] [/local_avoidance]: [local_avoidance] ACTIVATED  (min_dist=0.35 m, idx=9268)
[INFO] [1783603664.507] [/local_avoidance]: [local_avoidance] DEACTIVATED
[WARN] [1783603664.538] [/px4_ctrl_bridge]: [px4_bridge] avoidance released -> published /planning/replan
[WARN] [1783603664.556] [/local_avoidance]: [local_avoidance] ACTIVATED  (min_dist=0.35 m, idx=10664)
[INFO] [1783603664.606] [/local_avoidance]: [local_avoidance] DEACTIVATED
[WARN] [1783603664.638] [/px4_ctrl_bridge]: [px4_bridge] avoidance released -> published /planning/replan
[WARN] [1783603664.656] [/local_avoidance]: [local_avoidance] ACTIVATED  (min_dist=0.35 m, idx=9829)
[INFO] [1783603664.706] [/local_avoidance]: [local_avoidance] DEACTIVATED
[WARN] [1783603664.738] [/px4_ctrl_bridge]: [px4_bridge] avoidance released -> published /planning/replan
[WARN] [1783603664.755] [/local_avoidance]: [local_avoidance] ACTIVATED  (min_dist=0.35 m, idx=9488)
[INFO] [1783603664.806] [/local_avoidance]: [local_avoidance] DEACTIVATED
[WARN] [1783603664.838] [/px4_ctrl_bridge]: [px4_bridge] avoidance released -> published /planning/replan
[WARN] [1783603664.861] [/local_avoidance]: [local_avoidance] ACTIVATED  (min_dist=0.35 m, idx=4728)
[INFO] [1783603664.908] [/local_avoidance]: [local_avoidance] avoiding...  min_dist=0.35 m
[WARN] [1783603664.991] [/px4_ctrl_bridge]: [px4_bridge] AVOIDANCE ACTIVE -> forwarding /target_avoidance
[INFO] [1783603665.915] [/cloud_crop_bridge]: [CloudCrop] 2642 -> 519 pts (20%)
[INFO] [1783603665.956] [/local_avoidance]: [local_avoidance] avoiding...  min_dist=0.35 m
[WARN] [1783603665.998] [/px4_ctrl_bridge]: [px4_bridge] AVOIDANCE ACTIVE -> forwarding /target_avoidance
[INFO] [1783603666.826] [/exploration_node]: [EV] [1783603666.826][     +9.5s][WAIT_TRIGGER] BATT 23.5V | voltage=23.63V percent=48% (repeated x1)
[INFO] [1783603666.957] [/local_avoidance]: [local_avoidance] avoiding...  min_dist=0.35 m
[WARN] [1783603666.998] [/px4_ctrl_bridge]: [px4_bridge] AVOIDANCE ACTIVE -> forwarding /target_avoidance
[INFO] [1783603667.556] [/local_avoidance]: [local_avoidance] DEACTIVATED
[WARN] [1783603667.588] [/px4_ctrl_bridge]: [px4_bridge] avoidance released -> published /planning/replan
[WARN] [1783603667.610] [/local_avoidance]: [local_avoidance] ACTIVATED  (min_dist=0.35 m, idx=443)
[INFO] [1783603667.756] [/local_avoidance]: [local_avoidance] DEACTIVATED
[WARN] [1783603667.788] [/px4_ctrl_bridge]: [px4_bridge] avoidance released -> published /planning/replan
[WARN] [1783603667.807] [/local_avoidance]: [local_avoidance] ACTIVATED  (min_dist=0.36 m, idx=5371)
[INFO] [1783603667.857] [/local_avoidance]: [local_avoidance] DEACTIVATED
[WARN] [1783603667.888] [/px4_ctrl_bridge]: [px4_bridge] avoidance released -> published /planning/replan
[WARN] [1783603667.909] [/local_avoidance]: [local_avoidance] ACTIVATED  (min_dist=0.35 m, idx=6064)
[INFO] [1783603667.958] [/local_avoidance]: [local_avoidance] DEACTIVATED
[WARN] [1783603667.988] [/px4_ctrl_bridge]: [px4_bridge] avoidance released -> published /planning/replan
[WARN] [1783603668.010] [/local_avoidance]: [local_avoidance] ACTIVATED  (min_dist=0.35 m, idx=5832)
[WARN] [1783603668.039] [/px4_ctrl_bridge]: [px4_bridge] AVOIDANCE ACTIVE -> forwarding /target_avoidance
[INFO] [1783603668.058] [/local_avoidance]: [local_avoidance] DEACTIVATED
[WARN] [1783603668.088] [/px4_ctrl_bridge]: [px4_bridge] avoidance released -> published /planning/replan
[WARN] [1783603668.111] [/local_avoidance]: [local_avoidance] ACTIVATED  (min_dist=0.35 m, idx=6738)
[INFO] [1783603668.159] [/local_avoidance]: [local_avoidance] DEACTIVATED
[WARN] [1783603668.188] [/px4_ctrl_bridge]: [px4_bridge] avoidance released -> published /planning/replan
[WARN] [1783603668.207] [/local_avoidance]: [local_avoidance] ACTIVATED  (min_dist=0.35 m, idx=6376)
[INFO] [1783603668.258] [/local_avoidance]: [local_avoidance] DEACTIVATED
[WARN] [1783603668.288] [/px4_ctrl_bridge]: [px4_bridge] avoidance released -> published /planning/replan
[WARN] [1783603668.306] [/local_avoidance]: [local_avoidance] ACTIVATED  (min_dist=0.35 m, idx=1448)
[WARN] [1783603668.316] [/exploration_node]: wait for trigger.
[INFO] [1783603668.357] [/local_avoidance]: [local_avoidance] DEACTIVATED
[WARN] [1783603668.388] [/px4_ctrl_bridge]: [px4_bridge] avoidance released -> published /planning/replan
[WARN] [1783603668.409] [/local_avoidance]: [local_avoidance] ACTIVATED  (min_dist=0.35 m, idx=6820)
[INFO] [1783603668.455] [/local_avoidance]: [local_avoidance] DEACTIVATED
[WARN] [1783603668.488] [/px4_ctrl_bridge]: [px4_bridge] avoidance released -> published /planning/replan
[WARN] [1783603668.506] [/local_avoidance]: [local_avoidance] ACTIVATED  (min_dist=0.35 m, idx=7529)
[INFO] [1783603668.557] [/local_avoidance]: [local_avoidance] DEACTIVATED
[WARN] [1783603668.588] [/px4_ctrl_bridge]: [px4_bridge] avoidance released -> published /planning/replan
[WARN] [1783603668.609] [/local_avoidance]: [local_avoidance] ACTIVATED  (min_dist=0.35 m, idx=1419)
[INFO] [1783603668.656] [/local_avoidance]: [local_avoidance] DEACTIVATED
[WARN] [1783603668.688] [/px4_ctrl_bridge]: [px4_bridge] avoidance released -> published /planning/replan
[WARN] [1783603668.706] [/local_avoidance]: [local_avoidance] ACTIVATED  (min_dist=0.35 m, idx=8283)
[INFO] [1783603668.758] [/local_avoidance]: [local_avoidance] DEACTIVATED
[WARN] [1783603668.788] [/px4_ctrl_bridge]: [px4_bridge] avoidance released -> published /planning/replan
[WARN] [1783603668.809] [/local_avoidance]: [local_avoidance] ACTIVATED  (min_dist=0.35 m, idx=2839)
[INFO] [1783603668.826] [/exploration_node]: [EV] [1783603668.826][    +11.5s][WAIT_TRIGGER] BATT 23.5V | voltage=23.64V percent=48%
[INFO] [1783603668.856] [/local_avoidance]: [local_avoidance] DEACTIVATED
[WARN] [1783603668.888] [/px4_ctrl_bridge]: [px4_bridge] avoidance released -> published /planning/replan
[WARN] [1783603668.906] [/local_avoidance]: [local_avoidance] ACTIVATED  (min_dist=0.35 m, idx=8535)
[INFO] [1783603668.956] [/local_avoidance]: [local_avoidance] DEACTIVATED
[WARN] [1783603668.989] [/px4_ctrl_bridge]: [px4_bridge] avoidance released -> published /planning/replan
[WARN] [1783603669.006] [/local_avoidance]: [local_avoidance] ACTIVATED  (min_dist=0.35 m, idx=2222)
[WARN] [1783603669.048] [/px4_ctrl_bridge]: [px4_bridge] AVOIDANCE ACTIVE -> forwarding /target_avoidance
[INFO] [1783603669.056] [/local_avoidance]: [local_avoidance] DEACTIVATED
[WARN] [1783603669.088] [/px4_ctrl_bridge]: [px4_bridge] avoidance released -> published /planning/replan
[WARN] [1783603669.111] [/local_avoidance]: [local_avoidance] ACTIVATED  (min_dist=0.35 m, idx=8983)
[INFO] [1783603669.171] [/local_avoidance]: [local_avoidance] DEACTIVATED
[WARN] [1783603669.188] [/px4_ctrl_bridge]: [px4_bridge] avoidance released -> published /planning/replan
[WARN] [1783603669.206] [/local_avoidance]: [local_avoidance] ACTIVATED  (min_dist=0.35 m, idx=8717)
[INFO] [1783603669.257] [/local_avoidance]: [local_avoidance] DEACTIVATED
[WARN] [1783603669.290] [/px4_ctrl_bridge]: [px4_bridge] avoidance released -> published /planning/replan
[WARN] [1783603669.306] [/local_avoidance]: [local_avoidance] ACTIVATED  (min_dist=0.35 m, idx=3996)
[INFO] [1783603669.357] [/local_avoidance]: [local_avoidance] DEACTIVATED
[WARN] [1783603669.388] [/px4_ctrl_bridge]: [px4_bridge] avoidance released -> published /planning/replan
[WARN] [1783603669.407] [/local_avoidance]: [local_avoidance] ACTIVATED  (min_dist=0.35 m, idx=9214)
[INFO] [1783603669.457] [/local_avoidance]: [local_avoidance] DEACTIVATED
[WARN] [1783603669.489] [/px4_ctrl_bridge]: [px4_bridge] avoidance released -> published /planning/replan
[WARN] [1783603669.508] [/local_avoidance]: [local_avoidance] ACTIVATED  (min_dist=0.35 m, idx=8764)
[INFO] [1783603669.558] [/local_avoidance]: [local_avoidance] DEACTIVATED
[WARN] [1783603669.590] [/px4_ctrl_bridge]: [px4_bridge] avoidance released -> published /planning/replan
[WARN] [1783603669.608] [/local_avoidance]: [local_avoidance] ACTIVATED  (min_dist=0.35 m, idx=3796)
[INFO] [1783603669.656] [/local_avoidance]: [local_avoidance] DEACTIVATED
[WARN] [1783603669.688] [/px4_ctrl_bridge]: [px4_bridge] avoidance released -> published /planning/replan
[WARN] [1783603669.708] [/local_avoidance]: [local_avoidance] ACTIVATED  (min_dist=0.36 m, idx=4871)
[INFO] [1783603669.766] [/local_avoidance]: [local_avoidance] DEACTIVATED
[WARN] [1783603669.788] [/px4_ctrl_bridge]: [px4_bridge] avoidance released -> published /planning/replan
[WARN] [1783603669.806] [/local_avoidance]: [local_avoidance] ACTIVATED  (min_dist=0.35 m, idx=9952)
[INFO] [1783603669.856] [/local_avoidance]: [local_avoidance] DEACTIVATED
[WARN] [1783603669.888] [/px4_ctrl_bridge]: [px4_bridge] avoidance released -> published /planning/replan
[WARN] [1783603669.906] [/local_avoidance]: [local_avoidance] ACTIVATED  (min_dist=0.35 m, idx=9908)
[INFO] [1783603669.958] [/local_avoidance]: [local_avoidance] DEACTIVATED
[WARN] [1783603669.988] [/px4_ctrl_bridge]: [px4_bridge] avoidance released -> published /planning/replan
[WARN] [1783603670.008] [/local_avoidance]: [local_avoidance] ACTIVATED  (min_dist=0.35 m, idx=4469)
[WARN] [1783603670.048] [/px4_ctrl_bridge]: [px4_bridge] AVOIDANCE ACTIVE -> forwarding /target_avoidance
[INFO] [1783603670.056] [/local_avoidance]: [local_avoidance] avoiding...  min_dist=0.35 m
[INFO] [1783603670.156] [/local_avoidance]: [local_avoidance] DEACTIVATED
[WARN] [1783603670.179] [/px4_ctrl_bridge]: [px4_bridge] avoidance released -> published /planning/replan
[WARN] [1783603670.205] [/local_avoidance]: [local_avoidance] ACTIVATED  (min_dist=0.35 m, idx=5332)
[INFO] [1783603670.958] [/cloud_crop_bridge]: [CloudCrop] 2950 -> 554 pts (19%)
[WARN] [1783603671.049] [/px4_ctrl_bridge]: [px4_bridge] AVOIDANCE ACTIVE -> forwarding /target_avoidance
[INFO] [1783603671.056] [/local_avoidance]: [local_avoidance] avoiding...  min_dist=0.35 m
[INFO] [1783603671.161] [/mavros]: HP: requesting home position
[WARN] [1783603672.058] [/px4_ctrl_bridge]: [px4_bridge] AVOIDANCE ACTIVE -> forwarding /target_avoidance
[INFO] [1783603672.056] [/local_avoidance]: [local_avoidance] avoiding...  min_dist=0.35 m
[INFO] [1783603672.706] [/local_avoidance]: [local_avoidance] DEACTIVATED
[WARN] [1783603672.738] [/px4_ctrl_bridge]: [px4_bridge] avoidance released -> published /planning/replan
[WARN] [1783603672.764] [/local_avoidance]: [local_avoidance] ACTIVATED  (min_dist=0.35 m, idx=6411)
[INFO] [1783603672.826] [/exploration_node]: [EV] [1783603672.825][    +15.5s][WAIT_TRIGGER] BATT 23.5V | voltage=23.63V percent=48% (repeated x1)
[INFO] [1783603672.911] [/local_avoidance]: [local_avoidance] DEACTIVATED
[WARN] [1783603672.938] [/px4_ctrl_bridge]: [px4_bridge] avoidance released -> published /planning/replan
[WARN] [1783603672.955] [/local_avoidance]: [local_avoidance] ACTIVATED  (min_dist=0.35 m, idx=6683)
[INFO] [1783603673.010] [/local_avoidance]: [local_avoidance] DEACTIVATED
[WARN] [1783603673.031] [/px4_ctrl_bridge]: [px4_bridge] avoidance released -> published /planning/replan
[WARN] [1783603673.056] [/local_avoidance]: [local_avoidance] ACTIVATED  (min_dist=0.35 m, idx=458)
[WARN] [1783603673.088] [/px4_ctrl_bridge]: [px4_bridge] AVOIDANCE ACTIVE -> forwarding /target_avoidance
[INFO] [1783603673.107] [/local_avoidance]: [local_avoidance] DEACTIVATED
[WARN] [1783603673.138] [/px4_ctrl_bridge]: [px4_bridge] avoidance released -> published /planning/replan
[WARN] [1783603673.156] [/local_avoidance]: [local_avoidance] ACTIVATED  (min_dist=0.36 m, idx=1290)
[INFO] [1783603673.206] [/local_avoidance]: [local_avoidance] DEACTIVATED
[WARN] [1783603673.238] [/px4_ctrl_bridge]: [px4_bridge] avoidance released -> published /planning/replan
[WARN] [1783603673.257] [/local_avoidance]: [local_avoidance] ACTIVATED  (min_dist=0.35 m, idx=906)
[INFO] [1783603673.306] [/local_avoidance]: [local_avoidance] DEACTIVATED
[WARN] [1783603673.326] [/exploration_node]: wait for trigger.
[WARN] [1783603673.338] [/px4_ctrl_bridge]: [px4_bridge] avoidance released -> published /planning/replan
[WARN] [1783603673.356] [/local_avoidance]: [local_avoidance] ACTIVATED  (min_dist=0.36 m, idx=6486)
[INFO] [1783603673.406] [/local_avoidance]: [local_avoidance] DEACTIVATED
[WARN] [1783603673.438] [/px4_ctrl_bridge]: [px4_bridge] avoidance released -> published /planning/replan
[WARN] [1783603673.455] [/local_avoidance]: [local_avoidance] ACTIVATED  (min_dist=0.35 m, idx=7192)
[INFO] [1783603673.506] [/local_avoidance]: [local_avoidance] DEACTIVATED
[WARN] [1783603673.538] [/px4_ctrl_bridge]: [px4_bridge] avoidance released -> published /planning/replan
[WARN] [1783603673.556] [/local_avoidance]: [local_avoidance] ACTIVATED  (min_dist=0.35 m, idx=6960)
[INFO] [1783603673.607] [/local_avoidance]: [local_avoidance] DEACTIVATED
[WARN] [1783603673.629] [/px4_ctrl_bridge]: [px4_bridge] avoidance released -> published /planning/replan
[WARN] [1783603673.660] [/local_avoidance]: [local_avoidance] ACTIVATED  (min_dist=0.35 m, idx=7636)
[INFO] [1783603673.707] [/local_avoidance]: [local_avoidance] DEACTIVATED
[WARN] [1783603673.738] [/px4_ctrl_bridge]: [px4_bridge] avoidance released -> published /planning/replan
[WARN] [1783603673.757] [/local_avoidance]: [local_avoidance] ACTIVATED  (min_dist=0.35 m, idx=7392)
[INFO] [1783603673.814] [/local_avoidance]: [local_avoidance] DEACTIVATED
[WARN] [1783603673.838] [/px4_ctrl_bridge]: [px4_bridge] avoidance released -> published /planning/replan
[WARN] [1783603673.855] [/local_avoidance]: [local_avoidance] ACTIVATED  (min_dist=0.35 m, idx=8088)
[INFO] [1783603673.906] [/local_avoidance]: [local_avoidance] DEACTIVATED
[WARN] [1783603673.939] [/px4_ctrl_bridge]: [px4_bridge] avoidance released -> published /planning/replan
[WARN] [1783603673.955] [/local_avoidance]: [local_avoidance] ACTIVATED  (min_dist=0.35 m, idx=7860)
[INFO] [1783603674.010] [/local_avoidance]: [local_avoidance] DEACTIVATED
[WARN] [1783603674.038] [/px4_ctrl_bridge]: [px4_bridge] avoidance released -> published /planning/replan
[WARN] [1783603674.061] [/local_avoidance]: [local_avoidance] ACTIVATED  (min_dist=0.35 m, idx=3032)
[WARN] [1783603674.088] [/px4_ctrl_bridge]: [px4_bridge] AVOIDANCE ACTIVE -> forwarding /target_avoidance
[INFO] [1783603674.113] [/local_avoidance]: [local_avoidance] DEACTIVATED
[WARN] [1783603674.138] [/px4_ctrl_bridge]: [px4_bridge] avoidance released -> published /planning/replan
[WARN] [1783603674.162] [/local_avoidance]: [local_avoidance] ACTIVATED  (min_dist=0.35 m, idx=2359)
[INFO] [1783603674.207] [/local_avoidance]: [local_avoidance] DEACTIVATED
[WARN] [1783603674.238] [/px4_ctrl_bridge]: [px4_bridge] avoidance released -> published /planning/replan
[WARN] [1783603674.256] [/local_avoidance]: [local_avoidance] ACTIVATED  (min_dist=0.35 m, idx=3260)
[INFO] [1783603674.305] [/local_avoidance]: [local_avoidance] DEACTIVATED
[WARN] [1783603674.338] [/px4_ctrl_bridge]: [px4_bridge] avoidance released -> published /planning/replan
[WARN] [1783603674.356] [/local_avoidance]: [local_avoidance] ACTIVATED  (min_dist=0.35 m, idx=3003)
[INFO] [1783603674.409] [/local_avoidance]: [local_avoidance] DEACTIVATED
[WARN] [1783603674.438] [/px4_ctrl_bridge]: [px4_bridge] avoidance released -> published /planning/replan
[WARN] [1783603674.456] [/local_avoidance]: [local_avoidance] ACTIVATED  (min_dist=0.35 m, idx=3800)
[INFO] [1783603674.508] [/local_avoidance]: [local_avoidance] DEACTIVATED
[WARN] [1783603674.538] [/px4_ctrl_bridge]: [px4_bridge] avoidance released -> published /planning/replan
[WARN] [1783603674.556] [/local_avoidance]: [local_avoidance] ACTIVATED  (min_dist=0.35 m, idx=3350)
[INFO] [1783603674.609] [/local_avoidance]: [local_avoidance] DEACTIVATED
[WARN] [1783603674.638] [/px4_ctrl_bridge]: [px4_bridge] avoidance released -> published /planning/replan
[WARN] [1783603674.659] [/local_avoidance]: [local_avoidance] ACTIVATED  (min_dist=0.35 m, idx=5212)
[INFO] [1783603674.705] [/local_avoidance]: [local_avoidance] DEACTIVATED
[WARN] [1783603674.748] [/px4_ctrl_bridge]: [px4_bridge] avoidance released -> published /planning/replan
[WARN] [1783603674.761] [/local_avoidance]: [local_avoidance] ACTIVATED  (min_dist=0.35 m, idx=9931)
[INFO] [1783603674.807] [/local_avoidance]: [local_avoidance] DEACTIVATED
[INFO] [1783603674.831] [/exploration_node]: [EV] [1783603674.831][    +17.6s][WAIT_TRIGGER] BATT 23.5V | voltage=23.64V percent=48%
[WARN] [1783603674.838] [/px4_ctrl_bridge]: [px4_bridge] avoidance released -> published /planning/replan
[WARN] [1783603674.857] [/local_avoidance]: [local_avoidance] ACTIVATED  (min_dist=0.36 m, idx=4927)
[INFO] [1783603674.907] [/local_avoidance]: [local_avoidance] avoiding...  min_dist=0.35 m
[WARN] [1783603675.098] [/px4_ctrl_bridge]: [px4_bridge] AVOIDANCE ACTIVE -> forwarding /target_avoidance
[INFO] [1783603675.106] [/local_avoidance]: [local_avoidance] DEACTIVATED
[WARN] [1783603675.138] [/px4_ctrl_bridge]: [px4_bridge] avoidance released -> published /planning/replan
[WARN] [1783603675.156] [/local_avoidance]: [local_avoidance] ACTIVATED  (min_dist=0.36 m, idx=4913)
[INFO] [1783603675.968] [/cloud_crop_bridge]: [CloudCrop] 2841 -> 566 pts (20%)
[INFO] [1783603675.970] [/local_avoidance]: [local_avoidance] avoiding...  min_dist=0.36 m
[WARN] [1783603676.098] [/px4_ctrl_bridge]: [px4_bridge] AVOIDANCE ACTIVE -> forwarding /target_avoidance
[INFO] [1783603676.824] [/exploration_node]: [EV] [1783603676.824][    +19.5s][WAIT_TRIGGER] BATT 23.5V | voltage=23.63V percent=48%
[INFO] [1783603677.005] [/local_avoidance]: [local_avoidance] avoiding...  min_dist=0.36 m
[WARN] [1783603677.108] [/px4_ctrl_bridge]: [px4_bridge] AVOIDANCE ACTIVE -> forwarding /target_avoidance
[INFO] [1783603677.381] [/local_avoidance]: [local_avoidance] DEACTIVATED
[WARN] [1783603677.408] [/local_avoidance]: [local_avoidance] ACTIVATED  (min_dist=0.35 m, idx=446)
[WARN] [1783603677.409] [/px4_ctrl_bridge]: [px4_bridge] avoidance released -> published /planning/replan
[INFO] [1783603677.556] [/local_avoidance]: [local_avoidance] DEACTIVATED
[WARN] [1783603677.588] [/px4_ctrl_bridge]: [px4_bridge] avoidance released -> published /planning/replan
[WARN] [1783603677.615] [/local_avoidance]: [local_avoidance] ACTIVATED  (min_dist=0.35 m, idx=5092)
[INFO] [1783603677.856] [/local_avoidance]: [local_avoidance] DEACTIVATED
[WARN] [1783603677.888] [/px4_ctrl_bridge]: [px4_bridge] avoidance released -> published /planning/replan
[WARN] [1783603677.906] [/local_avoidance]: [local_avoidance] ACTIVATED  (min_dist=0.35 m, idx=596)
[INFO] [1783603677.956] [/local_avoidance]: [local_avoidance] DEACTIVATED
[WARN] [1783603677.988] [/px4_ctrl_bridge]: [px4_bridge] avoidance released -> published /planning/replan
[WARN] [1783603678.006] [/local_avoidance]: [local_avoidance] ACTIVATED  (min_dist=0.35 m, idx=347)
[INFO] [1783603678.058] [/local_avoidance]: [local_avoidance] DEACTIVATED
[WARN] [1783603678.088] [/px4_ctrl_bridge]: [px4_bridge] avoidance released -> published /planning/replan
[WARN] [1783603678.108] [/local_avoidance]: [local_avoidance] ACTIVATED  (min_dist=0.35 m, idx=960)
[WARN] [1783603678.138] [/px4_ctrl_bridge]: [px4_bridge] AVOIDANCE ACTIVE -> forwarding /target_avoidance
[INFO] [1783603678.156] [/local_avoidance]: [local_avoidance] DEACTIVATED
[WARN] [1783603678.188] [/px4_ctrl_bridge]: [px4_bridge] avoidance released -> published /planning/replan
[WARN] [1783603678.210] [/local_avoidance]: [local_avoidance] ACTIVATED  (min_dist=0.35 m, idx=598)
[INFO] [1783603678.261] [/local_avoidance]: [local_avoidance] DEACTIVATED
[WARN] [1783603678.288] [/px4_ctrl_bridge]: [px4_bridge] avoidance released -> published /planning/replan
[WARN] [1783603678.311] [/local_avoidance]: [local_avoidance] ACTIVATED  (min_dist=0.35 m, idx=7331)
[WARN] [1783603678.336] [/exploration_node]: wait for trigger.
[INFO] [1783603678.356] [/local_avoidance]: [local_avoidance] DEACTIVATED
[WARN] [1783603678.390] [/px4_ctrl_bridge]: [px4_bridge] avoidance released -> published /planning/replan
[WARN] [1783603678.408] [/local_avoidance]: [local_avoidance] ACTIVATED  (min_dist=0.35 m, idx=1242)
[INFO] [1783603678.461] [/local_avoidance]: [local_avoidance] DEACTIVATED
[WARN] [1783603678.482] [/px4_ctrl_bridge]: [px4_bridge] avoidance released -> published /planning/replan
[WARN] [1783603678.530] [/local_avoidance]: [local_avoidance] ACTIVATED  (min_dist=0.35 m, idx=2040)
[INFO] [1783603678.558] [/local_avoidance]: [local_avoidance] DEACTIVATED
[WARN] [1783603678.588] [/px4_ctrl_bridge]: [px4_bridge] avoidance released -> published /planning/replan
[WARN] [1783603678.607] [/local_avoidance]: [local_avoidance] ACTIVATED  (min_dist=0.35 m, idx=1494)
[INFO] [1783603678.663] [/local_avoidance]: [local_avoidance] DEACTIVATED
[WARN] [1783603678.688] [/px4_ctrl_bridge]: [px4_bridge] avoidance released -> published /planning/replan
[WARN] [1783603678.706] [/local_avoidance]: [local_avoidance] ACTIVATED  (min_dist=0.36 m, idx=2813)
[INFO] [1783603678.756] [/local_avoidance]: [local_avoidance] DEACTIVATED
[WARN] [1783603678.788] [/px4_ctrl_bridge]: [px4_bridge] avoidance released -> published /planning/replan
[WARN] [1783603678.806] [/local_avoidance]: [local_avoidance] ACTIVATED  (min_dist=0.35 m, idx=8038)
[INFO] [1783603678.873] [/local_avoidance]: [local_avoidance] DEACTIVATED
[WARN] [1783603678.888] [/px4_ctrl_bridge]: [px4_bridge] avoidance released -> published /planning/replan
[WARN] [1783603678.906] [/local_avoidance]: [local_avoidance] ACTIVATED  (min_dist=0.36 m, idx=3556)
[INFO] [1783603678.956] [/local_avoidance]: [local_avoidance] DEACTIVATED
[WARN] [1783603678.990] [/px4_ctrl_bridge]: [px4_bridge] avoidance released -> published /planning/replan
[WARN] [1783603679.012] [/local_avoidance]: [local_avoidance] ACTIVATED  (min_dist=0.35 m, idx=8332)
[INFO] [1783603679.057] [/local_avoidance]: [local_avoidance] DEACTIVATED
[WARN] [1783603679.088] [/px4_ctrl_bridge]: [px4_bridge] avoidance released -> published /planning/replan
[WARN] [1783603679.109] [/local_avoidance]: [local_avoidance] ACTIVATED  (min_dist=0.35 m, idx=8088)
[WARN] [1783603679.138] [/px4_ctrl_bridge]: [px4_bridge] AVOIDANCE ACTIVE -> forwarding /target_avoidance
[INFO] [1783603679.156] [/local_avoidance]: [local_avoidance] DEACTIVATED
[WARN] [1783603679.188] [/px4_ctrl_bridge]: [px4_bridge] avoidance released -> published /planning/replan
[WARN] [1783603679.205] [/local_avoidance]: [local_avoidance] ACTIVATED  (min_dist=0.35 m, idx=8676)
[INFO] [1783603679.257] [/local_avoidance]: [local_avoidance] DEACTIVATED
[WARN] [1783603679.291] [/px4_ctrl_bridge]: [px4_bridge] avoidance released -> published /planning/replan
[WARN] [1783603679.316] [/local_avoidance]: [local_avoidance] ACTIVATED  (min_dist=0.35 m, idx=8520)
[INFO] [1783603679.360] [/local_avoidance]: [local_avoidance] DEACTIVATED
[WARN] [1783603679.388] [/px4_ctrl_bridge]: [px4_bridge] avoidance released -> published /planning/replan
[WARN] [1783603679.406] [/local_avoidance]: [local_avoidance] ACTIVATED  (min_dist=0.35 m, idx=9216)
[INFO] [1783603679.457] [/local_avoidance]: [local_avoidance] DEACTIVATED
[WARN] [1783603679.488] [/px4_ctrl_bridge]: [px4_bridge] avoidance released -> published /planning/replan
[WARN] [1783603679.511] [/local_avoidance]: [local_avoidance] ACTIVATED  (min_dist=0.36 m, idx=8984)
[INFO] [1783603679.567] [/local_avoidance]: [local_avoidance] DEACTIVATED
[WARN] [1783603679.591] [/px4_ctrl_bridge]: [px4_bridge] avoidance released -> published /planning/replan
[WARN] [1783603679.609] [/local_avoidance]: [local_avoidance] ACTIVATED  (min_dist=0.35 m, idx=4064)
[INFO] [1783603679.660] [/local_avoidance]: [local_avoidance] DEACTIVATED
[WARN] [1783603679.688] [/px4_ctrl_bridge]: [px4_bridge] avoidance released -> published /planning/replan
[WARN] [1783603679.705] [/local_avoidance]: [local_avoidance] ACTIVATED  (min_dist=0.35 m, idx=3587)
[INFO] [1783603679.756] [/local_avoidance]: [local_avoidance] DEACTIVATED
[WARN] [1783603679.788] [/px4_ctrl_bridge]: [px4_bridge] avoidance released -> published /planning/replan
[WARN] [1783603679.807] [/local_avoidance]: [local_avoidance] ACTIVATED  (min_dist=0.35 m, idx=4292)
[INFO] [1783603679.855] [/local_avoidance]: [local_avoidance] avoiding...  min_dist=0.35 m
[WARN] [1783603680.148] [/px4_ctrl_bridge]: [px4_bridge] AVOIDANCE ACTIVE -> forwarding /target_avoidance
[INFO] [1783603680.822] [/exploration_node]: [EV] [1783603680.822][    +23.5s][WAIT_TRIGGER] BATT 23.5V | voltage=23.64V percent=48% (repeated x1)
[INFO] [1783603680.864] [/local_avoidance]: [local_avoidance] avoiding...  min_dist=0.35 m
[INFO] [1783603681.033] [/cloud_crop_bridge]: [CloudCrop] 2853 -> 553 pts (19%)
[WARN] [1783603681.148] [/px4_ctrl_bridge]: [px4_bridge] AVOIDANCE ACTIVE -> forwarding /target_avoidance
[INFO] [1783603681.161] [/mavros]: HP: requesting home position
[INFO] [1783603681.906] [/local_avoidance]: [local_avoidance] avoiding...  min_dist=0.35 m
[WARN] [1783603682.158] [/px4_ctrl_bridge]: [px4_bridge] AVOIDANCE ACTIVE -> forwarding /target_avoidance
[INFO] [1783603682.506] [/local_avoidance]: [local_avoidance] DEACTIVATED
[WARN] [1783603682.538] [/px4_ctrl_bridge]: [px4_bridge] avoidance released -> published /planning/replan
[WARN] [1783603682.565] [/local_avoidance]: [local_avoidance] ACTIVATED  (min_dist=0.36 m, idx=412)
[INFO] [1783603682.706] [/local_avoidance]: [local_avoidance] DEACTIVATED
[WARN] [1783603682.738] [/px4_ctrl_bridge]: [px4_bridge] avoidance released -> published /planning/replan
[WARN] [1783603682.756] [/local_avoidance]: [local_avoidance] ACTIVATED  (min_dist=0.36 m, idx=5402)
[INFO] [1783603682.807] [/local_avoidance]: [local_avoidance] DEACTIVATED
[WARN] [1783603682.838] [/px4_ctrl_bridge]: [px4_bridge] avoidance released -> published /planning/replan
[WARN] [1783603682.856] [/local_avoidance]: [local_avoidance] ACTIVATED  (min_dist=0.35 m, idx=6120)
[INFO] [1783603682.906] [/local_avoidance]: [local_avoidance] DEACTIVATED
[WARN] [1783603682.938] [/px4_ctrl_bridge]: [px4_bridge] avoidance released -> published /planning/replan
[WARN] [1783603682.956] [/local_avoidance]: [local_avoidance] ACTIVATED  (min_dist=0.36 m, idx=5776)
[INFO] [1783603683.008] [/local_avoidance]: [local_avoidance] DEACTIVATED
[WARN] [1783603683.040] [/px4_ctrl_bridge]: [px4_bridge] avoidance released -> published /planning/replan
[WARN] [1783603683.056] [/local_avoidance]: [local_avoidance] ACTIVATED  (min_dist=0.35 m, idx=6940)
[INFO] [1783603683.112] [/local_avoidance]: [local_avoidance] DEACTIVATED
[WARN] [1783603683.138] [/px4_ctrl_bridge]: [px4_bridge] avoidance released -> published /planning/replan
[WARN] [1783603683.156] [/local_avoidance]: [local_avoidance] ACTIVATED  (min_dist=0.35 m, idx=6980)
[WARN] [1783603683.188] [/px4_ctrl_bridge]: [px4_bridge] AVOIDANCE ACTIVE -> forwarding /target_avoidance
[INFO] [1783603683.205] [/local_avoidance]: [local_avoidance] DEACTIVATED
[WARN] [1783603683.238] [/px4_ctrl_bridge]: [px4_bridge] avoidance released -> published /planning/replan
[WARN] [1783603683.256] [/local_avoidance]: [local_avoidance] ACTIVATED  (min_dist=0.35 m, idx=5338)
[INFO] [1783603683.307] [/local_avoidance]: [local_avoidance] DEACTIVATED
[WARN] [1783603683.336] [/exploration_node]: wait for trigger.
[WARN] [1783603683.338] [/px4_ctrl_bridge]: [px4_bridge] avoidance released -> published /planning/replan
[WARN] [1783603683.363] [/local_avoidance]: [local_avoidance] ACTIVATED  (min_dist=0.35 m, idx=6752)
[INFO] [1783603683.405] [/local_avoidance]: [local_avoidance] DEACTIVATED
[WARN] [1783603683.430] [/px4_ctrl_bridge]: [px4_bridge] avoidance released -> published /planning/replan
[WARN] [1783603683.456] [/local_avoidance]: [local_avoidance] ACTIVATED  (min_dist=0.35 m, idx=7461)
[INFO] [1783603683.507] [/local_avoidance]: [local_avoidance] DEACTIVATED
[WARN] [1783603683.540] [/px4_ctrl_bridge]: [px4_bridge] avoidance released -> published /planning/replan
[WARN] [1783603683.556] [/local_avoidance]: [local_avoidance] ACTIVATED  (min_dist=0.35 m, idx=7216)
[INFO] [1783603683.609] [/local_avoidance]: [local_avoidance] DEACTIVATED
[WARN] [1783603683.638] [/px4_ctrl_bridge]: [px4_bridge] avoidance released -> published /planning/replan
[WARN] [1783603683.661] [/local_avoidance]: [local_avoidance] ACTIVATED  (min_dist=0.35 m, idx=6762)
[INFO] [1783603683.705] [/local_avoidance]: [local_avoidance] DEACTIVATED
[WARN] [1783603683.738] [/px4_ctrl_bridge]: [px4_bridge] avoidance released -> published /planning/replan
[WARN] [1783603683.755] [/local_avoidance]: [local_avoidance] ACTIVATED  (min_dist=0.35 m, idx=1819)
[INFO] [1783603683.807] [/local_avoidance]: [local_avoidance] DEACTIVATED
[WARN] [1783603683.838] [/px4_ctrl_bridge]: [px4_bridge] avoidance released -> published /planning/replan
[WARN] [1783603683.856] [/local_avoidance]: [local_avoidance] ACTIVATED  (min_dist=0.35 m, idx=8374)
[INFO] [1783603683.907] [/local_avoidance]: [local_avoidance] DEACTIVATED
[WARN] [1783603683.938] [/px4_ctrl_bridge]: [px4_bridge] avoidance released -> published /planning/replan
[WARN] [1783603683.956] [/local_avoidance]: [local_avoidance] ACTIVATED  (min_dist=0.35 m, idx=2950)
[INFO] [1783603684.005] [/local_avoidance]: [local_avoidance] DEACTIVATED
[WARN] [1783603684.039] [/px4_ctrl_bridge]: [px4_bridge] avoidance released -> published /planning/replan
[WARN] [1783603684.057] [/local_avoidance]: [local_avoidance] ACTIVATED  (min_dist=0.35 m, idx=2976)
[INFO] [1783603684.105] [/local_avoidance]: [local_avoidance] DEACTIVATED
[WARN] [1783603684.138] [/px4_ctrl_bridge]: [px4_bridge] avoidance released -> published /planning/replan
[WARN] [1783603684.158] [/local_avoidance]: [local_avoidance] ACTIVATED  (min_dist=0.35 m, idx=9141)
[WARN] [1783603684.188] [/px4_ctrl_bridge]: [px4_bridge] AVOIDANCE ACTIVE -> forwarding /target_avoidance
[INFO] [1783603684.205] [/local_avoidance]: [local_avoidance] DEACTIVATED
[WARN] [1783603684.238] [/px4_ctrl_bridge]: [px4_bridge] avoidance released -> published /planning/replan
[WARN] [1783603684.258] [/local_avoidance]: [local_avoidance] ACTIVATED  (min_dist=0.35 m, idx=9379)
[INFO] [1783603684.305] [/local_avoidance]: [local_avoidance] DEACTIVATED
[WARN] [1783603684.338] [/px4_ctrl_bridge]: [px4_bridge] avoidance released -> published /planning/replan
[WARN] [1783603684.356] [/local_avoidance]: [local_avoidance] ACTIVATED  (min_dist=0.35 m, idx=7744)
[INFO] [1783603684.409] [/local_avoidance]: [local_avoidance] DEACTIVATED
[WARN] [1783603684.438] [/px4_ctrl_bridge]: [px4_bridge] avoidance released -> published /planning/replan
[WARN] [1783603684.459] [/local_avoidance]: [local_avoidance] ACTIVATED  (min_dist=0.35 m, idx=4270)
[INFO] [1783603684.510] [/local_avoidance]: [local_avoidance] DEACTIVATED
[WARN] [1783603684.538] [/px4_ctrl_bridge]: [px4_bridge] avoidance released -> published /planning/replan
[WARN] [1783603684.556] [/local_avoidance]: [local_avoidance] ACTIVATED  (min_dist=0.35 m, idx=3521)
[INFO] [1783603684.606] [/local_avoidance]: [local_avoidance] DEACTIVATED
[WARN] [1783603684.639] [/px4_ctrl_bridge]: [px4_bridge] avoidance released -> published /planning/replan
[WARN] [1783603684.655] [/local_avoidance]: [local_avoidance] ACTIVATED  (min_dist=0.36 m, idx=9032)
[INFO] [1783603684.708] [/local_avoidance]: [local_avoidance] DEACTIVATED
[WARN] [1783603684.738] [/px4_ctrl_bridge]: [px4_bridge] avoidance released -> published /planning/replan
[WARN] [1783603684.756] [/local_avoidance]: [local_avoidance] ACTIVATED  (min_dist=0.35 m, idx=3985)
[INFO] [1783603684.807] [/local_avoidance]: [local_avoidance] avoiding...  min_dist=0.35 m
[INFO] [1783603684.822] [/exploration_node]: [EV] [1783603684.822][    +27.5s][WAIT_TRIGGER] BATT 23.5V | voltage=23.63V percent=48% (repeated x1)
[INFO] [1783603684.906] [/local_avoidance]: [local_avoidance] DEACTIVATED
[WARN] [1783603684.939] [/px4_ctrl_bridge]: [px4_bridge] avoidance released -> published /planning/replan
[WARN] [1783603684.958] [/local_avoidance]: [local_avoidance] ACTIVATED  (min_dist=0.35 m, idx=4429)
[INFO] [1783603685.105] [/local_avoidance]: [local_avoidance] DEACTIVATED
[WARN] [1783603685.138] [/px4_ctrl_bridge]: [px4_bridge] avoidance released -> published /planning/replan
[WARN] [1783603685.157] [/local_avoidance]: [local_avoidance] ACTIVATED  (min_dist=0.35 m, idx=5088)
[WARN] [1783603685.199] [/px4_ctrl_bridge]: [px4_bridge] AVOIDANCE ACTIVE -> forwarding /target_avoidance
[INFO] [1783603685.808] [/local_avoidance]: [local_avoidance] avoiding...  min_dist=0.35 m
[INFO] [1783603686.058] [/cloud_crop_bridge]: [CloudCrop] 2882 -> 543 pts (19%)
[WARN] [1783603686.208] [/px4_ctrl_bridge]: [px4_bridge] AVOIDANCE ACTIVE -> forwarding /target_avoidance
[INFO] [1783603686.820] [/exploration_node]: [EV] [1783603686.820][    +29.5s][WAIT_TRIGGER] BATT 23.5V | voltage=23.64V percent=48%
[INFO] [1783603686.857] [/local_avoidance]: [local_avoidance] avoiding...  min_dist=0.35 m
[WARN] [1783603687.218] [/px4_ctrl_bridge]: [px4_bridge] AVOIDANCE ACTIVE -> forwarding /target_avoidance
[INFO] [1783603687.656] [/local_avoidance]: [local_avoidance] DEACTIVATED
[WARN] [1783603687.688] [/px4_ctrl_bridge]: [px4_bridge] avoidance released -> published /planning/replan
[WARN] [1783603687.710] [/local_avoidance]: [local_avoidance] ACTIVATED  (min_dist=0.35 m, idx=6175)
[INFO] [1783603687.856] [/local_avoidance]: [local_avoidance] DEACTIVATED
[WARN] [1783603687.889] [/px4_ctrl_bridge]: [px4_bridge] avoidance released -> published /planning/replan
[WARN] [1783603687.905] [/local_avoidance]: [local_avoidance] ACTIVATED  (min_dist=0.36 m, idx=6523)
[INFO] [1783603687.955] [/local_avoidance]: [local_avoidance] DEACTIVATED
[WARN] [1783603687.988] [/px4_ctrl_bridge]: [px4_bridge] avoidance released -> published /planning/replan
[WARN] [1783603688.013] [/local_avoidance]: [local_avoidance] ACTIVATED  (min_dist=0.36 m, idx=514)
[INFO] [1783603688.056] [/local_avoidance]: [local_avoidance] DEACTIVATED
[WARN] [1783603688.088] [/px4_ctrl_bridge]: [px4_bridge] avoidance released -> published /planning/replan
[WARN] [1783603688.107] [/local_avoidance]: [local_avoidance] ACTIVATED  (min_dist=0.36 m, idx=6011)
[INFO] [1783603688.156] [/local_avoidance]: [local_avoidance] DEACTIVATED
[WARN] [1783603688.188] [/px4_ctrl_bridge]: [px4_bridge] avoidance released -> published /planning/replan
[WARN] [1783603688.210] [/local_avoidance]: [local_avoidance] ACTIVATED  (min_dist=0.35 m, idx=965)
[WARN] [1783603688.238] [/px4_ctrl_bridge]: [px4_bridge] AVOIDANCE ACTIVE -> forwarding /target_avoidance
[INFO] [1783603688.260] [/local_avoidance]: [local_avoidance] DEACTIVATED
[WARN] [1783603688.288] [/px4_ctrl_bridge]: [px4_bridge] avoidance released -> published /planning/replan
[WARN] [1783603688.307] [/local_avoidance]: [local_avoidance] ACTIVATED  (min_dist=0.35 m, idx=6450)
[WARN] [1783603688.336] [/exploration_node]: [EV] [1783603688.336][    +31.1s][WAIT_TRIGGER] Avoidance: Activated  <->  Deactivated | cycling x278 over 30.0s
[WARN] [1783603688.346] [/exploration_node]: wait for trigger.
[INFO] [1783603688.363] [/local_avoidance]: [local_avoidance] DEACTIVATED
[WARN] [1783603688.379] [/px4_ctrl_bridge]: [px4_bridge] avoidance released -> published /planning/replan
[WARN] [1783603688.405] [/local_avoidance]: [local_avoidance] ACTIVATED  (min_dist=0.35 m, idx=1421)
[INFO] [1783603688.455] [/local_avoidance]: [local_avoidance] DEACTIVATED
[WARN] [1783603688.488] [/px4_ctrl_bridge]: [px4_bridge] avoidance released -> published /planning/replan
[WARN] [1783603688.507] [/local_avoidance]: [local_avoidance] ACTIVATED  (min_dist=0.35 m, idx=2513)
[INFO] [1783603688.556] [/local_avoidance]: [local_avoidance] DEACTIVATED
[WARN] [1783603688.588] [/px4_ctrl_bridge]: [px4_bridge] avoidance released -> published /planning/replan
[WARN] [1783603688.607] [/local_avoidance]: [local_avoidance] ACTIVATED  (min_dist=0.35 m, idx=7589)
[INFO] [1783603688.656] [/local_avoidance]: [local_avoidance] DEACTIVATED
[WARN] [1783603688.688] [/px4_ctrl_bridge]: [px4_bridge] avoidance released -> published /planning/replan
[WARN] [1783603688.706] [/local_avoidance]: [local_avoidance] ACTIVATED  (min_dist=0.35 m, idx=7252)
[INFO] [1783603688.756] [/local_avoidance]: [local_avoidance] DEACTIVATED
[WARN] [1783603688.788] [/px4_ctrl_bridge]: [px4_bridge] avoidance released -> published /planning/replan
[WARN] [1783603688.807] [/local_avoidance]: [local_avoidance] ACTIVATED  (min_dist=0.35 m, idx=2424)
[INFO] [1783603688.819] [/exploration_node]: [EV] [1783603688.819][    +31.5s][WAIT_TRIGGER] BATT 23.5V | voltage=23.63V percent=48%
[INFO] [1783603688.856] [/local_avoidance]: [local_avoidance] DEACTIVATED
[WARN] [1783603688.888] [/px4_ctrl_bridge]: [px4_bridge] avoidance released -> published /planning/replan
[WARN] [1783603688.908] [/local_avoidance]: [local_avoidance] ACTIVATED  (min_dist=0.36 m, idx=3528)
[INFO] [1783603688.958] [/local_avoidance]: [local_avoidance] DEACTIVATED
[WARN] [1783603688.988] [/px4_ctrl_bridge]: [px4_bridge] avoidance released -> published /planning/replan
[WARN] [1783603689.008] [/local_avoidance]: [local_avoidance] ACTIVATED  (min_dist=0.35 m, idx=2756)
[INFO] [1783603689.056] [/local_avoidance]: [local_avoidance] DEACTIVATED
[WARN] [1783603689.088] [/px4_ctrl_bridge]: [px4_bridge] avoidance released -> published /planning/replan
[WARN] [1783603689.107] [/local_avoidance]: [local_avoidance] ACTIVATED  (min_dist=0.35 m, idx=8256)
[INFO] [1783603689.160] [/local_avoidance]: [local_avoidance] DEACTIVATED
[WARN] [1783603689.188] [/px4_ctrl_bridge]: [px4_bridge] avoidance released -> published /planning/replan
[WARN] [1783603689.206] [/local_avoidance]: [local_avoidance] ACTIVATED  (min_dist=0.35 m, idx=8957)
[WARN] [1783603689.249] [/px4_ctrl_bridge]: [px4_bridge] AVOIDANCE ACTIVE -> forwarding /target_avoidance
[INFO] [1783603689.255] [/local_avoidance]: [local_avoidance] DEACTIVATED
[WARN] [1783603689.288] [/px4_ctrl_bridge]: [px4_bridge] avoidance released -> published /planning/replan
[WARN] [1783603689.309] [/local_avoidance]: [local_avoidance] ACTIVATED  (min_dist=0.35 m, idx=3147)
[INFO] [1783603689.369] [/local_avoidance]: [local_avoidance] DEACTIVATED
[WARN] [1783603689.388] [/px4_ctrl_bridge]: [px4_bridge] avoidance released -> published /planning/replan
[WARN] [1783603689.405] [/local_avoidance]: [local_avoidance] ACTIVATED  (min_dist=0.35 m, idx=3568)
[INFO] [1783603689.456] [/local_avoidance]: [local_avoidance] avoiding...  min_dist=0.35 m
[INFO] [1783603689.583] [/local_avoidance]: [local_avoidance] DEACTIVATED
[WARN] [1783603689.606] [/local_avoidance]: [local_avoidance] ACTIVATED  (min_dist=0.35 m, idx=4200)
[WARN] [1783603689.608] [/px4_ctrl_bridge]: [px4_bridge] avoidance released -> published /planning/replan
[INFO] [1783603689.658] [/local_avoidance]: [local_avoidance] DEACTIVATED
[WARN] [1783603689.688] [/px4_ctrl_bridge]: [px4_bridge] avoidance released -> published /planning/replan
[WARN] [1783603689.706] [/local_avoidance]: [local_avoidance] ACTIVATED  (min_dist=0.35 m, idx=4138)
[INFO] [1783603689.756] [/local_avoidance]: [local_avoidance] DEACTIVATED
[WARN] [1783603689.790] [/px4_ctrl_bridge]: [px4_bridge] avoidance released -> published /planning/replan
[WARN] [1783603689.806] [/local_avoidance]: [local_avoidance] ACTIVATED  (min_dist=0.35 m, idx=4552)
[INFO] [1783603689.857] [/local_avoidance]: [local_avoidance] DEACTIVATED
[WARN] [1783603689.888] [/px4_ctrl_bridge]: [px4_bridge] avoidance released -> published /planning/replan
[WARN] [1783603689.907] [/local_avoidance]: [local_avoidance] ACTIVATED  (min_dist=0.35 m, idx=4117)
[INFO] [1783603689.957] [/local_avoidance]: [local_avoidance] DEACTIVATED
[WARN] [1783603689.988] [/px4_ctrl_bridge]: [px4_bridge] avoidance released -> published /planning/replan
[WARN] [1783603690.007] [/local_avoidance]: [local_avoidance] ACTIVATED  (min_dist=0.36 m, idx=5424)
[INFO] [1783603690.058] [/local_avoidance]: [local_avoidance] DEACTIVATED
[WARN] [1783603690.088] [/px4_ctrl_bridge]: [px4_bridge] avoidance released -> published /planning/replan
[WARN] [1783603690.107] [/local_avoidance]: [local_avoidance] ACTIVATED  (min_dist=0.35 m, idx=4565)
[INFO] [1783603690.259] [/local_avoidance]: [local_avoidance] DEACTIVATED
[WARN] [1783603690.260] [/px4_ctrl_bridge]: [px4_bridge] AVOIDANCE ACTIVE -> forwarding /target_avoidance
[WARN] [1783603690.288] [/px4_ctrl_bridge]: [px4_bridge] avoidance released -> published /planning/replan
[WARN] [1783603690.306] [/local_avoidance]: [local_avoidance] ACTIVATED  (min_dist=0.35 m, idx=5009)
[INFO] [1783603690.456] [/local_avoidance]: [local_avoidance] avoiding...  min_dist=0.35 m
[INFO] [1783603690.818] [/exploration_node]: [EV] [1783603690.818][    +33.5s][WAIT_TRIGGER] BATT 23.5V | voltage=23.64V percent=48%
[INFO] [1783603691.067] [/cloud_crop_bridge]: [CloudCrop] 3041 -> 571 pts (19%)
[INFO] [1783603691.162] [/mavros]: HP: requesting home position
[WARN] [1783603691.268] [/px4_ctrl_bridge]: [px4_bridge] AVOIDANCE ACTIVE -> forwarding /target_avoidance
[INFO] [1783603691.506] [/local_avoidance]: [local_avoidance] avoiding...  min_dist=0.35 m
[WARN] [1783603692.278] [/px4_ctrl_bridge]: [px4_bridge] AVOIDANCE ACTIVE -> forwarding /target_avoidance
[INFO] [1783603692.505] [/local_avoidance]: [local_avoidance] DEACTIVATED
[WARN] [1783603692.538] [/px4_ctrl_bridge]: [px4_bridge] avoidance released -> published /planning/replan
[WARN] [1783603692.557] [/local_avoidance]: [local_avoidance] ACTIVATED  (min_dist=0.35 m, idx=4936)
[INFO] [1783603692.607] [/local_avoidance]: [local_avoidance] avoiding...  min_dist=0.35 m
[INFO] [1783603692.806] [/local_avoidance]: [local_avoidance] DEACTIVATED
[INFO] [1783603692.817] [/exploration_node]: [EV] [1783603692.817][    +35.5s][WAIT_TRIGGER] BATT 23.5V | voltage=23.63V percent=48%
[WARN] [1783603692.838] [/px4_ctrl_bridge]: [px4_bridge] avoidance released -> published /planning/replan
[WARN] [1783603692.855] [/local_avoidance]: [local_avoidance] ACTIVATED  (min_dist=0.35 m, idx=6407)
[INFO] [1783603693.005] [/local_avoidance]: [local_avoidance] DEACTIVATED
[WARN] [1783603693.038] [/px4_ctrl_bridge]: [px4_bridge] avoidance released -> published /planning/replan
[WARN] [1783603693.055] [/local_avoidance]: [local_avoidance] ACTIVATED  (min_dist=0.35 m, idx=1080)
[INFO] [1783603693.111] [/local_avoidance]: [local_avoidance] DEACTIVATED
[WARN] [1783603693.139] [/px4_ctrl_bridge]: [px4_bridge] avoidance released -> published /planning/replan
[WARN] [1783603693.156] [/local_avoidance]: [local_avoidance] ACTIVATED  (min_dist=0.35 m, idx=450)
[INFO] [1783603693.206] [/local_avoidance]: [local_avoidance] DEACTIVATED
[WARN] [1783603693.238] [/px4_ctrl_bridge]: [px4_bridge] avoidance released -> published /planning/replan
[WARN] [1783603693.256] [/local_avoidance]: [local_avoidance] ACTIVATED  (min_dist=0.35 m, idx=7290)
[WARN] [1783603693.288] [/px4_ctrl_bridge]: [px4_bridge] AVOIDANCE ACTIVE -> forwarding /target_avoidance
[INFO] [1783603693.310] [/local_avoidance]: [local_avoidance] DEACTIVATED
[WARN] [1783603693.338] [/px4_ctrl_bridge]: [px4_bridge] avoidance released -> published /planning/replan
[WARN] [1783603693.348] [/exploration_node]: wait for trigger.
[WARN] [1783603693.357] [/local_avoidance]: [local_avoidance] ACTIVATED  (min_dist=0.35 m, idx=886)
[INFO] [1783603693.407] [/local_avoidance]: [local_avoidance] DEACTIVATED
[WARN] [1783603693.438] [/px4_ctrl_bridge]: [px4_bridge] avoidance released -> published /planning/replan
[WARN] [1783603693.458] [/local_avoidance]: [local_avoidance] ACTIVATED  (min_dist=0.36 m, idx=2168)
[INFO] [1783603693.506] [/local_avoidance]: [local_avoidance] DEACTIVATED
[WARN] [1783603693.538] [/px4_ctrl_bridge]: [px4_bridge] avoidance released -> published /planning/replan
[WARN] [1783603693.555] [/local_avoidance]: [local_avoidance] ACTIVATED  (min_dist=0.35 m, idx=6016)
[INFO] [1783603693.608] [/local_avoidance]: [local_avoidance] DEACTIVATED
[WARN] [1783603693.638] [/px4_ctrl_bridge]: [px4_bridge] avoidance released -> published /planning/replan
[WARN] [1783603693.661] [/local_avoidance]: [local_avoidance] ACTIVATED  (min_dist=0.35 m, idx=2664)
[INFO] [1783603693.706] [/local_avoidance]: [local_avoidance] DEACTIVATED
[WARN] [1783603693.738] [/px4_ctrl_bridge]: [px4_bridge] avoidance released -> published /planning/replan
[WARN] [1783603693.758] [/local_avoidance]: [local_avoidance] ACTIVATED  (min_dist=0.36 m, idx=7941)
[INFO] [1783603693.805] [/local_avoidance]: [local_avoidance] DEACTIVATED
[WARN] [1783603693.830] [/px4_ctrl_bridge]: [px4_bridge] avoidance released -> published /planning/replan
[WARN] [1783603693.861] [/local_avoidance]: [local_avoidance] ACTIVATED  (min_dist=0.35 m, idx=7462)
[INFO] [1783603693.913] [/local_avoidance]: [local_avoidance] DEACTIVATED
[WARN] [1783603693.939] [/px4_ctrl_bridge]: [px4_bridge] avoidance released -> published /planning/replan
[WARN] [1783603693.959] [/local_avoidance]: [local_avoidance] ACTIVATED  (min_dist=0.35 m, idx=2341)
[INFO] [1783603694.010] [/local_avoidance]: [local_avoidance] DEACTIVATED
[WARN] [1783603694.038] [/px4_ctrl_bridge]: [px4_bridge] avoidance released -> published /planning/replan
[WARN] [1783603694.055] [/local_avoidance]: [local_avoidance] ACTIVATED  (min_dist=0.37 m, idx=3162)
[INFO] [1783603694.105] [/local_avoidance]: [local_avoidance] DEACTIVATED
[WARN] [1783603694.138] [/px4_ctrl_bridge]: [px4_bridge] avoidance released -> published /planning/replan
[WARN] [1783603694.155] [/local_avoidance]: [local_avoidance] ACTIVATED  (min_dist=0.35 m, idx=8620)
[INFO] [1783603694.209] [/local_avoidance]: [local_avoidance] DEACTIVATED
[WARN] [1783603694.238] [/px4_ctrl_bridge]: [px4_bridge] avoidance released -> published /planning/replan
[WARN] [1783603694.260] [/local_avoidance]: [local_avoidance] ACTIVATED  (min_dist=0.35 m, idx=8368)
[WARN] [1783603694.290] [/px4_ctrl_bridge]: [px4_bridge] AVOIDANCE ACTIVE -> forwarding /target_avoidance
[INFO] [1783603694.319] [/local_avoidance]: [local_avoidance] DEACTIVATED
[WARN] [1783603694.338] [/px4_ctrl_bridge]: [px4_bridge] avoidance released -> published /planning/replan
[WARN] [1783603694.356] [/local_avoidance]: [local_avoidance] ACTIVATED  (min_dist=0.35 m, idx=9064)
[INFO] [1783603694.406] [/local_avoidance]: [local_avoidance] DEACTIVATED
[WARN] [1783603694.438] [/px4_ctrl_bridge]: [px4_bridge] avoidance released -> published /planning/replan
[WARN] [1783603694.457] [/local_avoidance]: [local_avoidance] ACTIVATED  (min_dist=0.35 m, idx=8832)
[INFO] [1783603694.510] [/local_avoidance]: [local_avoidance] DEACTIVATED
[WARN] [1783603694.539] [/px4_ctrl_bridge]: [px4_bridge] avoidance released -> published /planning/replan
[WARN] [1783603694.559] [/local_avoidance]: [local_avoidance] ACTIVATED  (min_dist=0.35 m, idx=3912)
[INFO] [1783603694.623] [/local_avoidance]: [local_avoidance] DEACTIVATED
[WARN] [1783603694.638] [/px4_ctrl_bridge]: [px4_bridge] avoidance released -> published /planning/replan
[WARN] [1783603694.656] [/local_avoidance]: [local_avoidance] ACTIVATED  (min_dist=0.35 m, idx=9380)
[INFO] [1783603694.708] [/local_avoidance]: [local_avoidance] DEACTIVATED
[WARN] [1783603694.738] [/px4_ctrl_bridge]: [px4_bridge] avoidance released -> published /planning/replan
[WARN] [1783603694.756] [/local_avoidance]: [local_avoidance] ACTIVATED  (min_dist=0.35 m, idx=10077)
[INFO] [1783603694.811] [/local_avoidance]: [local_avoidance] avoiding...  min_dist=0.35 m
[INFO] [1783603694.906] [/local_avoidance]: [local_avoidance] DEACTIVATED
[WARN] [1783603694.939] [/px4_ctrl_bridge]: [px4_bridge] avoidance released -> published /planning/replan
[WARN] [1783603694.956] [/local_avoidance]: [local_avoidance] ACTIVATED  (min_dist=0.35 m, idx=4680)
[WARN] [1783603695.298] [/px4_ctrl_bridge]: [px4_bridge] AVOIDANCE ACTIVE -> forwarding /target_avoidance
[INFO] [1783603695.857] [/local_avoidance]: [local_avoidance] avoiding...  min_dist=0.35 m
[INFO] [1783603696.106] [/cloud_crop_bridge]: [CloudCrop] 2902 -> 540 pts (19%)
[WARN] [1783603696.308] [/px4_ctrl_bridge]: [px4_bridge] AVOIDANCE ACTIVE -> forwarding /target_avoidance
[INFO] [1783603696.816] [/exploration_node]: [EV] [1783603696.816][    +39.5s][WAIT_TRIGGER] BATT 23.5V | voltage=23.64V percent=48% (repeated x1)
[INFO] [1783603696.908] [/local_avoidance]: [local_avoidance] avoiding...  min_dist=0.35 m
[WARN] [1783603697.311] [/px4_ctrl_bridge]: [px4_bridge] AVOIDANCE ACTIVE -> forwarding /target_avoidance
[INFO] [1783603697.656] [/local_avoidance]: [local_avoidance] DEACTIVATED
[WARN] [1783603697.693] [/px4_ctrl_bridge]: [px4_bridge] avoidance released -> published /planning/replan
[WARN] [1783603697.708] [/local_avoidance]: [local_avoidance] ACTIVATED  (min_dist=0.37 m, idx=395)
[INFO] [1783603697.756] [/local_avoidance]: [local_avoidance] DEACTIVATED
[WARN] [1783603697.788] [/px4_ctrl_bridge]: [px4_bridge] avoidance released -> published /planning/replan
[WARN] [1783603697.806] [/local_avoidance]: [local_avoidance] ACTIVATED  (min_dist=0.35 m, idx=333)
[INFO] [1783603697.855] [/local_avoidance]: [local_avoidance] DEACTIVATED
[WARN] [1783603697.891] [/px4_ctrl_bridge]: [px4_bridge] avoidance released -> published /planning/replan
[WARN] [1783603697.908] [/local_avoidance]: [local_avoidance] ACTIVATED  (min_dist=0.35 m, idx=5622)
[INFO] [1783603697.957] [/local_avoidance]: [local_avoidance] DEACTIVATED
[WARN] [1783603697.988] [/px4_ctrl_bridge]: [px4_bridge] avoidance released -> published /planning/replan
[WARN] [1783603698.006] [/local_avoidance]: [local_avoidance] ACTIVATED  (min_dist=0.35 m, idx=6408)
[INFO] [1783603698.057] [/local_avoidance]: [local_avoidance] DEACTIVATED
[WARN] [1783603698.089] [/px4_ctrl_bridge]: [px4_bridge] avoidance released -> published /planning/replan
[WARN] [1783603698.111] [/local_avoidance]: [local_avoidance] ACTIVATED  (min_dist=0.35 m, idx=6064)
[INFO] [1783603698.156] [/local_avoidance]: [local_avoidance] DEACTIVATED
[WARN] [1783603698.188] [/px4_ctrl_bridge]: [px4_bridge] avoidance released -> published /planning/replan
[WARN] [1783603698.206] [/local_avoidance]: [local_avoidance] ACTIVATED  (min_dist=0.35 m, idx=7178)
[INFO] [1783603698.256] [/local_avoidance]: [local_avoidance] DEACTIVATED
[WARN] [1783603698.289] [/px4_ctrl_bridge]: [px4_bridge] avoidance released -> published /planning/replan
[WARN] [1783603698.307] [/local_avoidance]: [local_avoidance] ACTIVATED  (min_dist=0.35 m, idx=571)
[WARN] [1783603698.338] [/px4_ctrl_bridge]: [px4_bridge] AVOIDANCE ACTIVE -> forwarding /target_avoidance
[WARN] [1783603698.357] [/exploration_node]: wait for trigger.
[INFO] [1783603698.357] [/local_avoidance]: [local_avoidance] DEACTIVATED
[WARN] [1783603698.388] [/px4_ctrl_bridge]: [px4_bridge] avoidance released -> published /planning/replan
[WARN] [1783603698.408] [/local_avoidance]: [local_avoidance] ACTIVATED  (min_dist=0.35 m, idx=7317)
[INFO] [1783603698.456] [/local_avoidance]: [local_avoidance] DEACTIVATED
[WARN] [1783603698.488] [/px4_ctrl_bridge]: [px4_bridge] avoidance released -> published /planning/replan
[WARN] [1783603698.508] [/local_avoidance]: [local_avoidance] ACTIVATED  (min_dist=0.35 m, idx=7072)
[INFO] [1783603698.555] [/local_avoidance]: [local_avoidance] DEACTIVATED
[WARN] [1783603698.588] [/px4_ctrl_bridge]: [px4_bridge] avoidance released -> published /planning/replan
[WARN] [1783603698.607] [/local_avoidance]: [local_avoidance] ACTIVATED  (min_dist=0.35 m, idx=7983)
[INFO] [1783603698.657] [/local_avoidance]: [local_avoidance] DEACTIVATED
[WARN] [1783603698.688] [/px4_ctrl_bridge]: [px4_bridge] avoidance released -> published /planning/replan
[WARN] [1783603698.707] [/local_avoidance]: [local_avoidance] ACTIVATED  (min_dist=0.35 m, idx=1679)
[INFO] [1783603698.758] [/local_avoidance]: [local_avoidance] DEACTIVATED
[WARN] [1783603698.788] [/px4_ctrl_bridge]: [px4_bridge] avoidance released -> published /planning/replan
[WARN] [1783603698.807] [/local_avoidance]: [local_avoidance] ACTIVATED  (min_dist=0.35 m, idx=2484)
[INFO] [1783603698.860] [/local_avoidance]: [local_avoidance] DEACTIVATED
[WARN] [1783603698.888] [/px4_ctrl_bridge]: [px4_bridge] avoidance released -> published /planning/replan
[WARN] [1783603698.906] [/local_avoidance]: [local_avoidance] ACTIVATED  (min_dist=0.35 m, idx=1914)
[INFO] [1783603698.956] [/local_avoidance]: [local_avoidance] DEACTIVATED
[WARN] [1783603698.988] [/px4_ctrl_bridge]: [px4_bridge] avoidance released -> published /planning/replan
[WARN] [1783603699.006] [/local_avoidance]: [local_avoidance] ACTIVATED  (min_dist=0.35 m, idx=8763)
[INFO] [1783603699.055] [/local_avoidance]: [local_avoidance] DEACTIVATED
[WARN] [1783603699.088] [/px4_ctrl_bridge]: [px4_bridge] avoidance released -> published /planning/replan
[WARN] [1783603699.109] [/local_avoidance]: [local_avoidance] ACTIVATED  (min_dist=0.35 m, idx=2574)
[INFO] [1783603699.158] [/local_avoidance]: [local_avoidance] DEACTIVATED
[WARN] [1783603699.188] [/px4_ctrl_bridge]: [px4_bridge] avoidance released -> published /planning/replan
[WARN] [1783603699.211] [/local_avoidance]: [local_avoidance] ACTIVATED  (min_dist=0.35 m, idx=9807)
[INFO] [1783603699.256] [/local_avoidance]: [local_avoidance] DEACTIVATED
[WARN] [1783603699.288] [/px4_ctrl_bridge]: [px4_bridge] avoidance released -> published /planning/replan
[WARN] [1783603699.306] [/local_avoidance]: [local_avoidance] ACTIVATED  (min_dist=0.35 m, idx=3221)
[WARN] [1783603699.348] [/px4_ctrl_bridge]: [px4_bridge] AVOIDANCE ACTIVE -> forwarding /target_avoidance
[INFO] [1783603699.357] [/local_avoidance]: [local_avoidance] DEACTIVATED
[WARN] [1783603699.390] [/px4_ctrl_bridge]: [px4_bridge] avoidance released -> published /planning/replan
[WARN] [1783603699.408] [/local_avoidance]: [local_avoidance] ACTIVATED  (min_dist=0.36 m, idx=3931)
[INFO] [1783603699.481] [/local_avoidance]: [local_avoidance] DEACTIVATED
[WARN] [1783603699.511] [/px4_ctrl_bridge]: [px4_bridge] avoidance released -> published /planning/replan
[WARN] [1783603699.508] [/local_avoidance]: [local_avoidance] ACTIVATED  (min_dist=0.35 m, idx=3481)
[INFO] [1783603699.563] [/local_avoidance]: [local_avoidance] DEACTIVATED
[WARN] [1783603699.579] [/px4_ctrl_bridge]: [px4_bridge] avoidance released -> published /planning/replan
[WARN] [1783603699.605] [/local_avoidance]: [local_avoidance] ACTIVATED  (min_dist=0.35 m, idx=8968)
[INFO] [1783603699.656] [/local_avoidance]: [local_avoidance] DEACTIVATED
[WARN] [1783603699.688] [/px4_ctrl_bridge]: [px4_bridge] avoidance released -> published /planning/replan
[WARN] [1783603699.707] [/local_avoidance]: [local_avoidance] ACTIVATED  (min_dist=0.35 m, idx=9652)
[INFO] [1783603699.763] [/local_avoidance]: [local_avoidance] DEACTIVATED
[WARN] [1783603699.788] [/px4_ctrl_bridge]: [px4_bridge] avoidance released -> published /planning/replan
[WARN] [1783603699.806] [/local_avoidance]: [local_avoidance] ACTIVATED  (min_dist=0.36 m, idx=4727)
[INFO] [1783603699.856] [/local_avoidance]: [local_avoidance] DEACTIVATED
[WARN] [1783603699.888] [/px4_ctrl_bridge]: [px4_bridge] avoidance released -> published /planning/replan
[WARN] [1783603699.907] [/local_avoidance]: [local_avoidance] ACTIVATED  (min_dist=0.35 m, idx=4373)
[INFO] [1783603699.958] [/local_avoidance]: [local_avoidance] avoiding...  min_dist=0.35 m
[INFO] [1783603700.055] [/local_avoidance]: [local_avoidance] DEACTIVATED
[WARN] [1783603700.088] [/px4_ctrl_bridge]: [px4_bridge] avoidance released -> published /planning/replan
[WARN] [1783603700.107] [/local_avoidance]: [local_avoidance] ACTIVATED  (min_dist=0.36 m, idx=9527)
[WARN] [1783603700.348] [/px4_ctrl_bridge]: [px4_bridge] AVOIDANCE ACTIVE -> forwarding /target_avoidance
[INFO] [1783603700.811] [/exploration_node]: [EV] [1783603700.811][    +43.5s][WAIT_TRIGGER] BATT 23.5V | voltage=23.63V percent=48% (repeated x1)
[INFO] [1783603701.006] [/local_avoidance]: [local_avoidance] avoiding...  min_dist=0.35 m
[INFO] [1783603701.156] [/cloud_crop_bridge]: [CloudCrop] 2910 -> 533 pts (18%)
[INFO] [1783603701.161] [/mavros]: HP: requesting home position
[WARN] [1783603701.358] [/px4_ctrl_bridge]: [px4_bridge] AVOIDANCE ACTIVE -> forwarding /target_avoidance
[INFO] [1783603702.023] [/local_avoidance]: [local_avoidance] avoiding...  min_dist=0.35 m
[WARN] [1783603702.362] [/px4_ctrl_bridge]: [px4_bridge] AVOIDANCE ACTIVE -> forwarding /target_avoidance
[INFO] [1783603702.606] [/local_avoidance]: [local_avoidance] DEACTIVATED
[WARN] [1783603702.638] [/px4_ctrl_bridge]: [px4_bridge] avoidance released -> published /planning/replan
[WARN] [1783603702.656] [/local_avoidance]: [local_avoidance] ACTIVATED  (min_dist=0.35 m, idx=6003)
[INFO] [1783603702.808] [/local_avoidance]: [local_avoidance] DEACTIVATED
[INFO] [1783603702.815] [/exploration_node]: [EV] [1783603702.815][    +45.5s][WAIT_TRIGGER] BATT 23.5V | voltage=23.64V percent=48%
[WARN] [1783603702.838] [/px4_ctrl_bridge]: [px4_bridge] avoidance released -> published /planning/replan
[WARN] [1783603702.857] [/local_avoidance]: [local_avoidance] ACTIVATED  (min_dist=0.35 m, idx=612)
[INFO] [1783603702.906] [/local_avoidance]: [local_avoidance] DEACTIVATED
[WARN] [1783603702.938] [/px4_ctrl_bridge]: [px4_bridge] avoidance released -> published /planning/replan
[WARN] [1783603702.956] [/local_avoidance]: [local_avoidance] ACTIVATED  (min_dist=0.35 m, idx=4975)
[INFO] [1783603703.008] [/local_avoidance]: [local_avoidance] DEACTIVATED
[WARN] [1783603703.038] [/px4_ctrl_bridge]: [px4_bridge] avoidance released -> published /planning/replan
[WARN] [1783603703.055] [/local_avoidance]: [local_avoidance] ACTIVATED  (min_dist=0.36 m, idx=1079)
[INFO] [1783603703.106] [/local_avoidance]: [local_avoidance] DEACTIVATED
[WARN] [1783603703.140] [/px4_ctrl_bridge]: [px4_bridge] avoidance released -> published /planning/replan
[WARN] [1783603703.159] [/local_avoidance]: [local_avoidance] ACTIVATED  (min_dist=0.35 m, idx=913)
[INFO] [1783603703.205] [/local_avoidance]: [local_avoidance] DEACTIVATED
[WARN] [1783603703.238] [/px4_ctrl_bridge]: [px4_bridge] avoidance released -> published /planning/replan
[WARN] [1783603703.255] [/local_avoidance]: [local_avoidance] ACTIVATED  (min_dist=0.35 m, idx=6282)
[INFO] [1783603703.308] [/local_avoidance]: [local_avoidance] DEACTIVATED
[WARN] [1783603703.338] [/px4_ctrl_bridge]: [px4_bridge] avoidance released -> published /planning/replan
[WARN] [1783603703.356] [/local_avoidance]: [local_avoidance] ACTIVATED  (min_dist=0.35 m, idx=1453)
[WARN] [1783603703.357] [/exploration_node]: wait for trigger.
[WARN] [1783603703.388] [/px4_ctrl_bridge]: [px4_bridge] AVOIDANCE ACTIVE -> forwarding /target_avoidance
[INFO] [1783603703.407] [/local_avoidance]: [local_avoidance] DEACTIVATED
[WARN] [1783603703.438] [/px4_ctrl_bridge]: [px4_bridge] avoidance released -> published /planning/replan
[WARN] [1783603703.458] [/local_avoidance]: [local_avoidance] ACTIVATED  (min_dist=0.35 m, idx=6846)
[INFO] [1783603703.512] [/local_avoidance]: [local_avoidance] DEACTIVATED
[WARN] [1783603703.538] [/px4_ctrl_bridge]: [px4_bridge] avoidance released -> published /planning/replan
[WARN] [1783603703.556] [/local_avoidance]: [local_avoidance] ACTIVATED  (min_dist=0.35 m, idx=1828)
[INFO] [1783603703.606] [/local_avoidance]: [local_avoidance] DEACTIVATED
[WARN] [1783603703.638] [/px4_ctrl_bridge]: [px4_bridge] avoidance released -> published /planning/replan
[WARN] [1783603703.655] [/local_avoidance]: [local_avoidance] ACTIVATED  (min_dist=0.35 m, idx=7204)
[INFO] [1783603703.707] [/local_avoidance]: [local_avoidance] DEACTIVATED
[WARN] [1783603703.738] [/px4_ctrl_bridge]: [px4_bridge] avoidance released -> published /planning/replan
[WARN] [1783603703.757] [/local_avoidance]: [local_avoidance] ACTIVATED  (min_dist=0.35 m, idx=7901)
[INFO] [1783603703.809] [/local_avoidance]: [local_avoidance] DEACTIVATED
[WARN] [1783603703.838] [/px4_ctrl_bridge]: [px4_bridge] avoidance released -> published /planning/replan
[WARN] [1783603703.857] [/local_avoidance]: [local_avoidance] ACTIVATED  (min_dist=0.35 m, idx=7940)
[INFO] [1783603703.907] [/local_avoidance]: [local_avoidance] DEACTIVATED
[WARN] [1783603703.939] [/px4_ctrl_bridge]: [px4_bridge] avoidance released -> published /planning/replan
[WARN] [1783603703.957] [/local_avoidance]: [local_avoidance] ACTIVATED  (min_dist=0.35 m, idx=2824)
[INFO] [1783603704.006] [/local_avoidance]: [local_avoidance] DEACTIVATED
[WARN] [1783603704.039] [/px4_ctrl_bridge]: [px4_bridge] avoidance released -> published /planning/replan
[WARN] [1783603704.057] [/local_avoidance]: [local_avoidance] ACTIVATED  (min_dist=0.35 m, idx=8096)
[INFO] [1783603704.111] [/local_avoidance]: [local_avoidance] DEACTIVATED
[WARN] [1783603704.138] [/px4_ctrl_bridge]: [px4_bridge] avoidance released -> published /planning/replan
[WARN] [1783603704.156] [/local_avoidance]: [local_avoidance] ACTIVATED  (min_dist=0.35 m, idx=9107)
[INFO] [1783603704.205] [/local_avoidance]: [local_avoidance] DEACTIVATED
[WARN] [1783603704.238] [/px4_ctrl_bridge]: [px4_bridge] avoidance released -> published /planning/replan
[WARN] [1783603704.256] [/local_avoidance]: [local_avoidance] ACTIVATED  (min_dist=0.35 m, idx=2703)
[INFO] [1783603704.308] [/local_avoidance]: [local_avoidance] DEACTIVATED
[WARN] [1783603704.338] [/px4_ctrl_bridge]: [px4_bridge] avoidance released -> published /planning/replan
[WARN] [1783603704.357] [/local_avoidance]: [local_avoidance] ACTIVATED  (min_dist=0.35 m, idx=3504)
[WARN] [1783603704.388] [/px4_ctrl_bridge]: [px4_bridge] AVOIDANCE ACTIVE -> forwarding /target_avoidance
[INFO] [1783603704.406] [/local_avoidance]: [local_avoidance] DEACTIVATED
[WARN] [1783603704.438] [/px4_ctrl_bridge]: [px4_bridge] avoidance released -> published /planning/replan
[WARN] [1783603704.456] [/local_avoidance]: [local_avoidance] ACTIVATED  (min_dist=0.35 m, idx=3258)
[INFO] [1783603704.506] [/local_avoidance]: [local_avoidance] DEACTIVATED
[WARN] [1783603704.538] [/px4_ctrl_bridge]: [px4_bridge] avoidance released -> published /planning/replan
[WARN] [1783603704.558] [/local_avoidance]: [local_avoidance] ACTIVATED  (min_dist=0.35 m, idx=4048)
[INFO] [1783603704.606] [/local_avoidance]: [local_avoidance] avoiding...  min_dist=0.35 m
[INFO] [1783603704.706] [/local_avoidance]: [local_avoidance] DEACTIVATED
[WARN] [1783603704.738] [/px4_ctrl_bridge]: [px4_bridge] avoidance released -> published /planning/replan
[WARN] [1783603704.755] [/local_avoidance]: [local_avoidance] ACTIVATED  (min_dist=0.36 m, idx=5300)
[INFO] [1783603704.814] [/exploration_node]: [EV] [1783603704.814][    +47.5s][WAIT_TRIGGER] BATT 23.5V | voltage=23.63V percent=48%
[INFO] [1783603704.906] [/local_avoidance]: [local_avoidance] DEACTIVATED
[WARN] [1783603704.938] [/px4_ctrl_bridge]: [px4_bridge] avoidance released -> published /planning/replan
[WARN] [1783603704.955] [/local_avoidance]: [local_avoidance] ACTIVATED  (min_dist=0.36 m, idx=5546)
[INFO] [1783603705.006] [/local_avoidance]: [local_avoidance] DEACTIVATED
[WARN] [1783603705.038] [/px4_ctrl_bridge]: [px4_bridge] avoidance released -> published /planning/replan
[WARN] [1783603705.056] [/local_avoidance]: [local_avoidance] ACTIVATED  (min_dist=0.35 m, idx=4609)
[INFO] [1783603705.206] [/local_avoidance]: [local_avoidance] DEACTIVATED
[WARN] [1783603705.238] [/px4_ctrl_bridge]: [px4_bridge] avoidance released -> published /planning/replan
[WARN] [1783603705.259] [/local_avoidance]: [local_avoidance] ACTIVATED  (min_dist=0.35 m, idx=5264)
[WARN] [1783603705.388] [/px4_ctrl_bridge]: [px4_bridge] AVOIDANCE ACTIVE -> forwarding /target_avoidance
[INFO] [1783603705.609] [/local_avoidance]: [local_avoidance] avoiding...  min_dist=0.35 m
[INFO] [1783603706.217] [/cloud_crop_bridge]: [CloudCrop] 2722 -> 570 pts (21%)
[WARN] [1783603706.399] [/px4_ctrl_bridge]: [px4_bridge] AVOIDANCE ACTIVE -> forwarding /target_avoidance
[INFO] [1783603706.657] [/local_avoidance]: [local_avoidance] avoiding...  min_dist=0.36 m
[WARN] [1783603707.408] [/px4_ctrl_bridge]: [px4_bridge] AVOIDANCE ACTIVE -> forwarding /target_avoidance
[INFO] [1783603707.456] [/local_avoidance]: [local_avoidance] DEACTIVATED
[WARN] [1783603707.488] [/px4_ctrl_bridge]: [px4_bridge] avoidance released -> published /planning/replan
[WARN] [1783603707.507] [/local_avoidance]: [local_avoidance] ACTIVATED  (min_dist=0.35 m, idx=4892)
[INFO] [1783603707.659] [/local_avoidance]: [local_avoidance] DEACTIVATED
[WARN] [1783603707.688] [/px4_ctrl_bridge]: [px4_bridge] avoidance released -> published /planning/replan
[WARN] [1783603707.705] [/local_avoidance]: [local_avoidance] ACTIVATED  (min_dist=0.35 m, idx=5540)
[INFO] [1783603707.759] [/local_avoidance]: [local_avoidance] DEACTIVATED
[WARN] [1783603707.788] [/px4_ctrl_bridge]: [px4_bridge] avoidance released -> published /planning/replan
[WARN] [1783603707.807] [/local_avoidance]: [local_avoidance] ACTIVATED  (min_dist=0.35 m, idx=6145)
[INFO] [1783603707.856] [/local_avoidance]: [local_avoidance] avoiding...  min_dist=0.35 m
[INFO] [1783603707.955] [/local_avoidance]: [local_avoidance] DEACTIVATED
[WARN] [1783603707.992] [/px4_ctrl_bridge]: [px4_bridge] avoidance released -> published /planning/replan
[WARN] [1783603708.006] [/local_avoidance]: [local_avoidance] ACTIVATED  (min_dist=0.35 m, idx=744)
[INFO] [1783603708.065] [/local_avoidance]: [local_avoidance] DEACTIVATED
[WARN] [1783603708.088] [/px4_ctrl_bridge]: [px4_bridge] avoidance released -> published /planning/replan
[WARN] [1783603708.106] [/local_avoidance]: [local_avoidance] ACTIVATED  (min_dist=0.35 m, idx=471)
[INFO] [1783603708.158] [/local_avoidance]: [local_avoidance] DEACTIVATED
[WARN] [1783603708.191] [/px4_ctrl_bridge]: [px4_bridge] avoidance released -> published /planning/replan
[WARN] [1783603708.206] [/local_avoidance]: [local_avoidance] ACTIVATED  (min_dist=0.35 m, idx=1300)
[INFO] [1783603708.256] [/local_avoidance]: [local_avoidance] DEACTIVATED
[WARN] [1783603708.288] [/px4_ctrl_bridge]: [px4_bridge] avoidance released -> published /planning/replan
[WARN] [1783603708.309] [/local_avoidance]: [local_avoidance] ACTIVATED  (min_dist=0.35 m, idx=1042)
[INFO] [1783603708.356] [/local_avoidance]: [local_avoidance] DEACTIVATED
[WARN] [1783603708.358] [/exploration_node]: wait for trigger.
[WARN] [1783603708.388] [/px4_ctrl_bridge]: [px4_bridge] avoidance released -> published /planning/replan
[WARN] [1783603708.408] [/local_avoidance]: [local_avoidance] ACTIVATED  (min_dist=0.35 m, idx=7587)
[WARN] [1783603708.438] [/px4_ctrl_bridge]: [px4_bridge] AVOIDANCE ACTIVE -> forwarding /target_avoidance
[INFO] [1783603708.455] [/local_avoidance]: [local_avoidance] DEACTIVATED
[WARN] [1783603708.488] [/px4_ctrl_bridge]: [px4_bridge] avoidance released -> published /planning/replan
[WARN] [1783603708.506] [/local_avoidance]: [local_avoidance] ACTIVATED  (min_dist=0.35 m, idx=6007)
[INFO] [1783603708.555] [/local_avoidance]: [local_avoidance] DEACTIVATED
[WARN] [1783603708.589] [/px4_ctrl_bridge]: [px4_bridge] avoidance released -> published /planning/replan
[WARN] [1783603708.609] [/local_avoidance]: [local_avoidance] ACTIVATED  (min_dist=0.36 m, idx=2512)
[INFO] [1783603708.658] [/local_avoidance]: [local_avoidance] DEACTIVATED
[WARN] [1783603708.688] [/px4_ctrl_bridge]: [px4_bridge] avoidance released -> published /planning/replan
[WARN] [1783603708.706] [/local_avoidance]: [local_avoidance] ACTIVATED  (min_dist=0.35 m, idx=2137)
[INFO] [1783603708.759] [/local_avoidance]: [local_avoidance] DEACTIVATED
[WARN] [1783603708.788] [/px4_ctrl_bridge]: [px4_bridge] avoidance released -> published /planning/replan
[WARN] [1783603708.809] [/local_avoidance]: [local_avoidance] ACTIVATED  (min_dist=0.36 m, idx=2945)
[INFO] [1783603708.810] [/exploration_node]: [EV] [1783603708.810][    +51.5s][WAIT_TRIGGER] BATT 23.5V | voltage=23.64V percent=48% (repeated x1)
[INFO] [1783603708.856] [/local_avoidance]: [local_avoidance] DEACTIVATED
[WARN] [1783603708.888] [/px4_ctrl_bridge]: [px4_bridge] avoidance released -> published /planning/replan
[WARN] [1783603708.907] [/local_avoidance]: [local_avoidance] ACTIVATED  (min_dist=0.35 m, idx=8032)
[INFO] [1783603708.956] [/local_avoidance]: [local_avoidance] DEACTIVATED
[WARN] [1783603708.988] [/px4_ctrl_bridge]: [px4_bridge] avoidance released -> published /planning/replan
[WARN] [1783603709.006] [/local_avoidance]: [local_avoidance] ACTIVATED  (min_dist=0.36 m, idx=7892)
[INFO] [1783603709.055] [/local_avoidance]: [local_avoidance] DEACTIVATED
[WARN] [1783603709.088] [/px4_ctrl_bridge]: [px4_bridge] avoidance released -> published /planning/replan
[WARN] [1783603709.107] [/local_avoidance]: [local_avoidance] ACTIVATED  (min_dist=0.35 m, idx=2749)
[INFO] [1783603709.156] [/local_avoidance]: [local_avoidance] DEACTIVATED
[WARN] [1783603709.188] [/px4_ctrl_bridge]: [px4_bridge] avoidance released -> published /planning/replan
[WARN] [1783603709.210] [/local_avoidance]: [local_avoidance] ACTIVATED  (min_dist=0.36 m, idx=8381)
[INFO] [1783603709.262] [/local_avoidance]: [local_avoidance] DEACTIVATED
[WARN] [1783603709.288] [/px4_ctrl_bridge]: [px4_bridge] avoidance released -> published /planning/replan
[WARN] [1783603709.330] [/local_avoidance]: [local_avoidance] ACTIVATED  (min_dist=0.35 m, idx=8925)
[INFO] [1783603709.356] [/local_avoidance]: [local_avoidance] DEACTIVATED
[WARN] [1783603709.388] [/px4_ctrl_bridge]: [px4_bridge] avoidance released -> published /planning/replan
[WARN] [1783603709.406] [/local_avoidance]: [local_avoidance] ACTIVATED  (min_dist=0.36 m, idx=8684)
[WARN] [1783603709.439] [/px4_ctrl_bridge]: [px4_bridge] AVOIDANCE ACTIVE -> forwarding /target_avoidance
[INFO] [1783603709.456] [/local_avoidance]: [local_avoidance] DEACTIVATED
[WARN] [1783603709.488] [/px4_ctrl_bridge]: [px4_bridge] avoidance released -> published /planning/replan
[WARN] [1783603709.506] [/local_avoidance]: [local_avoidance] ACTIVATED  (min_dist=0.35 m, idx=3900)
[INFO] [1783603709.555] [/local_avoidance]: [local_avoidance] DEACTIVATED
[WARN] [1783603709.588] [/px4_ctrl_bridge]: [px4_bridge] avoidance released -> published /planning/replan
[WARN] [1783603709.605] [/local_avoidance]: [local_avoidance] ACTIVATED  (min_dist=0.35 m, idx=3091)
[INFO] [1783603709.656] [/local_avoidance]: [local_avoidance] DEACTIVATED
[WARN] [1783603709.691] [/px4_ctrl_bridge]: [px4_bridge] avoidance released -> published /planning/replan
[WARN] [1783603709.709] [/local_avoidance]: [local_avoidance] ACTIVATED  (min_dist=0.35 m, idx=4184)
[INFO] [1783603709.757] [/local_avoidance]: [local_avoidance] DEACTIVATED
[WARN] [1783603709.788] [/px4_ctrl_bridge]: [px4_bridge] avoidance released -> published /planning/replan
[WARN] [1783603709.809] [/local_avoidance]: [local_avoidance] ACTIVATED  (min_dist=0.35 m, idx=3831)
[INFO] [1783603709.858] [/local_avoidance]: [local_avoidance] DEACTIVATED
[WARN] [1783603709.888] [/px4_ctrl_bridge]: [px4_bridge] avoidance released -> published /planning/replan
[WARN] [1783603709.906] [/local_avoidance]: [local_avoidance] ACTIVATED  (min_dist=0.35 m, idx=8803)
[INFO] [1783603709.956] [/local_avoidance]: [local_avoidance] avoiding...  min_dist=0.35 m
[INFO] [1783603710.058] [/local_avoidance]: [local_avoidance] DEACTIVATED
[WARN] [1783603710.088] [/px4_ctrl_bridge]: [px4_bridge] avoidance released -> published /planning/replan
[WARN] [1783603710.108] [/local_avoidance]: [local_avoidance] ACTIVATED  (min_dist=0.35 m, idx=4980)
[WARN] [1783603710.448] [/px4_ctrl_bridge]: [px4_bridge] AVOIDANCE ACTIVE -> forwarding /target_avoidance
[INFO] [1783603710.811] [/exploration_node]: [EV] [1783603710.811][    +53.5s][WAIT_TRIGGER] BATT 23.5V | voltage=23.63V percent=48%
[INFO] [1783603710.959] [/local_avoidance]: [local_avoidance] avoiding...  min_dist=0.36 m
[INFO] [1783603711.168] [/mavros]: HP: requesting home position
[INFO] [1783603711.221] [/cloud_crop_bridge]: [CloudCrop] 2962 -> 552 pts (19%)
[WARN] [1783603711.458] [/px4_ctrl_bridge]: [px4_bridge] AVOIDANCE ACTIVE -> forwarding /target_avoidance
[INFO] [1783603712.006] [/local_avoidance]: [local_avoidance] avoiding...  min_dist=0.35 m
[INFO] [1783603712.205] [/local_avoidance]: [local_avoidance] DEACTIVATED
[WARN] [1783603712.238] [/px4_ctrl_bridge]: [px4_bridge] avoidance released -> published /planning/replan
[WARN] [1783603712.257] [/local_avoidance]: [local_avoidance] ACTIVATED  (min_dist=0.35 m, idx=5951)
[INFO] [1783603712.409] [/local_avoidance]: [local_avoidance] DEACTIVATED
[WARN] [1783603712.438] [/px4_ctrl_bridge]: [px4_bridge] avoidance released -> published /planning/replan
[WARN] [1783603712.459] [/local_avoidance]: [local_avoidance] ACTIVATED  (min_dist=0.36 m, idx=98)
[WARN] [1783603712.488] [/px4_ctrl_bridge]: [px4_bridge] AVOIDANCE ACTIVE -> forwarding /target_avoidance
[INFO] [1783603712.606] [/local_avoidance]: [local_avoidance] DEACTIVATED
[WARN] [1783603712.638] [/px4_ctrl_bridge]: [px4_bridge] avoidance released -> published /planning/replan
[WARN] [1783603712.656] [/local_avoidance]: [local_avoidance] ACTIVATED  (min_dist=0.36 m, idx=5118)
[INFO] [1783603712.807] [/local_avoidance]: [local_avoidance] DEACTIVATED
[WARN] [1783603712.838] [/px4_ctrl_bridge]: [px4_bridge] avoidance released -> published /planning/replan
[WARN] [1783603712.856] [/local_avoidance]: [local_avoidance] ACTIVATED  (min_dist=0.36 m, idx=5566)
[INFO] [1783603712.906] [/local_avoidance]: [local_avoidance] DEACTIVATED
[WARN] [1783603712.938] [/px4_ctrl_bridge]: [px4_bridge] avoidance released -> published /planning/replan
[WARN] [1783603712.955] [/local_avoidance]: [local_avoidance] ACTIVATED  (min_dist=0.35 m, idx=441)
[INFO] [1783603713.006] [/local_avoidance]: [local_avoidance] DEACTIVATED
[WARN] [1783603713.038] [/px4_ctrl_bridge]: [px4_bridge] avoidance released -> published /planning/replan
[WARN] [1783603713.056] [/local_avoidance]: [local_avoidance] ACTIVATED  (min_dist=0.35 m, idx=6008)
[INFO] [1783603713.105] [/local_avoidance]: [local_avoidance] DEACTIVATED
[WARN] [1783603713.129] [/px4_ctrl_bridge]: [px4_bridge] avoidance released -> published /planning/replan
[WARN] [1783603713.156] [/local_avoidance]: [local_avoidance] ACTIVATED  (min_dist=0.35 m, idx=6800)
[INFO] [1783603713.208] [/local_avoidance]: [local_avoidance] DEACTIVATED
[WARN] [1783603713.238] [/px4_ctrl_bridge]: [px4_bridge] avoidance released -> published /planning/replan
[WARN] [1783603713.255] [/local_avoidance]: [local_avoidance] ACTIVATED  (min_dist=0.35 m, idx=6456)
[INFO] [1783603713.307] [/local_avoidance]: [local_avoidance] DEACTIVATED
[WARN] [1783603713.338] [/px4_ctrl_bridge]: [px4_bridge] avoidance released -> published /planning/replan
[WARN] [1783603713.355] [/local_avoidance]: [local_avoidance] ACTIVATED  (min_dist=0.35 m, idx=7257)
[WARN] [1783603713.366] [/exploration_node]: wait for trigger.
[INFO] [1783603713.409] [/local_avoidance]: [local_avoidance] DEACTIVATED
[WARN] [1783603713.438] [/px4_ctrl_bridge]: [px4_bridge] avoidance released -> published /planning/replan
[WARN] [1783603713.462] [/local_avoidance]: [local_avoidance] ACTIVATED  (min_dist=0.35 m, idx=1075)
[WARN] [1783603713.488] [/px4_ctrl_bridge]: [px4_bridge] AVOIDANCE ACTIVE -> forwarding /target_avoidance
[INFO] [1783603713.513] [/local_avoidance]: [local_avoidance] DEACTIVATED
[WARN] [1783603713.538] [/px4_ctrl_bridge]: [px4_bridge] avoidance released -> published /planning/replan
[WARN] [1783603713.558] [/local_avoidance]: [local_avoidance] ACTIVATED  (min_dist=0.35 m, idx=1968)
[INFO] [1783603713.608] [/local_avoidance]: [local_avoidance] DEACTIVATED
[WARN] [1783603713.639] [/px4_ctrl_bridge]: [px4_bridge] avoidance released -> published /planning/replan
[WARN] [1783603713.655] [/local_avoidance]: [local_avoidance] ACTIVATED  (min_dist=0.35 m, idx=1323)
[INFO] [1783603713.705] [/local_avoidance]: [local_avoidance] DEACTIVATED
[WARN] [1783603713.738] [/px4_ctrl_bridge]: [px4_bridge] avoidance released -> published /planning/replan
[WARN] [1783603713.756] [/local_avoidance]: [local_avoidance] ACTIVATED  (min_dist=0.35 m, idx=8258)
[INFO] [1783603713.807] [/local_avoidance]: [local_avoidance] DEACTIVATED
[WARN] [1783603713.838] [/px4_ctrl_bridge]: [px4_bridge] avoidance released -> published /planning/replan
[WARN] [1783603713.855] [/local_avoidance]: [local_avoidance] ACTIVATED  (min_dist=0.35 m, idx=2070)
[INFO] [1783603713.906] [/local_avoidance]: [local_avoidance] DEACTIVATED
[WARN] [1783603713.938] [/px4_ctrl_bridge]: [px4_bridge] avoidance released -> published /planning/replan
[WARN] [1783603713.956] [/local_avoidance]: [local_avoidance] ACTIVATED  (min_dist=0.35 m, idx=9007)
[INFO] [1783603714.006] [/local_avoidance]: [local_avoidance] DEACTIVATED
[WARN] [1783603714.038] [/px4_ctrl_bridge]: [px4_bridge] avoidance released -> published /planning/replan
[WARN] [1783603714.056] [/local_avoidance]: [local_avoidance] ACTIVATED  (min_dist=0.35 m, idx=7039)
[INFO] [1783603714.106] [/local_avoidance]: [local_avoidance] DEACTIVATED
[WARN] [1783603714.138] [/px4_ctrl_bridge]: [px4_bridge] avoidance released -> published /planning/replan
[WARN] [1783603714.156] [/local_avoidance]: [local_avoidance] ACTIVATED  (min_dist=0.35 m, idx=3518)
[INFO] [1783603714.206] [/local_avoidance]: [local_avoidance] DEACTIVATED
[WARN] [1783603714.239] [/px4_ctrl_bridge]: [px4_bridge] avoidance released -> published /planning/replan
[WARN] [1783603714.255] [/local_avoidance]: [local_avoidance] ACTIVATED  (min_dist=0.35 m, idx=8917)
[INFO] [1783603714.307] [/local_avoidance]: [local_avoidance] DEACTIVATED
[WARN] [1783603714.338] [/px4_ctrl_bridge]: [px4_bridge] avoidance released -> published /planning/replan
[WARN] [1783603714.356] [/local_avoidance]: [local_avoidance] ACTIVATED  (min_dist=0.35 m, idx=4066)
[INFO] [1783603714.406] [/local_avoidance]: [local_avoidance] DEACTIVATED
[WARN] [1783603714.438] [/px4_ctrl_bridge]: [px4_bridge] avoidance released -> published /planning/replan
[WARN] [1783603714.456] [/local_avoidance]: [local_avoidance] ACTIVATED  (min_dist=0.35 m, idx=3314)
[WARN] [1783603714.488] [/px4_ctrl_bridge]: [px4_bridge] AVOIDANCE ACTIVE -> forwarding /target_avoidance
[INFO] [1783603714.506] [/local_avoidance]: [local_avoidance] DEACTIVATED
[WARN] [1783603714.538] [/px4_ctrl_bridge]: [px4_bridge] avoidance released -> published /planning/replan
[WARN] [1783603714.556] [/local_avoidance]: [local_avoidance] ACTIVATED  (min_dist=0.35 m, idx=4521)
[INFO] [1783603714.611] [/local_avoidance]: [local_avoidance] DEACTIVATED
[WARN] [1783603714.638] [/px4_ctrl_bridge]: [px4_bridge] avoidance released -> published /planning/replan
[WARN] [1783603714.655] [/local_avoidance]: [local_avoidance] ACTIVATED  (min_dist=0.35 m, idx=3877)
[INFO] [1783603714.705] [/local_avoidance]: [local_avoidance] avoiding...  min_dist=0.35 m
[INFO] [1783603714.805] [/local_avoidance]: [local_avoidance] DEACTIVATED
[INFO] [1783603714.815] [/exploration_node]: [EV] [1783603714.814][    +57.5s][WAIT_TRIGGER] BATT 23.5V | voltage=23.64V percent=48% (repeated x1)
[WARN] [1783603714.838] [/px4_ctrl_bridge]: [px4_bridge] avoidance released -> published /planning/replan
[WARN] [1783603714.856] [/local_avoidance]: [local_avoidance] ACTIVATED  (min_dist=0.35 m, idx=10140)
[INFO] [1783603715.011] [/local_avoidance]: [local_avoidance] DEACTIVATED
[WARN] [1783603715.038] [/px4_ctrl_bridge]: [px4_bridge] avoidance released -> published /planning/replan
[WARN] [1783603715.060] [/local_avoidance]: [local_avoidance] ACTIVATED  (min_dist=0.35 m, idx=4984)
[WARN] [1783603715.488] [/px4_ctrl_bridge]: [px4_bridge] AVOIDANCE ACTIVE -> forwarding /target_avoidance
[INFO] [1783603715.706] [/local_avoidance]: [local_avoidance] avoiding...  min_dist=0.35 m
[INFO] [1783603716.224] [/cloud_crop_bridge]: [CloudCrop] 2903 -> 562 pts (19%)
[WARN] [1783603716.498] [/px4_ctrl_bridge]: [px4_bridge] AVOIDANCE ACTIVE -> forwarding /target_avoidance
[INFO] [1783603716.712] [/local_avoidance]: [local_avoidance] avoiding...  min_dist=0.36 m
[INFO] [1783603716.807] [/exploration_node]: [EV] [1783603716.807][    +59.5s][WAIT_TRIGGER] BATT 23.5V | voltage=23.63V percent=48%
[INFO] [1783603717.367] [/local_avoidance]: [local_avoidance] DEACTIVATED
[WARN] [1783603717.388] [/px4_ctrl_bridge]: [px4_bridge] avoidance released -> published /planning/replan
[WARN] [1783603717.413] [/local_avoidance]: [local_avoidance] ACTIVATED  (min_dist=0.35 m, idx=6086)
[WARN] [1783603717.498] [/px4_ctrl_bridge]: [px4_bridge] AVOIDANCE ACTIVE -> forwarding /target_avoidance
[INFO] [1783603717.755] [/local_avoidance]: [local_avoidance] DEACTIVATED
[WARN] [1783603717.788] [/px4_ctrl_bridge]: [px4_bridge] avoidance released -> published /planning/replan
[WARN] [1783603717.806] [/local_avoidance]: [local_avoidance] ACTIVATED  (min_dist=0.35 m, idx=460)
[INFO] [1783603717.860] [/local_avoidance]: [local_avoidance] DEACTIVATED
[WARN] [1783603717.888] [/px4_ctrl_bridge]: [px4_bridge] avoidance released -> published /planning/replan
[WARN] [1783603717.914] [/local_avoidance]: [local_avoidance] ACTIVATED  (min_dist=0.35 m, idx=114)
[INFO] [1783603717.955] [/local_avoidance]: [local_avoidance] DEACTIVATED
[WARN] [1783603717.989] [/px4_ctrl_bridge]: [px4_bridge] avoidance released -> published /planning/replan
[WARN] [1783603718.005] [/local_avoidance]: [local_avoidance] ACTIVATED  (min_dist=0.36 m, idx=1332)
[INFO] [1783603718.060] [/local_avoidance]: [local_avoidance] DEACTIVATED
[WARN] [1783603718.088] [/px4_ctrl_bridge]: [px4_bridge] avoidance released -> published /planning/replan
[WARN] [1783603718.105] [/local_avoidance]: [local_avoidance] ACTIVATED  (min_dist=0.35 m, idx=562)
[INFO] [1783603718.155] [/local_avoidance]: [local_avoidance] DEACTIVATED
[WARN] [1783603718.188] [/px4_ctrl_bridge]: [px4_bridge] avoidance released -> published /planning/replan
[WARN] [1783603718.215] [/local_avoidance]: [local_avoidance] ACTIVATED  (min_dist=0.37 m, idx=1375)
[INFO] [1783603718.257] [/local_avoidance]: [local_avoidance] DEACTIVATED
[WARN] [1783603718.288] [/px4_ctrl_bridge]: [px4_bridge] avoidance released -> published /planning/replan
[WARN] [1783603718.306] [/local_avoidance]: [local_avoidance] ACTIVATED  (min_dist=0.35 m, idx=1025)
[INFO] [1783603718.356] [/local_avoidance]: [local_avoidance] DEACTIVATED
[WARN] [1783603718.370] [/exploration_node]: wait for trigger.
[INFO] [1783603718.386] [/exploration_node]: [EV] [1783603718.386][    +61.1s][WAIT_TRIGGER] Avoidance: Deactivated  <->  Activated | cycling x561 over 60.1s
[WARN] [1783603718.388] [/px4_ctrl_bridge]: [px4_bridge] avoidance released -> published /planning/replan
[WARN] [1783603718.405] [/local_avoidance]: [local_avoidance] ACTIVATED  (min_dist=0.36 m, idx=6616)
[INFO] [1783603718.456] [/local_avoidance]: [local_avoidance] DEACTIVATED
[WARN] [1783603718.488] [/px4_ctrl_bridge]: [px4_bridge] avoidance released -> published /planning/replan
[WARN] [1783603718.509] [/local_avoidance]: [local_avoidance] ACTIVATED  (min_dist=0.35 m, idx=7284)
[WARN] [1783603718.538] [/px4_ctrl_bridge]: [px4_bridge] AVOIDANCE ACTIVE -> forwarding /target_avoidance
[INFO] [1783603718.557] [/local_avoidance]: [local_avoidance] DEACTIVATED
[WARN] [1783603718.588] [/px4_ctrl_bridge]: [px4_bridge] avoidance released -> published /planning/replan
[WARN] [1783603718.607] [/local_avoidance]: [local_avoidance] ACTIVATED  (min_dist=0.35 m, idx=7040)
[INFO] [1783603718.656] [/local_avoidance]: [local_avoidance] DEACTIVATED
[WARN] [1783603718.688] [/px4_ctrl_bridge]: [px4_bridge] avoidance released -> published /planning/replan
[WARN] [1783603718.705] [/local_avoidance]: [local_avoidance] ACTIVATED  (min_dist=0.35 m, idx=7845)
[INFO] [1783603718.756] [/local_avoidance]: [local_avoidance] DEACTIVATED
[WARN] [1783603718.788] [/px4_ctrl_bridge]: [px4_bridge] avoidance released -> published /planning/replan
[INFO] [1783603718.804] [/exploration_node]: [EV] [1783603718.804][    +61.5s][WAIT_TRIGGER] BATT 23.5V | voltage=23.64V percent=48%
[WARN] [1783603718.807] [/local_avoidance]: [local_avoidance] ACTIVATED  (min_dist=0.35 m, idx=7492)
[INFO] [1783603718.855] [/local_avoidance]: [local_avoidance] DEACTIVATED
[WARN] [1783603718.888] [/px4_ctrl_bridge]: [px4_bridge] avoidance released -> published /planning/replan
[WARN] [1783603718.906] [/local_avoidance]: [local_avoidance] ACTIVATED  (min_dist=0.35 m, idx=8197)
[INFO] [1783603718.956] [/local_avoidance]: [local_avoidance] DEACTIVATED
[WARN] [1783603718.979] [/px4_ctrl_bridge]: [px4_bridge] avoidance released -> published /planning/replan
[WARN] [1783603719.007] [/local_avoidance]: [local_avoidance] ACTIVATED  (min_dist=0.35 m, idx=2391)
[INFO] [1783603719.080] [/local_avoidance]: [local_avoidance] DEACTIVATED
[WARN] [1783603719.108] [/px4_ctrl_bridge]: [px4_bridge] avoidance released -> published /planning/replan
[WARN] [1783603719.111] [/local_avoidance]: [local_avoidance] ACTIVATED  (min_dist=0.35 m, idx=8745)
[INFO] [1783603719.156] [/local_avoidance]: [local_avoidance] DEACTIVATED
[WARN] [1783603719.188] [/px4_ctrl_bridge]: [px4_bridge] avoidance released -> published /planning/replan
[WARN] [1783603719.206] [/local_avoidance]: [local_avoidance] ACTIVATED  (min_dist=0.35 m, idx=2535)
[INFO] [1783603719.255] [/local_avoidance]: [local_avoidance] DEACTIVATED
[WARN] [1783603719.288] [/px4_ctrl_bridge]: [px4_bridge] avoidance released -> published /planning/replan
[WARN] [1783603719.306] [/local_avoidance]: [local_avoidance] ACTIVATED  (min_dist=0.35 m, idx=9302)
[INFO] [1783603719.357] [/local_avoidance]: [local_avoidance] DEACTIVATED
[WARN] [1783603719.388] [/px4_ctrl_bridge]: [px4_bridge] avoidance released -> published /planning/replan
[WARN] [1783603719.406] [/local_avoidance]: [local_avoidance] ACTIVATED  (min_dist=0.35 m, idx=2906)
[INFO] [1783603719.456] [/local_avoidance]: [local_avoidance] DEACTIVATED
[WARN] [1783603719.491] [/px4_ctrl_bridge]: [px4_bridge] avoidance released -> published /planning/replan
[WARN] [1783603719.509] [/local_avoidance]: [local_avoidance] ACTIVATED  (min_dist=0.35 m, idx=9747)
[WARN] [1783603719.548] [/px4_ctrl_bridge]: [px4_bridge] AVOIDANCE ACTIVE -> forwarding /target_avoidance
[INFO] [1783603719.559] [/local_avoidance]: [local_avoidance] DEACTIVATED
[WARN] [1783603719.588] [/px4_ctrl_bridge]: [px4_bridge] avoidance released -> published /planning/replan
[WARN] [1783603719.609] [/local_avoidance]: [local_avoidance] ACTIVATED  (min_dist=0.35 m, idx=3342)
[INFO] [1783603719.660] [/local_avoidance]: [local_avoidance] DEACTIVATED
[WARN] [1783603719.688] [/px4_ctrl_bridge]: [px4_bridge] avoidance released -> published /planning/replan
[WARN] [1783603719.708] [/local_avoidance]: [local_avoidance] ACTIVATED  (min_dist=0.36 m, idx=5392)
[INFO] [1783603719.758] [/local_avoidance]: [local_avoidance] avoiding...  min_dist=0.35 m
[INFO] [1783603719.857] [/local_avoidance]: [local_avoidance] DEACTIVATED
[WARN] [1783603719.888] [/px4_ctrl_bridge]: [px4_bridge] avoidance released -> published /planning/replan
[WARN] [1783603719.910] [/local_avoidance]: [local_avoidance] ACTIVATED  (min_dist=0.36 m, idx=4826)
[INFO] [1783603719.956] [/local_avoidance]: [local_avoidance] DEACTIVATED
[WARN] [1783603719.989] [/px4_ctrl_bridge]: [px4_bridge] avoidance released -> published /planning/replan
[WARN] [1783603720.006] [/local_avoidance]: [local_avoidance] ACTIVATED  (min_dist=0.35 m, idx=4457)
[INFO] [1783603720.157] [/local_avoidance]: [local_avoidance] DEACTIVATED
[WARN] [1783603720.188] [/px4_ctrl_bridge]: [px4_bridge] avoidance released -> published /planning/replan
[WARN] [1783603720.206] [/local_avoidance]: [local_avoidance] ACTIVATED  (min_dist=0.35 m, idx=5005)
[WARN] [1783603720.558] [/px4_ctrl_bridge]: [px4_bridge] AVOIDANCE ACTIVE -> forwarding /target_avoidance
[INFO] [1783603720.806] [/local_avoidance]: [local_avoidance] avoiding...  min_dist=0.35 m
[INFO] [1783603720.808] [/exploration_node]: [EV] [1783603720.808][    +63.5s][WAIT_TRIGGER] BATT 23.5V | voltage=23.63V percent=48%
[INFO] [1783603721.161] [/mavros]: HP: requesting home position
[INFO] [1783603721.264] [/cloud_crop_bridge]: [CloudCrop] 2911 -> 552 pts (19%)
[WARN] [1783603721.558] [/px4_ctrl_bridge]: [px4_bridge] AVOIDANCE ACTIVE -> forwarding /target_avoidance
[INFO] [1783603721.811] [/local_avoidance]: [local_avoidance] avoiding...  min_dist=0.36 m
[INFO] [1783603722.407] [/local_avoidance]: [local_avoidance] DEACTIVATED
[WARN] [1783603722.429] [/px4_ctrl_bridge]: [px4_bridge] avoidance released -> published /planning/replan
[WARN] [1783603722.455] [/local_avoidance]: [local_avoidance] ACTIVATED  (min_dist=0.35 m, idx=4744)
[WARN] [1783603722.558] [/px4_ctrl_bridge]: [px4_bridge] AVOIDANCE ACTIVE -> forwarding /target_avoidance
[INFO] [1783603722.608] [/local_avoidance]: [local_avoidance] DEACTIVATED
[WARN] [1783603722.638] [/px4_ctrl_bridge]: [px4_bridge] avoidance released -> published /planning/replan
[WARN] [1783603722.656] [/local_avoidance]: [local_avoidance] ACTIVATED  (min_dist=0.36 m, idx=5200)
[INFO] [1783603722.706] [/local_avoidance]: [local_avoidance] DEACTIVATED
[WARN] [1783603722.738] [/px4_ctrl_bridge]: [px4_bridge] avoidance released -> published /planning/replan
[WARN] [1783603722.756] [/local_avoidance]: [local_avoidance] ACTIVATED  (min_dist=0.35 m, idx=6089)
[INFO] [1783603722.856] [/local_avoidance]: [local_avoidance] avoiding...  min_dist=0.35 m
[INFO] [1783603722.908] [/local_avoidance]: [local_avoidance] DEACTIVATED
[WARN] [1783603722.938] [/px4_ctrl_bridge]: [px4_bridge] avoidance released -> published /planning/replan
[WARN] [1783603722.956] [/local_avoidance]: [local_avoidance] ACTIVATED  (min_dist=0.35 m, idx=692)
[INFO] [1783603723.009] [/local_avoidance]: [local_avoidance] DEACTIVATED
[WARN] [1783603723.038] [/px4_ctrl_bridge]: [px4_bridge] avoidance released -> published /planning/replan
[WARN] [1783603723.056] [/local_avoidance]: [local_avoidance] ACTIVATED  (min_dist=0.35 m, idx=227)
